S1	E1	S2	E2	Reference	Contig	IDY	Ambiguous	Best_group
3445573	3673271	227591	1	NC_002945.4	NODE_1_length_227591_cov_44.313039	99.93		True
CONTIG	NODE_1_length_227591_cov_44.313039	227591	correct
402605	607788	1	204915	NC_002945.4	NODE_2_length_204915_cov_44.046072	99.86		True
CONTIG	NODE_2_length_204915_cov_44.046072	204915	correct
2957039	3124694	167105	139	NC_002945.4	NODE_3_length_167105_cov_42.558834	99.45		True
CONTIG	NODE_3_length_167105_cov_42.558834	167105	correct
4035877	4193715	102	157825	NC_002945.4	NODE_4_length_157825_cov_43.956322	99.92		True
CONTIG	NODE_4_length_157825_cov_43.956322	157825	correct
150082	306660	156712	161	NC_002945.4	NODE_5_length_156712_cov_44.227263	99.97		True
CONTIG	NODE_5_length_156712_cov_44.227263	156712	correct
2453957	2609246	155380	89	NC_002945.4	NODE_6_length_155380_cov_43.200576	99.99		True
CONTIG	NODE_6_length_155380_cov_43.200576	155380	correct
4309403	4349904	1	40501	NC_002945.4	NODE_7_length_143820_cov_45.101118	99.99		True
fake: not a misassembly [linear representation of circular genome]
1	29469	40502	69970	NC_002945.4	NODE_7_length_143820_cov_45.101118	99.99		True
local misassembly
30083	103918	69972	143820	NC_002945.4	NODE_7_length_143820_cov_45.101118	99.96		True
CONTIG	NODE_7_length_143820_cov_45.101118	143820	correct
1638974	1769053	130171	93	NC_002945.4	NODE_8_length_132883_cov_43.776748	99.99		True
local misassembly
1638385	1638619	130406	130172	NC_002945.4	NODE_8_length_132883_cov_43.776748	100.0		True
relocation, inconsistency = 3935
1633555	1634449	131301	130407	NC_002945.4	NODE_8_length_132883_cov_43.776748	100.0		True
local misassembly
1631740	1633239	132744	131302	NC_002945.4	NODE_8_length_132883_cov_43.776748	96.13		True
CONTIG	NODE_8_length_132883_cov_43.776748	132883	misassembled
970202	1009472	1	39270	NC_002945.4	NODE_9_length_119942_cov_43.705721	99.97		True
relocation, inconsistency = 1457
1010930	1091421	39271	119765	NC_002945.4	NODE_9_length_119942_cov_43.705721	99.99		True
CONTIG	NODE_9_length_119942_cov_43.705721	119942	misassembled
1869381	1985614	115802	35	NC_002945.4	NODE_10_length_115802_cov_43.017463	99.58		True
CONTIG	NODE_10_length_115802_cov_43.017463	115802	correct
3297493	3338802	41479	1	NC_002945.4	NODE_11_length_112158_cov_43.368041	99.81		True
indel: stretch of mismatches
3227035	3297478	111994	41494	NC_002945.4	NODE_11_length_112158_cov_43.368041	99.91		True
CONTIG	NODE_11_length_112158_cov_43.368041	112158	correct
726466	824045	1	97581	NC_002945.4	NODE_12_length_111229_cov_44.475950	99.99		True
local misassembly
824601	838056	97582	111037	NC_002945.4	NODE_12_length_111229_cov_44.475950	99.98		True
CONTIG	NODE_12_length_111229_cov_44.475950	111229	correct
3343594	3442410	98885	1	NC_002945.4	NODE_13_length_98885_cov_45.229298	99.92		True
CONTIG	NODE_13_length_98885_cov_45.229298	98885	correct
1492260	1573305	1	81046	NC_002945.4	NODE_14_length_97466_cov_44.799361	99.93		True
relocation, inconsistency = 466782
2040088	2056268	81047	97227	NC_002945.4	NODE_14_length_97466_cov_44.799361	99.98		True
CONTIG	NODE_14_length_97466_cov_44.799361	97466	misassembled
1214750	1218336	3683	97	NC_002945.4	NODE_15_length_88549_cov_42.453303	99.97		True
local misassembly
1214045	1214774	4532	3803	NC_002945.4	NODE_15_length_88549_cov_42.453303	99.74		True
relocation, inconsistency = 842168
2056943	2083604	4533	31194	NC_002945.4	NODE_15_length_88549_cov_42.453303	99.98		True
local misassembly
2083596	2140633	31333	88370	NC_002945.4	NODE_15_length_88549_cov_42.453303	99.99		True
CONTIG	NODE_15_length_88549_cov_42.453303	88549	misassembled
3897145	3979255	1	82102	NC_002945.4	NODE_16_length_82599_cov_44.351877	99.98		True
CONTIG	NODE_16_length_82599_cov_44.351877	82599	correct
2693912	2773103	79365	175	NC_002945.4	NODE_17_length_79365_cov_41.951538	99.99		True
CONTIG	NODE_17_length_79365_cov_41.951538	79365	correct
1779460	1853491	1	74032	NC_002945.4	NODE_18_length_74139_cov_43.263403	99.99		True
CONTIG	NODE_18_length_74139_cov_43.263403	74139	correct
3125103	3193870	1	68714	NC_002945.4	NODE_19_length_68714_cov_43.134632	99.91		True
CONTIG	NODE_19_length_68714_cov_43.134632	68714	correct
1096985	1165170	68175	1	NC_002945.4	NODE_20_length_68175_cov_43.226032	99.97		True
CONTIG	NODE_20_length_68175_cov_43.226032	68175	correct
2852109	2916393	1	64284	NC_002945.4	NODE_21_length_64284_cov_41.758109	99.98		True
CONTIG	NODE_21_length_64284_cov_41.758109	64284	correct
4194926	4259153	1	64228	NC_002945.4	NODE_22_length_64228_cov_46.494204	99.99		True
CONTIG	NODE_22_length_64228_cov_46.494204	64228	correct
1280097	1343223	63189	1	NC_002945.4	NODE_23_length_63189_cov_46.823412	99.89		True
CONTIG	NODE_23_length_63189_cov_46.823412	63189	correct
1219598	1278412	172	58986	NC_002945.4	NODE_24_length_58986_cov_42.775922	99.99		True
CONTIG	NODE_24_length_58986_cov_42.775922	58986	correct
3777400	3835785	1	58318	NC_002945.4	NODE_25_length_58318_cov_44.570208	99.87		True
CONTIG	NODE_25_length_58318_cov_44.570208	58318	correct
1413935	1470724	56733	1	NC_002945.4	NODE_26_length_56733_cov_44.205261	99.89		True
CONTIG	NODE_26_length_56733_cov_44.205261	56733	correct
2611838	2665651	54043	176	NC_002945.4	NODE_27_length_54174_cov_41.414602	99.89		True
CONTIG	NODE_27_length_54174_cov_41.414602	54174	correct
674906	676017	126	1237	NC_002945.4	NODE_28_length_51088_cov_40.320402	100.0		True
local misassembly
676624	726474	1238	51088	NC_002945.4	NODE_28_length_51088_cov_40.320402	99.99		True
CONTIG	NODE_28_length_51088_cov_40.320402	51088	correct
3984626	4000631	1	16006	NC_002945.4	NODE_29_length_51067_cov_44.356655	100.0		True
fake: scaffold gap size wrong estimation (local)
4000854	4035814	16107	51067	NC_002945.4	NODE_29_length_51067_cov_44.356655	99.98		True
CONTIG	NODE_29_length_51067_cov_44.356655	51067	correct
2801012	2852066	51055	1	NC_002945.4	NODE_30_length_51055_cov_41.924580	99.99		True
CONTIG	NODE_30_length_51055_cov_41.924580	51055	correct
842427	891078	48652	1	NC_002945.4	NODE_31_length_48886_cov_42.820997	99.99		True
CONTIG	NODE_31_length_48886_cov_42.820997	48886	correct
625370	673428	8	48066	NC_002945.4	NODE_32_length_48066_cov_42.464882	99.99		True
CONTIG	NODE_32_length_48066_cov_42.464882	48066	correct
3759053	3759161	326	218	NC_002945.4	NODE_33_length_46836_cov_40.020274	100.0		True
local misassembly
3737688	3758899	21538	327	NC_002945.4	NODE_33_length_46836_cov_40.020274	100.0		True
local misassembly
3712180	3737477	46836	21539	NC_002945.4	NODE_33_length_46836_cov_40.020274	99.97		True
CONTIG	NODE_33_length_46836_cov_40.020274	46836	correct
2326988	2343532	16663	119	NC_002945.4	NODE_34_length_46405_cov_40.997969	99.97		True
relocation, inconsistency = 2596
2294650	2324391	46405	16664	NC_002945.4	NODE_34_length_46405_cov_40.997969	99.99		True
CONTIG	NODE_34_length_46405_cov_40.997969	46405	misassembled
1574002	1619651	1	45650	NC_002945.4	NODE_35_length_45662_cov_42.250950	99.98		True
CONTIG	NODE_35_length_45662_cov_42.250950	45662	correct
1996298	2040175	1	43878	NC_002945.4	NODE_36_length_43878_cov_40.689996	99.98		True
CONTIG	NODE_36_length_43878_cov_40.689996	43878	correct
1343879	1386471	1	42598	NC_002945.4	NODE_37_length_42810_cov_41.258112	99.99		True
CONTIG	NODE_37_length_42810_cov_41.258112	42810	correct
3836888	3878170	41278	4	NC_002945.4	NODE_38_length_41278_cov_43.542417	99.96		True
CONTIG	NODE_38_length_41278_cov_43.542417	41278	correct
930786	970128	195	39777	NC_002945.4	NODE_39_length_39947_cov_42.877398	99.37		True
CONTIG	NODE_39_length_39947_cov_42.877398	39947	correct
1192713	1213474	20865	101	NC_002945.4	NODE_40_length_39637_cov_43.311263	99.88		True
relocation, inconsistency = 2858
1171083	1189854	39637	20866	NC_002945.4	NODE_40_length_39637_cov_43.311263	99.99		True
CONTIG	NODE_40_length_39637_cov_43.311263	39637	misassembled
2246110	2283745	163	37800	NC_002945.4	NODE_41_length_37800_cov_45.811483	99.95		True
CONTIG	NODE_41_length_37800_cov_45.811483	37800	correct
2372433	2408752	36263	2	NC_002945.4	NODE_42_length_36537_cov_38.201099	99.83		True
CONTIG	NODE_42_length_36537_cov_38.201099	36537	correct
2210011	2246048	36238	201	NC_002945.4	NODE_43_length_36238_cov_48.278142	99.99		True
CONTIG	NODE_43_length_36238_cov_48.278142	36238	correct
368291	401308	33018	1	NC_002945.4	NODE_44_length_33018_cov_42.460795	100.0		True
CONTIG	NODE_44_length_33018_cov_42.460795	33018	correct
2161798	2192094	1	30298	NC_002945.4	NODE_45_length_30298_cov_42.898214	99.99		True
CONTIG	NODE_45_length_30298_cov_42.898214	30298	correct
2423267	2453623	1	30243	NC_002945.4	NODE_46_length_30243_cov_41.717127	99.61		True
CONTIG	NODE_46_length_30243_cov_41.717127	30243	correct
105040	132658	1	27619	NC_002945.4	NODE_47_length_27903_cov_42.550295	99.97		True
CONTIG	NODE_47_length_27903_cov_42.550295	27903	correct
2343843	2371678	1	27836	NC_002945.4	NODE_48_length_27836_cov_41.886535	99.99		True
CONTIG	NODE_48_length_27836_cov_41.886535	27836	correct
2666105	2693421	27316	1	NC_002945.4	NODE_49_length_27405_cov_43.645135	99.99		True
CONTIG	NODE_49_length_27405_cov_43.645135	27405	correct
306717	333298	1	26477	NC_002945.4	NODE_50_length_26692_cov_43.055261	99.6		True
CONTIG	NODE_50_length_26692_cov_43.055261	26692	correct
3674358	3700252	25877	1	NC_002945.4	NODE_51_length_25877_cov_32.606641	99.93		True
CONTIG	NODE_51_length_25877_cov_32.606641	25877	correct
1387139	1412955	25817	1	NC_002945.4	NODE_52_length_25854_cov_41.431881	99.91		True
CONTIG	NODE_52_length_25854_cov_41.431881	25854	correct
338135	363695	25686	204	NC_002945.4	NODE_53_length_25686_cov_38.411518	99.6		True
CONTIG	NODE_53_length_25686_cov_38.411518	25686	correct
4259930	4281649	21718	1	NC_002945.4	NODE_54_length_21718_cov_43.607753	99.98		True
CONTIG	NODE_54_length_21718_cov_43.607753	21718	correct
2140813	2161533	11	20380	NC_002945.4	NODE_55_length_20380_cov_45.571076	98.13		True
CONTIG	NODE_55_length_20380_cov_45.571076	20380	correct
1471935	1490747	1	18814	NC_002945.4	NODE_56_length_19519_cov_45.824825	99.98		True
local misassembly
1490961	1491451	18815	19305	NC_002945.4	NODE_56_length_19519_cov_45.824825	100.0		True
CONTIG	NODE_56_length_19519_cov_45.824825	19519	correct
3209303	3227036	17897	218	NC_002945.4	NODE_57_length_17898_cov_40.267064	99.7		True
CONTIG	NODE_57_length_17898_cov_40.267064	17898	correct
2192685	2210034	17350	1	NC_002945.4	NODE_58_length_17350_cov_49.625617	99.99		True
CONTIG	NODE_58_length_17350_cov_49.625617	17350	correct
892165	909508	1	17344	NC_002945.4	NODE_59_length_17344_cov_45.141720	99.99		True
CONTIG	NODE_59_length_17344_cov_45.141720	17344	correct
3760154	3777383	87	17318	NC_002945.4	NODE_60_length_17318_cov_41.442383	99.94		True
CONTIG	NODE_60_length_17318_cov_41.442383	17318	correct
2776927	2793829	16903	1	NC_002945.4	NODE_61_length_16903_cov_45.001073	100.0		True
CONTIG	NODE_61_length_16903_cov_45.001073	16903	correct
133106	149564	1	16459	NC_002945.4	NODE_62_length_16459_cov_50.554739	99.95		True
CONTIG	NODE_62_length_16459_cov_50.554739	16459	correct
910050	926278	16228	1	NC_002945.4	NODE_63_length_16228_cov_45.562387	99.97		True
CONTIG	NODE_63_length_16228_cov_45.562387	16228	correct
3193780	3209295	1	15616	NC_002945.4	NODE_64_length_15616_cov_43.231196	100.0		True
CONTIG	NODE_64_length_15616_cov_43.231196	15616	correct
4294166	4309320	15390	236	NC_002945.4	NODE_65_length_15473_cov_41.249381	99.96		True
CONTIG	NODE_65_length_15473_cov_41.249381	15473	correct
2916851	2932037	15453	267	NC_002945.4	NODE_66_length_15453_cov_49.938601	99.97		True
CONTIG	NODE_66_length_15453_cov_49.938601	15453	correct
609085	624358	1	15274	NC_002945.4	NODE_67_length_15428_cov_41.362133	99.98		True
CONTIG	NODE_67_length_15428_cov_41.362133	15428	correct
1854149	1869171	17	15039	NC_002945.4	NODE_68_length_15231_cov_32.825344	99.82		True
CONTIG	NODE_68_length_15231_cov_32.825344	15231	correct
2409040	2422776	13737	1	NC_002945.4	NODE_69_length_13737_cov_40.866716	99.98		True
CONTIG	NODE_69_length_13737_cov_40.866716	13737	correct
2944619	2957076	12458	1	NC_002945.4	NODE_70_length_12458_cov_42.469224	99.98		True
CONTIG	NODE_70_length_12458_cov_42.469224	12458	correct
4281681	4293877	12269	73	NC_002945.4	NODE_71_length_12269_cov_44.634904	99.99		True
CONTIG	NODE_71_length_12269_cov_44.634904	12269	correct
3700345	3711048	10704	1	NC_002945.4	NODE_72_length_10745_cov_31.834432	100.0		True
CONTIG	NODE_72_length_10745_cov_31.834432	10745	correct
3890969	3893211	2243	1	NC_002945.4	NODE_73_length_10708_cov_18.248370	99.7		True
local misassembly
3884643	3890278	7888	2244	NC_002945.4	NODE_73_length_10708_cov_18.248370	99.79		True
local misassembly
3882139	3884027	9825	7889	NC_002945.4	NODE_73_length_10708_cov_18.248370	97.69		True
local misassembly
3881830	3882155	10302	9977	NC_002945.4	NODE_73_length_10708_cov_18.248370	100.0		True
local misassembly
3880962	3881367	10708	10303	NC_002945.4	NODE_73_length_10708_cov_18.248370	100.0		True
CONTIG	NODE_73_length_10708_cov_18.248370	10708	correct
2933728	2943963	10236	1	NC_002945.4	NODE_74_length_10236_cov_42.850430	99.99		True
CONTIG	NODE_74_length_10236_cov_42.850430	10236	correct
1623857	1631617	1	7761	NC_002945.4	NODE_75_length_7761_cov_42.373985	99.97		True
CONTIG	NODE_75_length_7761_cov_42.373985	7761	correct
2793903	2799828	5926	1	NC_002945.4	NODE_76_length_6062_cov_41.024937	99.98		True
CONTIG	NODE_76_length_6062_cov_41.024937	6062	correct
1987016	1992127	1	5113	NC_002945.4	NODE_77_length_5113_cov_45.232852	99.98		True
CONTIG	NODE_77_length_5113_cov_45.232852	5113	correct
3980085	3984516	4432	1	NC_002945.4	NODE_78_length_4432_cov_37.783972	99.98		True
CONTIG	NODE_78_length_4432_cov_37.783972	4432	correct
1619724	1623827	4104	1	NC_002945.4	NODE_79_length_4312_cov_32.555795	99.83		True
CONTIG	NODE_79_length_4312_cov_32.555795	4312	correct
364149	368290	4142	1	NC_002945.4	NODE_80_length_4142_cov_37.324900	99.93		True
CONTIG	NODE_80_length_4142_cov_37.324900	4142	correct
1092449	1096461	4013	1	NC_002945.4	NODE_81_length_4013_cov_37.581575	99.98		True
CONTIG	NODE_81_length_4013_cov_37.581575	4013	correct
1165899	1169900	1	4002	NC_002945.4	NODE_82_length_4002_cov_44.660387	99.98		True
CONTIG	NODE_82_length_4002_cov_44.660387	4002	correct
2284620	2287647	3028	1	NC_002945.4	NODE_83_length_3028_cov_29.352982	99.77		True
CONTIG	NODE_83_length_3028_cov_29.352982	3028	correct
2290710	2293716	3007	1	NC_002945.4	NODE_84_length_3007_cov_30.047569	100.0		True
CONTIG	NODE_84_length_3007_cov_30.047569	3007	correct
1993335	1996167	1	2833	NC_002945.4	NODE_85_length_2833_cov_45.416482	100.0		True
CONTIG	NODE_85_length_2833_cov_45.416482	2833	correct
3878199	3881088	2764	1	NC_002945.4	NODE_86_length_2764_cov_8.009860	95.36		True
CONTIG	NODE_86_length_2764_cov_8.009860	2764	correct
1190378	1192985	2620	13	NC_002945.4	NODE_87_length_2620_cov_17.689130	99.69		True
CONTIG	NODE_87_length_2620_cov_17.689130	2620	correct
336693	337829	1137	1	NC_002945.4	NODE_88_length_2470_cov_10.968843	99.74		True
local misassembly
335487	336497	2232	1222	NC_002945.4	NODE_88_length_2470_cov_10.968843	99.41		True
CONTIG	NODE_88_length_2470_cov_10.968843	2470	correct
928970	930433	1647	184	NC_002945.4	NODE_89_length_2347_cov_9.856306	100.0		True
local misassembly
928439	928975	2331	1786	NC_002945.4	NODE_89_length_2347_cov_9.856306	98.35		True
CONTIG	NODE_89_length_2347_cov_9.856306	2347	correct
1635657	1638030	1	2323	NC_002945.4	NODE_90_length_2323_cov_29.263661	97.85		True
CONTIG	NODE_90_length_2323_cov_29.263661	2323	correct
2609387	2611609	1	2223	NC_002945.4	NODE_91_length_2223_cov_27.297233	100.0		True
CONTIG	NODE_91_length_2223_cov_27.297233	2223	correct
607662	609211	1550	1	NC_002945.4	NODE_92_length_1550_cov_67.375264	100.0		True
CONTIG	NODE_92_length_1550_cov_67.375264	1550	correct
4193589	4195052	1	1464	NC_002945.4	NODE_93_length_1464_cov_99.000748	100.0		True
CONTIG	NODE_93_length_1464_cov_99.000748	1464	correct
3443593	3445031	1	1439	NC_002945.4	NODE_94_length_1439_cov_54.785823	100.0		True
CONTIG	NODE_94_length_1439_cov_54.785823	1439	correct
2324569	2325829	1261	1	NC_002945.4	NODE_95_length_1410_cov_30.580670	100.0		True
CONTIG	NODE_95_length_1410_cov_30.580670	1410	correct
2774233	2775599	1	1367	NC_002945.4	NODE_96_length_1367_cov_7.036290	100.0		True
CONTIG	NODE_96_length_1367_cov_7.036290	1367	correct
890952	892291	1340	1	NC_002945.4	NODE_97_length_1340_cov_91.422918	100.0		True
CONTIG	NODE_97_length_1340_cov_91.422918	1340	correct
3339137	3340461	1325	1	NC_002945.4	NODE_98_length_1325_cov_38.951586	100.0		True
CONTIG	NODE_98_length_1325_cov_38.951586	1325	correct
3835659	3836979	1	1321	NC_002945.4	NODE_99_length_1321_cov_96.751256	99.7		True
CONTIG	NODE_99_length_1321_cov_96.751256	1321	correct
2288581	2289835	1	1255	NC_002945.4	NODE_100_length_1255_cov_48.087766	100.0		True
CONTIG	NODE_100_length_1255_cov_48.087766	1255	correct
2287521	2288707	1187	1	NC_002945.4	NODE_101_length_1187_cov_30.753774	100.0		True
CONTIG	NODE_101_length_1187_cov_30.753774	1187	correct
839646	840812	1	1167	NC_002945.4	NODE_102_length_1174_cov_16.935053	100.0		True
CONTIG	NODE_102_length_1174_cov_16.935053	1174	correct
2289709	2290836	1	1128	NC_002945.4	NODE_103_length_1128_cov_77.529471	99.91		True
CONTIG	NODE_103_length_1128_cov_77.529471	1128	correct
3711277	3712306	1030	1	NC_002945.4	NODE_104_length_1030_cov_88.281285	100.0		True
CONTIG	NODE_104_length_1030_cov_88.281285	1030	correct
1853538	1854200	832	170	NC_002945.4	NODE_105_length_1028_cov_1.938957	100.0		True
CONTIG	NODE_105_length_1028_cov_1.938957	1028	correct
1165044	1166025	982	1	NC_002945.4	NODE_106_length_982_cov_89.043275	100.0		True
CONTIG	NODE_106_length_982_cov_89.043275	982	correct
3342811	3343719	1	909	NC_002945.4	NODE_107_length_909_cov_262.930946	100.0		True
CONTIG	NODE_107_length_909_cov_262.930946	909	correct
3341521	3342410	890	1	NC_002945.4	NODE_108_length_890_cov_32.971166	100.0		True
CONTIG	NODE_108_length_890_cov_32.971166	890	correct
1278286	1279129	1	844	NC_002945.4	NODE_109_length_844_cov_80.443515	100.0		True
CONTIG	NODE_109_length_844_cov_80.443515	844	correct
1573403	1574021	198	816	NC_002945.4	NODE_110_length_816_cov_0.685051	99.68		True
CONTIG	NODE_110_length_816_cov_0.685051	816	correct
909382	910176	1	795	NC_002945.4	NODE_111_length_795_cov_97.074850	100.0		True
CONTIG	NODE_111_length_795_cov_97.074850	795	correct
1985839	1986452	171	784	NC_002945.4	NODE_112_length_784_cov_3.538813	100.0		True
CONTIG	NODE_112_length_784_cov_3.538813	784	correct
2422650	2423393	1	744	NC_002945.4	NODE_113_length_744_cov_81.455429	100.0		True
CONTIG	NODE_113_length_744_cov_81.455429	744	correct
338407	338477	1	71	NC_002945.4	NODE_114_length_663_cov_0.632463	100.0		True
inversion
337774	338035	365	104	NC_002945.4	NODE_114_length_663_cov_0.632463	99.62		True
CONTIG	NODE_114_length_663_cov_0.632463	663	misassembled
2773526	2774058	544	12	NC_002945.4	NODE_115_length_655_cov_3.467803	100.0		True
CONTIG	NODE_115_length_655_cov_3.467803	655	correct
3340552	3341186	635	1	NC_002945.4	NODE_116_length_635_cov_31.330709	100.0		True
CONTIG	NODE_116_length_635_cov_31.330709	635	correct
3341060	3341647	588	1	NC_002945.4	NODE_117_length_588_cov_65.275488	100.0		True
CONTIG	NODE_117_length_588_cov_65.275488	588	correct
1091478	1091822	77	421	NC_002945.4	NODE_118_length_570_cov_1.255079	98.26		True
CONTIG	NODE_118_length_570_cov_1.255079	570	correct
2932460	2932813	354	1	NC_002945.4	NODE_119_length_565_cov_1.705479	100.0		True
CONTIG	NODE_119_length_565_cov_1.705479	565	correct
1218439	1218818	1	380	NC_002945.4	NODE_120_length_553_cov_1.544601	97.89		True
CONTIG	NODE_120_length_553_cov_1.544601	553	correct
841700	841953	128	381	NC_002945.4	NODE_121_length_529_cov_1.208955	96.85		True
CONTIG	NODE_121_length_529_cov_1.208955	529	correct
149549	149962	1	414	NC_002945.4	NODE_122_length_508_cov_5.083990	100.0		True
CONTIG	NODE_122_length_508_cov_5.083990	508	correct
1386907	1387381	505	31	NC_002945.4	NODE_123_length_505_cov_1.894180	97.68		True
CONTIG	NODE_123_length_505_cov_1.894180	505	correct
