S1	E1	S2	E2	Reference	Contig	IDY	Ambiguous	Best_group
3445573	3673271	227591	1	NC_002945.4	NODE_1_length_227591_cov_45.225605	99.93		True
CONTIG	NODE_1_length_227591_cov_45.225605	227591	correct
2453639	2665704	212277	154	NC_002945.4	NODE_2_length_212527_cov_44.788522	99.96		True
CONTIG	NODE_2_length_212527_cov_44.788522	212527	correct
402605	607788	1	204915	NC_002945.4	NODE_3_length_204915_cov_44.479857	99.86		True
CONTIG	NODE_3_length_204915_cov_44.479857	204915	correct
2957039	3124608	166881	1	NC_002945.4	NODE_4_length_166881_cov_44.326565	99.45		True
CONTIG	NODE_4_length_166881_cov_44.326565	166881	correct
824601	837387	12843	57	NC_002945.4	NODE_5_length_159833_cov_44.702535	99.98		True
local misassembly
677057	824045	159833	12844	NC_002945.4	NODE_5_length_159833_cov_44.702535	99.99		True
CONTIG	NODE_5_length_159833_cov_44.702535	159833	correct
1010930	1091365	80439	1	NC_002945.4	NODE_6_length_158444_cov_44.893543	99.99		True
relocation, inconsistency = 1457
970282	1009472	119629	80440	NC_002945.4	NODE_6_length_158444_cov_44.893543	99.98		True
relocation, inconsistency = 1182
930648	969099	158321	119630	NC_002945.4	NODE_6_length_158444_cov_44.893543	99.35		True
CONTIG	NODE_6_length_158444_cov_44.893543	158444	misassembled
150083	306646	156537	1	NC_002945.4	NODE_7_length_156537_cov_43.390397	99.97		True
CONTIG	NODE_7_length_156537_cov_43.390397	156537	correct
4309447	4349904	56	40512	NC_002945.4	NODE_8_length_143831_cov_44.898159	99.99		True
fake: not a misassembly [linear representation of circular genome]
1	29469	40513	69981	NC_002945.4	NODE_8_length_143831_cov_44.898159	99.99		True
local misassembly
30083	103918	69983	143831	NC_002945.4	NODE_8_length_143831_cov_44.898159	99.96		True
CONTIG	NODE_8_length_143831_cov_44.898159	143831	correct
1638935	1769053	230	130347	NC_002945.4	NODE_9_length_130439_cov_47.094588	99.99		True
CONTIG	NODE_9_length_130439_cov_47.094588	130439	correct
3297493	3338802	41479	1	NC_002945.4	NODE_10_length_119667_cov_44.748084	99.81		True
indel: stretch of mismatches
3219362	3297478	119667	41494	NC_002945.4	NODE_10_length_119667_cov_44.748084	99.92		True
CONTIG	NODE_10_length_119667_cov_44.748084	119667	correct
1869296	1985655	115894	1	NC_002945.4	NODE_11_length_115894_cov_44.033887	99.58		True
CONTIG	NODE_11_length_115894_cov_44.033887	115894	correct
3343594	3442410	1	98885	NC_002945.4	NODE_12_length_98885_cov_45.453057	99.92		True
CONTIG	NODE_12_length_98885_cov_45.453057	98885	correct
2057100	2083604	137	26641	NC_002945.4	NODE_13_length_83927_cov_45.354618	99.98		True
local misassembly
2083596	2140666	26780	83850	NC_002945.4	NODE_13_length_83927_cov_45.354618	99.99		True
CONTIG	NODE_13_length_83927_cov_45.354618	83927	correct
1387018	1470724	119	83768	NC_002945.4	NODE_14_length_83768_cov_44.952236	99.92		True
CONTIG	NODE_14_length_83768_cov_44.952236	83768	correct
3897145	3979263	82668	559	NC_002945.4	NODE_15_length_82668_cov_44.922172	99.98		True
CONTIG	NODE_15_length_82668_cov_44.922172	82668	correct
2852098	2932079	1	79981	NC_002945.4	NODE_16_length_82064_cov_43.751822	99.98		True
relocation, inconsistency = 950059
3882139	3883662	81553	79982	NC_002945.4	NODE_16_length_82064_cov_43.751822	96.99		True
local misassembly
3881796	3882155	82064	81705	NC_002945.4	NODE_16_length_82064_cov_43.751822	100.0		True
CONTIG	NODE_16_length_82064_cov_43.751822	82064	misassembled
1491906	1573809	81904	1	NC_002945.4	NODE_17_length_81904_cov_46.229698	99.93		True
CONTIG	NODE_17_length_81904_cov_46.229698	81904	correct
2693912	2773105	79216	24	NC_002945.4	NODE_18_length_79216_cov_44.343170	99.99		True
CONTIG	NODE_18_length_79216_cov_44.343170	79216	correct
1779460	1853502	1	74043	NC_002945.4	NODE_19_length_74217_cov_45.152423	99.99		True
CONTIG	NODE_19_length_74217_cov_45.152423	74217	correct
1092463	1094419	70	2026	NC_002945.4	NODE_20_length_70671_cov_43.653535	99.92		True
relocation, inconsistency = 2041
1096461	1165170	2027	70671	NC_002945.4	NODE_20_length_70671_cov_43.653535	99.81		True
CONTIG	NODE_20_length_70671_cov_43.653535	70671	misassembled
3124571	3193870	6	69251	NC_002945.4	NODE_21_length_69251_cov_42.844251	99.9		True
CONTIG	NODE_21_length_69251_cov_42.844251	69251	correct
4194926	4259153	64228	1	NC_002945.4	NODE_22_length_64228_cov_45.754341	99.99		True
CONTIG	NODE_22_length_64228_cov_45.754341	64228	correct
1280097	1343223	1	63189	NC_002945.4	NODE_23_length_63189_cov_47.925565	99.89		True
CONTIG	NODE_23_length_63189_cov_47.925565	63189	correct
4035850	4097403	1	61554	NC_002945.4	NODE_24_length_61554_cov_41.644961	99.99		True
CONTIG	NODE_24_length_61554_cov_41.644961	61554	correct
1219299	1278412	34	59147	NC_002945.4	NODE_25_length_59147_cov_43.971823	99.99		True
CONTIG	NODE_25_length_59147_cov_43.971823	59147	correct
3777400	3835785	58318	1	NC_002945.4	NODE_26_length_58318_cov_44.312540	99.87		True
CONTIG	NODE_26_length_58318_cov_44.312540	58318	correct
4141981	4193715	1	51735	NC_002945.4	NODE_27_length_51735_cov_46.075240	99.99		True
CONTIG	NODE_27_length_51735_cov_46.075240	51735	correct
2801012	2852060	1	51049	NC_002945.4	NODE_28_length_51049_cov_44.635619	99.99		True
CONTIG	NODE_28_length_51049_cov_44.635619	51049	correct
3984620	4000631	1	16012	NC_002945.4	NODE_29_length_50954_cov_44.088300	99.99		True
fake: scaffold gap size wrong estimation (local)
4000854	4035668	16113	50927	NC_002945.4	NODE_29_length_50954_cov_44.088300	99.98		True
CONTIG	NODE_29_length_50954_cov_44.088300	50954	correct
1574008	1623824	1	49817	NC_002945.4	NODE_30_length_49820_cov_43.880869	99.98		True
CONTIG	NODE_30_length_49820_cov_43.880869	49820	correct
842404	891078	21	48695	NC_002945.4	NODE_31_length_48695_cov_43.247550	99.99		True
CONTIG	NODE_31_length_48695_cov_43.247550	48695	correct
625274	673257	1	47984	NC_002945.4	NODE_32_length_48005_cov_43.312273	99.99		True
CONTIG	NODE_32_length_48005_cov_43.312273	48005	correct
1997173	2040861	43689	1	NC_002945.4	NODE_33_length_44424_cov_42.732194	99.98		True
local misassembly
1996267	1997001	44424	43690	NC_002945.4	NODE_33_length_44424_cov_42.732194	100.0		True
CONTIG	NODE_33_length_44424_cov_42.732194	44424	correct
4097387	4141732	1	44346	NC_002945.4	NODE_34_length_44401_cov_45.169219	99.99		True
CONTIG	NODE_34_length_44401_cov_45.169219	44401	correct
1343879	1386917	43044	1	NC_002945.4	NODE_35_length_43044_cov_43.204930	99.99		True
CONTIG	NODE_35_length_43044_cov_43.204930	43044	correct
3836888	3878150	41271	17	NC_002945.4	NODE_36_length_41271_cov_43.725671	99.96		True
CONTIG	NODE_36_length_41271_cov_43.725671	41271	correct
363877	401308	1	37432	NC_002945.4	NODE_37_length_37432_cov_42.163839	99.99		True
CONTIG	NODE_37_length_37432_cov_42.163839	37432	correct
2246369	2283745	37379	1	NC_002945.4	NODE_38_length_37379_cov_48.849538	99.95		True
CONTIG	NODE_38_length_37379_cov_48.849538	37379	correct
3674358	3711403	1	37028	NC_002945.4	NODE_39_length_37028_cov_31.452535	99.95		True
CONTIG	NODE_39_length_37028_cov_31.452535	37028	correct
2210167	2245161	34995	1	NC_002945.4	NODE_40_length_35204_cov_50.315762	100.0		True
CONTIG	NODE_40_length_35204_cov_50.315762	35204	correct
3724846	3737454	1	12609	NC_002945.4	NODE_41_length_33971_cov_44.502068	99.98		True
local misassembly
3737665	3758844	12610	33789	NC_002945.4	NODE_41_length_33971_cov_44.502068	100.0		True
CONTIG	NODE_41_length_33971_cov_44.502068	33971	correct
1171083	1189860	1	18778	NC_002945.4	NODE_42_length_33428_cov_42.825170	99.99		True
local misassembly
1190092	1204741	18779	33428	NC_002945.4	NODE_42_length_33428_cov_42.825170	99.97		True
CONTIG	NODE_42_length_33428_cov_42.825170	33428	correct
2161798	2192094	30298	1	NC_002945.4	NODE_43_length_30298_cov_46.375957	99.99		True
CONTIG	NODE_43_length_30298_cov_46.375957	30298	correct
2294650	2324490	29844	4	NC_002945.4	NODE_44_length_29844_cov_42.479221	99.99		True
CONTIG	NODE_44_length_29844_cov_42.479221	29844	correct
2343860	2372336	28477	1	NC_002945.4	NODE_45_length_28606_cov_42.591804	99.99		True
CONTIG	NODE_45_length_28606_cov_42.591804	28606	correct
2665914	2693421	27507	1	NC_002945.4	NODE_46_length_27539_cov_44.101452	99.98		True
CONTIG	NODE_46_length_27539_cov_44.101452	27539	correct
105040	131897	1	26858	NC_002945.4	NODE_47_length_27004_cov_44.159244	99.98		True
CONTIG	NODE_47_length_27004_cov_44.159244	27004	correct
306705	333298	1	26489	NC_002945.4	NODE_48_length_26710_cov_43.211000	99.6		True
CONTIG	NODE_48_length_26710_cov_43.211000	26710	correct
336693	362913	26327	185	NC_002945.4	NODE_49_length_26417_cov_36.933435	99.61		True
CONTIG	NODE_49_length_26417_cov_36.933435	26417	correct
2386668	2408680	22013	1	NC_002945.4	NODE_50_length_22013_cov_36.344512	100.0		True
CONTIG	NODE_50_length_22013_cov_36.344512	22013	correct
4259930	4281670	21745	7	NC_002945.4	NODE_51_length_21745_cov_44.046952	99.98		True
CONTIG	NODE_51_length_21745_cov_44.046952	21745	correct
2423267	2444953	21687	1	NC_002945.4	NODE_52_length_21687_cov_44.350000	99.99		True
CONTIG	NODE_52_length_21687_cov_44.350000	21687	correct
2158914	2160444	2345	815	NC_002945.4	NODE_53_length_20421_cov_46.044052	95.49		True
fake: scaffold gap size wrong estimation (local)
2158655	2158913	2635	2377	NC_002945.4	NODE_53_length_20421_cov_46.044052	100.0		True
local misassembly
2140843	2158516	20309	2636	NC_002945.4	NODE_53_length_20421_cov_46.044052	99.95		True
CONTIG	NODE_53_length_20421_cov_46.044052	20421	correct
1471935	1490747	1	18814	NC_002945.4	NODE_54_length_19344_cov_45.345579	99.98		True
local misassembly
1490961	1491316	18815	19170	NC_002945.4	NODE_54_length_19344_cov_45.345579	100.0		True
CONTIG	NODE_54_length_19344_cov_45.345579	19344	correct
3759749	3777383	17637	1	NC_002945.4	NODE_55_length_17639_cov_42.225046	99.96		True
CONTIG	NODE_55_length_17639_cov_42.225046	17639	correct
2326401	2343760	17360	1	NC_002945.4	NODE_56_length_17463_cov_41.473120	99.99		True
CONTIG	NODE_56_length_17463_cov_41.473120	17463	correct
2192685	2210000	17393	78	NC_002945.4	NODE_57_length_17393_cov_48.123364	99.99		True
CONTIG	NODE_57_length_17393_cov_48.123364	17393	correct
892165	909508	17344	1	NC_002945.4	NODE_58_length_17344_cov_45.876517	99.99		True
CONTIG	NODE_58_length_17344_cov_45.876517	17344	correct
2776892	2793841	17160	211	NC_002945.4	NODE_59_length_17160_cov_46.183761	100.0		True
CONTIG	NODE_59_length_17160_cov_46.183761	17160	correct
132615	149547	16933	1	NC_002945.4	NODE_60_length_16933_cov_50.604486	99.96		True
CONTIG	NODE_60_length_16933_cov_50.604486	16933	correct
910050	926205	16156	1	NC_002945.4	NODE_61_length_16156_cov_48.359536	99.99		True
CONTIG	NODE_61_length_16156_cov_48.359536	16156	correct
1854071	1869311	15241	1	NC_002945.4	NODE_62_length_16149_cov_32.197229	99.99		True
relocation, inconsistency = 1519086
334077	334984	16149	15242	NC_002945.4	NODE_62_length_16149_cov_32.197229	99.79		True
CONTIG	NODE_62_length_16149_cov_32.197229	16149	misassembled
3193780	3209298	1	15619	NC_002945.4	NODE_63_length_15711_cov_44.892839	100.0		True
CONTIG	NODE_63_length_15711_cov_44.892839	15711	correct
2041242	2056401	15377	218	NC_002945.4	NODE_64_length_15589_cov_44.277713	99.99		True
CONTIG	NODE_64_length_15589_cov_44.277713	15589	correct
609085	624374	1	15290	NC_002945.4	NODE_65_length_15507_cov_40.368270	99.99		True
CONTIG	NODE_65_length_15507_cov_40.368270	15507	correct
2372457	2386761	14305	1	NC_002945.4	NODE_66_length_14359_cov_46.715149	99.98		True
CONTIG	NODE_66_length_14359_cov_46.715149	14359	correct
2409050	2422776	1	13727	NC_002945.4	NODE_67_length_13727_cov_43.719926	99.98		True
CONTIG	NODE_67_length_13727_cov_43.719926	13727	correct
3712180	3724845	12723	58	NC_002945.4	NODE_68_length_12723_cov_28.060654	99.96		True
CONTIG	NODE_68_length_12723_cov_28.060654	12723	correct
4281692	4293949	12469	212	NC_002945.4	NODE_69_length_12469_cov_42.746313	99.99		True
CONTIG	NODE_69_length_12469_cov_42.746313	12469	correct
2944619	2957076	12458	1	NC_002945.4	NODE_70_length_12458_cov_43.022707	99.98		True
CONTIG	NODE_70_length_12458_cov_43.022707	12458	correct
3884660	3890278	1	5628	NC_002945.4	NODE_71_length_12290_cov_25.164186	99.79		True
local misassembly
3890969	3893129	5629	7789	NC_002945.4	NODE_71_length_12290_cov_25.164186	99.92		True
relocation, inconsistency = 87206
3980336	3984636	12090	7790	NC_002945.4	NODE_71_length_12290_cov_25.164186	99.93		True
CONTIG	NODE_71_length_12290_cov_25.164186	12290	misassembled
2933854	2943963	198	10307	NC_002945.4	NODE_72_length_10307_cov_43.274558	99.96		True
CONTIG	NODE_72_length_10307_cov_43.274558	10307	correct
3209302	3219347	1	10046	NC_002945.4	NODE_73_length_10046_cov_45.770945	100.0		True
CONTIG	NODE_73_length_10046_cov_45.770945	10046	correct
1623839	1633194	1	9299	NC_002945.4	NODE_74_length_9326_cov_36.168388	99.36		True
CONTIG	NODE_74_length_9326_cov_36.168388	9326	correct
1204750	1213653	1	8829	NC_002945.4	NODE_75_length_8902_cov_38.677265	99.12		True
CONTIG	NODE_75_length_8902_cov_38.677265	8902	correct
2444936	2453623	8688	1	NC_002945.4	NODE_76_length_8688_cov_43.792197	100.0		True
CONTIG	NODE_76_length_8688_cov_43.792197	8688	correct
4301865	4309380	7556	41	NC_002945.4	NODE_77_length_7556_cov_42.943734	99.99		True
CONTIG	NODE_77_length_7556_cov_42.943734	7556	correct
4294608	4301868	1	7261	NC_002945.4	NODE_78_length_7325_cov_38.302584	99.94		True
CONTIG	NODE_78_length_7325_cov_38.302584	7325	correct
2793847	2799828	1	5982	NC_002945.4	NODE_79_length_5982_cov_41.218787	99.98		True
CONTIG	NODE_79_length_5982_cov_41.218787	5982	correct
1987336	1992127	4793	1	NC_002945.4	NODE_80_length_4893_cov_43.122954	99.98		True
CONTIG	NODE_80_length_4893_cov_43.122954	4893	correct
1214750	1218367	3647	30	NC_002945.4	NODE_81_length_4607_cov_29.703571	100.0		True
local misassembly
1213934	1214774	4607	3767	NC_002945.4	NODE_81_length_4607_cov_29.703571	99.52		True
CONTIG	NODE_81_length_4607_cov_29.703571	4607	correct
1165899	1169900	4002	1	NC_002945.4	NODE_82_length_4002_cov_50.354323	99.98		True
CONTIG	NODE_82_length_4002_cov_50.354323	4002	correct
3878316	3881487	22	3067	NC_002945.4	NODE_83_length_3067_cov_10.831973	95.59		True
CONTIG	NODE_83_length_3067_cov_10.831973	3067	correct
2284620	2287647	3028	1	NC_002945.4	NODE_84_length_3028_cov_33.085143	99.77		True
CONTIG	NODE_84_length_3028_cov_33.085143	3028	correct
2290710	2293716	3007	1	NC_002945.4	NODE_85_length_3007_cov_32.718056	100.0		True
CONTIG	NODE_85_length_3007_cov_32.718056	3007	correct
1635657	1638240	1	2533	NC_002945.4	NODE_86_length_2839_cov_23.923673	98.03		True
local misassembly
1638385	1638688	2534	2837	NC_002945.4	NODE_86_length_2839_cov_23.923673	100.0		True
CONTIG	NODE_86_length_2839_cov_23.923673	2839	correct
1993335	1995965	2788	158	NC_002945.4	NODE_87_length_2788_cov_49.910560	100.0		True
CONTIG	NODE_87_length_2788_cov_49.910560	2788	correct
673466	676095	1	2630	NC_002945.4	NODE_88_length_2639_cov_3.437898	99.77		True
CONTIG	NODE_88_length_2639_cov_3.437898	2639	correct
928970	930629	1660	1	NC_002945.4	NODE_89_length_2398_cov_10.845883	100.0		True
local misassembly
928385	928975	2398	1799	NC_002945.4	NODE_89_length_2398_cov_10.845883	98.5		True
CONTIG	NODE_89_length_2398_cov_10.845883	2398	correct
2324533	2325842	226	1535	NC_002945.4	NODE_90_length_1650_cov_23.471438	100.0		True
CONTIG	NODE_90_length_1650_cov_23.471438	1650	correct
607662	609211	1	1550	NC_002945.4	NODE_91_length_1550_cov_68.349262	100.0		True
CONTIG	NODE_91_length_1550_cov_68.349262	1550	correct
4193589	4195052	1464	1	NC_002945.4	NODE_92_length_1464_cov_102.507105	100.0		True
CONTIG	NODE_92_length_1464_cov_102.507105	1464	correct
1992001	1993461	1461	1	NC_002945.4	NODE_93_length_1461_cov_64.942279	100.0		True
CONTIG	NODE_93_length_1461_cov_64.942279	1461	correct
839632	840736	1	1105	NC_002945.4	NODE_94_length_1455_cov_12.806476	99.91		True
local misassembly
841688	841979	1106	1397	NC_002945.4	NODE_94_length_1455_cov_12.806476	99.68		True
CONTIG	NODE_94_length_1455_cov_12.806476	1455	correct
3443593	3445031	1	1439	NC_002945.4	NODE_95_length_1439_cov_54.282774	100.0		True
CONTIG	NODE_95_length_1439_cov_54.282774	1439	correct
1094890	1096313	1424	1	NC_002945.4	NODE_96_length_1424_cov_37.608327	100.0		True
CONTIG	NODE_96_length_1424_cov_37.608327	1424	correct
2774237	2775581	1345	1	NC_002945.4	NODE_97_length_1345_cov_6.253695	100.0		True
CONTIG	NODE_97_length_1345_cov_6.253695	1345	correct
3673145	3674484	1340	1	NC_002945.4	NODE_98_length_1340_cov_84.861500	100.0		True
CONTIG	NODE_98_length_1340_cov_84.861500	1340	correct
3339137	3340461	1325	1	NC_002945.4	NODE_99_length_1325_cov_36.579299	100.0		True
CONTIG	NODE_99_length_1325_cov_36.579299	1325	correct
3835659	3836979	1321	1	NC_002945.4	NODE_100_length_1321_cov_89.735343	99.7		True
CONTIG	NODE_100_length_1321_cov_89.735343	1321	correct
2288581	2289835	1	1255	NC_002945.4	NODE_101_length_1255_cov_43.282801	100.0		True
CONTIG	NODE_101_length_1255_cov_43.282801	1255	correct
2287521	2288707	1187	1	NC_002945.4	NODE_102_length_1187_cov_29.669811	100.0		True
CONTIG	NODE_102_length_1187_cov_29.669811	1187	correct
2289709	2290836	1128	1	NC_002945.4	NODE_103_length_1128_cov_82.235764	99.91		True
CONTIG	NODE_103_length_1128_cov_82.235764	1128	correct
3711277	3712306	1030	1	NC_002945.4	NODE_104_length_1030_cov_91.768549	100.0		True
CONTIG	NODE_104_length_1030_cov_91.768549	1030	correct
1165044	1166025	982	1	NC_002945.4	NODE_105_length_982_cov_88.396491	99.9		True
CONTIG	NODE_105_length_982_cov_88.396491	982	correct
335617	336402	786	1	NC_002945.4	NODE_106_length_968_cov_6.626635	100.0		True
CONTIG	NODE_106_length_968_cov_6.626635	968	correct
2800228	2801136	1	909	NC_002945.4	NODE_107_length_909_cov_282.172634	100.0		True
CONTIG	NODE_107_length_909_cov_282.172634	909	correct
3341521	3342410	890	1	NC_002945.4	NODE_108_length_890_cov_29.566186	100.0		True
CONTIG	NODE_108_length_890_cov_29.566186	890	correct
1091395	1092269	5	879	NC_002945.4	NODE_109_length_879_cov_0.848404	99.77		True
CONTIG	NODE_109_length_879_cov_0.848404	879	correct
1985925	1986505	270	850	NC_002945.4	NODE_110_length_862_cov_2.072109	100.0		True
CONTIG	NODE_110_length_862_cov_2.072109	862	correct
363016	363604	731	143	NC_002945.4	NODE_111_length_853_cov_1.588154	99.15		True
CONTIG	NODE_111_length_853_cov_1.588154	853	correct
1278286	1279129	1	844	NC_002945.4	NODE_112_length_844_cov_83.863319	100.0		True
CONTIG	NODE_112_length_844_cov_83.863319	844	correct
909382	910176	795	1	NC_002945.4	NODE_113_length_795_cov_105.696108	100.0		True
CONTIG	NODE_113_length_795_cov_105.696108	795	correct
2932248	2932819	572	1	NC_002945.4	NODE_114_length_767_cov_1.062500	100.0		True
CONTIG	NODE_114_length_767_cov_1.062500	767	correct
2693295	2694038	744	1	NC_002945.4	NODE_115_length_744_cov_84.243112	100.0		True
CONTIG	NODE_115_length_744_cov_84.243112	744	correct
3884045	3884786	1	724	NC_002945.4	NODE_116_length_724_cov_14.412060	97.44		True
CONTIG	NODE_116_length_724_cov_14.412060	724	correct
2773489	2774131	643	1	NC_002945.4	NODE_117_length_648_cov_3.418426	100.0		True
CONTIG	NODE_117_length_648_cov_3.418426	648	correct
3340552	3341186	635	1	NC_002945.4	NODE_118_length_635_cov_27.230315	100.0		True
CONTIG	NODE_118_length_635_cov_27.230315	635	correct
CONTIG	NODE_119_length_597_cov_0.410638	597	unaligned
3338676	3339263	588	1	NC_002945.4	NODE_120_length_588_cov_57.485900	100.0		True
CONTIG	NODE_120_length_588_cov_57.485900	588	correct
132213	132644	441	10	NC_002945.4	NODE_121_length_578_cov_1.787140	100.0		True
CONTIG	NODE_121_length_578_cov_1.787140	578	correct
4294207	4294615	409	1	NC_002945.4	NODE_122_length_506_cov_3.978892	100.0		True
CONTIG	NODE_122_length_506_cov_3.978892	506	correct
