S1	E1	S2	E2	Reference	Contig	IDY	Ambiguous	Best_group
2454870	2665698	1	210888	NC_002945.4	NODE_1_length_210979_cov_52.046544	99.96		True
CONTIG	NODE_1_length_210979_cov_52.046544	210979	correct
402605	607788	1	204915	NC_002945.4	NODE_2_length_204915_cov_51.853424	99.86		True
CONTIG	NODE_2_length_204915_cov_51.853424	204915	correct
3510801	3673271	127	162486	NC_002945.4	NODE_3_length_162486_cov_53.154787	99.92		True
CONTIG	NODE_3_length_162486_cov_53.154787	162486	correct
676731	824045	133	147448	NC_002945.4	NODE_4_length_160932_cov_51.938310	99.99		True
local misassembly
824601	838084	147449	160932	NC_002945.4	NODE_4_length_160932_cov_51.938310	99.98		True
CONTIG	NODE_4_length_160932_cov_51.938310	160932	correct
4294641	4349904	182	55444	NC_002945.4	NODE_5_length_158763_cov_53.024156	99.99		True
fake: not a misassembly [linear representation of circular genome]
1	29469	55445	84913	NC_002945.4	NODE_5_length_158763_cov_53.024156	99.99		True
local misassembly
30083	103918	84915	158763	NC_002945.4	NODE_5_length_158763_cov_53.024156	99.96		True
CONTIG	NODE_5_length_158763_cov_53.024156	158763	correct
2057033	2083604	196	26767	NC_002945.4	NODE_6_length_158088_cov_53.423548	99.98		True
local misassembly
2083596	2140704	26906	84008	NC_002945.4	NODE_6_length_158088_cov_53.423548	99.98		True
relocation, inconsistency = 230056
1779460	1853539	158088	84009	NC_002945.4	NODE_6_length_158088_cov_53.423548	99.97		True
CONTIG	NODE_6_length_158088_cov_53.423548	158088	misassembled
150091	306669	1	156552	NC_002945.4	NODE_7_length_156552_cov_52.722826	99.97		True
CONTIG	NODE_7_length_156552_cov_52.722826	156552	correct
1638965	1769053	130180	93	NC_002945.4	NODE_8_length_130314_cov_54.447887	99.99		True
CONTIG	NODE_8_length_130314_cov_54.447887	130314	correct
3209373	3338802	75	129730	NC_002945.4	NODE_9_length_129730_cov_52.329815	99.88		True
CONTIG	NODE_9_length_129730_cov_52.329815	129730	correct
2957039	3081542	124549	1	NC_002945.4	NODE_10_length_124549_cov_52.412644	99.87		True
CONTIG	NODE_10_length_124549_cov_52.412644	124549	correct
970273	1009472	115	39313	NC_002945.4	NODE_11_length_120383_cov_52.436677	99.97		True
relocation, inconsistency = 1457
1010930	1091805	39314	120192	NC_002945.4	NODE_11_length_120383_cov_52.436677	99.99		True
CONTIG	NODE_11_length_120383_cov_52.436677	120383	misassembled
1869263	1985602	116033	160	NC_002945.4	NODE_12_length_116033_cov_51.835410	99.58		True
CONTIG	NODE_12_length_116033_cov_51.835410	116033	correct
4035877	4097403	61526	1	NC_002945.4	NODE_13_length_112791_cov_51.163557	99.99		True
local misassembly
4000854	4035741	96414	61527	NC_002945.4	NODE_13_length_112791_cov_51.163557	99.98		True
fake: scaffold gap size wrong estimation (local)
3984611	4000631	112535	96515	NC_002945.4	NODE_13_length_112791_cov_51.163557	100.0		True
CONTIG	NODE_13_length_112791_cov_51.163557	112791	correct
3343594	3442410	1	98885	NC_002945.4	NODE_14_length_98885_cov_53.892232	99.92		True
CONTIG	NODE_14_length_98885_cov_53.892232	98885	correct
3882139	3884027	220	2156	NC_002945.4	NODE_15_length_92204_cov_49.323273	97.69		True
local misassembly
3884643	3890278	2157	7801	NC_002945.4	NODE_15_length_92204_cov_49.323273	99.79		True
local misassembly
3890969	3893368	7802	10201	NC_002945.4	NODE_15_length_92204_cov_49.323273	99.86		True
relocation, inconsistency = 4070
3897439	3979441	10202	92204	NC_002945.4	NODE_15_length_92204_cov_49.323273	99.99		True
CONTIG	NODE_15_length_92204_cov_49.323273	92204	misassembled
1491916	1573228	81404	92	NC_002945.4	NODE_16_length_81404_cov_54.845196	99.93		True
CONTIG	NODE_16_length_81404_cov_54.845196	81404	correct
2693912	2773105	1	79193	NC_002945.4	NODE_17_length_79369_cov_50.685571	99.99		True
CONTIG	NODE_17_length_79369_cov_50.685571	79369	correct
1092509	1165170	1	72651	NC_002945.4	NODE_18_length_72651_cov_52.485770	99.96		True
CONTIG	NODE_18_length_72651_cov_52.485770	72651	correct
3125103	3193870	1	68713	NC_002945.4	NODE_19_length_68713_cov_52.872350	99.91		True
CONTIG	NODE_19_length_68713_cov_52.872350	68713	correct
3445573	3510803	1	65234	NC_002945.4	NODE_20_length_65361_cov_52.916516	99.97		True
CONTIG	NODE_20_length_65361_cov_52.916516	65361	correct
4194926	4259153	1	64227	NC_002945.4	NODE_21_length_64227_cov_54.929470	99.99		True
CONTIG	NODE_21_length_64227_cov_54.929470	64227	correct
2852105	2916174	64069	1	NC_002945.4	NODE_22_length_64069_cov_50.144037	99.98		True
CONTIG	NODE_22_length_64069_cov_50.144037	64069	correct
1280097	1343223	1	63189	NC_002945.4	NODE_23_length_63189_cov_56.737861	99.89		True
CONTIG	NODE_23_length_63189_cov_56.737861	63189	correct
1996344	2056374	120	60150	NC_002945.4	NODE_24_length_60150_cov_51.758276	99.98		True
CONTIG	NODE_24_length_60150_cov_51.758276	60150	correct
1219469	1278412	58944	1	NC_002945.4	NODE_25_length_58970_cov_51.686165	99.99		True
CONTIG	NODE_25_length_58970_cov_51.686165	58970	correct
3777400	3835785	144	58461	NC_002945.4	NODE_26_length_58461_cov_52.314345	99.87		True
CONTIG	NODE_26_length_58461_cov_52.314345	58461	correct
1413935	1470724	1	56733	NC_002945.4	NODE_27_length_56733_cov_54.525527	99.89		True
CONTIG	NODE_27_length_56733_cov_54.525527	56733	correct
2192685	2245161	52477	1	NC_002945.4	NODE_28_length_52477_cov_58.115931	99.99		True
CONTIG	NODE_28_length_52477_cov_58.115931	52477	correct
3724846	3737454	1	12609	NC_002945.4	NODE_29_length_52333_cov_50.539038	99.98		True
local misassembly
3737665	3777383	12610	52333	NC_002945.4	NODE_29_length_52333_cov_50.539038	99.95		True
CONTIG	NODE_29_length_52333_cov_50.539038	52333	correct
4141989	4193715	51727	1	NC_002945.4	NODE_30_length_51727_cov_54.387578	99.99		True
CONTIG	NODE_30_length_51727_cov_54.387578	51727	correct
2801012	2852090	1	51079	NC_002945.4	NODE_31_length_51079_cov_52.041608	99.99		True
CONTIG	NODE_31_length_51079_cov_52.041608	51079	correct
1574014	1623825	49812	1	NC_002945.4	NODE_32_length_49812_cov_52.202435	99.98		True
CONTIG	NODE_32_length_49812_cov_52.202435	49812	correct
842775	891078	1	48304	NC_002945.4	NODE_33_length_48304_cov_51.190361	99.99		True
CONTIG	NODE_33_length_48304_cov_51.190361	48304	correct
626836	673262	1	46427	NC_002945.4	NODE_34_length_47320_cov_49.720403	99.99		True
local misassembly
673614	674074	46428	46888	NC_002945.4	NODE_34_length_47320_cov_49.720403	99.79		True
CONTIG	NODE_34_length_47320_cov_49.720403	47320	correct
4097387	4141968	44582	1	NC_002945.4	NODE_35_length_44582_cov_53.419030	99.99		True
CONTIG	NODE_35_length_44582_cov_53.419030	44582	correct
928970	930518	1563	15	NC_002945.4	NODE_36_length_43607_cov_49.581877	100.0		True
local misassembly
928372	928975	2314	1702	NC_002945.4	NODE_36_length_43607_cov_49.581877	98.61		True
relocation, inconsistency = -2949817
3836888	3878188	43607	2315	NC_002945.4	NODE_36_length_43607_cov_49.581877	99.96		True
CONTIG	NODE_36_length_43607_cov_49.581877	43607	misassembled
1343879	1386614	42741	1	NC_002945.4	NODE_37_length_42741_cov_52.254799	99.99		True
CONTIG	NODE_37_length_42741_cov_52.254799	42741	correct
1190085	1213843	23684	1	NC_002945.4	NODE_38_length_42455_cov_49.991637	99.66		True
local misassembly
1171083	1189853	42455	23685	NC_002945.4	NODE_38_length_42455_cov_49.991637	99.99		True
CONTIG	NODE_38_length_42455_cov_49.991637	42455	correct
3082645	3124609	1	41231	NC_002945.4	NODE_39_length_41231_cov_51.587729	98.19		True
CONTIG	NODE_39_length_41231_cov_51.587729	41231	correct
930780	970127	39588	1	NC_002945.4	NODE_40_length_39729_cov_52.751452	99.37		True
CONTIG	NODE_40_length_39729_cov_52.751452	39729	correct
2246369	2283745	37379	1	NC_002945.4	NODE_41_length_37379_cov_55.050333	99.95		True
CONTIG	NODE_41_length_37379_cov_55.050333	37379	correct
363932	401308	1	37377	NC_002945.4	NODE_42_length_37377_cov_50.829987	99.99		True
CONTIG	NODE_42_length_37377_cov_50.829987	37377	correct
4259930	4293949	1	34018	NC_002945.4	NODE_43_length_34018_cov_51.936768	99.99		True
CONTIG	NODE_43_length_34018_cov_51.936768	34018	correct
2161798	2192094	30298	1	NC_002945.4	NODE_44_length_30298_cov_54.218985	99.99		True
CONTIG	NODE_44_length_30298_cov_54.218985	30298	correct
2294650	2324391	1	29742	NC_002945.4	NODE_45_length_29793_cov_50.303850	99.99		True
CONTIG	NODE_45_length_29793_cov_50.303850	29793	correct
2343797	2372211	1	28415	NC_002945.4	NODE_46_length_28415_cov_52.100007	99.98		True
CONTIG	NODE_46_length_28415_cov_52.100007	28415	correct
2665912	2693421	1	27509	NC_002945.4	NODE_47_length_27509_cov_52.766270	99.98		True
CONTIG	NODE_47_length_27509_cov_52.766270	27509	correct
105040	132147	27244	137	NC_002945.4	NODE_48_length_27244_cov_49.653428	99.98		True
CONTIG	NODE_48_length_27244_cov_49.653428	27244	correct
306753	333298	26646	206	NC_002945.4	NODE_49_length_26698_cov_51.450152	99.6		True
CONTIG	NODE_49_length_26698_cov_51.450152	26698	correct
1386939	1412955	1	26017	NC_002945.4	NODE_50_length_26017_cov_50.014677	99.98		True
CONTIG	NODE_50_length_26017_cov_50.014677	26017	correct
3674358	3700330	1	25955	NC_002945.4	NODE_51_length_25955_cov_39.381485	99.93		True
CONTIG	NODE_51_length_25955_cov_39.381485	25955	correct
338076	363805	25652	1	NC_002945.4	NODE_52_length_25652_cov_45.544799	99.6		True
CONTIG	NODE_52_length_25652_cov_45.544799	25652	correct
2776901	2799828	1	22928	NC_002945.4	NODE_53_length_22928_cov_53.596684	100.0		True
CONTIG	NODE_53_length_22928_cov_53.596684	22928	correct
2386668	2408738	22071	1	NC_002945.4	NODE_54_length_22071_cov_43.960627	100.0		True
CONTIG	NODE_54_length_22071_cov_43.960627	22071	correct
2423267	2444953	1	21687	NC_002945.4	NODE_55_length_21687_cov_53.743599	99.99		True
CONTIG	NODE_55_length_21687_cov_53.743599	21687	correct
1471935	1490747	1	18814	NC_002945.4	NODE_56_length_19191_cov_58.206148	99.98		True
local misassembly
1490961	1491318	18815	19172	NC_002945.4	NODE_56_length_19191_cov_58.206148	100.0		True
CONTIG	NODE_56_length_19191_cov_58.206148	19191	correct
2326359	2343749	17592	202	NC_002945.4	NODE_57_length_17641_cov_48.240836	99.98		True
CONTIG	NODE_57_length_17641_cov_48.240836	17641	correct
2140908	2158365	17458	1	NC_002945.4	NODE_58_length_17626_cov_54.900851	99.97		True
CONTIG	NODE_58_length_17626_cov_54.900851	17626	correct
892165	909508	17344	1	NC_002945.4	NODE_59_length_17344_cov_53.358251	99.99		True
CONTIG	NODE_59_length_17344_cov_53.358251	17344	correct
132658	149625	16968	1	NC_002945.4	NODE_60_length_16968_cov_59.031233	99.96		True
CONTIG	NODE_60_length_16968_cov_59.031233	16968	correct
910050	926279	1	16230	NC_002945.4	NODE_61_length_16230_cov_55.466124	99.99		True
CONTIG	NODE_61_length_16230_cov_55.466124	16230	correct
2916851	2932868	1	16018	NC_002945.4	NODE_62_length_16047_cov_57.895038	99.97		True
CONTIG	NODE_62_length_16047_cov_57.895038	16047	correct
3193780	3209295	1	15616	NC_002945.4	NODE_63_length_15616_cov_51.844987	100.0		True
CONTIG	NODE_63_length_15616_cov_51.844987	15616	correct
1853860	1869260	15417	17	NC_002945.4	NODE_64_length_15573_cov_38.618866	99.97		True
CONTIG	NODE_64_length_15573_cov_38.618866	15573	correct
609085	624460	1	15376	NC_002945.4	NODE_65_length_15376_cov_50.739393	99.99		True
CONTIG	NODE_65_length_15376_cov_50.739393	15376	correct
2372402	2386761	14360	1	NC_002945.4	NODE_66_length_14360_cov_56.387831	99.98		True
CONTIG	NODE_66_length_14360_cov_56.387831	14360	correct
2409054	2422776	13723	1	NC_002945.4	NODE_67_length_13723_cov_51.377758	99.96		True
CONTIG	NODE_67_length_13723_cov_51.377758	13723	correct
3712180	3724959	12780	1	NC_002945.4	NODE_68_length_12780_cov_38.662056	99.96		True
CONTIG	NODE_68_length_12780_cov_38.662056	12780	correct
2944619	2957076	12458	1	NC_002945.4	NODE_69_length_12458_cov_53.268267	99.98		True
CONTIG	NODE_69_length_12458_cov_53.268267	12458	correct
3700323	3711403	192	11272	NC_002945.4	NODE_70_length_11272_cov_37.560162	100.0		True
CONTIG	NODE_70_length_11272_cov_37.560162	11272	correct
2933686	2943963	1	10278	NC_002945.4	NODE_71_length_10278_cov_51.975372	99.99		True
CONTIG	NODE_71_length_10278_cov_51.975372	10278	correct
1623857	1633300	1	9387	NC_002945.4	NODE_72_length_9467_cov_45.263919	99.36		True
CONTIG	NODE_72_length_9467_cov_45.263919	9467	correct
2444936	2453624	1	8689	NC_002945.4	NODE_73_length_8689_cov_53.369306	100.0		True
CONTIG	NODE_73_length_8689_cov_53.369306	8689	correct
1987019	1992127	5110	1	NC_002945.4	NODE_74_length_5110_cov_54.068433	99.98		True
CONTIG	NODE_74_length_5110_cov_54.068433	5110	correct
1214750	1218293	3703	159	NC_002945.4	NODE_75_length_4637_cov_37.535477	99.97		True
local misassembly
1213960	1214774	4637	3823	NC_002945.4	NODE_75_length_4637_cov_37.535477	99.75		True
CONTIG	NODE_75_length_4637_cov_37.535477	4637	correct
3980171	3984524	4362	9	NC_002945.4	NODE_76_length_4557_cov_45.336343	100.0		True
CONTIG	NODE_76_length_4557_cov_45.336343	4557	correct
1165899	1169900	1	4002	NC_002945.4	NODE_77_length_4002_cov_54.339097	99.98		True
CONTIG	NODE_77_length_4002_cov_54.339097	4002	correct
1635657	1638240	1	2635	NC_002945.4	NODE_78_length_3419_cov_22.530073	98.06		True
local misassembly
1638385	1638824	2636	3075	NC_002945.4	NODE_78_length_3419_cov_22.530073	100.0		True
CONTIG	NODE_78_length_3419_cov_22.530073	3419	correct
3878208	3881535	1	3202	NC_002945.4	NODE_79_length_3202_cov_13.869268	95.76		True
CONTIG	NODE_79_length_3202_cov_13.869268	3202	correct
2284620	2287647	3028	1	NC_002945.4	NODE_80_length_3028_cov_38.820407	99.77		True
CONTIG	NODE_80_length_3028_cov_38.820407	3028	correct
2290710	2293716	1	3007	NC_002945.4	NODE_81_length_3007_cov_41.678472	100.0		True
CONTIG	NODE_81_length_3007_cov_41.678472	3007	correct
2158914	2160444	2345	815	NC_002945.4	NODE_82_length_2949_cov_53.687101	95.49		True
fake: scaffold gap size wrong estimation (local)
2158341	2158913	2949	2377	NC_002945.4	NODE_82_length_2949_cov_53.687101	100.0		True
CONTIG	NODE_82_length_2949_cov_53.687101	2949	correct
1993335	1996106	1	2772	NC_002945.4	NODE_83_length_2772_cov_60.187524	100.0		True
CONTIG	NODE_83_length_2772_cov_60.187524	2772	correct
334077	336431	2274	1	NC_002945.4	NODE_84_length_2274_cov_11.285980	96.48		True
CONTIG	NODE_84_length_2274_cov_11.285980	2274	correct
674728	676359	1639	8	NC_002945.4	NODE_85_length_1639_cov_6.554894	99.75		True
CONTIG	NODE_85_length_1639_cov_6.554894	1639	correct
607662	609211	1	1550	NC_002945.4	NODE_86_length_1550_cov_82.520731	99.94		True
CONTIG	NODE_86_length_1550_cov_82.520731	1550	correct
4193589	4195052	1	1464	NC_002945.4	NODE_87_length_1464_cov_110.177263	100.0		True
CONTIG	NODE_87_length_1464_cov_110.177263	1464	correct
2774164	2775625	1	1462	NC_002945.4	NODE_88_length_1462_cov_9.894382	99.86		True
CONTIG	NODE_88_length_1462_cov_9.894382	1462	correct
1992001	1993461	1461	1	NC_002945.4	NODE_89_length_1461_cov_82.834333	100.0		True
CONTIG	NODE_89_length_1461_cov_82.834333	1461	correct
625393	626835	1	1443	NC_002945.4	NODE_90_length_1443_cov_25.637580	100.0		True
CONTIG	NODE_90_length_1443_cov_25.637580	1443	correct
3443593	3445031	1439	1	NC_002945.4	NODE_91_length_1439_cov_62.875000	100.0		True
CONTIG	NODE_91_length_1439_cov_62.875000	1439	correct
3081416	3082771	1	1356	NC_002945.4	NODE_92_length_1356_cov_124.917819	100.0		True
CONTIG	NODE_92_length_1356_cov_124.917819	1356	correct
2324578	2325848	1271	1	NC_002945.4	NODE_93_length_1351_cov_40.707516	100.0		True
CONTIG	NODE_93_length_1351_cov_40.707516	1351	correct
3673145	3674484	1	1340	NC_002945.4	NODE_94_length_1340_cov_110.895301	100.0		True
CONTIG	NODE_94_length_1340_cov_110.895301	1340	correct
3339137	3340461	1325	1	NC_002945.4	NODE_95_length_1325_cov_56.227045	100.0		True
CONTIG	NODE_95_length_1325_cov_56.227045	1325	correct
3835659	3836979	1	1321	NC_002945.4	NODE_96_length_1321_cov_120.201005	99.7		True
CONTIG	NODE_96_length_1321_cov_120.201005	1321	correct
2288581	2289835	1255	1	NC_002945.4	NODE_97_length_1255_cov_56.656915	100.0		True
CONTIG	NODE_97_length_1255_cov_56.656915	1255	correct
336693	337827	1135	1	NC_002945.4	NODE_98_length_1226_cov_20.057325	100.0		True
CONTIG	NODE_98_length_1226_cov_20.057325	1226	correct
2293590	2294776	1	1187	NC_002945.4	NODE_99_length_1187_cov_40.284906	100.0		True
CONTIG	NODE_99_length_1187_cov_40.284906	1187	correct
839677	840710	1	1034	NC_002945.4	NODE_100_length_1129_cov_20.405190	100.0		True
CONTIG	NODE_100_length_1129_cov_20.405190	1129	correct
2283619	2284746	1128	1	NC_002945.4	NODE_101_length_1128_cov_99.190809	99.91		True
CONTIG	NODE_101_length_1128_cov_99.190809	1128	correct
2453804	2454869	1	1065	NC_002945.4	NODE_102_length_1065_cov_44.288591	99.91		True
CONTIG	NODE_102_length_1065_cov_44.288591	1065	correct
3711277	3712306	1	1030	NC_002945.4	NODE_103_length_1030_cov_102.693245	100.0		True
CONTIG	NODE_103_length_1030_cov_102.693245	1030	correct
1165044	1166025	982	1	NC_002945.4	NODE_104_length_982_cov_98.552047	100.0		True
CONTIG	NODE_104_length_982_cov_98.552047	982	correct
1985839	1986525	275	961	NC_002945.4	NODE_105_length_961_cov_3.290168	100.0		True
CONTIG	NODE_105_length_961_cov_3.290168	961	correct
1169775	1170683	909	1	NC_002945.4	NODE_106_length_909_cov_342.521739	100.0		True
CONTIG	NODE_106_length_909_cov_342.521739	909	correct
3341521	3342410	890	1	NC_002945.4	NODE_107_length_890_cov_47.627785	100.0		True
CONTIG	NODE_107_length_890_cov_47.627785	890	correct
1278286	1279129	844	1	NC_002945.4	NODE_108_length_844_cov_100.202232	100.0		True
CONTIG	NODE_108_length_844_cov_100.202232	844	correct
2773486	2774153	668	1	NC_002945.4	NODE_109_length_806_cov_3.129602	99.7		True
CONTIG	NODE_109_length_806_cov_3.129602	806	correct
909382	910176	795	1	NC_002945.4	NODE_110_length_795_cov_113.673653	100.0		True
CONTIG	NODE_110_length_795_cov_113.673653	795	correct
841631	842337	69	775	NC_002945.4	NODE_111_length_775_cov_1.370370	98.3		True
CONTIG	NODE_111_length_775_cov_1.370370	775	correct
2693295	2694038	1	744	NC_002945.4	NODE_112_length_744_cov_89.555916	100.0		True
CONTIG	NODE_112_length_744_cov_89.555916	744	correct
2325840	2326235	88	483	NC_002945.4	NODE_113_length_702_cov_3.325217	100.0		True
CONTIG	NODE_113_length_702_cov_3.325217	702	correct
3340552	3341186	1	635	NC_002945.4	NODE_114_length_635_cov_38.456693	100.0		True
CONTIG	NODE_114_length_635_cov_38.456693	635	correct
1491372	1491811	629	190	NC_002945.4	NODE_115_length_629_cov_1.249004	100.0		True
CONTIG	NODE_115_length_629_cov_1.249004	629	correct
3338676	3339263	588	1	NC_002945.4	NODE_116_length_588_cov_85.616052	100.0		True
CONTIG	NODE_116_length_588_cov_85.616052	588	correct
2056508	2056855	429	82	NC_002945.4	NODE_117_length_587_cov_1.241304	99.43		True
CONTIG	NODE_117_length_587_cov_1.241304	587	correct
838568	838995	37	464	NC_002945.4	NODE_118_length_558_cov_2.482599	99.77		True
CONTIG	NODE_118_length_558_cov_2.482599	558	correct
1218462	1218810	119	467	NC_002945.4	NODE_119_length_550_cov_3.094563	100.0		True
CONTIG	NODE_119_length_550_cov_3.094563	550	correct
2933043	2933387	183	527	NC_002945.4	NODE_120_length_527_cov_1.032500	98.55		True
CONTIG	NODE_120_length_527_cov_1.032500	527	correct
3979540	3980026	35	521	NC_002945.4	NODE_121_length_521_cov_3.081218	98.97		True
CONTIG	NODE_121_length_521_cov_3.081218	521	correct
4294087	4294588	1	502	NC_002945.4	NODE_122_length_502_cov_5.568000	100.0		True
CONTIG	NODE_122_length_502_cov_5.568000	502	correct
