S1	E1	S2	E2	Reference	Contig	IDY	Ambiguous	Best_group
149850	306653	156812	9	NC_002945.4	NODE_1_length_347199_cov_59.731681	99.94		True
relocation, inconsistency = 1267638
1574292	1633264	156813	215728	NC_002945.4	NODE_1_length_347199_cov_59.731681	99.88		True
local misassembly
1633544	1634449	215729	216634	NC_002945.4	NODE_1_length_347199_cov_59.731681	99.05		True
relocation, inconsistency = 3935
1638385	1638778	216635	217028	NC_002945.4	NODE_1_length_347199_cov_59.731681	100.0		True
local misassembly
1638974	1769053	217029	347107	NC_002945.4	NODE_1_length_347199_cov_59.731681	99.99		True
CONTIG	NODE_1_length_347199_cov_59.731681	347199	misassembled
3445573	3673271	1	227591	NC_002945.4	NODE_2_length_227591_cov_60.385793	99.93		True
CONTIG	NODE_2_length_227591_cov_60.385793	227591	correct
2444879	2665754	1	220934	NC_002945.4	NODE_3_length_220938_cov_58.573087	99.96		True
CONTIG	NODE_3_length_220938_cov_58.573087	220938	correct
402605	581801	1	179082	NC_002945.4	NODE_4_length_179082_cov_59.210762	99.92		True
CONTIG	NODE_4_length_179082_cov_59.210762	179082	correct
2957039	3124591	166864	1	NC_002945.4	NODE_5_length_166864_cov_57.996599	99.45		True
CONTIG	NODE_5_length_166864_cov_57.996599	166864	correct
676731	726430	143	49842	NC_002945.4	NODE_6_length_160860_cov_59.541370	99.99		True
local misassembly
726546	824045	49871	147371	NC_002945.4	NODE_6_length_160860_cov_59.541370	99.99		True
local misassembly
824601	838089	147372	160860	NC_002945.4	NODE_6_length_160860_cov_59.541370	99.98		True
CONTIG	NODE_6_length_160860_cov_59.541370	160860	correct
4294598	4349904	1	55306	NC_002945.4	NODE_7_length_158625_cov_60.691340	99.99		True
fake: not a misassembly [linear representation of circular genome]
1	29469	55307	84775	NC_002945.4	NODE_7_length_158625_cov_60.691340	99.99		True
local misassembly
30083	103918	84777	158625	NC_002945.4	NODE_7_length_158625_cov_60.691340	99.96		True
CONTIG	NODE_7_length_158625_cov_60.691340	158625	correct
3297521	3338802	41451	1	NC_002945.4	NODE_8_length_129716_cov_58.704172	99.82		True
indel: stretch of mismatches
3209309	3297520	129666	41452	NC_002945.4	NODE_8_length_129716_cov_58.704172	99.87		True
CONTIG	NODE_8_length_129716_cov_58.704172	129716	correct
1010930	1092082	81339	184	NC_002945.4	NODE_9_length_120715_cov_59.374482	99.99		True
relocation, inconsistency = 1457
970270	1009472	120541	81340	NC_002945.4	NODE_9_length_120715_cov_59.374482	99.98		True
CONTIG	NODE_9_length_120715_cov_59.374482	120715	misassembled
1869371	1985657	115821	1	NC_002945.4	NODE_10_length_115821_cov_58.547280	99.58		True
CONTIG	NODE_10_length_115821_cov_58.547280	115821	correct
3759059	3835785	76586	1	NC_002945.4	NODE_11_length_110374_cov_59.027529	99.75		True
local misassembly
3737665	3758755	97677	76587	NC_002945.4	NODE_11_length_110374_cov_59.027529	99.99		True
local misassembly
3724883	3737454	110249	97678	NC_002945.4	NODE_11_length_110374_cov_59.027529	99.98		True
CONTIG	NODE_11_length_110374_cov_59.027529	110374	correct
2083596	2158503	74908	1	NC_002945.4	NODE_12_length_101682_cov_60.596760	99.98		True
local misassembly
2056969	2083604	101682	75047	NC_002945.4	NODE_12_length_101682_cov_60.596760	99.98		True
CONTIG	NODE_12_length_101682_cov_60.596760	101682	correct
3343594	3442410	1	98885	NC_002945.4	NODE_13_length_98885_cov_61.058304	99.92		True
CONTIG	NODE_13_length_98885_cov_61.058304	98885	correct
1779460	1869379	1	89920	NC_002945.4	NODE_14_length_89920_cov_56.473166	99.99		True
CONTIG	NODE_14_length_89920_cov_56.473166	89920	correct
306705	333615	1	26932	NC_002945.4	NODE_15_length_88029_cov_57.464631	98.32		True
relocation, inconsistency = 5791
339407	363355	26933	50835	NC_002945.4	NODE_15_length_88029_cov_57.464631	98.94		True
local misassembly
364115	401308	50836	88029	NC_002945.4	NODE_15_length_88029_cov_57.464631	99.99		True
CONTIG	NODE_15_length_88029_cov_57.464631	88029	misassembled
1387009	1470724	116	83774	NC_002945.4	NODE_16_length_83774_cov_59.870563	99.91		True
CONTIG	NODE_16_length_83774_cov_59.870563	83774	correct
3897145	3979574	1	82421	NC_002945.4	NODE_17_length_82446_cov_60.259904	99.98		True
CONTIG	NODE_17_length_82446_cov_60.259904	82446	correct
1491932	1573361	1	81430	NC_002945.4	NODE_18_length_81478_cov_62.140588	99.93		True
CONTIG	NODE_18_length_81478_cov_62.140588	81478	correct
2693912	2773057	79391	247	NC_002945.4	NODE_19_length_79391_cov_58.200457	99.99		True
CONTIG	NODE_19_length_79391_cov_58.200457	79391	correct
3124609	3193870	48	69255	NC_002945.4	NODE_20_length_69255_cov_58.552482	99.91		True
CONTIG	NODE_20_length_69255_cov_58.552482	69255	correct
1096985	1165170	1	68186	NC_002945.4	NODE_21_length_68186_cov_59.259554	99.99		True
CONTIG	NODE_21_length_68186_cov_59.259554	68186	correct
2852103	2916393	64291	1	NC_002945.4	NODE_22_length_64291_cov_57.718799	99.98		True
CONTIG	NODE_22_length_64291_cov_57.718799	64291	correct
4194926	4259153	1	64228	NC_002945.4	NODE_23_length_64228_cov_62.673406	99.99		True
CONTIG	NODE_23_length_64228_cov_62.673406	64228	correct
1280097	1343223	1	63189	NC_002945.4	NODE_24_length_63189_cov_63.579668	99.89		True
CONTIG	NODE_24_length_63189_cov_63.579668	63189	correct
4035858	4097403	125	61669	NC_002945.4	NODE_25_length_61669_cov_57.654220	99.99		True
CONTIG	NODE_25_length_61669_cov_57.654220	61669	correct
1997149	2056886	1	59738	NC_002945.4	NODE_26_length_59738_cov_58.224623	99.98		True
CONTIG	NODE_26_length_59738_cov_58.224623	59738	correct
1219349	1278412	76	59139	NC_002945.4	NODE_27_length_59139_cov_58.533925	99.99		True
CONTIG	NODE_27_length_59139_cov_58.533925	59139	correct
2192685	2245161	52477	1	NC_002945.4	NODE_28_length_52477_cov_64.467202	99.99		True
CONTIG	NODE_28_length_52477_cov_64.467202	52477	correct
4141985	4193715	51731	1	NC_002945.4	NODE_29_length_51731_cov_61.669405	99.99		True
CONTIG	NODE_29_length_51731_cov_61.669405	51731	correct
3984674	4000742	199	16256	NC_002945.4	NODE_30_length_51300_cov_59.979442	99.93		True
local misassembly
4000854	4035727	16257	51130	NC_002945.4	NODE_30_length_51300_cov_59.979442	99.97		True
CONTIG	NODE_30_length_51300_cov_59.979442	51300	correct
2801012	2852054	1	51043	NC_002945.4	NODE_31_length_51043_cov_59.946775	99.99		True
CONTIG	NODE_31_length_51043_cov_59.946775	51043	correct
842461	891078	48618	1	NC_002945.4	NODE_32_length_48618_cov_56.298942	99.99		True
CONTIG	NODE_32_length_48618_cov_56.298942	48618	correct
625039	673260	1	48222	NC_002945.4	NODE_33_length_48252_cov_57.885299	99.98		True
CONTIG	NODE_33_length_48252_cov_57.885299	48252	correct
2326410	2372338	45929	1	NC_002945.4	NODE_34_length_46176_cov_55.294773	99.99		True
CONTIG	NODE_34_length_46176_cov_55.294773	46176	correct
4097387	4141998	1	44612	NC_002945.4	NODE_35_length_44632_cov_61.132457	99.99		True
CONTIG	NODE_35_length_44632_cov_61.132457	44632	correct
1343879	1386639	1	42766	NC_002945.4	NODE_36_length_42965_cov_57.471334	99.99		True
CONTIG	NODE_36_length_42965_cov_57.471334	42965	correct
3836888	3878177	41282	1	NC_002945.4	NODE_37_length_41282_cov_59.505917	99.96		True
CONTIG	NODE_37_length_41282_cov_59.505917	41282	correct
930626	970127	39742	1	NC_002945.4	NODE_38_length_39742_cov_58.242004	99.38		True
CONTIG	NODE_38_length_39742_cov_58.242004	39742	correct
2246369	2283745	1	37379	NC_002945.4	NODE_39_length_37379_cov_62.487356	99.95		True
CONTIG	NODE_39_length_37379_cov_62.487356	37379	correct
3674358	3699391	1	25016	NC_002945.4	NODE_40_length_36066_cov_45.160411	99.93		True
local misassembly
3700354	3711403	25017	36066	NC_002945.4	NODE_40_length_36066_cov_45.160411	99.99		True
CONTIG	NODE_40_length_36066_cov_45.160411	36066	correct
2386668	2408514	1	21847	NC_002945.4	NODE_41_length_35431_cov_53.670944	100.0		True
local misassembly
2409193	2422776	21848	35431	NC_002945.4	NODE_41_length_35431_cov_53.670944	99.98		True
CONTIG	NODE_41_length_35431_cov_53.670944	35431	correct
1171083	1189860	1	18778	NC_002945.4	NODE_42_length_33609_cov_56.463981	99.99		True
local misassembly
1190092	1204750	18779	33437	NC_002945.4	NODE_42_length_33609_cov_56.463981	99.97		True
CONTIG	NODE_42_length_33609_cov_56.463981	33609	correct
2160997	2192094	30667	1	NC_002945.4	NODE_43_length_32941_cov_60.062230	98.6		True
fake: scaffold gap size wrong estimation (local)
2160645	2160846	30969	30768	NC_002945.4	NODE_43_length_32941_cov_60.062230	100.0		True
fake: scaffold gap size wrong estimation (local)
2158479	2159088	32941	32332	NC_002945.4	NODE_43_length_32941_cov_60.062230	100.0		True
CONTIG	NODE_43_length_32941_cov_60.062230	32941	correct
2294650	2325715	31223	158	NC_002945.4	NODE_44_length_31223_cov_54.658799	99.99		True
CONTIG	NODE_44_length_31223_cov_54.658799	31223	correct
2665848	2693421	27573	1	NC_002945.4	NODE_45_length_27573_cov_58.915070	99.99		True
CONTIG	NODE_45_length_27573_cov_58.915070	27573	correct
105040	132122	27083	1	NC_002945.4	NODE_46_length_27083_cov_58.125686	99.98		True
CONTIG	NODE_46_length_27083_cov_58.125686	27083	correct
581820	607788	1	25969	NC_002945.4	NODE_47_length_25969_cov_58.693677	99.99		True
CONTIG	NODE_47_length_25969_cov_58.693677	25969	correct
2776948	2799828	120	23000	NC_002945.4	NODE_48_length_23000_cov_61.183448	99.99		True
CONTIG	NODE_48_length_23000_cov_61.183448	23000	correct
4259930	4281679	21748	1	NC_002945.4	NODE_49_length_21748_cov_62.121919	99.98		True
CONTIG	NODE_49_length_21748_cov_62.121919	21748	correct
2423267	2444896	1	21630	NC_002945.4	NODE_50_length_21630_cov_61.891969	99.99		True
CONTIG	NODE_50_length_21630_cov_61.891969	21630	correct
1490961	1491782	967	146	NC_002945.4	NODE_51_length_19781_cov_61.843238	100.0		True
local misassembly
1471935	1490747	19781	968	NC_002945.4	NODE_51_length_19781_cov_61.843238	99.97		True
CONTIG	NODE_51_length_19781_cov_61.843238	19781	correct
132625	149955	17370	40	NC_002945.4	NODE_52_length_17430_cov_65.411952	99.94		True
CONTIG	NODE_52_length_17430_cov_65.411952	17430	correct
892165	909508	17344	1	NC_002945.4	NODE_53_length_17344_cov_61.028751	99.99		True
CONTIG	NODE_53_length_17344_cov_61.028751	17344	correct
910050	926209	1	16160	NC_002945.4	NODE_54_length_16220_cov_64.036538	99.99		True
CONTIG	NODE_54_length_16220_cov_64.036538	16220	correct
2916851	2932852	16002	1	NC_002945.4	NODE_55_length_16002_cov_66.100787	99.95		True
CONTIG	NODE_55_length_16002_cov_66.100787	16002	correct
3193780	3209299	1	15620	NC_002945.4	NODE_56_length_15631_cov_60.194724	99.97		True
CONTIG	NODE_56_length_15631_cov_60.194724	15631	correct
609085	624336	1	15252	NC_002945.4	NODE_57_length_15382_cov_57.601639	99.99		True
CONTIG	NODE_57_length_15382_cov_57.601639	15382	correct
2372411	2386761	1	14351	NC_002945.4	NODE_58_length_14351_cov_60.403051	99.98		True
CONTIG	NODE_58_length_14351_cov_60.403051	14351	correct
1204743	1218370	13697	1	NC_002945.4	NODE_59_length_13856_cov_50.087188	98.32		True
CONTIG	NODE_59_length_13856_cov_50.087188	13856	correct
3712180	3724790	12731	121	NC_002945.4	NODE_60_length_12731_cov_42.616788	99.96		True
CONTIG	NODE_60_length_12731_cov_42.616788	12731	correct
4281674	4293956	16	12298	NC_002945.4	NODE_61_length_12514_cov_58.559296	99.93		True
CONTIG	NODE_61_length_12514_cov_58.559296	12514	correct
3893619	3895499	1881	1	NC_002945.4	NODE_62_length_12481_cov_29.295856	99.9		True
local misassembly
3890969	3893414	4327	1882	NC_002945.4	NODE_62_length_12481_cov_29.295856	100.0		True
local misassembly
3884643	3890278	9972	4328	NC_002945.4	NODE_62_length_12481_cov_29.295856	99.82		True
local misassembly
3882139	3884027	11909	9973	NC_002945.4	NODE_62_length_12481_cov_29.295856	97.69		True
local misassembly
3881740	3882155	12476	12061	NC_002945.4	NODE_62_length_12481_cov_29.295856	99.52		True
CONTIG	NODE_62_length_12481_cov_29.295856	12481	correct
2944619	2957076	12458	1	NC_002945.4	NODE_63_length_12458_cov_56.361122	99.98		True
CONTIG	NODE_63_length_12458_cov_56.361122	12458	correct
2933733	2943963	174	10404	NC_002945.4	NODE_64_length_10404_cov_59.233045	99.99		True
CONTIG	NODE_64_length_10404_cov_59.233045	10404	correct
1987049	1992127	5080	1	NC_002945.4	NODE_65_length_5080_cov_62.798304	99.96		True
CONTIG	NODE_65_length_5080_cov_62.798304	5080	correct
3980257	3984553	197	4493	NC_002945.4	NODE_66_length_4493_cov_47.754924	100.0		True
CONTIG	NODE_66_length_4493_cov_47.754924	4493	correct
1092496	1096461	3966	1	NC_002945.4	NODE_67_length_4131_cov_53.791958	100.0		True
CONTIG	NODE_67_length_4131_cov_53.791958	4131	correct
1165899	1169900	1	4002	NC_002945.4	NODE_68_length_4002_cov_59.349161	99.98		True
CONTIG	NODE_68_length_4002_cov_59.349161	4002	correct
1993335	1996977	3796	154	NC_002945.4	NODE_69_length_3796_cov_49.647588	99.95		True
CONTIG	NODE_69_length_3796_cov_49.647588	3796	correct
2284620	2287647	3028	1	NC_002945.4	NODE_70_length_3028_cov_42.565667	99.77		True
CONTIG	NODE_70_length_3028_cov_42.565667	3028	correct
2290710	2293716	1	3007	NC_002945.4	NODE_71_length_3007_cov_41.322569	100.0		True
CONTIG	NODE_71_length_3007_cov_41.322569	3007	correct
673472	676337	2883	18	NC_002945.4	NODE_72_length_2883_cov_4.834543	99.83		True
CONTIG	NODE_72_length_2883_cov_4.834543	2883	correct
928006	928975	1	979	NC_002945.4	NODE_73_length_2839_cov_13.963127	99.08		True
local misassembly
928970	930583	1118	2731	NC_002945.4	NODE_73_length_2839_cov_13.963127	100.0		True
CONTIG	NODE_73_length_2839_cov_13.963127	2839	correct
3878206	3881088	2757	1	NC_002945.4	NODE_74_length_2765_cov_12.463609	95.14		True
CONTIG	NODE_74_length_2765_cov_12.463609	2765	correct
334077	336563	1	2487	NC_002945.4	NODE_75_length_2501_cov_10.897220	99.8		True
CONTIG	NODE_75_length_2501_cov_10.897220	2501	correct
1635657	1638030	2425	1	NC_002945.4	NODE_76_length_2425_cov_39.669713	97.9		True
CONTIG	NODE_76_length_2425_cov_39.669713	2425	correct
336693	338755	149	2220	NC_002945.4	NODE_77_length_2372_cov_16.538976	99.47		True
CONTIG	NODE_77_length_2372_cov_16.538976	2372	correct
401182	402731	1	1550	NC_002945.4	NODE_78_length_1550_cov_100.204498	99.87		True
CONTIG	NODE_78_length_1550_cov_100.204498	1550	correct
4193589	4195052	1	1464	NC_002945.4	NODE_79_length_1464_cov_134.994764	100.0		True
CONTIG	NODE_79_length_1464_cov_134.994764	1464	correct
1992001	1993461	1461	1	NC_002945.4	NODE_80_length_1461_cov_86.771364	100.0		True
CONTIG	NODE_80_length_1461_cov_86.771364	1461	correct
3443593	3445031	1439	1	NC_002945.4	NODE_81_length_1439_cov_75.012195	100.0		True
CONTIG	NODE_81_length_1439_cov_75.012195	1439	correct
2774191	2775596	1406	1	NC_002945.4	NODE_82_length_1406_cov_12.992963	100.0		True
CONTIG	NODE_82_length_1406_cov_12.992963	1406	correct
890952	892291	1340	1	NC_002945.4	NODE_83_length_1340_cov_127.400660	100.0		True
CONTIG	NODE_83_length_1340_cov_127.400660	1340	correct
3339137	3340461	1325	1	NC_002945.4	NODE_84_length_1325_cov_62.485810	100.0		True
CONTIG	NODE_84_length_1325_cov_62.485810	1325	correct
3835659	3836979	1321	1	NC_002945.4	NODE_85_length_1321_cov_133.089615	99.77		True
CONTIG	NODE_85_length_1321_cov_133.089615	1321	correct
839864	840812	963	15	NC_002945.4	NODE_86_length_1305_cov_16.060272	100.0		True
local misassembly
839204	839545	1305	964	NC_002945.4	NODE_86_length_1305_cov_16.060272	98.61		True
CONTIG	NODE_86_length_1305_cov_16.060272	1305	correct
2288581	2289835	1255	1	NC_002945.4	NODE_87_length_1255_cov_57.715426	100.0		True
CONTIG	NODE_87_length_1255_cov_57.715426	1255	correct
2287521	2288707	1187	1	NC_002945.4	NODE_88_length_1187_cov_49.213208	100.0		True
CONTIG	NODE_88_length_1187_cov_49.213208	1187	correct
2283619	2284746	1	1128	NC_002945.4	NODE_89_length_1128_cov_107.361638	99.91		True
CONTIG	NODE_89_length_1128_cov_107.361638	1128	correct
3711277	3712306	1	1030	NC_002945.4	NODE_90_length_1030_cov_116.834994	100.0		True
CONTIG	NODE_90_length_1030_cov_116.834994	1030	correct
1165044	1166025	982	1	NC_002945.4	NODE_91_length_982_cov_115.411696	100.0		True
CONTIG	NODE_91_length_982_cov_115.411696	982	correct
841419	842207	1	780	NC_002945.4	NODE_92_length_913_cov_1.272265	98.1		True
CONTIG	NODE_92_length_913_cov_1.272265	913	correct
2943837	2944745	909	1	NC_002945.4	NODE_93_length_909_cov_371.132992	100.0		True
CONTIG	NODE_93_length_909_cov_371.132992	909	correct
3341521	3342410	890	1	NC_002945.4	NODE_94_length_890_cov_48.513761	100.0		True
CONTIG	NODE_94_length_890_cov_48.513761	890	correct
1278286	1279129	1	844	NC_002945.4	NODE_95_length_844_cov_111.305439	100.0		True
CONTIG	NODE_95_length_844_cov_111.305439	844	correct
3444905	3445699	1	795	NC_002945.4	NODE_96_length_795_cov_132.699102	100.0		True
CONTIG	NODE_96_length_795_cov_132.699102	795	correct
2693295	2694038	1	744	NC_002945.4	NODE_97_length_744_cov_106.492707	100.0		True
CONTIG	NODE_97_length_744_cov_106.492707	744	correct
132123	132658	1	536	NC_002945.4	NODE_98_length_743_cov_2.113636	100.0		True
CONTIG	NODE_98_length_743_cov_2.113636	743	correct
1985788	1986461	25	698	NC_002945.4	NODE_99_length_713_cov_5.965870	100.0		True
CONTIG	NODE_99_length_713_cov_5.965870	713	correct
2773462	2774098	1	637	NC_002945.4	NODE_100_length_637_cov_4.358824	99.84		True
CONTIG	NODE_100_length_637_cov_4.358824	637	correct
3340552	3341186	1	635	NC_002945.4	NODE_101_length_635_cov_43.330709	100.0		True
CONTIG	NODE_101_length_635_cov_43.330709	635	correct
1218457	1218809	160	512	NC_002945.4	NODE_102_length_632_cov_2.223762	100.0		True
CONTIG	NODE_102_length_632_cov_2.223762	632	correct
3341060	3341647	588	1	NC_002945.4	NODE_103_length_588_cov_102.030369	100.0		True
CONTIG	NODE_103_length_588_cov_102.030369	588	correct
2933209	2933605	397	1	NC_002945.4	NODE_104_length_571_cov_0.777027	100.0		True
CONTIG	NODE_104_length_571_cov_0.777027	571	correct
1573512	1573905	394	1	NC_002945.4	NODE_105_length_567_cov_1.206818	100.0		True
CONTIG	NODE_105_length_567_cov_1.206818	567	correct
4294092	4294616	525	1	NC_002945.4	NODE_106_length_525_cov_6.753769	99.62		True
CONTIG	NODE_106_length_525_cov_6.753769	525	correct
