S1	E1	S2	E2	Reference	Contig	IDY	Ambiguous	Best_group
3445573	3673271	227591	1	NC_002945.4	NODE_1_length_227591_cov_46.486807	99.93		True
CONTIG	NODE_1_length_227591_cov_46.486807	227591	correct
2453623	2665760	1	212190	NC_002945.4	NODE_2_length_212206_cov_46.229132	99.96		True
CONTIG	NODE_2_length_212206_cov_46.229132	212206	correct
402605	607788	204992	1	NC_002945.4	NODE_3_length_204992_cov_45.461157	99.89		True
CONTIG	NODE_3_length_204992_cov_45.461157	204992	correct
2957039	3124625	166898	1	NC_002945.4	NODE_4_length_166898_cov_45.196287	99.45		True
CONTIG	NODE_4_length_166898_cov_45.196287	166898	correct
676602	824045	1	147445	NC_002945.4	NODE_5_length_160902_cov_46.335002	99.99		True
local misassembly
824601	838057	147446	160902	NC_002945.4	NODE_5_length_160902_cov_46.335002	99.98		True
CONTIG	NODE_5_length_160902_cov_46.335002	160902	correct
150053	306663	1	156584	NC_002945.4	NODE_6_length_156584_cov_45.971302	99.97		True
CONTIG	NODE_6_length_156584_cov_45.971302	156584	correct
30083	103918	73849	1	NC_002945.4	NODE_7_length_143820_cov_46.459904	99.96		True
local misassembly
1	29469	103319	73851	NC_002945.4	NODE_7_length_143820_cov_46.459904	99.99		True
fake: not a misassembly [linear representation of circular genome]
4309403	4349904	143820	103320	NC_002945.4	NODE_7_length_143820_cov_46.459904	99.99		True
CONTIG	NODE_7_length_143820_cov_46.459904	143820	correct
1853536	1985602	131679	4	NC_002945.4	NODE_8_length_131918_cov_44.478895	99.69		True
CONTIG	NODE_8_length_131918_cov_44.478895	131918	correct
1638870	1769053	1	130183	NC_002945.4	NODE_9_length_130275_cov_48.948943	99.99		True
CONTIG	NODE_9_length_130275_cov_48.948943	130275	correct
3219363	3338802	1	119666	NC_002945.4	NODE_10_length_119666_cov_46.255055	99.88		True
CONTIG	NODE_10_length_119666_cov_46.255055	119666	correct
970273	1009472	175	39373	NC_002945.4	NODE_11_length_119328_cov_46.781629	99.98		True
relocation, inconsistency = 1457
1010930	1090881	39374	119328	NC_002945.4	NODE_11_length_119328_cov_46.781629	99.99		True
CONTIG	NODE_11_length_119328_cov_46.781629	119328	misassembled
4035888	4141987	1	105985	NC_002945.4	NODE_12_length_105985_cov_44.982033	99.88		True
CONTIG	NODE_12_length_105985_cov_44.982033	105985	correct
3343594	3442410	1	98885	NC_002945.4	NODE_13_length_98885_cov_46.643492	99.92		True
CONTIG	NODE_13_length_98885_cov_46.643492	98885	correct
2083596	2140736	57141	1	NC_002945.4	NODE_14_length_83724_cov_43.240523	99.99		True
local misassembly
2057272	2083604	83612	57280	NC_002945.4	NODE_14_length_83724_cov_43.240523	99.98		True
CONTIG	NODE_14_length_83724_cov_43.240523	83724	correct
1491921	1573342	81422	1	NC_002945.4	NODE_15_length_81422_cov_48.015462	99.93		True
CONTIG	NODE_15_length_81422_cov_48.015462	81422	correct
3898832	3979529	1	80698	NC_002945.4	NODE_16_length_80698_cov_45.926512	99.99		True
CONTIG	NODE_16_length_80698_cov_45.926512	80698	correct
2693912	2773102	79202	13	NC_002945.4	NODE_17_length_79202_cov_44.564148	99.99		True
CONTIG	NODE_17_length_79202_cov_44.564148	79202	correct
1779460	1853482	1	74023	NC_002945.4	NODE_18_length_74185_cov_46.172500	99.99		True
CONTIG	NODE_18_length_74185_cov_46.172500	74185	correct
3124817	3193870	1	69000	NC_002945.4	NODE_19_length_69000_cov_46.560626	99.91		True
CONTIG	NODE_19_length_69000_cov_46.560626	69000	correct
1096985	1165170	68175	1	NC_002945.4	NODE_20_length_68175_cov_45.707251	99.97		True
CONTIG	NODE_20_length_68175_cov_45.707251	68175	correct
2852103	2916393	64290	1	NC_002945.4	NODE_21_length_64290_cov_45.456353	99.98		True
CONTIG	NODE_21_length_64290_cov_45.456353	64290	correct
4194926	4259153	64228	1	NC_002945.4	NODE_22_length_64228_cov_47.741564	99.99		True
CONTIG	NODE_22_length_64228_cov_47.741564	64228	correct
1280097	1343223	1	63189	NC_002945.4	NODE_23_length_63189_cov_49.914513	99.89		True
CONTIG	NODE_23_length_63189_cov_49.914513	63189	correct
1997033	2056402	59375	6	NC_002945.4	NODE_24_length_59375_cov_44.676327	99.98		True
CONTIG	NODE_24_length_59375_cov_44.676327	59375	correct
1219589	1278412	58824	1	NC_002945.4	NODE_25_length_58824_cov_46.431606	99.99		True
CONTIG	NODE_25_length_58824_cov_46.431606	58824	correct
3777400	3835785	1	58318	NC_002945.4	NODE_26_length_58318_cov_46.558110	99.87		True
CONTIG	NODE_26_length_58318_cov_46.558110	58318	correct
2192685	2246087	1	53403	NC_002945.4	NODE_27_length_53403_cov_51.023557	99.99		True
CONTIG	NODE_27_length_53403_cov_51.023557	53403	correct
4141983	4193715	51733	1	NC_002945.4	NODE_28_length_51733_cov_47.274096	99.98		True
CONTIG	NODE_28_length_51733_cov_47.274096	51733	correct
2801012	2852060	1	51049	NC_002945.4	NODE_29_length_51049_cov_45.612014	99.99		True
CONTIG	NODE_29_length_51049_cov_45.612014	51049	correct
3984873	4000742	164	16022	NC_002945.4	NODE_30_length_50907_cov_46.445353	99.93		True
local misassembly
4000854	4035738	16023	50907	NC_002945.4	NODE_30_length_50907_cov_46.445353	99.98		True
CONTIG	NODE_30_length_50907_cov_46.445353	50907	correct
1574502	1623825	49324	1	NC_002945.4	NODE_31_length_49324_cov_44.527735	99.98		True
CONTIG	NODE_31_length_49324_cov_44.527735	49324	correct
842557	891078	48522	1	NC_002945.4	NODE_32_length_48522_cov_45.980246	99.99		True
CONTIG	NODE_32_length_48522_cov_45.980246	48522	correct
624955	673257	1	48303	NC_002945.4	NODE_33_length_48358_cov_43.334183	99.99		True
CONTIG	NODE_33_length_48358_cov_43.334183	48358	correct
3836888	3878188	1	41293	NC_002945.4	NODE_34_length_43670_cov_44.766047	99.91		True
relocation, inconsistency = -2949817
928372	928975	41294	41906	NC_002945.4	NODE_34_length_43670_cov_44.766047	98.61		True
local misassembly
928970	930444	42045	43519	NC_002945.4	NODE_34_length_43670_cov_44.766047	100.0		True
CONTIG	NODE_34_length_43670_cov_44.766047	43670	misassembled
1343879	1386662	1	42789	NC_002945.4	NODE_35_length_42789_cov_45.873658	99.98		True
CONTIG	NODE_35_length_42789_cov_45.873658	42789	correct
930650	970126	1	39717	NC_002945.4	NODE_36_length_39717_cov_46.369538	99.37		True
CONTIG	NODE_36_length_39717_cov_46.369538	39717	correct
2246069	2283745	159	37837	NC_002945.4	NODE_37_length_37837_cov_48.234527	99.95		True
CONTIG	NODE_37_length_37837_cov_48.234527	37837	correct
363892	401308	1	37417	NC_002945.4	NODE_38_length_37417_cov_45.074470	99.99		True
CONTIG	NODE_38_length_37417_cov_45.074470	37417	correct
3724846	3737454	1	12609	NC_002945.4	NODE_39_length_34108_cov_45.181425	99.98		True
local misassembly
3737665	3758842	12610	33787	NC_002945.4	NODE_39_length_34108_cov_45.181425	99.98		True
CONTIG	NODE_39_length_34108_cov_45.181425	34108	correct
1413935	1447568	1	33634	NC_002945.4	NODE_40_length_33634_cov_47.040768	99.99		True
CONTIG	NODE_40_length_33634_cov_47.040768	33634	correct
2161798	2192094	30298	1	NC_002945.4	NODE_41_length_30298_cov_47.897385	99.99		True
CONTIG	NODE_41_length_30298_cov_47.897385	30298	correct
2294650	2324498	1	29849	NC_002945.4	NODE_42_length_29849_cov_44.410437	99.99		True
CONTIG	NODE_42_length_29849_cov_44.410437	29849	correct
2343985	2372258	28274	1	NC_002945.4	NODE_43_length_28492_cov_44.496386	99.98		True
CONTIG	NODE_43_length_28492_cov_44.496386	28492	correct
2666114	2693421	27307	1	NC_002945.4	NODE_44_length_27307_cov_45.755261	99.99		True
CONTIG	NODE_44_length_27307_cov_45.755261	27307	correct
105040	131912	1	26873	NC_002945.4	NODE_45_length_26963_cov_44.857430	99.98		True
CONTIG	NODE_45_length_26963_cov_44.857430	26963	correct
306700	333298	26747	254	NC_002945.4	NODE_46_length_26747_cov_45.472314	99.6		True
CONTIG	NODE_46_length_26747_cov_45.472314	26747	correct
1386909	1412955	1	26047	NC_002945.4	NODE_47_length_26047_cov_44.216705	99.98		True
CONTIG	NODE_47_length_26047_cov_44.216705	26047	correct
3674358	3700187	1	25812	NC_002945.4	NODE_48_length_25812_cov_35.375861	99.91		True
CONTIG	NODE_48_length_25812_cov_35.375861	25812	correct
338784	363812	146	25087	NC_002945.4	NODE_49_length_25289_cov_41.031794	99.62		True
CONTIG	NODE_49_length_25289_cov_41.031794	25289	correct
1190378	1213474	1	23097	NC_002945.4	NODE_50_length_23187_cov_42.674675	99.97		True
CONTIG	NODE_50_length_23187_cov_42.674675	23187	correct
1447556	1470724	1	23112	NC_002945.4	NODE_51_length_23112_cov_48.875832	99.74		True
CONTIG	NODE_51_length_23112_cov_48.875832	23112	correct
2776926	2799828	1	22903	NC_002945.4	NODE_52_length_22903_cov_49.304751	100.0		True
CONTIG	NODE_52_length_22903_cov_49.304751	22903	correct
2386668	2408633	21966	1	NC_002945.4	NODE_53_length_21966_cov_38.095151	100.0		True
CONTIG	NODE_53_length_21966_cov_38.095151	21966	correct
4259930	4281645	21714	1	NC_002945.4	NODE_54_length_21714_cov_48.428777	99.98		True
CONTIG	NODE_54_length_21714_cov_48.428777	21714	correct
2423267	2444953	21687	1	NC_002945.4	NODE_55_length_21687_cov_49.360297	99.99		True
CONTIG	NODE_55_length_21687_cov_49.360297	21687	correct
2158914	2160444	2345	815	NC_002945.4	NODE_56_length_20393_cov_48.630169	95.49		True
fake: scaffold gap size wrong estimation (local)
2158655	2158913	2635	2377	NC_002945.4	NODE_56_length_20393_cov_48.630169	100.0		True
local misassembly
2140762	2158516	20390	2636	NC_002945.4	NODE_56_length_20393_cov_48.630169	99.96		True
CONTIG	NODE_56_length_20393_cov_48.630169	20393	correct
1490961	1491860	994	95	NC_002945.4	NODE_57_length_19808_cov_51.440222	99.78		True
local misassembly
1471935	1490747	19808	995	NC_002945.4	NODE_57_length_19808_cov_51.440222	99.98		True
CONTIG	NODE_57_length_19808_cov_51.440222	19808	correct
1171083	1189860	1	18778	NC_002945.4	NODE_58_length_19075_cov_43.976145	99.99		True
local misassembly
1190092	1190388	18779	19075	NC_002945.4	NODE_58_length_19075_cov_43.976145	100.0		True
CONTIG	NODE_58_length_19075_cov_43.976145	19075	correct
3758980	3777383	1	18406	NC_002945.4	NODE_59_length_18406_cov_41.620822	99.96		True
CONTIG	NODE_59_length_18406_cov_41.620822	18406	correct
2326334	2343691	1	17358	NC_002945.4	NODE_60_length_17358_cov_43.168766	99.99		True
CONTIG	NODE_60_length_17358_cov_43.168766	17358	correct
892165	909508	1	17344	NC_002945.4	NODE_61_length_17344_cov_46.391241	99.99		True
CONTIG	NODE_61_length_17344_cov_46.391241	17344	correct
132657	149978	17322	1	NC_002945.4	NODE_62_length_17326_cov_49.273155	99.97		True
CONTIG	NODE_62_length_17326_cov_49.273155	17326	correct
910050	926175	16126	1	NC_002945.4	NODE_63_length_16126_cov_48.316770	99.99		True
CONTIG	NODE_63_length_16126_cov_48.316770	16126	correct
3193780	3209297	1	15618	NC_002945.4	NODE_64_length_15618_cov_47.340262	100.0		True
CONTIG	NODE_64_length_15618_cov_47.340262	15618	correct
2916851	2932443	15597	5	NC_002945.4	NODE_65_length_15597_cov_51.338203	99.94		True
CONTIG	NODE_65_length_15597_cov_51.338203	15597	correct
609085	624467	15383	1	NC_002945.4	NODE_66_length_15383_cov_45.457984	99.99		True
CONTIG	NODE_66_length_15383_cov_45.457984	15383	correct
2372425	2386761	14337	1	NC_002945.4	NODE_67_length_14463_cov_47.731376	99.98		True
CONTIG	NODE_67_length_14463_cov_47.731376	14463	correct
2409069	2422776	1	13708	NC_002945.4	NODE_68_length_13708_cov_45.719535	99.98		True
CONTIG	NODE_68_length_13708_cov_45.719535	13708	correct
3712180	3724959	12780	1	NC_002945.4	NODE_69_length_12780_cov_34.863353	99.96		True
CONTIG	NODE_69_length_12780_cov_34.863353	12780	correct
3881691	3882155	1	465	NC_002945.4	NODE_70_length_12682_cov_20.442533	99.78		True
local misassembly
3882139	3884027	617	2553	NC_002945.4	NODE_70_length_12682_cov_20.442533	97.69		True
local misassembly
3884643	3890278	2554	8198	NC_002945.4	NODE_70_length_12682_cov_20.442533	99.79		True
local misassembly
3890969	3895311	8199	12541	NC_002945.4	NODE_70_length_12682_cov_20.442533	99.96		True
CONTIG	NODE_70_length_12682_cov_20.442533	12682	correct
4281696	4293955	12463	204	NC_002945.4	NODE_71_length_12463_cov_46.172017	99.99		True
CONTIG	NODE_71_length_12463_cov_46.172017	12463	correct
2944619	2957076	12458	1	NC_002945.4	NODE_72_length_12458_cov_43.864001	99.98		True
CONTIG	NODE_72_length_12458_cov_43.864001	12458	correct
3700315	3711403	23	11111	NC_002945.4	NODE_73_length_11111_cov_35.165878	100.0		True
CONTIG	NODE_73_length_11111_cov_35.165878	11111	correct
3209296	3219352	1	10057	NC_002945.4	NODE_74_length_10057_cov_47.192649	100.0		True
CONTIG	NODE_74_length_10057_cov_47.192649	10057	correct
1623868	1633051	1	9127	NC_002945.4	NODE_75_length_9246_cov_38.534927	99.35		True
CONTIG	NODE_75_length_9246_cov_38.534927	9246	correct
2444936	2453614	8791	113	NC_002945.4	NODE_76_length_8791_cov_46.881694	100.0		True
CONTIG	NODE_76_length_8791_cov_46.881694	8791	correct
2935518	2943963	1	8446	NC_002945.4	NODE_77_length_8446_cov_48.757303	99.99		True
CONTIG	NODE_77_length_8446_cov_48.757303	8446	correct
4301859	4309459	7619	19	NC_002945.4	NODE_78_length_7852_cov_44.017735	99.91		True
CONTIG	NODE_78_length_7852_cov_44.017735	7852	correct
4294239	4301843	73	7677	NC_002945.4	NODE_79_length_7825_cov_37.523772	99.99		True
CONTIG	NODE_79_length_7825_cov_37.523772	7825	correct
1987031	1992127	14	5111	NC_002945.4	NODE_80_length_5111_cov_46.828652	99.98		True
CONTIG	NODE_80_length_5111_cov_46.828652	5111	correct
3980336	3984696	177	4537	NC_002945.4	NODE_81_length_4537_cov_40.174150	99.98		True
CONTIG	NODE_81_length_4537_cov_40.174150	4537	correct
1214750	1218404	3666	12	NC_002945.4	NODE_82_length_4218_cov_33.906869	99.7		True
local misassembly
1214462	1214774	4098	3786	NC_002945.4	NODE_82_length_4218_cov_33.906869	96.5		True
CONTIG	NODE_82_length_4218_cov_33.906869	4218	correct
1165899	1169900	4002	1	NC_002945.4	NODE_83_length_4002_cov_44.304774	99.98		True
CONTIG	NODE_83_length_4002_cov_44.304774	4002	correct
1092738	1096461	122	3845	NC_002945.4	NODE_84_length_3845_cov_38.013448	100.0		True
CONTIG	NODE_84_length_3845_cov_38.013448	3845	correct
2284620	2287647	3028	1	NC_002945.4	NODE_85_length_3028_cov_31.912444	99.77		True
CONTIG	NODE_85_length_3028_cov_31.912444	3028	correct
2290710	2293716	1	3007	NC_002945.4	NODE_86_length_3007_cov_33.966319	100.0		True
CONTIG	NODE_86_length_3007_cov_33.966319	3007	correct
1638385	1638788	404	1	NC_002945.4	NODE_87_length_2988_cov_23.810905	100.0		True
local misassembly
1635657	1638240	2988	405	NC_002945.4	NODE_87_length_2988_cov_23.810905	100.0		True
CONTIG	NODE_87_length_2988_cov_23.810905	2988	correct
1993335	1996196	2862	1	NC_002945.4	NODE_88_length_2862_cov_48.931627	100.0		True
CONTIG	NODE_88_length_2862_cov_48.931627	2862	correct
674000	676373	163	2518	NC_002945.4	NODE_89_length_2518_cov_3.945629	99.12		True
CONTIG	NODE_89_length_2518_cov_3.945629	2518	correct
336693	338749	149	2214	NC_002945.4	NODE_90_length_2381_cov_10.282165	99.56		True
CONTIG	NODE_90_length_2381_cov_10.282165	2381	correct
3878248	3880286	2227	189	NC_002945.4	NODE_91_length_2227_cov_5.671429	100.0		True
CONTIG	NODE_91_length_2227_cov_5.671429	2227	correct
2933754	2935517	1	1764	NC_002945.4	NODE_92_length_1764_cov_37.845584	100.0		True
CONTIG	NODE_92_length_1764_cov_37.845584	1764	correct
607662	609211	1550	1	NC_002945.4	NODE_93_length_1550_cov_72.774420	99.94		True
CONTIG	NODE_93_length_1550_cov_72.774420	1550	correct
2324553	2325837	261	1545	NC_002945.4	NODE_94_length_1545_cov_30.995769	100.0		True
CONTIG	NODE_94_length_1545_cov_30.995769	1545	correct
4193589	4195052	1464	1	NC_002945.4	NODE_95_length_1464_cov_103.240838	100.0		True
CONTIG	NODE_95_length_1464_cov_103.240838	1464	correct
3443593	3445031	1439	1	NC_002945.4	NODE_96_length_1439_cov_57.580030	100.0		True
CONTIG	NODE_96_length_1439_cov_57.580030	1439	correct
3897145	3898585	1	1432	NC_002945.4	NODE_97_length_1432_cov_26.396935	99.38		True
CONTIG	NODE_97_length_1432_cov_26.396935	1432	correct
2774318	2775616	1299	1	NC_002945.4	NODE_98_length_1427_cov_8.129231	99.69		True
CONTIG	NODE_98_length_1427_cov_8.129231	1427	correct
3673145	3674484	1340	1	NC_002945.4	NODE_99_length_1340_cov_89.493817	100.0		True
CONTIG	NODE_99_length_1340_cov_89.493817	1340	correct
3339137	3340461	1325	1	NC_002945.4	NODE_100_length_1325_cov_47.432387	100.0		True
CONTIG	NODE_100_length_1325_cov_47.432387	1325	correct
3835659	3836979	1	1321	NC_002945.4	NODE_101_length_1321_cov_112.469012	99.7		True
CONTIG	NODE_101_length_1321_cov_112.469012	1321	correct
2288581	2289835	1255	1	NC_002945.4	NODE_102_length_1255_cov_50.420213	100.0		True
CONTIG	NODE_102_length_1255_cov_50.420213	1255	correct
335351	336564	1235	22	NC_002945.4	NODE_103_length_1235_cov_4.388989	100.0		True
CONTIG	NODE_103_length_1235_cov_4.388989	1235	correct
2287521	2288707	1	1187	NC_002945.4	NODE_104_length_1187_cov_43.743396	100.0		True
CONTIG	NODE_104_length_1187_cov_43.743396	1187	correct
839656	840804	1149	1	NC_002945.4	NODE_105_length_1149_cov_15.590020	100.0		True
CONTIG	NODE_105_length_1149_cov_15.590020	1149	correct
2289709	2290836	1	1128	NC_002945.4	NODE_106_length_1128_cov_87.329670	99.91		True
CONTIG	NODE_106_length_1128_cov_87.329670	1128	correct
3711277	3712306	1030	1	NC_002945.4	NODE_107_length_1030_cov_96.167220	100.0		True
CONTIG	NODE_107_length_1030_cov_96.167220	1030	correct
1996173	1997007	965	131	NC_002945.4	NODE_108_length_1008_cov_2.603859	99.88		True
CONTIG	NODE_108_length_1008_cov_2.603859	1008	correct
1165044	1166025	982	1	NC_002945.4	NODE_109_length_982_cov_94.360234	99.9		True
CONTIG	NODE_109_length_982_cov_94.360234	982	correct
3442285	3443193	909	1	NC_002945.4	NODE_110_length_909_cov_281.086957	100.0		True
CONTIG	NODE_110_length_909_cov_281.086957	909	correct
3341521	3342410	890	1	NC_002945.4	NODE_111_length_890_cov_37.441678	100.0		True
CONTIG	NODE_111_length_890_cov_37.441678	890	correct
1091857	1092122	421	156	NC_002945.4	NODE_112_length_870_cov_1.184388	100.0		True
indel: indel (> 5bp)
1091324	1091772	870	422	NC_002945.4	NODE_112_length_870_cov_1.184388	100.0		True
CONTIG	NODE_112_length_870_cov_1.184388	870	correct
2191968	2192811	1	844	NC_002945.4	NODE_113_length_844_cov_95.813110	100.0		True
CONTIG	NODE_113_length_844_cov_95.813110	844	correct
3444905	3445699	795	1	NC_002945.4	NODE_114_length_795_cov_98.248503	100.0		True
CONTIG	NODE_114_length_795_cov_98.248503	795	correct
132005	132595	1	591	NC_002945.4	NODE_115_length_781_cov_1.796636	100.0		True
CONTIG	NODE_115_length_781_cov_1.796636	781	correct
2693295	2694038	744	1	NC_002945.4	NODE_116_length_744_cov_87.092382	100.0		True
CONTIG	NODE_116_length_744_cov_87.092382	744	correct
1985756	1986463	12	719	NC_002945.4	NODE_117_length_719_cov_3.935811	99.29		True
CONTIG	NODE_117_length_719_cov_3.935811	719	correct
2773532	2774133	602	1	NC_002945.4	NODE_118_length_704_cov_3.648180	99.83		True
CONTIG	NODE_118_length_704_cov_3.648180	704	correct
2932366	2932852	487	1	NC_002945.4	NODE_119_length_662_cov_3.029907	99.18		True
CONTIG	NODE_119_length_662_cov_3.029907	662	correct
1573357	1573863	154	660	NC_002945.4	NODE_120_length_660_cov_0.568480	99.01		True
CONTIG	NODE_120_length_660_cov_0.568480	660	correct
3340552	3341186	635	1	NC_002945.4	NODE_121_length_635_cov_39.222441	100.0		True
CONTIG	NODE_121_length_635_cov_39.222441	635	correct
673511	674039	529	1	NC_002945.4	NODE_122_length_625_cov_3.086345	99.43		True
CONTIG	NODE_122_length_625_cov_3.086345	625	correct
1213897	1214350	35	488	NC_002945.4	NODE_123_length_621_cov_1.226721	99.56		True
CONTIG	NODE_123_length_621_cov_1.226721	621	correct
3880479	3881088	1	610	NC_002945.4	NODE_124_length_610_cov_23.587992	100.0		True
CONTIG	NODE_124_length_610_cov_23.587992	610	correct
3341060	3341647	588	1	NC_002945.4	NODE_125_length_588_cov_76.913232	100.0		True
CONTIG	NODE_125_length_588_cov_76.913232	588	correct
841556	841979	1	424	NC_002945.4	NODE_126_length_586_cov_1.376906	97.41		True
CONTIG	NODE_126_length_586_cov_1.376906	586	correct
3979548	3980065	1	518	NC_002945.4	NODE_127_length_518_cov_4.125320	100.0		True
CONTIG	NODE_127_length_518_cov_4.125320	518	correct
