S1	E1	S2	E2	Reference	Contig	IDY	Ambiguous	Best_group
3124952	3193870	68865	1	NC_002945.4	NODE_1_length_235597_cov_56.373483	99.91		True
local misassembly
2957039	3124567	235597	68866	NC_002945.4	NODE_1_length_235597_cov_56.373483	99.38		True
CONTIG	NODE_1_length_235597_cov_56.373483	235597	correct
2444879	2665731	220911	1	NC_002945.4	NODE_2_length_220911_cov_56.155460	99.96		True
CONTIG	NODE_2_length_220911_cov_56.155460	220911	correct
402605	607788	204915	1	NC_002945.4	NODE_3_length_204915_cov_56.124153	99.86		True
CONTIG	NODE_3_length_204915_cov_56.124153	204915	correct
3488378	3673271	1	184786	NC_002945.4	NODE_4_length_184786_cov_57.050374	99.93		True
CONTIG	NODE_4_length_184786_cov_57.050374	184786	correct
676696	824045	63	147413	NC_002945.4	NODE_5_length_160835_cov_57.239714	99.99		True
local misassembly
824601	838022	147414	160835	NC_002945.4	NODE_5_length_160835_cov_57.239714	99.98		True
CONTIG	NODE_5_length_160835_cov_57.239714	160835	correct
150171	306694	1	156497	NC_002945.4	NODE_6_length_156497_cov_55.666260	99.97		True
CONTIG	NODE_6_length_156497_cov_55.666260	156497	correct
30083	103918	73849	1	NC_002945.4	NODE_7_length_142795_cov_58.524631	99.96		True
local misassembly
1	29469	103319	73851	NC_002945.4	NODE_7_length_142795_cov_58.524631	99.99		True
fake: not a misassembly [linear representation of circular genome]
4310428	4349904	142795	103320	NC_002945.4	NODE_7_length_142795_cov_58.524631	99.98		True
CONTIG	NODE_7_length_142795_cov_58.524631	142795	correct
1638898	1769053	130247	93	NC_002945.4	NODE_8_length_130439_cov_59.982580	99.99		True
CONTIG	NODE_8_length_130439_cov_59.982580	130439	correct
1092436	1094386	1	1951	NC_002945.4	NODE_9_length_122647_cov_56.722241	99.95		True
relocation, inconsistency = -124116
970271	1009472	1952	41152	NC_002945.4	NODE_9_length_122647_cov_56.722241	99.98		True
relocation, inconsistency = 1457
1010930	1092284	41153	122510	NC_002945.4	NODE_9_length_122647_cov_56.722241	99.98		True
CONTIG	NODE_9_length_122647_cov_56.722241	122647	misassembled
3297493	3338802	41479	1	NC_002945.4	NODE_10_length_119651_cov_56.746737	99.81		True
indel: stretch of mismatches
3219378	3297478	119651	41494	NC_002945.4	NODE_10_length_119651_cov_56.746737	99.92		True
CONTIG	NODE_10_length_119651_cov_56.746737	119651	correct
1869391	1985192	1	115369	NC_002945.4	NODE_11_length_115712_cov_56.984825	99.61		True
CONTIG	NODE_11_length_115712_cov_56.984825	115712	correct
3343594	3442410	1	98885	NC_002945.4	NODE_12_length_98885_cov_58.809626	99.92		True
CONTIG	NODE_12_length_98885_cov_58.809626	98885	correct
2083596	2140723	57128	1	NC_002945.4	NODE_13_length_83960_cov_56.797287	99.99		True
local misassembly
2057111	2083604	83760	57267	NC_002945.4	NODE_13_length_83960_cov_56.797287	99.98		True
CONTIG	NODE_13_length_83960_cov_56.797287	83960	correct
1386937	1470724	101	83831	NC_002945.4	NODE_14_length_83831_cov_58.278601	99.92		True
CONTIG	NODE_14_length_83831_cov_58.278601	83831	correct
3897145	3979477	1	82324	NC_002945.4	NODE_15_length_82324_cov_56.845335	99.98		True
CONTIG	NODE_15_length_82324_cov_56.845335	82324	correct
1491972	1573765	81794	1	NC_002945.4	NODE_16_length_81914_cov_59.809273	99.93		True
CONTIG	NODE_16_length_81914_cov_59.809273	81914	correct
2693912	2773057	79351	207	NC_002945.4	NODE_17_length_79351_cov_55.453840	99.99		True
CONTIG	NODE_17_length_79351_cov_55.453840	79351	correct
1779460	1853457	1	73998	NC_002945.4	NODE_18_length_74376_cov_56.436343	99.99		True
CONTIG	NODE_18_length_74376_cov_56.436343	74376	correct
1096919	1165170	1	68241	NC_002945.4	NODE_19_length_68241_cov_55.830784	99.97		True
CONTIG	NODE_19_length_68241_cov_55.830784	68241	correct
2852109	2916393	1	64284	NC_002945.4	NODE_20_length_64284_cov_54.377262	99.98		True
CONTIG	NODE_20_length_64284_cov_54.377262	64284	correct
4194926	4259153	1	64228	NC_002945.4	NODE_21_length_64228_cov_59.079531	99.99		True
CONTIG	NODE_21_length_64228_cov_59.079531	64228	correct
1280097	1343223	63189	1	NC_002945.4	NODE_22_length_63189_cov_61.024975	99.89		True
CONTIG	NODE_22_length_63189_cov_61.024975	63189	correct
4035754	4097403	61619	1	NC_002945.4	NODE_23_length_61699_cov_53.305285	99.94		True
CONTIG	NODE_23_length_61699_cov_53.305285	61699	correct
2041008	2056577	15725	156	NC_002945.4	NODE_24_length_60303_cov_54.932099	99.97		True
local misassembly
1996230	2040803	60299	15726	NC_002945.4	NODE_24_length_60303_cov_54.932099	99.98		True
CONTIG	NODE_24_length_60303_cov_54.932099	60303	correct
1219375	1278412	67	59104	NC_002945.4	NODE_25_length_59104_cov_55.646303	99.99		True
CONTIG	NODE_25_length_59104_cov_55.646303	59104	correct
3777400	3835785	58318	1	NC_002945.4	NODE_26_length_58318_cov_55.188070	99.87		True
CONTIG	NODE_26_length_58318_cov_55.188070	58318	correct
1343879	1386387	1	42514	NC_002945.4	NODE_27_length_56967_cov_53.842928	99.99		True
relocation, inconsistency = -195999
1190389	1204642	42515	56768	NC_002945.4	NODE_27_length_56967_cov_53.842928	99.94		True
CONTIG	NODE_27_length_56967_cov_53.842928	56967	misassembled
4141993	4193715	1	51723	NC_002945.4	NODE_28_length_51723_cov_58.655710	99.99		True
CONTIG	NODE_28_length_51723_cov_58.655710	51723	correct
4000854	4035773	34920	1	NC_002945.4	NODE_29_length_51033_cov_55.804915	99.97		True
fake: scaffold gap size wrong estimation (local)
3984619	4000631	51033	35021	NC_002945.4	NODE_29_length_51033_cov_55.804915	100.0		True
CONTIG	NODE_29_length_51033_cov_55.804915	51033	correct
1574172	1623797	49742	117	NC_002945.4	NODE_30_length_49917_cov_54.795180	99.98		True
CONTIG	NODE_30_length_49917_cov_54.795180	49917	correct
842608	891078	27	48497	NC_002945.4	NODE_31_length_48497_cov_56.111929	99.96		True
CONTIG	NODE_31_length_48497_cov_56.111929	48497	correct
625282	673260	1	47979	NC_002945.4	NODE_32_length_47995_cov_54.132844	99.99		True
CONTIG	NODE_32_length_47995_cov_54.132844	47995	correct
4097387	4141969	44583	1	NC_002945.4	NODE_33_length_44583_cov_55.910788	99.99		True
CONTIG	NODE_33_length_44583_cov_55.910788	44583	correct
3445573	3488322	1	42750	NC_002945.4	NODE_34_length_42750_cov_57.615513	99.97		True
CONTIG	NODE_34_length_42750_cov_57.615513	42750	correct
2801012	2843511	42500	1	NC_002945.4	NODE_35_length_42500_cov_56.315767	99.99		True
CONTIG	NODE_35_length_42500_cov_56.315767	42500	correct
2372641	2386819	14179	1	NC_002945.4	NODE_36_length_42492_cov_56.522176	99.98		True
local misassembly
2343833	2372145	42492	14180	NC_002945.4	NODE_36_length_42492_cov_56.522176	99.99		True
CONTIG	NODE_36_length_42492_cov_56.522176	42492	correct
1987232	1992127	4897	1	NC_002945.4	NODE_37_length_42293_cov_55.970901	99.98		True
relocation, inconsistency = 1585923
363913	401308	4898	42293	NC_002945.4	NODE_37_length_42293_cov_55.970901	99.99		True
CONTIG	NODE_37_length_42293_cov_55.970901	42293	misassembled
928374	928975	1	611	NC_002945.4	NODE_38_length_41850_cov_53.261223	98.53		True
local misassembly
928970	970118	750	41850	NC_002945.4	NODE_38_length_41850_cov_53.261223	99.85		True
CONTIG	NODE_38_length_41850_cov_53.261223	41850	correct
3836888	3877966	1	41071	NC_002945.4	NODE_39_length_41194_cov_56.375119	99.96		True
CONTIG	NODE_39_length_41194_cov_56.375119	41194	correct
2246369	2283745	37379	1	NC_002945.4	NODE_40_length_37379_cov_61.862021	99.95		True
CONTIG	NODE_40_length_37379_cov_61.862021	37379	correct
2210035	2245161	1	35127	NC_002945.4	NODE_41_length_35127_cov_63.291029	100.0		True
CONTIG	NODE_41_length_35127_cov_63.291029	35127	correct
4259930	4293944	1	34013	NC_002945.4	NODE_42_length_34013_cov_59.483917	99.99		True
CONTIG	NODE_42_length_34013_cov_59.483917	34013	correct
3737665	3758807	21239	97	NC_002945.4	NODE_43_length_33800_cov_57.184866	100.0		True
local misassembly
3724894	3737454	33800	21240	NC_002945.4	NODE_43_length_33800_cov_57.184866	99.98		True
CONTIG	NODE_43_length_33800_cov_57.184866	33800	correct
2161798	2192094	30298	1	NC_002945.4	NODE_44_length_30298_cov_58.652746	99.99		True
CONTIG	NODE_44_length_30298_cov_58.652746	30298	correct
2294650	2324498	1	29849	NC_002945.4	NODE_45_length_29849_cov_52.517495	99.99		True
CONTIG	NODE_45_length_29849_cov_52.517495	29849	correct
2666102	2693421	27319	1	NC_002945.4	NODE_46_length_27319_cov_55.630847	99.99		True
CONTIG	NODE_46_length_27319_cov_55.630847	27319	correct
105040	131888	1	26849	NC_002945.4	NODE_47_length_27031_cov_54.699524	99.98		True
CONTIG	NODE_47_length_27031_cov_54.699524	27031	correct
332249	333188	1067	128	NC_002945.4	NODE_48_length_26506_cov_54.507980	99.7		True
local misassembly
306705	332143	26506	1068	NC_002945.4	NODE_48_length_26506_cov_54.507980	99.99		True
CONTIG	NODE_48_length_26506_cov_54.507980	26506	correct
3674358	3700313	26018	81	NC_002945.4	NODE_49_length_26018_cov_39.785524	99.88		True
CONTIG	NODE_49_length_26018_cov_39.785524	26018	correct
339036	363610	24741	254	NC_002945.4	NODE_50_length_25620_cov_47.884792	99.61		True
local misassembly
338173	338737	25502	24938	NC_002945.4	NODE_50_length_25620_cov_47.884792	100.0		True
CONTIG	NODE_50_length_25620_cov_47.884792	25620	correct
2386726	2408871	22146	1	NC_002945.4	NODE_51_length_22146_cov_44.293065	100.0		True
CONTIG	NODE_51_length_22146_cov_44.293065	22146	correct
2423267	2444896	21630	1	NC_002945.4	NODE_52_length_21630_cov_56.841929	99.99		True
CONTIG	NODE_52_length_21630_cov_56.841929	21630	correct
2158914	2160444	2345	815	NC_002945.4	NODE_53_length_20371_cov_59.403181	95.49		True
fake: scaffold gap size wrong estimation (local)
2158655	2158913	2635	2377	NC_002945.4	NODE_53_length_20371_cov_59.403181	100.0		True
local misassembly
2140781	2158516	20371	2636	NC_002945.4	NODE_53_length_20371_cov_59.403181	99.95		True
CONTIG	NODE_53_length_20371_cov_59.403181	20371	correct
1490961	1491336	376	1	NC_002945.4	NODE_54_length_19190_cov_63.819388	100.0		True
local misassembly
1471935	1490747	19190	377	NC_002945.4	NODE_54_length_19190_cov_63.819388	99.98		True
CONTIG	NODE_54_length_19190_cov_63.819388	19190	correct
1171083	1189860	1	18778	NC_002945.4	NODE_55_length_19075_cov_55.881834	99.99		True
local misassembly
1190092	1190388	18779	19075	NC_002945.4	NODE_55_length_19075_cov_55.881834	100.0		True
CONTIG	NODE_55_length_19075_cov_55.881834	19075	correct
2326270	2343851	17582	1	NC_002945.4	NODE_56_length_17582_cov_50.407906	99.99		True
CONTIG	NODE_56_length_17582_cov_50.407906	17582	correct
892165	909508	1	17344	NC_002945.4	NODE_57_length_17344_cov_57.581867	99.99		True
CONTIG	NODE_57_length_17344_cov_57.581867	17344	correct
2192685	2210018	1	17334	NC_002945.4	NODE_58_length_17334_cov_65.185041	99.99		True
CONTIG	NODE_58_length_17334_cov_65.185041	17334	correct
132674	149951	17278	1	NC_002945.4	NODE_59_length_17278_cov_63.197131	99.96		True
CONTIG	NODE_59_length_17278_cov_63.197131	17278	correct
3760170	3777383	17216	1	NC_002945.4	NODE_60_length_17233_cov_53.605752	99.92		True
CONTIG	NODE_60_length_17233_cov_53.605752	17233	correct
2776956	2793817	96	16957	NC_002945.4	NODE_61_length_16976_cov_60.249095	99.99		True
CONTIG	NODE_61_length_16976_cov_60.249095	16976	correct
910050	926152	1	16103	NC_002945.4	NODE_62_length_16222_cov_59.097422	99.99		True
CONTIG	NODE_62_length_16222_cov_59.097422	16222	correct
3193780	3209288	15609	1	NC_002945.4	NODE_63_length_15609_cov_60.496254	100.0		True
CONTIG	NODE_63_length_15609_cov_60.496254	15609	correct
1853820	1869403	15584	1	NC_002945.4	NODE_64_length_15584_cov_40.437472	99.99		True
CONTIG	NODE_64_length_15584_cov_40.437472	15584	correct
2916851	2932327	1	15477	NC_002945.4	NODE_65_length_15477_cov_60.929967	99.97		True
CONTIG	NODE_65_length_15477_cov_60.929967	15477	correct
609085	624355	1	15271	NC_002945.4	NODE_66_length_15403_cov_53.171904	99.99		True
CONTIG	NODE_66_length_15403_cov_53.171904	15403	correct
2409067	2422776	13710	1	NC_002945.4	NODE_67_length_13710_cov_52.299271	99.98		True
CONTIG	NODE_67_length_13710_cov_52.299271	13710	correct
3712180	3724840	12694	34	NC_002945.4	NODE_68_length_12694_cov_37.686878	99.9		True
CONTIG	NODE_68_length_12694_cov_37.686878	12694	correct
2944619	2957076	12458	1	NC_002945.4	NODE_69_length_12458_cov_53.449274	99.98		True
CONTIG	NODE_69_length_12458_cov_53.449274	12458	correct
3700288	3711403	11116	1	NC_002945.4	NODE_70_length_11116_cov_37.628356	100.0		True
CONTIG	NODE_70_length_11116_cov_37.628356	11116	correct
2933878	2943963	10086	1	NC_002945.4	NODE_71_length_10304_cov_53.770659	99.98		True
CONTIG	NODE_71_length_10304_cov_53.770659	10304	correct
3209296	3219348	10053	1	NC_002945.4	NODE_72_length_10053_cov_57.479750	100.0		True
CONTIG	NODE_72_length_10053_cov_57.479750	10053	correct
1204847	1214563	9658	80	NC_002945.4	NODE_73_length_9828_cov_45.718380	98.46		True
CONTIG	NODE_73_length_9828_cov_45.718380	9828	correct
1623842	1633289	9391	1	NC_002945.4	NODE_74_length_9391_cov_45.149503	99.36		True
CONTIG	NODE_74_length_9391_cov_45.149503	9391	correct
4301851	4310270	1	8420	NC_002945.4	NODE_75_length_8587_cov_52.608983	99.99		True
CONTIG	NODE_75_length_8587_cov_52.608983	8587	correct
2843506	2852066	1	8561	NC_002945.4	NODE_76_length_8561_cov_55.691724	100.0		True
CONTIG	NODE_76_length_8561_cov_55.691724	8561	correct
4294631	4301818	7332	145	NC_002945.4	NODE_77_length_7348_cov_49.674699	99.99		True
CONTIG	NODE_77_length_7348_cov_49.674699	7348	correct
3882139	3884027	351	2287	NC_002945.4	NODE_78_length_7295_cov_23.878767	97.69		True
local misassembly
3884643	3889447	2288	7101	NC_002945.4	NODE_78_length_7295_cov_23.878767	99.79		True
CONTIG	NODE_78_length_7295_cov_23.878767	7295	correct
2793865	2799828	5964	1	NC_002945.4	NODE_79_length_5998_cov_53.798842	99.98		True
CONTIG	NODE_79_length_5998_cov_53.798842	5998	correct
1214750	1218318	3731	163	NC_002945.4	NODE_80_length_4553_cov_37.496837	100.0		True
local misassembly
1214521	1214774	4104	3851	NC_002945.4	NODE_80_length_4553_cov_37.496837	99.21		True
CONTIG	NODE_80_length_4553_cov_37.496837	4553	correct
3980257	3984555	186	4484	NC_002945.4	NODE_81_length_4484_cov_47.969474	100.0		True
CONTIG	NODE_81_length_4484_cov_47.969474	4484	correct
1165899	1169900	4002	1	NC_002945.4	NODE_82_length_4002_cov_60.734968	99.98		True
CONTIG	NODE_82_length_4002_cov_60.734968	4002	correct
2284620	2287647	3028	1	NC_002945.4	NODE_83_length_3028_cov_42.926577	99.77		True
CONTIG	NODE_83_length_3028_cov_42.926577	3028	correct
2290710	2293716	1	3007	NC_002945.4	NODE_84_length_3007_cov_38.635417	100.0		True
CONTIG	NODE_84_length_3007_cov_38.635417	3007	correct
1638385	1638809	425	1	NC_002945.4	NODE_85_length_2958_cov_23.208054	100.0		True
local misassembly
1635657	1638240	2958	426	NC_002945.4	NODE_85_length_2958_cov_23.208054	98.03		True
CONTIG	NODE_85_length_2958_cov_23.208054	2958	correct
1993335	1995974	1	2640	NC_002945.4	NODE_86_length_2790_cov_58.256102	100.0		True
CONTIG	NODE_86_length_2790_cov_58.256102	2790	correct
3890842	3892916	1	2075	NC_002945.4	NODE_87_length_2075_cov_4.666324	99.86		True
CONTIG	NODE_87_length_2075_cov_4.666324	2075	correct
3878319	3880252	1934	1	NC_002945.4	NODE_88_length_1934_cov_5.439956	99.84		True
CONTIG	NODE_88_length_1934_cov_5.439956	1934	correct
674746	676220	1475	1	NC_002945.4	NODE_89_length_1664_cov_5.987638	99.93		True
CONTIG	NODE_89_length_1664_cov_5.987638	1664	correct
1094890	1096461	1	1572	NC_002945.4	NODE_90_length_1572_cov_43.697578	100.0		True
CONTIG	NODE_90_length_1572_cov_43.697578	1572	correct
401182	402731	1	1550	NC_002945.4	NODE_91_length_1550_cov_91.992973	99.94		True
CONTIG	NODE_91_length_1550_cov_91.992973	1550	correct
4193589	4195052	1	1464	NC_002945.4	NODE_92_length_1464_cov_122.288706	100.0		True
CONTIG	NODE_92_length_1464_cov_122.288706	1464	correct
336693	338017	133	1457	NC_002945.4	NODE_93_length_1463_cov_19.754491	99.92		True
CONTIG	NODE_93_length_1463_cov_19.754491	1463	correct
1992001	1993461	1461	1	NC_002945.4	NODE_94_length_1461_cov_76.205397	100.0		True
CONTIG	NODE_94_length_1461_cov_76.205397	1461	correct
3443593	3445031	1	1439	NC_002945.4	NODE_95_length_1439_cov_74.910061	100.0		True
CONTIG	NODE_95_length_1439_cov_74.910061	1439	correct
334077	335365	1	1289	NC_002945.4	NODE_96_length_1412_cov_12.352529	99.69		True
relocation, inconsistency = 1787977
2123343	2123465	1290	1412	NC_002945.4	NODE_96_length_1412_cov_12.352529	100.0		True
CONTIG	NODE_96_length_1412_cov_12.352529	1412	misassembled
2774316	2775585	1270	1	NC_002945.4	NODE_97_length_1395_cov_6.916404	99.92		True
CONTIG	NODE_97_length_1395_cov_6.916404	1395	correct
2324620	2325840	174	1394	NC_002945.4	NODE_98_length_1394_cov_37.577743	100.0		True
CONTIG	NODE_98_length_1394_cov_37.577743	1394	correct
890952	892291	1	1340	NC_002945.4	NODE_99_length_1340_cov_119.641385	100.0		True
CONTIG	NODE_99_length_1340_cov_119.641385	1340	correct
3339137	3340461	1	1325	NC_002945.4	NODE_100_length_1325_cov_48.955760	100.0		True
CONTIG	NODE_100_length_1325_cov_48.955760	1325	correct
3835659	3836979	1	1321	NC_002945.4	NODE_101_length_1321_cov_108.993300	99.7		True
CONTIG	NODE_101_length_1321_cov_108.993300	1321	correct
2288581	2289835	1	1255	NC_002945.4	NODE_102_length_1255_cov_56.367908	100.0		True
CONTIG	NODE_102_length_1255_cov_56.367908	1255	correct
839591	840819	1	1229	NC_002945.4	NODE_103_length_1231_cov_16.212862	100.0		True
CONTIG	NODE_103_length_1231_cov_16.212862	1231	correct
2287521	2288707	1	1187	NC_002945.4	NODE_104_length_1187_cov_34.550943	100.0		True
CONTIG	NODE_104_length_1187_cov_34.550943	1187	correct
2289709	2290836	1128	1	NC_002945.4	NODE_105_length_1128_cov_93.547453	99.91		True
CONTIG	NODE_105_length_1128_cov_93.547453	1128	correct
335533	336374	191	1032	NC_002945.4	NODE_106_length_1059_cov_7.671674	99.88		True
CONTIG	NODE_106_length_1059_cov_7.671674	1059	correct
3711277	3712306	1	1030	NC_002945.4	NODE_107_length_1030_cov_126.529347	100.0		True
CONTIG	NODE_107_length_1030_cov_126.529347	1030	correct
3759337	3760120	986	203	NC_002945.4	NODE_108_length_986_cov_1.554133	100.0		True
CONTIG	NODE_108_length_986_cov_1.554133	986	correct
1165044	1166025	1	982	NC_002945.4	NODE_109_length_982_cov_113.387135	100.0		True
CONTIG	NODE_109_length_982_cov_113.387135	982	correct
673281	674007	170	896	NC_002945.4	NODE_110_length_935_cov_2.632426	99.86		True
CONTIG	NODE_110_length_935_cov_2.632426	935	correct
CONTIG	NODE_111_length_931_cov_1.562189	931	unaligned
2800228	2801136	1	909	NC_002945.4	NODE_112_length_909_cov_364.606138	100.0		True
CONTIG	NODE_112_length_909_cov_364.606138	909	correct
674000	674733	734	1	NC_002945.4	NODE_113_length_908_cov_2.752881	99.73		True
CONTIG	NODE_113_length_908_cov_2.752881	908	correct
3341521	3342410	1	890	NC_002945.4	NODE_114_length_890_cov_36.237221	100.0		True
CONTIG	NODE_114_length_890_cov_36.237221	890	correct
1583908	1583981	1	74	NC_002945.4	NODE_115_length_884_cov_0.652576	98.65		True
unknown
2665900	2666131	354	585	NC_002945.4	NODE_115_length_884_cov_0.652576	99.57		True
unknown
CONTIG	NODE_115_length_884_cov_0.652576	884	mis_unaligned
3894591	3895452	1	862	NC_002945.4	NODE_116_length_862_cov_39.703401	99.77		True
CONTIG	NODE_116_length_862_cov_39.703401	862	correct
2191968	2192811	844	1	NC_002945.4	NODE_117_length_844_cov_107.354254	100.0		True
CONTIG	NODE_117_length_844_cov_107.354254	844	correct
1633379	1634211	833	1	NC_002945.4	NODE_118_length_833_cov_5.412181	100.0		True
CONTIG	NODE_118_length_833_cov_5.412181	833	correct
CONTIG	NODE_119_length_826_cov_1.040057	826	unaligned
3444905	3445699	1	795	NC_002945.4	NODE_120_length_795_cov_144.988024	100.0		True
CONTIG	NODE_120_length_795_cov_144.988024	795	correct
2693295	2694038	744	1	NC_002945.4	NODE_121_length_744_cov_106.333874	100.0		True
CONTIG	NODE_121_length_744_cov_106.333874	744	correct
2916267	2916977	1	711	NC_002945.4	NODE_122_length_711_cov_89.224315	99.72		True
CONTIG	NODE_122_length_711_cov_89.224315	711	correct
2773479	2774133	655	1	NC_002945.4	NODE_123_length_655_cov_4.846591	100.0		True
CONTIG	NODE_123_length_655_cov_4.846591	655	correct
3340552	3341186	635	1	NC_002945.4	NODE_124_length_635_cov_48.135827	100.0		True
CONTIG	NODE_124_length_635_cov_48.135827	635	correct
CONTIG	NODE_125_length_626_cov_1.571142	626	unaligned
CONTIG	NODE_126_length_593_cov_1.002146	593	unaligned
841504	841979	9	484	NC_002945.4	NODE_127_length_590_cov_2.235421	99.79		True
CONTIG	NODE_127_length_590_cov_2.235421	590	correct
3341060	3341647	588	1	NC_002945.4	NODE_128_length_588_cov_67.455531	100.0		True
CONTIG	NODE_128_length_588_cov_67.455531	588	correct
CONTIG	NODE_129_length_540_cov_0.963680	540	unaligned
131989	132518	530	1	NC_002945.4	NODE_130_length_530_cov_2.828784	100.0		True
CONTIG	NODE_130_length_530_cov_2.828784	530	correct
CONTIG	NODE_131_length_503_cov_0.781915	503	unaligned
