S1	E1	S2	E2	Reference	Contig	IDY	Ambiguous	Best_group
3124656	3193870	69161	1	NC_002945.4	NODE_1_length_235555_cov_62.829234	99.91		True
local misassembly
2957039	3124121	235555	69162	NC_002945.4	NODE_1_length_235555_cov_62.829234	99.44		True
CONTIG	NODE_1_length_235555_cov_62.829234	235555	correct
3445573	3673271	1	227591	NC_002945.4	NODE_2_length_227591_cov_63.548557	99.93		True
CONTIG	NODE_2_length_227591_cov_63.548557	227591	correct
2453623	2665907	212337	1	NC_002945.4	NODE_3_length_212337_cov_63.491179	99.96		True
CONTIG	NODE_3_length_212337_cov_63.491179	212337	correct
402605	607788	204915	1	NC_002945.4	NODE_4_length_204915_cov_62.536950	99.86		True
CONTIG	NODE_4_length_204915_cov_62.536950	204915	correct
824601	838029	13589	161	NC_002945.4	NODE_5_length_161185_cov_64.113046	99.97		True
local misassembly
676631	824045	161005	13590	NC_002945.4	NODE_5_length_161185_cov_64.113046	99.98		True
CONTIG	NODE_5_length_161185_cov_64.113046	161185	correct
30083	103918	73849	1	NC_002945.4	NODE_6_length_158642_cov_62.248689	99.96		True
local misassembly
1	29469	103319	73851	NC_002945.4	NODE_6_length_158642_cov_62.248689	99.99		True
fake: not a misassembly [linear representation of circular genome]
4294631	4349904	158592	103320	NC_002945.4	NODE_6_length_158642_cov_62.248689	99.99		True
CONTIG	NODE_6_length_158642_cov_62.248689	158642	correct
150144	306668	156666	169	NC_002945.4	NODE_7_length_156666_cov_61.898147	99.97		True
CONTIG	NODE_7_length_156666_cov_61.898147	156666	correct
1638948	1769053	98	130202	NC_002945.4	NODE_8_length_130294_cov_64.446334	99.99		True
CONTIG	NODE_8_length_130294_cov_64.446334	130294	correct
3219373	3340754	13	121620	NC_002945.4	NODE_9_length_123800_cov_63.753350	99.87		True
local misassembly
3341060	3342937	121923	123800	NC_002945.4	NODE_9_length_123800_cov_63.753350	100.0		True
CONTIG	NODE_9_length_123800_cov_63.753350	123800	correct
970273	1009472	188	39386	NC_002945.4	NODE_10_length_120558_cov_62.229426	99.97		True
relocation, inconsistency = 1457
1010930	1091954	39387	120414	NC_002945.4	NODE_10_length_120558_cov_62.229426	99.98		True
CONTIG	NODE_10_length_120558_cov_62.229426	120558	misassembled
1779460	1885341	1	105882	NC_002945.4	NODE_11_length_105882_cov_57.826259	99.99		True
CONTIG	NODE_11_length_105882_cov_57.826259	105882	correct
1885270	1985614	1	99936	NC_002945.4	NODE_12_length_99962_cov_62.972254	99.58		True
CONTIG	NODE_12_length_99962_cov_62.972254	99962	correct
3343594	3442410	1	98885	NC_002945.4	NODE_13_length_98885_cov_64.955588	99.92		True
CONTIG	NODE_13_length_98885_cov_64.955588	98885	correct
4097330	4193715	96386	1	NC_002945.4	NODE_14_length_96386_cov_64.753291	99.99		True
CONTIG	NODE_14_length_96386_cov_64.753291	96386	correct
2056923	2083604	1	26682	NC_002945.4	NODE_15_length_84093_cov_63.349915	99.98		True
local misassembly
2083596	2140740	26821	83965	NC_002945.4	NODE_15_length_84093_cov_63.349915	99.99		True
CONTIG	NODE_15_length_84093_cov_63.349915	84093	correct
3897145	3979636	82495	13	NC_002945.4	NODE_16_length_82495_cov_62.330201	99.98		True
CONTIG	NODE_16_length_82495_cov_62.330201	82495	correct
1491972	1573836	81887	23	NC_002945.4	NODE_17_length_81887_cov_64.731018	99.93		True
CONTIG	NODE_17_length_81887_cov_64.731018	81887	correct
2693912	2773105	79216	24	NC_002945.4	NODE_18_length_79216_cov_62.164372	99.99		True
CONTIG	NODE_18_length_79216_cov_62.164372	79216	correct
1096985	1165170	68175	1	NC_002945.4	NODE_19_length_68175_cov_61.264872	99.97		True
CONTIG	NODE_19_length_68175_cov_61.264872	68175	correct
2852105	2916393	64288	1	NC_002945.4	NODE_20_length_64288_cov_61.278425	99.98		True
CONTIG	NODE_20_length_64288_cov_61.278425	64288	correct
4194926	4259153	1	64228	NC_002945.4	NODE_21_length_64228_cov_63.128204	99.99		True
CONTIG	NODE_21_length_64228_cov_63.128204	64228	correct
1280097	1342059	62025	1	NC_002945.4	NODE_22_length_62025_cov_64.787360	99.89		True
CONTIG	NODE_22_length_62025_cov_64.787360	62025	correct
4035859	4097346	61488	1	NC_002945.4	NODE_23_length_61645_cov_57.810332	99.99		True
CONTIG	NODE_23_length_61645_cov_57.810332	61645	correct
1996292	2056354	60063	1	NC_002945.4	NODE_24_length_60063_cov_60.596436	99.98		True
CONTIG	NODE_24_length_60063_cov_60.596436	60063	correct
1219589	1278412	189	59012	NC_002945.4	NODE_25_length_59012_cov_61.482092	99.99		True
CONTIG	NODE_25_length_59012_cov_61.482092	59012	correct
3777400	3835785	58318	1	NC_002945.4	NODE_26_length_58318_cov_61.389476	99.87		True
CONTIG	NODE_26_length_58318_cov_61.389476	58318	correct
1413935	1470724	56733	1	NC_002945.4	NODE_27_length_56733_cov_65.554341	99.89		True
CONTIG	NODE_27_length_56733_cov_65.554341	56733	correct
3984850	4000631	156	15937	NC_002945.4	NODE_28_length_51090_cov_62.343975	100.0		True
fake: scaffold gap size wrong estimation (local)
4000854	4035717	16038	50901	NC_002945.4	NODE_28_length_51090_cov_62.343975	99.98		True
CONTIG	NODE_28_length_51090_cov_62.343975	51090	correct
2801012	2852054	1	51043	NC_002945.4	NODE_29_length_51043_cov_62.275532	99.99		True
CONTIG	NODE_29_length_51043_cov_62.275532	51043	correct
842557	891078	1	48522	NC_002945.4	NODE_30_length_48522_cov_60.543589	99.99		True
CONTIG	NODE_30_length_48522_cov_60.543589	48522	correct
625672	673370	197	47895	NC_002945.4	NODE_31_length_47895_cov_60.315316	99.99		True
CONTIG	NODE_31_length_47895_cov_60.315316	47895	correct
1576478	1623825	1	47348	NC_002945.4	NODE_32_length_47348_cov_60.675505	99.98		True
CONTIG	NODE_32_length_47348_cov_60.675505	47348	correct
2294650	2324391	1	29742	NC_002945.4	NODE_33_length_46528_cov_58.386069	99.99		True
relocation, inconsistency = 2596
2326988	2343773	29743	46528	NC_002945.4	NODE_33_length_46528_cov_58.386069	99.98		True
CONTIG	NODE_33_length_46528_cov_58.386069	46528	misassembled
3836888	3880426	1	43531	NC_002945.4	NODE_34_length_43542_cov_60.625406	99.91		True
CONTIG	NODE_34_length_43542_cov_60.625406	43542	correct
1343879	1386915	43042	1	NC_002945.4	NODE_35_length_43042_cov_60.670278	99.98		True
CONTIG	NODE_35_length_43042_cov_60.670278	43042	correct
2372641	2386819	14179	1	NC_002945.4	NODE_36_length_42592_cov_63.421712	99.98		True
local misassembly
2343823	2372145	42502	14180	NC_002945.4	NODE_36_length_42592_cov_63.421712	99.99		True
CONTIG	NODE_36_length_42592_cov_63.421712	42592	correct
930640	970092	1	39693	NC_002945.4	NODE_37_length_39693_cov_59.936966	99.37		True
CONTIG	NODE_37_length_39693_cov_59.936966	39693	correct
2246080	2283745	126	37793	NC_002945.4	NODE_38_length_37793_cov_67.916928	99.95		True
CONTIG	NODE_38_length_37793_cov_67.916928	37793	correct
363936	401308	1	37373	NC_002945.4	NODE_39_length_37373_cov_59.908876	99.99		True
CONTIG	NODE_39_length_37373_cov_59.908876	37373	correct
3674358	3711403	1	37028	NC_002945.4	NODE_40_length_37028_cov_42.562451	99.95		True
CONTIG	NODE_40_length_37028_cov_42.562451	37028	correct
2210054	2246069	1	36016	NC_002945.4	NODE_41_length_36016_cov_69.696341	100.0		True
CONTIG	NODE_41_length_36016_cov_69.696341	36016	correct
2409163	2422776	13614	1	NC_002945.4	NODE_42_length_35166_cov_54.214190	99.98		True
local misassembly
2386726	2408277	35166	13615	NC_002945.4	NODE_42_length_35166_cov_54.214190	100.0		True
CONTIG	NODE_42_length_35166_cov_54.214190	35166	correct
4259930	4293953	1	34022	NC_002945.4	NODE_43_length_34022_cov_60.883700	99.99		True
CONTIG	NODE_43_length_34022_cov_60.883700	34022	correct
3737665	3758851	21253	67	NC_002945.4	NODE_44_length_33862_cov_63.468178	99.99		True
local misassembly
3724846	3737454	33862	21254	NC_002945.4	NODE_44_length_33862_cov_63.468178	99.98		True
CONTIG	NODE_44_length_33862_cov_63.468178	33862	correct
1171084	1189860	1	18777	NC_002945.4	NODE_45_length_33425_cov_59.825335	99.99		True
local misassembly
1190092	1204739	18778	33425	NC_002945.4	NODE_45_length_33425_cov_59.825335	99.97		True
CONTIG	NODE_45_length_33425_cov_59.825335	33425	correct
2161798	2192094	1	30298	NC_002945.4	NODE_46_length_30298_cov_64.293593	99.99		True
CONTIG	NODE_46_length_30298_cov_64.293593	30298	correct
2423267	2453623	30243	1	NC_002945.4	NODE_47_length_30243_cov_62.579028	99.61		True
CONTIG	NODE_47_length_30243_cov_62.579028	30243	correct
105040	132387	27499	152	NC_002945.4	NODE_48_length_27499_cov_61.863875	99.98		True
CONTIG	NODE_48_length_27499_cov_61.863875	27499	correct
2666022	2693421	27399	1	NC_002945.4	NODE_49_length_27418_cov_63.295775	99.98		True
CONTIG	NODE_49_length_27418_cov_63.295775	27418	correct
336693	363823	27053	1	NC_002945.4	NODE_50_length_27144_cov_52.692601	99.62		True
CONTIG	NODE_50_length_27144_cov_52.692601	27144	correct
306724	333298	1	26470	NC_002945.4	NODE_51_length_26839_cov_60.198151	99.6		True
indel: stretch of mismatches
333299	333426	26471	26598	NC_002945.4	NODE_51_length_26839_cov_60.198151	99.76		True
CONTIG	NODE_51_length_26839_cov_60.198151	26839	correct
1386942	1412955	26014	1	NC_002945.4	NODE_52_length_26119_cov_60.181941	99.97		True
CONTIG	NODE_52_length_26119_cov_60.181941	26119	correct
2776615	2776788	201	374	NC_002945.4	NODE_53_length_23162_cov_63.395442	100.0		True
local misassembly
2777041	2799828	375	23162	NC_002945.4	NODE_53_length_23162_cov_63.395442	100.0		True
CONTIG	NODE_53_length_23162_cov_63.395442	23162	correct
1490961	1491246	286	1	NC_002945.4	NODE_54_length_19100_cov_62.856586	100.0		True
local misassembly
1471935	1490747	19100	287	NC_002945.4	NODE_54_length_19100_cov_62.856586	99.98		True
CONTIG	NODE_54_length_19100_cov_62.856586	19100	correct
3759865	3777383	109	17629	NC_002945.4	NODE_55_length_17629_cov_59.705462	99.96		True
CONTIG	NODE_55_length_17629_cov_59.705462	17629	correct
2140781	2158365	1	17585	NC_002945.4	NODE_56_length_17585_cov_62.812693	99.97		True
CONTIG	NODE_56_length_17585_cov_62.812693	17585	correct
2192685	2210148	17545	82	NC_002945.4	NODE_57_length_17545_cov_68.209726	99.93		True
CONTIG	NODE_57_length_17545_cov_68.209726	17545	correct
892165	909508	17344	1	NC_002945.4	NODE_58_length_17344_cov_65.510658	99.99		True
CONTIG	NODE_58_length_17344_cov_65.510658	17344	correct
133106	149981	1	16876	NC_002945.4	NODE_59_length_16876_cov_70.269509	99.96		True
CONTIG	NODE_59_length_16876_cov_70.269509	16876	correct
910050	926334	1	16285	NC_002945.4	NODE_60_length_16285_cov_66.190246	99.99		True
CONTIG	NODE_60_length_16285_cov_66.190246	16285	correct
2916851	2932842	15926	1	NC_002945.4	NODE_61_length_15926_cov_66.334705	99.56		True
CONTIG	NODE_61_length_15926_cov_66.334705	15926	correct
609085	624436	1	15352	NC_002945.4	NODE_62_length_15714_cov_56.703535	99.98		True
CONTIG	NODE_62_length_15714_cov_56.703535	15714	correct
3193780	3209296	15617	1	NC_002945.4	NODE_63_length_15617_cov_65.610200	100.0		True
CONTIG	NODE_63_length_15617_cov_65.610200	15617	correct
3712180	3724843	1	12664	NC_002945.4	NODE_64_length_12664_cov_38.457127	99.95		True
CONTIG	NODE_64_length_12664_cov_38.457127	12664	correct
2944619	2957076	12458	1	NC_002945.4	NODE_65_length_12458_cov_63.054983	99.98		True
CONTIG	NODE_65_length_12458_cov_63.054983	12458	correct
2933714	2943963	13	10262	NC_002945.4	NODE_66_length_10262_cov_56.469265	99.99		True
CONTIG	NODE_66_length_10262_cov_56.469265	10262	correct
3209303	3219354	10052	1	NC_002945.4	NODE_67_length_10052_cov_61.424987	100.0		True
CONTIG	NODE_67_length_10052_cov_61.424987	10052	correct
1623845	1633300	1	9399	NC_002945.4	NODE_68_length_9399_cov_50.297239	99.37		True
CONTIG	NODE_68_length_9399_cov_50.297239	9399	correct
3884660	3890278	1	5628	NC_002945.4	NODE_69_length_9004_cov_25.257181	99.79		True
local misassembly
3890969	3894344	5629	9004	NC_002945.4	NODE_69_length_9004_cov_25.257181	99.92		True
CONTIG	NODE_69_length_9004_cov_25.257181	9004	correct
1204838	1213474	122	8758	NC_002945.4	NODE_70_length_8840_cov_57.335246	99.97		True
CONTIG	NODE_70_length_8840_cov_57.335246	8840	correct
1986968	1992127	5161	1	NC_002945.4	NODE_71_length_5161_cov_57.984307	99.98		True
CONTIG	NODE_71_length_5161_cov_57.984307	5161	correct
1214750	1218320	3702	132	NC_002945.4	NODE_72_length_4683_cov_38.694688	100.0		True
local misassembly
1213913	1214774	4683	3822	NC_002945.4	NODE_72_length_4683_cov_38.694688	99.65		True
CONTIG	NODE_72_length_4683_cov_38.694688	4683	correct
3980336	3984728	149	4541	NC_002945.4	NODE_73_length_4541_cov_49.963752	99.91		True
CONTIG	NODE_73_length_4541_cov_49.963752	4541	correct
1165899	1169900	1	4002	NC_002945.4	NODE_74_length_4002_cov_64.219613	99.98		True
CONTIG	NODE_74_length_4002_cov_64.219613	4002	correct
1092515	1096461	3947	1	NC_002945.4	NODE_75_length_3947_cov_49.401571	99.97		True
CONTIG	NODE_75_length_3947_cov_49.401571	3947	correct
2284620	2287647	3028	1	NC_002945.4	NODE_76_length_3028_cov_40.563254	99.77		True
CONTIG	NODE_76_length_3028_cov_40.563254	3028	correct
1638385	1638772	388	1	NC_002945.4	NODE_77_length_3023_cov_30.351519	100.0		True
local misassembly
1635657	1638240	3023	389	NC_002945.4	NODE_77_length_3023_cov_30.351519	98.06		True
CONTIG	NODE_77_length_3023_cov_30.351519	3023	correct
2290710	2293716	3007	1	NC_002945.4	NODE_78_length_3007_cov_44.452083	100.0		True
CONTIG	NODE_78_length_3007_cov_44.452083	3007	correct
2158341	2158913	1	573	NC_002945.4	NODE_79_length_2949_cov_59.588235	100.0		True
fake: scaffold gap size wrong estimation (local)
2158914	2160444	605	2135	NC_002945.4	NODE_79_length_2949_cov_59.588235	95.49		True
CONTIG	NODE_79_length_2949_cov_59.588235	2949	correct
928970	930626	1773	117	NC_002945.4	NODE_80_length_2900_cov_12.014425	100.0		True
local misassembly
927996	928975	2900	1912	NC_002945.4	NODE_80_length_2900_cov_12.014425	99.09		True
CONTIG	NODE_80_length_2900_cov_12.014425	2900	correct
1993335	1996175	2841	1	NC_002945.4	NODE_81_length_2841_cov_58.241341	100.0		True
CONTIG	NODE_81_length_2841_cov_58.241341	2841	correct
674287	676295	2197	189	NC_002945.4	NODE_82_length_2714_cov_5.067259	100.0		True
local misassembly
673576	673974	2596	2198	NC_002945.4	NODE_82_length_2714_cov_5.067259	99.76		True
CONTIG	NODE_82_length_2714_cov_5.067259	2714	correct
1574280	1576477	1	2198	NC_002945.4	NODE_83_length_2198_cov_47.662366	100.0		True
CONTIG	NODE_83_length_2198_cov_47.662366	2198	correct
3882139	3883639	1549	1	NC_002945.4	NODE_84_length_2019_cov_7.221987	96.9		True
local misassembly
3881901	3882155	1955	1701	NC_002945.4	NODE_84_length_2019_cov_7.221987	100.0		True
CONTIG	NODE_84_length_2019_cov_7.221987	2019	correct
401182	402731	1	1550	NC_002945.4	NODE_85_length_1550_cov_90.635980	99.94		True
CONTIG	NODE_85_length_1550_cov_90.635980	1550	correct
334077	335448	1	1372	NC_002945.4	NODE_86_length_1548_cov_13.900774	99.78		True
CONTIG	NODE_86_length_1548_cov_13.900774	1548	correct
1931256	1931354	1	99	NC_002945.4	NODE_87_length_1512_cov_35.264982	100.0		True
relocation, inconsistency = 393165
2324578	2325753	158	1333	NC_002945.4	NODE_87_length_1512_cov_35.264982	100.0		True
inversion
2325845	2326023	1512	1334	NC_002945.4	NODE_87_length_1512_cov_35.264982	100.0		True
CONTIG	NODE_87_length_1512_cov_35.264982	1512	misassembled
2774309	2775532	181	1404	NC_002945.4	NODE_88_length_1490_cov_10.192223	100.0		True
CONTIG	NODE_88_length_1490_cov_10.192223	1490	correct
4193589	4195052	1464	1	NC_002945.4	NODE_89_length_1464_cov_129.124907	100.0		True
CONTIG	NODE_89_length_1464_cov_129.124907	1464	correct
3443593	3445031	1439	1	NC_002945.4	NODE_90_length_1439_cov_77.818598	100.0		True
CONTIG	NODE_90_length_1439_cov_77.818598	1439	correct
3673145	3674484	1	1340	NC_002945.4	NODE_91_length_1340_cov_122.184666	100.0		True
CONTIG	NODE_91_length_1340_cov_122.184666	1340	correct
3835659	3836979	1321	1	NC_002945.4	NODE_92_length_1321_cov_110.267169	99.7		True
CONTIG	NODE_92_length_1321_cov_110.267169	1321	correct
839578	840853	1276	1	NC_002945.4	NODE_93_length_1308_cov_16.563082	100.0		True
CONTIG	NODE_93_length_1308_cov_16.563082	1308	correct
2288581	2289835	1	1255	NC_002945.4	NODE_94_length_1255_cov_55.160461	100.0		True
CONTIG	NODE_94_length_1255_cov_55.160461	1255	correct
2287521	2288707	1	1187	NC_002945.4	NODE_95_length_1187_cov_44.201887	100.0		True
CONTIG	NODE_95_length_1187_cov_44.201887	1187	correct
335436	336412	157	1133	NC_002945.4	NODE_96_length_1133_cov_9.118290	99.9		True
CONTIG	NODE_96_length_1133_cov_9.118290	1133	correct
2289709	2290836	1	1128	NC_002945.4	NODE_97_length_1128_cov_102.883117	99.91		True
CONTIG	NODE_97_length_1128_cov_102.883117	1128	correct
3711277	3712306	1	1030	NC_002945.4	NODE_98_length_1030_cov_128.325581	100.0		True
CONTIG	NODE_98_length_1030_cov_128.325581	1030	correct
1165044	1166025	982	1	NC_002945.4	NODE_99_length_982_cov_118.487719	100.0		True
CONTIG	NODE_99_length_982_cov_118.487719	982	correct
3442285	3443193	909	1	NC_002945.4	NODE_100_length_909_cov_395.800512	100.0		True
CONTIG	NODE_100_length_909_cov_395.800512	909	correct
CONTIG	NODE_101_length_901_cov_2.121447	901	unaligned
3894591	3895462	1	872	NC_002945.4	NODE_102_length_872_cov_55.511409	99.77		True
CONTIG	NODE_102_length_872_cov_55.511409	872	correct
2191968	2192811	844	1	NC_002945.4	NODE_103_length_844_cov_126.000000	100.0		True
CONTIG	NODE_103_length_844_cov_126.000000	844	correct
3444905	3445699	1	795	NC_002945.4	NODE_104_length_795_cov_145.935629	100.0		True
CONTIG	NODE_104_length_795_cov_145.935629	795	correct
2422650	2423393	744	1	NC_002945.4	NODE_105_length_744_cov_109.677472	100.0		True
CONTIG	NODE_105_length_744_cov_109.677472	744	correct
1985937	1986489	553	1	NC_002945.4	NODE_106_length_744_cov_5.594814	99.82		True
CONTIG	NODE_106_length_744_cov_5.594814	744	correct
2775615	2776143	529	1	NC_002945.4	NODE_107_length_727_cov_0.670000	100.0		True
CONTIG	NODE_107_length_727_cov_0.670000	727	correct
3884045	3884786	1	724	NC_002945.4	NODE_108_length_724_cov_23.395310	97.44		True
CONTIG	NODE_108_length_724_cov_23.395310	724	correct
1218471	1218914	654	211	NC_002945.4	NODE_109_length_654_cov_1.449715	100.0		True
CONTIG	NODE_109_length_654_cov_1.449715	654	correct
1342064	1342697	1	634	NC_002945.4	NODE_110_length_634_cov_69.138067	100.0		True
CONTIG	NODE_110_length_634_cov_69.138067	634	correct
3883513	3883985	1	473	NC_002945.4	NODE_111_length_592_cov_8.901075	100.0		True
local misassembly
3883521	3883639	474	592	NC_002945.4	NODE_111_length_592_cov_8.901075	100.0		True
CONTIG	NODE_111_length_592_cov_8.901075	592	correct
841592	841953	530	169	NC_002945.4	NODE_112_length_575_cov_0.553571	97.51		True
CONTIG	NODE_112_length_575_cov_0.553571	575	correct
2773501	2774041	542	2	NC_002945.4	NODE_113_length_542_cov_4.149398	99.45		True
CONTIG	NODE_113_length_542_cov_4.149398	542	correct
4294090	4294615	526	1	NC_002945.4	NODE_114_length_526_cov_4.070175	100.0		True
CONTIG	NODE_114_length_526_cov_4.070175	526	correct
