S1	E1	S2	E2	Reference	Contig	IDY	Ambiguous	Best_group
2957039	3193870	236089	1	NC_002945.4	NODE_1_length_236089_cov_54.969059	99.58		True
CONTIG	NODE_1_length_236089_cov_54.969059	236089	correct
3445573	3673271	1	227591	NC_002945.4	NODE_2_length_227591_cov_56.843153	99.93		True
CONTIG	NODE_2_length_227591_cov_56.843153	227591	correct
2444879	2665772	220957	12	NC_002945.4	NODE_3_length_220957_cov_55.428936	99.96		True
CONTIG	NODE_3_length_220957_cov_55.428936	220957	correct
402605	581801	179082	1	NC_002945.4	NODE_4_length_179082_cov_55.164136	99.92		True
CONTIG	NODE_4_length_179082_cov_55.164136	179082	correct
676631	824045	194	147609	NC_002945.4	NODE_5_length_161095_cov_55.410846	99.99		True
local misassembly
824601	838086	147610	161095	NC_002945.4	NODE_5_length_161095_cov_55.410846	99.98		True
CONTIG	NODE_5_length_161095_cov_55.410846	161095	correct
150076	306653	1	156551	NC_002945.4	NODE_6_length_156589_cov_55.941276	99.97		True
CONTIG	NODE_6_length_156589_cov_55.941276	156589	correct
4310423	4349904	21	39501	NC_002945.4	NODE_7_length_142820_cov_56.915826	99.99		True
fake: not a misassembly [linear representation of circular genome]
1	29469	39502	68970	NC_002945.4	NODE_7_length_142820_cov_56.915826	99.99		True
local misassembly
30083	103918	68972	142820	NC_002945.4	NODE_7_length_142820_cov_56.915826	99.96		True
CONTIG	NODE_7_length_142820_cov_56.915826	142820	correct
1638926	1769053	100	130226	NC_002945.4	NODE_8_length_130318_cov_57.984715	99.99		True
CONTIG	NODE_8_length_130318_cov_57.984715	130318	correct
970263	1009472	80	39288	NC_002945.4	NODE_9_length_120525_cov_55.971270	99.98		True
relocation, inconsistency = 1457
1010930	1092131	39289	120493	NC_002945.4	NODE_9_length_120525_cov_55.971270	99.99		True
CONTIG	NODE_9_length_120525_cov_55.971270	120525	misassembled
3219416	3338802	78	119690	NC_002945.4	NODE_10_length_119690_cov_55.833084	99.88		True
CONTIG	NODE_10_length_119690_cov_55.833084	119690	correct
1869467	1985614	115710	29	NC_002945.4	NODE_11_length_115923_cov_55.247444	99.58		True
CONTIG	NODE_11_length_115923_cov_55.247444	115923	correct
2056937	2083604	1	26668	NC_002945.4	NODE_12_length_101576_cov_56.247504	99.98		True
local misassembly
2083596	2158365	26807	101576	NC_002945.4	NODE_12_length_101576_cov_56.247504	99.98		True
CONTIG	NODE_12_length_101576_cov_56.247504	101576	correct
3343594	3442410	98885	1	NC_002945.4	NODE_13_length_98885_cov_57.699214	99.92		True
CONTIG	NODE_13_length_98885_cov_57.699214	98885	correct
1386934	1470724	83734	1	NC_002945.4	NODE_14_length_83850_cov_56.244616	99.92		True
CONTIG	NODE_14_length_83850_cov_56.244616	83850	correct
3897145	3979573	82506	87	NC_002945.4	NODE_15_length_82506_cov_55.659501	99.98		True
CONTIG	NODE_15_length_82506_cov_55.659501	82506	correct
1491995	1573365	90	81460	NC_002945.4	NODE_16_length_81462_cov_57.888584	99.93		True
CONTIG	NODE_16_length_81462_cov_57.888584	81462	correct
2693912	2773104	1	79192	NC_002945.4	NODE_17_length_79275_cov_54.145727	99.99		True
CONTIG	NODE_17_length_79275_cov_54.145727	79275	correct
1779460	1853850	1	74391	NC_002945.4	NODE_18_length_74391_cov_56.008806	99.99		True
CONTIG	NODE_18_length_74391_cov_56.008806	74391	correct
1096985	1165170	1	68186	NC_002945.4	NODE_19_length_68186_cov_55.417417	99.99		True
CONTIG	NODE_19_length_68186_cov_55.417417	68186	correct
4194926	4259153	1	64228	NC_002945.4	NODE_20_length_64228_cov_58.696557	99.99		True
CONTIG	NODE_20_length_64228_cov_58.696557	64228	correct
2852105	2916165	1	64061	NC_002945.4	NODE_21_length_64061_cov_54.567241	99.98		True
CONTIG	NODE_21_length_64061_cov_54.567241	64061	correct
1280097	1343223	63189	1	NC_002945.4	NODE_22_length_63189_cov_60.029495	99.89		True
CONTIG	NODE_22_length_63189_cov_60.029495	63189	correct
4035791	4097403	208	61820	NC_002945.4	NODE_23_length_61820_cov_52.371355	99.99		True
CONTIG	NODE_23_length_61820_cov_52.371355	61820	correct
1574142	1633295	114	59202	NC_002945.4	NODE_24_length_59987_cov_52.053291	99.86		True
local misassembly
1633455	1634239	59203	59987	NC_002945.4	NODE_24_length_59987_cov_52.053291	98.44		True
CONTIG	NODE_24_length_59987_cov_52.053291	59987	correct
1997081	2056444	73	59436	NC_002945.4	NODE_25_length_59436_cov_56.427743	99.98		True
CONTIG	NODE_25_length_59436_cov_56.427743	59436	correct
1219541	1278412	58872	1	NC_002945.4	NODE_26_length_58873_cov_54.811783	99.99		True
CONTIG	NODE_26_length_58873_cov_54.811783	58873	correct
3777400	3835785	58318	1	NC_002945.4	NODE_27_length_58318_cov_56.609476	99.87		True
CONTIG	NODE_27_length_58318_cov_56.609476	58318	correct
4141985	4193715	1	51731	NC_002945.4	NODE_28_length_51731_cov_57.614914	99.99		True
CONTIG	NODE_28_length_51731_cov_57.614914	51731	correct
3984795	4000631	233	16069	NC_002945.4	NODE_29_length_51283_cov_56.761338	100.0		True
fake: scaffold gap size wrong estimation (local)
4000854	4035740	16170	51056	NC_002945.4	NODE_29_length_51283_cov_56.761338	99.98		True
CONTIG	NODE_29_length_51283_cov_56.761338	51283	correct
2801012	2852092	51081	1	NC_002945.4	NODE_30_length_51081_cov_54.775680	99.99		True
CONTIG	NODE_30_length_51081_cov_54.775680	51081	correct
842746	891078	48333	1	NC_002945.4	NODE_31_length_48421_cov_54.646064	99.99		True
CONTIG	NODE_31_length_48421_cov_54.646064	48421	correct
625414	673257	1	47844	NC_002945.4	NODE_32_length_47876_cov_53.867348	99.99		True
CONTIG	NODE_32_length_47876_cov_53.867348	47876	correct
1987215	1993039	5826	1	NC_002945.4	NODE_33_length_47050_cov_57.278073	99.97		True
relocation, inconsistency = -1890896
3836888	3877911	47050	6026	NC_002945.4	NODE_33_length_47050_cov_57.278073	99.98		True
CONTIG	NODE_33_length_47050_cov_57.278073	47050	misassembled
2294650	2324391	1	29742	NC_002945.4	NODE_34_length_46574_cov_52.261093	99.99		True
relocation, inconsistency = 2596
2326988	2343819	29743	46574	NC_002945.4	NODE_34_length_46574_cov_52.261093	99.98		True
CONTIG	NODE_34_length_46574_cov_52.261093	46574	misassembled
4097387	4141732	1	44346	NC_002945.4	NODE_35_length_44401_cov_56.828680	100.0		True
CONTIG	NODE_35_length_44401_cov_56.828680	44401	correct
1343879	1386903	42964	1	NC_002945.4	NODE_36_length_42964_cov_54.651516	99.83		True
CONTIG	NODE_36_length_42964_cov_54.651516	42964	correct
930786	970125	39460	1	NC_002945.4	NODE_37_length_39649_cov_53.953924	99.68		True
CONTIG	NODE_37_length_39649_cov_53.953924	39649	correct
2246110	2283745	37638	1	NC_002945.4	NODE_38_length_37791_cov_58.449766	99.95		True
CONTIG	NODE_38_length_37791_cov_58.449766	37791	correct
363993	401308	37316	1	NC_002945.4	NODE_39_length_37394_cov_53.608501	99.99		True
CONTIG	NODE_39_length_37394_cov_53.608501	37394	correct
2210054	2245161	1	35108	NC_002945.4	NODE_40_length_35108_cov_60.127984	100.0		True
CONTIG	NODE_40_length_35108_cov_60.127984	35108	correct
4281767	4293956	12351	162	NC_002945.4	NODE_41_length_33940_cov_55.261497	99.98		True
local misassembly
4259930	4281520	33940	12352	NC_002945.4	NODE_41_length_33940_cov_55.261497	99.98		True
CONTIG	NODE_41_length_33940_cov_55.261497	33940	correct
3737665	3758851	21318	132	NC_002945.4	NODE_42_length_33927_cov_55.700000	99.99		True
local misassembly
3724846	3737454	33927	21319	NC_002945.4	NODE_42_length_33927_cov_55.700000	99.98		True
CONTIG	NODE_42_length_33927_cov_55.700000	33927	correct
1171083	1189860	1	18778	NC_002945.4	NODE_43_length_33426_cov_54.374816	99.99		True
local misassembly
1190092	1204739	18779	33426	NC_002945.4	NODE_43_length_33426_cov_54.374816	99.97		True
CONTIG	NODE_43_length_33426_cov_54.374816	33426	correct
2161798	2192094	1	30298	NC_002945.4	NODE_44_length_30298_cov_57.115011	99.99		True
CONTIG	NODE_44_length_30298_cov_57.115011	30298	correct
2343830	2372306	28477	1	NC_002945.4	NODE_45_length_28477_cov_53.627795	99.99		True
CONTIG	NODE_45_length_28477_cov_53.627795	28477	correct
2666073	2693421	1	27348	NC_002945.4	NODE_46_length_27348_cov_55.421035	99.97		True
CONTIG	NODE_46_length_27348_cov_55.421035	27348	correct
105040	132025	1	26986	NC_002945.4	NODE_47_length_27196_cov_53.190846	99.98		True
CONTIG	NODE_47_length_27196_cov_53.190846	27196	correct
306728	333298	48	26513	NC_002945.4	NODE_48_length_26666_cov_55.252534	99.6		True
CONTIG	NODE_48_length_26666_cov_55.252534	26666	correct
581820	607788	25969	1	NC_002945.4	NODE_49_length_25969_cov_55.188685	99.99		True
CONTIG	NODE_49_length_25969_cov_55.188685	25969	correct
3674358	3700299	1	25924	NC_002945.4	NODE_50_length_25924_cov_41.627127	99.93		True
CONTIG	NODE_50_length_25924_cov_41.627127	25924	correct
338194	362749	1	24469	NC_002945.4	NODE_51_length_24746_cov_51.744994	99.51		True
CONTIG	NODE_51_length_24746_cov_51.744994	24746	correct
2386668	2408683	22049	34	NC_002945.4	NODE_52_length_22049_cov_47.917389	100.0		True
CONTIG	NODE_52_length_22049_cov_47.917389	22049	correct
2423267	2444896	21630	1	NC_002945.4	NODE_53_length_21630_cov_58.753197	99.99		True
CONTIG	NODE_53_length_21630_cov_58.753197	21630	correct
1092444	1096334	1	3891	NC_002945.4	NODE_54_length_20928_cov_58.736888	99.73		True
relocation, inconsistency = 1819932
2916267	2933387	3892	20928	NC_002945.4	NODE_54_length_20928_cov_58.736888	99.47		True
CONTIG	NODE_54_length_20928_cov_58.736888	20928	misassembled
1490961	1491271	437	127	NC_002945.4	NODE_55_length_19251_cov_62.387576	100.0		True
local misassembly
1471935	1490747	19251	438	NC_002945.4	NODE_55_length_19251_cov_62.387576	99.98		True
CONTIG	NODE_55_length_19251_cov_62.387576	19251	correct
3759415	3777383	17971	1	NC_002945.4	NODE_56_length_17971_cov_51.038164	99.96		True
CONTIG	NODE_56_length_17971_cov_51.038164	17971	correct
2192685	2209982	17357	60	NC_002945.4	NODE_57_length_17357_cov_62.409344	99.99		True
CONTIG	NODE_57_length_17357_cov_62.409344	17357	correct
892165	909508	1	17344	NC_002945.4	NODE_58_length_17344_cov_57.934541	99.99		True
CONTIG	NODE_58_length_17344_cov_57.934541	17344	correct
132738	149968	1	17231	NC_002945.4	NODE_59_length_17231_cov_61.369504	99.97		True
CONTIG	NODE_59_length_17231_cov_61.369504	17231	correct
2776942	2793821	81	16960	NC_002945.4	NODE_60_length_17108_cov_59.491255	100.0		True
CONTIG	NODE_60_length_17108_cov_59.491255	17108	correct
910050	926152	16466	364	NC_002945.4	NODE_61_length_16466_cov_58.341820	99.98		True
CONTIG	NODE_61_length_16466_cov_58.341820	16466	correct
841597	841953	451	95	NC_002945.4	NODE_62_length_15803_cov_51.603725	99.5		True
relocation, inconsistency = 217160
609085	624436	15803	452	NC_002945.4	NODE_62_length_15803_cov_51.603725	99.98		True
CONTIG	NODE_62_length_15803_cov_51.603725	15803	misassembled
3193780	3209277	15618	21	NC_002945.4	NODE_63_length_15618_cov_57.012975	100.0		True
CONTIG	NODE_63_length_15618_cov_57.012975	15618	correct
1853880	1869389	15510	1	NC_002945.4	NODE_64_length_15510_cov_41.680166	99.99		True
CONTIG	NODE_64_length_15510_cov_41.680166	15510	correct
4294115	4309320	1	15206	NC_002945.4	NODE_65_length_15354_cov_49.868260	99.99		True
CONTIG	NODE_65_length_15354_cov_49.868260	15354	correct
2372372	2386761	14390	1	NC_002945.4	NODE_66_length_14512_cov_58.245325	99.98		True
CONTIG	NODE_66_length_14512_cov_58.245325	14512	correct
2409042	2422776	13735	1	NC_002945.4	NODE_67_length_13754_cov_52.641741	99.98		True
CONTIG	NODE_67_length_13754_cov_52.641741	13754	correct
3712180	3724831	12652	1	NC_002945.4	NODE_68_length_12652_cov_40.848463	99.96		True
CONTIG	NODE_68_length_12652_cov_40.848463	12652	correct
2944619	2957076	12458	1	NC_002945.4	NODE_69_length_12458_cov_54.524613	99.98		True
CONTIG	NODE_69_length_12458_cov_54.524613	12458	correct
3700350	3711403	11054	1	NC_002945.4	NODE_70_length_11537_cov_39.935408	100.0		True
relocation, inconsistency = 1714121
1985928	1986228	11356	11055	NC_002945.4	NODE_70_length_11537_cov_39.935408	99.68		True
CONTIG	NODE_70_length_11537_cov_39.935408	11537	misassembled
2933719	2943963	198	10442	NC_002945.4	NODE_71_length_10442_cov_52.822298	99.99		True
CONTIG	NODE_71_length_10442_cov_52.822298	10442	correct
3890969	3895484	4712	197	NC_002945.4	NODE_72_length_10340_cov_30.367375	99.82		True
local misassembly
3884660	3890278	10340	4713	NC_002945.4	NODE_72_length_10340_cov_30.367375	99.79		True
CONTIG	NODE_72_length_10340_cov_30.367375	10340	correct
3209287	3219347	10061	1	NC_002945.4	NODE_73_length_10095_cov_55.092195	100.0		True
CONTIG	NODE_73_length_10095_cov_55.092195	10095	correct
1204773	1213474	8793	92	NC_002945.4	NODE_74_length_8842_cov_55.850832	99.98		True
CONTIG	NODE_74_length_8842_cov_55.850832	8842	correct
2793869	2799828	5960	1	NC_002945.4	NODE_75_length_5960_cov_51.139551	99.98		True
CONTIG	NODE_75_length_5960_cov_51.139551	5960	correct
1214750	1218320	3688	118	NC_002945.4	NODE_76_length_4648_cov_41.577527	99.89		True
local misassembly
1213934	1214774	4648	3808	NC_002945.4	NODE_76_length_4648_cov_41.577527	99.76		True
CONTIG	NODE_76_length_4648_cov_41.577527	4648	correct
3980336	3984560	147	4371	NC_002945.4	NODE_77_length_4371_cov_51.039821	100.0		True
CONTIG	NODE_77_length_4371_cov_51.039821	4371	correct
1165899	1169900	4002	1	NC_002945.4	NODE_78_length_4002_cov_54.807742	99.98		True
CONTIG	NODE_78_length_4002_cov_54.807742	4002	correct
2284620	2287647	3028	1	NC_002945.4	NODE_79_length_3028_cov_41.823164	99.77		True
CONTIG	NODE_79_length_3028_cov_41.823164	3028	correct
2290710	2293716	1	3007	NC_002945.4	NODE_80_length_3007_cov_42.485069	100.0		True
CONTIG	NODE_80_length_3007_cov_42.485069	3007	correct
2158378	2158913	1	536	NC_002945.4	NODE_81_length_2912_cov_52.085817	99.07		True
fake: scaffold gap size wrong estimation (local)
2158914	2160444	568	2098	NC_002945.4	NODE_81_length_2912_cov_52.085817	95.49		True
CONTIG	NODE_81_length_2912_cov_52.085817	2912	correct
1993335	1996106	1	2772	NC_002945.4	NODE_82_length_2772_cov_61.950851	100.0		True
CONTIG	NODE_82_length_2772_cov_61.950851	2772	correct
3882139	3884171	2081	1	NC_002945.4	NODE_83_length_2542_cov_6.990890	97.69		True
local misassembly
3881846	3882155	2542	2233	NC_002945.4	NODE_83_length_2542_cov_6.990890	100.0		True
CONTIG	NODE_83_length_2542_cov_6.990890	2542	correct
1635657	1638030	1	2425	NC_002945.4	NODE_84_length_2425_cov_35.829852	97.9		True
CONTIG	NODE_84_length_2425_cov_35.829852	2425	correct
3878272	3880454	1	2183	NC_002945.4	NODE_85_length_2322_cov_7.701139	100.0		True
relocation, inconsistency = 9442
3889901	3890035	2188	2322	NC_002945.4	NODE_85_length_2322_cov_7.701139	99.26		True
CONTIG	NODE_85_length_2322_cov_7.701139	2322	misassembled
334077	336393	2317	1	NC_002945.4	NODE_86_length_2317_cov_14.070320	99.91		True
CONTIG	NODE_86_length_2317_cov_14.070320	2317	correct
674721	676407	137	1823	NC_002945.4	NODE_87_length_2175_cov_7.811523	100.0		True
relocation, inconsistency = 3207637
3884045	3884414	2175	1824	NC_002945.4	NODE_87_length_2175_cov_7.811523	95.53		True
CONTIG	NODE_87_length_2175_cov_7.811523	2175	misassembled
928970	930572	1603	1	NC_002945.4	NODE_88_length_1798_cov_9.880910	100.0		True
CONTIG	NODE_88_length_1798_cov_9.880910	1798	correct
607662	609211	1550	1	NC_002945.4	NODE_89_length_1550_cov_92.890372	99.94		True
CONTIG	NODE_89_length_1550_cov_92.890372	1550	correct
2324513	2325838	197	1522	NC_002945.4	NODE_90_length_1522_cov_42.716846	100.0		True
CONTIG	NODE_90_length_1522_cov_42.716846	1522	correct
2774298	2775637	1340	1	NC_002945.4	NODE_91_length_1522_cov_10.031541	100.0		True
CONTIG	NODE_91_length_1522_cov_10.031541	1522	correct
4193589	4195052	1	1464	NC_002945.4	NODE_92_length_1464_cov_124.470456	100.0		True
CONTIG	NODE_92_length_1464_cov_124.470456	1464	correct
3443593	3445031	1439	1	NC_002945.4	NODE_93_length_1439_cov_72.027439	100.0		True
CONTIG	NODE_93_length_1439_cov_72.027439	1439	correct
336693	337946	1254	1	NC_002945.4	NODE_94_length_1378_cov_23.900080	100.0		True
CONTIG	NODE_94_length_1378_cov_23.900080	1378	correct
4309512	4310708	1207	11	NC_002945.4	NODE_95_length_1375_cov_18.889423	97.74		True
CONTIG	NODE_95_length_1375_cov_18.889423	1375	correct
3673145	3674484	1340	1	NC_002945.4	NODE_96_length_1340_cov_100.622424	100.0		True
CONTIG	NODE_96_length_1340_cov_100.622424	1340	correct
3339137	3340461	1	1325	NC_002945.4	NODE_97_length_1325_cov_58.401503	100.0		True
CONTIG	NODE_97_length_1325_cov_58.401503	1325	correct
3835659	3836979	1321	1	NC_002945.4	NODE_98_length_1321_cov_113.139028	99.77		True
CONTIG	NODE_98_length_1321_cov_113.139028	1321	correct
2288581	2289835	1255	1	NC_002945.4	NODE_99_length_1255_cov_51.870567	100.0		True
CONTIG	NODE_99_length_1255_cov_51.870567	1255	correct
673542	674681	1140	1	NC_002945.4	NODE_100_length_1217_cov_3.563303	99.91		True
CONTIG	NODE_100_length_1217_cov_3.563303	1217	correct
2287521	2288707	1	1187	NC_002945.4	NODE_101_length_1187_cov_38.314151	100.0		True
CONTIG	NODE_101_length_1187_cov_38.314151	1187	correct
2283619	2284746	1128	1	NC_002945.4	NODE_102_length_1128_cov_101.229770	99.91		True
CONTIG	NODE_102_length_1128_cov_101.229770	1128	correct
839656	840783	1	1128	NC_002945.4	NODE_103_length_1128_cov_20.733267	100.0		True
CONTIG	NODE_103_length_1128_cov_20.733267	1128	correct
3711277	3712306	1030	1	NC_002945.4	NODE_104_length_1030_cov_116.408638	100.0		True
CONTIG	NODE_104_length_1030_cov_116.408638	1030	correct
362877	363799	923	1	NC_002945.4	NODE_105_length_1001_cov_4.552632	100.0		True
CONTIG	NODE_105_length_1001_cov_4.552632	1001	correct
1165044	1166025	1	982	NC_002945.4	NODE_106_length_982_cov_116.915789	100.0		True
CONTIG	NODE_106_length_982_cov_116.915789	982	correct
1634913	1635061	304	156	NC_002945.4	NODE_107_length_933_cov_3.741935	99.33		True
indel: indel (> 5bp)
1634594	1634885	596	305	NC_002945.4	NODE_107_length_933_cov_3.741935	100.0		True
local misassembly
1634113	1634449	933	597	NC_002945.4	NODE_107_length_933_cov_3.741935	100.0		True
CONTIG	NODE_107_length_933_cov_3.741935	933	correct
1996164	1996937	4	777	NC_002945.4	NODE_108_length_921_cov_4.357683	99.1		True
CONTIG	NODE_108_length_921_cov_4.357683	921	correct
3342811	3343719	1	909	NC_002945.4	NODE_109_length_909_cov_349.782609	100.0		True
CONTIG	NODE_109_length_909_cov_349.782609	909	correct
3341521	3342410	1	890	NC_002945.4	NODE_110_length_890_cov_44.950197	100.0		True
CONTIG	NODE_110_length_890_cov_44.950197	890	correct
1278286	1279129	844	1	NC_002945.4	NODE_111_length_844_cov_106.177127	100.0		True
CONTIG	NODE_111_length_844_cov_106.177127	844	correct
909382	910176	795	1	NC_002945.4	NODE_112_length_795_cov_140.735030	100.0		True
CONTIG	NODE_112_length_795_cov_140.735030	795	correct
2693295	2694038	1	744	NC_002945.4	NODE_113_length_744_cov_92.789303	100.0		True
CONTIG	NODE_113_length_744_cov_92.789303	744	correct
132066	132641	1	576	NC_002945.4	NODE_114_length_700_cov_2.017452	100.0		True
CONTIG	NODE_114_length_700_cov_2.017452	700	correct
2773493	2774131	1	639	NC_002945.4	NODE_115_length_639_cov_5.828125	100.0		True
CONTIG	NODE_115_length_639_cov_5.828125	639	correct
3340552	3341186	1	635	NC_002945.4	NODE_116_length_635_cov_52.062992	100.0		True
CONTIG	NODE_116_length_635_cov_52.062992	635	correct
3341060	3341647	1	588	NC_002945.4	NODE_117_length_588_cov_90.255965	100.0		True
CONTIG	NODE_117_length_588_cov_90.255965	588	correct
3979638	3980125	524	37	NC_002945.4	NODE_118_length_524_cov_2.148615	99.18		True
CONTIG	NODE_118_length_524_cov_2.148615	524	correct
