S1	E1	S2	E2	Reference	Contig	IDY	Ambiguous	Best_group
2453632	2665762	1	212189	NC_002945.4	NODE_1_length_212189_cov_33.793089	99.96		True
CONTIG	NODE_1_length_212189_cov_33.793089	212189	correct
402605	607788	204915	1	NC_002945.4	NODE_2_length_204915_cov_34.071806	99.86		True
CONTIG	NODE_2_length_204915_cov_34.071806	204915	correct
3510801	3673271	127	162486	NC_002945.4	NODE_3_length_162486_cov_33.671001	99.92		True
CONTIG	NODE_3_length_162486_cov_33.671001	162486	correct
824601	837995	13482	88	NC_002945.4	NODE_4_length_162172_cov_33.977617	99.98		True
local misassembly
676733	824045	160796	13483	NC_002945.4	NODE_4_length_162172_cov_33.977617	99.99		True
local misassembly
674864	676099	162032	160797	NC_002945.4	NODE_4_length_162172_cov_33.977617	99.6		True
CONTIG	NODE_4_length_162172_cov_33.977617	162172	correct
149944	306670	1	156700	NC_002945.4	NODE_5_length_156700_cov_32.787192	99.97		True
CONTIG	NODE_5_length_156700_cov_32.787192	156700	correct
30083	103918	73849	1	NC_002945.4	NODE_6_length_142831_cov_34.434136	99.96		True
local misassembly
1	29469	103319	73851	NC_002945.4	NODE_6_length_142831_cov_34.434136	99.99		True
fake: not a misassembly [linear representation of circular genome]
4310392	4349904	142831	103320	NC_002945.4	NODE_6_length_142831_cov_34.434136	99.99		True
CONTIG	NODE_6_length_142831_cov_34.434136	142831	correct
3724874	3737454	1	12581	NC_002945.4	NODE_7_length_139507_cov_33.328612	99.98		True
local misassembly
3737665	3758835	12582	33752	NC_002945.4	NODE_7_length_139507_cov_33.328612	100.0		True
relocation, inconsistency = 277264
4036100	4141969	33753	139507	NC_002945.4	NODE_7_length_139507_cov_33.328612	99.88		True
CONTIG	NODE_7_length_139507_cov_33.328612	139507	misassembled
1853853	1985448	131395	266	NC_002945.4	NODE_8_length_131504_cov_33.315443	99.63		True
CONTIG	NODE_8_length_131504_cov_33.315443	131504	correct
3082645	3209295	1	125963	NC_002945.4	NODE_9_length_125963_cov_33.251295	99.35		True
CONTIG	NODE_9_length_125963_cov_33.251295	125963	correct
1010930	1091465	80649	111	NC_002945.4	NODE_10_length_120030_cov_34.380791	99.99		True
relocation, inconsistency = 1457
970210	1009472	119911	80650	NC_002945.4	NODE_10_length_120030_cov_34.380791	99.98		True
CONTIG	NODE_10_length_120030_cov_34.380791	120030	misassembled
3236997	3338802	1	102032	NC_002945.4	NODE_11_length_102032_cov_34.887572	99.86		True
CONTIG	NODE_11_length_102032_cov_34.887572	102032	correct
3343594	3442410	1	98885	NC_002945.4	NODE_12_length_98885_cov_34.150580	99.92		True
CONTIG	NODE_12_length_98885_cov_34.150580	98885	correct
1491995	1573713	374	82092	NC_002945.4	NODE_13_length_82208_cov_33.930191	99.93		True
CONTIG	NODE_13_length_82208_cov_33.930191	82208	correct
2852109	2932289	1	80180	NC_002945.4	NODE_14_length_80280_cov_35.111587	99.98		True
CONTIG	NODE_14_length_80280_cov_35.111587	80280	correct
2693912	2773104	1	79192	NC_002945.4	NODE_15_length_79255_cov_32.441209	99.99		True
CONTIG	NODE_15_length_79255_cov_32.441209	79255	correct
2131230	2140726	9663	167	NC_002945.4	NODE_16_length_78243_cov_33.718470	99.98		True
local misassembly
2130929	2131084	9819	9664	NC_002945.4	NODE_16_length_78243_cov_33.718470	100.0		True
relocation, inconsistency = 5677
2083596	2125251	51475	9820	NC_002945.4	NODE_16_length_78243_cov_33.718470	99.99		True
local misassembly
2057119	2083604	78099	51614	NC_002945.4	NODE_16_length_78243_cov_33.718470	99.98		True
CONTIG	NODE_16_length_78243_cov_33.718470	78243	misassembled
1779460	1853823	74364	1	NC_002945.4	NODE_17_length_74364_cov_34.113192	99.99		True
CONTIG	NODE_17_length_74364_cov_34.113192	74364	correct
1635657	1638240	1	2635	NC_002945.4	NODE_18_length_73692_cov_35.481819	98.06		True
local misassembly
1638385	1638743	2636	2994	NC_002945.4	NODE_18_length_73692_cov_35.481819	100.0		True
local misassembly
1638867	1709563	2995	73692	NC_002945.4	NODE_18_length_73692_cov_35.481819	99.99		True
CONTIG	NODE_18_length_73692_cov_35.481819	73692	correct
1092492	1165170	72668	1	NC_002945.4	NODE_19_length_72784_cov_34.938024	99.97		True
CONTIG	NODE_19_length_72784_cov_34.938024	72784	correct
3015710	3081542	65931	1	NC_002945.4	NODE_20_length_66049_cov_34.662677	99.83		True
CONTIG	NODE_20_length_66049_cov_34.662677	66049	correct
4194926	4259153	1	64228	NC_002945.4	NODE_21_length_64228_cov_33.150590	99.99		True
CONTIG	NODE_21_length_64228_cov_33.150590	64228	correct
2041297	2056905	15625	18	NC_002945.4	NODE_22_length_63335_cov_34.492533	99.96		True
local misassembly
1993046	2040615	63195	15626	NC_002945.4	NODE_22_length_63335_cov_34.492533	99.98		True
CONTIG	NODE_22_length_63335_cov_34.492533	63335	correct
1280097	1343223	63189	1	NC_002945.4	NODE_23_length_63189_cov_37.545130	99.89		True
CONTIG	NODE_23_length_63189_cov_37.545130	63189	correct
1574014	1633300	59354	140	NC_002945.4	NODE_24_length_59354_cov_52.171273	99.86		True
CONTIG	NODE_24_length_59354_cov_52.171273	59354	correct
1219375	1278412	59038	1	NC_002945.4	NODE_25_length_59218_cov_33.110203	99.99		True
CONTIG	NODE_25_length_59218_cov_33.110203	59218	correct
1710041	1769053	59102	93	NC_002945.4	NODE_26_length_59102_cov_35.650242	99.99		True
CONTIG	NODE_26_length_59102_cov_35.650242	59102	correct
2957039	3015712	1	58621	NC_002945.4	NODE_27_length_58955_cov_32.929200	99.9		True
CONTIG	NODE_27_length_58955_cov_32.929200	58955	correct
3777400	3835785	1	58318	NC_002945.4	NODE_28_length_58318_cov_34.411249	99.87		True
CONTIG	NODE_28_length_58318_cov_34.411249	58318	correct
1413935	1470724	56733	1	NC_002945.4	NODE_29_length_56733_cov_31.603593	99.89		True
CONTIG	NODE_29_length_56733_cov_31.603593	56733	correct
2192685	2246066	53382	1	NC_002945.4	NODE_30_length_53382_cov_34.489794	99.99		True
CONTIG	NODE_30_length_53382_cov_34.489794	53382	correct
4141998	4193715	51718	1	NC_002945.4	NODE_31_length_51718_cov_33.883759	99.99		True
CONTIG	NODE_31_length_51718_cov_33.883759	51718	correct
3984846	4000631	97	15882	NC_002945.4	NODE_32_length_50868_cov_33.026034	100.0		True
fake: scaffold gap size wrong estimation (local)
4000854	4035739	15983	50868	NC_002945.4	NODE_32_length_50868_cov_33.026034	99.98		True
CONTIG	NODE_32_length_50868_cov_33.026034	50868	correct
2409194	2422776	13583	1	NC_002945.4	NODE_33_length_49837_cov_32.542688	99.97		True
local misassembly
2372560	2408683	49649	13584	NC_002945.4	NODE_33_length_49837_cov_32.542688	99.83		True
CONTIG	NODE_33_length_49837_cov_32.542688	49837	correct
842766	891078	6	48318	NC_002945.4	NODE_34_length_48318_cov_33.338175	99.98		True
CONTIG	NODE_34_length_48318_cov_33.338175	48318	correct
625327	673280	47954	1	NC_002945.4	NODE_35_length_48057_cov_34.103714	99.99		True
CONTIG	NODE_35_length_48057_cov_34.103714	48057	correct
2326293	2372142	1	45850	NC_002945.4	NODE_36_length_45945_cov_35.806648	99.99		True
CONTIG	NODE_36_length_45945_cov_35.806648	45945	correct
3918373	3963392	1	45020	NC_002945.4	NODE_37_length_45020_cov_33.139064	99.99		True
CONTIG	NODE_37_length_45020_cov_33.139064	45020	correct
132658	149740	17159	77	NC_002945.4	NODE_38_length_44432_cov_31.964135	99.87		True
local misassembly
105040	132312	44432	17160	NC_002945.4	NODE_38_length_44432_cov_31.964135	99.98		True
CONTIG	NODE_38_length_44432_cov_31.964135	44432	correct
3461065	3490468	29404	1	NC_002945.4	NODE_39_length_44219_cov_34.024222	99.97		True
local misassembly
3445573	3460387	44219	29405	NC_002945.4	NODE_39_length_44219_cov_34.024222	99.99		True
CONTIG	NODE_39_length_44219_cov_34.024222	44219	correct
1343879	1386889	1	43016	NC_002945.4	NODE_40_length_43016_cov_35.591037	99.99		True
CONTIG	NODE_40_length_43016_cov_35.591037	43016	correct
930669	970128	39807	108	NC_002945.4	NODE_41_length_39807_cov_36.984803	99.38		True
CONTIG	NODE_41_length_39807_cov_36.984803	39807	correct
2801012	2838873	37862	1	NC_002945.4	NODE_42_length_37862_cov_35.435113	99.98		True
CONTIG	NODE_42_length_37862_cov_35.435113	37862	correct
363855	401308	98	37551	NC_002945.4	NODE_43_length_37551_cov_35.839007	99.99		True
CONTIG	NODE_43_length_37551_cov_35.839007	37551	correct
2246369	2283745	37379	1	NC_002945.4	NODE_44_length_37379_cov_34.816547	99.95		True
CONTIG	NODE_44_length_37379_cov_34.816547	37379	correct
3674358	3711403	1	37028	NC_002945.4	NODE_45_length_37028_cov_32.001490	99.95		True
CONTIG	NODE_45_length_37028_cov_32.001490	37028	correct
4281767	4293665	11899	1	NC_002945.4	NODE_46_length_33488_cov_30.747999	99.99		True
local misassembly
4259930	4281520	33488	11900	NC_002945.4	NODE_46_length_33488_cov_30.747999	99.98		True
CONTIG	NODE_46_length_33488_cov_30.747999	33488	correct
3846144	3878150	32015	17	NC_002945.4	NODE_47_length_32015_cov_32.407489	99.95		True
CONTIG	NODE_47_length_32015_cov_32.407489	32015	correct
2294650	2326237	31545	1	NC_002945.4	NODE_48_length_31545_cov_46.195047	99.86		True
CONTIG	NODE_48_length_31545_cov_46.195047	31545	correct
2161582	2192094	1	30514	NC_002945.4	NODE_49_length_30514_cov_36.344095	99.99		True
CONTIG	NODE_49_length_30514_cov_36.344095	30514	correct
2665776	2693421	53	27697	NC_002945.4	NODE_50_length_27697_cov_35.172252	99.99		True
CONTIG	NODE_50_length_27697_cov_35.172252	27697	correct
306710	333298	26693	210	NC_002945.4	NODE_51_length_26693_cov_31.577091	99.6		True
CONTIG	NODE_51_length_26693_cov_31.577091	26693	correct
1386909	1412955	26047	1	NC_002945.4	NODE_52_length_26047_cov_33.768673	99.98		True
CONTIG	NODE_52_length_26047_cov_33.768673	26047	correct
338849	363818	231	25113	NC_002945.4	NODE_53_length_25291_cov_34.682006	99.63		True
CONTIG	NODE_53_length_25291_cov_34.682006	25291	correct
2777014	2799828	146	22960	NC_002945.4	NODE_54_length_22960_cov_36.544869	100.0		True
CONTIG	NODE_54_length_22960_cov_36.544869	22960	correct
2423267	2444953	21687	1	NC_002945.4	NODE_55_length_21687_cov_34.854406	99.99		True
CONTIG	NODE_55_length_21687_cov_34.854406	21687	correct
1171083	1189860	1	18778	NC_002945.4	NODE_56_length_21550_cov_32.277786	99.99		True
local misassembly
1190092	1192802	18779	21489	NC_002945.4	NODE_56_length_21550_cov_32.277786	99.93		True
CONTIG	NODE_56_length_21550_cov_32.277786	21550	correct
3897145	3918499	1	21346	NC_002945.4	NODE_57_length_21346_cov_37.114897	99.95		True
CONTIG	NODE_57_length_21346_cov_37.114897	21346	correct
3490524	3510803	20410	128	NC_002945.4	NODE_58_length_20410_cov_34.354681	99.97		True
CONTIG	NODE_58_length_20410_cov_34.354681	20410	correct
2140976	2158516	1	17541	NC_002945.4	NODE_59_length_20176_cov_34.677241	99.96		True
local misassembly
2158655	2159088	17542	17975	NC_002945.4	NODE_59_length_20176_cov_34.677241	100.0		True
fake: scaffold gap size wrong estimation (local)
2160645	2160846	19338	19539	NC_002945.4	NODE_59_length_20176_cov_34.677241	100.0		True
fake: scaffold gap size wrong estimation (local)
2160997	2161533	19640	20176	NC_002945.4	NODE_59_length_20176_cov_34.677241	100.0		True
CONTIG	NODE_59_length_20176_cov_34.677241	20176	correct
1490961	1491454	515	22	NC_002945.4	NODE_60_length_19329_cov_34.617019	100.0		True
local misassembly
1471935	1490747	19329	516	NC_002945.4	NODE_60_length_19329_cov_34.617019	99.98		True
CONTIG	NODE_60_length_19329_cov_34.617019	19329	correct
3758583	3758709	1	127	NC_002945.4	NODE_61_length_18258_cov_32.089846	100.0		True
local misassembly
3759356	3777383	229	18258	NC_002945.4	NODE_61_length_18258_cov_32.089846	99.96		True
CONTIG	NODE_61_length_18258_cov_32.089846	18258	correct
892165	909508	17344	1	NC_002945.4	NODE_62_length_17344_cov_36.652378	99.99		True
CONTIG	NODE_62_length_17344_cov_36.652378	17344	correct
3963266	3980130	17097	233	NC_002945.4	NODE_63_length_17097_cov_32.326930	99.96		True
CONTIG	NODE_63_length_17097_cov_32.326930	17097	correct
609085	624436	1	15352	NC_002945.4	NODE_64_length_16248_cov_35.513368	99.98		True
relocation, inconsistency = 217160
841597	842068	15353	15824	NC_002945.4	NODE_64_length_16248_cov_35.513368	99.61		True
CONTIG	NODE_64_length_16248_cov_35.513368	16248	misassembled
910050	926176	1	16127	NC_002945.4	NODE_65_length_16215_cov_38.598956	99.99		True
CONTIG	NODE_65_length_16215_cov_38.598956	16215	correct
4295159	4309011	1	13853	NC_002945.4	NODE_66_length_13853_cov_33.562873	99.99		True
CONTIG	NODE_66_length_13853_cov_33.562873	13853	correct
3712180	3724825	12665	20	NC_002945.4	NODE_67_length_12665_cov_38.613894	99.94		True
CONTIG	NODE_67_length_12665_cov_38.613894	12665	correct
2944619	2957076	1	12458	NC_002945.4	NODE_68_length_12458_cov_36.461682	99.98		True
CONTIG	NODE_68_length_12458_cov_36.461682	12458	correct
1193002	1204738	1	11737	NC_002945.4	NODE_69_length_11737_cov_41.268217	99.97		True
CONTIG	NODE_69_length_11737_cov_41.268217	11737	correct
2933634	2943963	1	10330	NC_002945.4	NODE_70_length_10330_cov_36.159267	99.99		True
CONTIG	NODE_70_length_10330_cov_36.159267	10330	correct
3209287	3219350	189	10252	NC_002945.4	NODE_71_length_10252_cov_32.027753	99.97		True
CONTIG	NODE_71_length_10252_cov_32.027753	10252	correct
3227064	3236996	1	9933	NC_002945.4	NODE_72_length_9933_cov_33.421670	100.0		True
CONTIG	NODE_72_length_9933_cov_33.421670	9933	correct
1204721	1213474	32	8785	NC_002945.4	NODE_73_length_8942_cov_39.682927	99.94		True
CONTIG	NODE_73_length_8942_cov_39.682927	8942	correct
2444936	2453617	8764	83	NC_002945.4	NODE_74_length_8764_cov_35.657173	100.0		True
CONTIG	NODE_74_length_8764_cov_35.657173	8764	correct
2843519	2852061	8543	1	NC_002945.4	NODE_75_length_8560_cov_37.886280	100.0		True
CONTIG	NODE_75_length_8560_cov_37.886280	8560	correct
3836888	3845391	8504	1	NC_002945.4	NODE_76_length_8504_cov_31.416975	99.98		True
CONTIG	NODE_76_length_8504_cov_31.416975	8504	correct
3219379	3227028	57	7706	NC_002945.4	NODE_77_length_7880_cov_29.439959	100.0		True
CONTIG	NODE_77_length_7880_cov_29.439959	7880	correct
3884660	3890001	5351	1	NC_002945.4	NODE_78_length_5351_cov_34.144525	99.81		True
CONTIG	NODE_78_length_5351_cov_34.144525	5351	correct
1987018	1992127	5111	1	NC_002945.4	NODE_79_length_5201_cov_38.709302	99.98		True
CONTIG	NODE_79_length_5201_cov_38.709302	5201	correct
1213947	1214774	120	947	NC_002945.4	NODE_80_length_4795_cov_32.370394	99.76		True
local misassembly
1214750	1218320	1067	4637	NC_002945.4	NODE_80_length_4795_cov_32.370394	100.0		True
CONTIG	NODE_80_length_4795_cov_32.370394	4795	correct
3980121	3984779	1	4659	NC_002945.4	NODE_81_length_4659_cov_31.195499	99.96		True
CONTIG	NODE_81_length_4659_cov_31.195499	4659	correct
2838944	2843448	4627	123	NC_002945.4	NODE_82_length_4627_cov_38.512444	100.0		True
CONTIG	NODE_82_length_4627_cov_38.512444	4627	correct
1165899	1169900	4002	1	NC_002945.4	NODE_83_length_4002_cov_31.507355	99.98		True
CONTIG	NODE_83_length_4002_cov_31.507355	4002	correct
3890842	3894344	3503	1	NC_002945.4	NODE_84_length_3503_cov_8.303910	99.94		True
CONTIG	NODE_84_length_3503_cov_8.303910	3503	correct
3878177	3881522	3334	115	NC_002945.4	NODE_85_length_3443_cov_13.306092	95.76		True
local misassembly
3877480	3877588	3443	3335	NC_002945.4	NODE_85_length_3443_cov_13.306092	100.0		True
CONTIG	NODE_85_length_3443_cov_13.306092	3443	correct
2284620	2287647	3028	1	NC_002945.4	NODE_86_length_3028_cov_27.845226	99.77		True
CONTIG	NODE_86_length_3028_cov_27.845226	3028	correct
2290710	2293716	3007	1	NC_002945.4	NODE_87_length_3007_cov_33.752778	100.0		True
CONTIG	NODE_87_length_3007_cov_33.752778	3007	correct
928970	930668	1699	1	NC_002945.4	NODE_88_length_2859_cov_18.426993	100.0		True
local misassembly
927963	928975	2859	1838	NC_002945.4	NODE_88_length_2859_cov_18.426993	99.12		True
CONTIG	NODE_88_length_2859_cov_18.426993	2859	correct
3882139	3884154	2064	1	NC_002945.4	NODE_89_length_2719_cov_8.440972	97.67		True
local misassembly
3881734	3882155	2637	2216	NC_002945.4	NODE_89_length_2719_cov_8.440972	100.0		True
CONTIG	NODE_89_length_2719_cov_8.440972	2719	correct
336693	337039	139	485	NC_002945.4	NODE_90_length_2405_cov_12.780070	100.0		True
inversion
334077	335996	2405	486	NC_002945.4	NODE_90_length_2405_cov_12.780070	99.84		True
CONTIG	NODE_90_length_2405_cov_12.780070	2405	misassembled
336918	338741	1	1833	NC_002945.4	NODE_91_length_2010_cov_16.017525	99.51		True
CONTIG	NODE_91_length_2010_cov_16.017525	2010	correct
2789136	2789256	1	121	NC_002945.4	NODE_92_length_1577_cov_8.575862	100.0		True
relocation, inconsistency = 13546
2774245	2775589	1466	122	NC_002945.4	NODE_92_length_1577_cov_8.575862	99.85		True
relocation, inconsistency = 2421
2771713	2771823	1467	1577	NC_002945.4	NODE_92_length_1577_cov_8.575862	100.0		True
CONTIG	NODE_92_length_1577_cov_8.575862	1577	misassembled
607662	609211	1	1550	NC_002945.4	NODE_93_length_1550_cov_58.294448	99.94		True
CONTIG	NODE_93_length_1550_cov_58.294448	1550	correct
4193589	4195052	1	1464	NC_002945.4	NODE_94_length_1464_cov_81.525056	100.0		True
CONTIG	NODE_94_length_1464_cov_81.525056	1464	correct
3443593	3445031	1	1439	NC_002945.4	NODE_95_length_1439_cov_34.645579	100.0		True
CONTIG	NODE_95_length_1439_cov_34.645579	1439	correct
3081416	3082771	1	1356	NC_002945.4	NODE_96_length_1356_cov_85.561432	100.0		True
CONTIG	NODE_96_length_1356_cov_85.561432	1356	correct
890952	892291	1	1340	NC_002945.4	NODE_97_length_1340_cov_64.388293	100.0		True
CONTIG	NODE_97_length_1340_cov_64.388293	1340	correct
4309012	4310342	1	1331	NC_002945.4	NODE_98_length_1331_cov_35.408093	100.0		True
CONTIG	NODE_98_length_1331_cov_35.408093	1331	correct
3339137	3340461	1325	1	NC_002945.4	NODE_99_length_1325_cov_39.868948	100.0		True
CONTIG	NODE_99_length_1325_cov_39.868948	1325	correct
3835659	3836979	1	1321	NC_002945.4	NODE_100_length_1321_cov_79.966499	99.77		True
CONTIG	NODE_100_length_1321_cov_79.966499	1321	correct
2288581	2289835	1	1255	NC_002945.4	NODE_101_length_1255_cov_38.114362	100.0		True
CONTIG	NODE_101_length_1255_cov_38.114362	1255	correct
839620	840871	4	1255	NC_002945.4	NODE_102_length_1255_cov_16.979610	99.92		True
CONTIG	NODE_102_length_1255_cov_16.979610	1255	correct
2287521	2288707	1187	1	NC_002945.4	NODE_103_length_1187_cov_34.638679	100.0		True
CONTIG	NODE_103_length_1187_cov_34.638679	1187	correct
2126956	2128124	1	1169	NC_002945.4	NODE_104_length_1169_cov_1.642994	100.0		True
CONTIG	NODE_104_length_1169_cov_1.642994	1169	correct
2289709	2290836	1128	1	NC_002945.4	NODE_105_length_1128_cov_64.593407	99.91		True
CONTIG	NODE_105_length_1128_cov_64.593407	1128	correct
2128279	2129357	1079	1	NC_002945.4	NODE_106_length_1079_cov_1.714286	99.91		True
CONTIG	NODE_106_length_1079_cov_1.714286	1079	correct
3711277	3712306	1	1030	NC_002945.4	NODE_107_length_1030_cov_87.899225	100.0		True
CONTIG	NODE_107_length_1030_cov_87.899225	1030	correct
2125487	2126477	17	1007	NC_002945.4	NODE_108_length_1007_cov_1.137500	99.7		True
CONTIG	NODE_108_length_1007_cov_1.137500	1007	correct
1165044	1166025	982	1	NC_002945.4	NODE_109_length_982_cov_67.727485	99.9		True
CONTIG	NODE_109_length_982_cov_67.727485	982	correct
1169775	1170683	909	1	NC_002945.4	NODE_110_length_909_cov_224.011509	100.0		True
CONTIG	NODE_110_length_909_cov_224.011509	909	correct
3341521	3342410	1	890	NC_002945.4	NODE_111_length_890_cov_30.116645	100.0		True
CONTIG	NODE_111_length_890_cov_30.116645	890	correct
2191968	2192811	1	844	NC_002945.4	NODE_112_length_844_cov_64.873082	100.0		True
CONTIG	NODE_112_length_844_cov_64.873082	844	correct
909382	910176	795	1	NC_002945.4	NODE_113_length_795_cov_74.878743	100.0		True
CONTIG	NODE_113_length_795_cov_74.878743	795	correct
2693295	2694038	1	744	NC_002945.4	NODE_114_length_744_cov_64.272285	100.0		True
CONTIG	NODE_114_length_744_cov_64.272285	744	correct
1709437	1710167	1	731	NC_002945.4	NODE_115_length_731_cov_137.117550	100.0		True
CONTIG	NODE_115_length_731_cov_137.117550	731	correct
2773489	2774024	710	175	NC_002945.4	NODE_116_length_711_cov_3.715753	100.0		True
CONTIG	NODE_116_length_711_cov_3.715753	711	correct
3884045	3884769	1	707	NC_002945.4	NODE_117_length_707_cov_24.625862	97.38		True
CONTIG	NODE_117_length_707_cov_24.625862	707	correct
1091536	1092109	80	653	NC_002945.4	NODE_118_length_653_cov_4.891635	100.0		True
CONTIG	NODE_118_length_653_cov_4.891635	653	correct
673470	674117	1	648	NC_002945.4	NODE_119_length_648_cov_2.633397	99.85		True
CONTIG	NODE_119_length_648_cov_2.633397	648	correct
3340552	3341186	635	1	NC_002945.4	NODE_120_length_635_cov_32.809055	100.0		True
CONTIG	NODE_120_length_635_cov_32.809055	635	correct
3338676	3339263	588	1	NC_002945.4	NODE_121_length_588_cov_54.203905	100.0		True
CONTIG	NODE_121_length_588_cov_54.203905	588	correct
2775695	2776112	418	1	NC_002945.4	NODE_122_length_543_cov_0.882212	99.76		True
CONTIG	NODE_122_length_543_cov_0.882212	543	correct
CONTIG	NODE_123_length_537_cov_0.414634	537	unaligned
3845679	3846209	531	1	NC_002945.4	NODE_124_length_531_cov_25.054455	100.0		True
CONTIG	NODE_124_length_531_cov_25.054455	531	correct
674135	674540	501	96	NC_002945.4	NODE_125_length_515_cov_5.105670	100.0		True
CONTIG	NODE_125_length_515_cov_5.105670	515	correct
927084	927441	417	60	NC_002945.4	NODE_126_length_513_cov_3.709845	100.0		True
local misassembly
926039	926127	506	418	NC_002945.4	NODE_126_length_513_cov_3.709845	99.12		True
CONTIG	NODE_126_length_513_cov_3.709845	513	correct
