S1	E1	S2	E2	Reference	Contig	IDY	Ambiguous	Best_group
3445573	3673271	227591	1	NC_002945.4	NODE_1_length_227591_cov_38.713986	99.93		True
CONTIG	NODE_1_length_227591_cov_38.713986	227591	correct
2453622	2665748	212179	1	NC_002945.4	NODE_2_length_212346_cov_37.283085	99.96		True
CONTIG	NODE_2_length_212346_cov_37.283085	212346	correct
402605	581801	1	179082	NC_002945.4	NODE_3_length_179082_cov_36.976793	99.92		True
CONTIG	NODE_3_length_179082_cov_36.976793	179082	correct
150071	306663	156618	53	NC_002945.4	NODE_4_length_156664_cov_36.884896	99.97		True
CONTIG	NODE_4_length_156664_cov_36.884896	156664	correct
30083	103918	73849	1	NC_002945.4	NODE_5_length_151375_cov_37.682528	99.96		True
local misassembly
1	29469	103319	73851	NC_002945.4	NODE_5_length_151375_cov_37.682528	99.99		True
fake: not a misassembly [linear representation of circular genome]
4301880	4349904	151343	103320	NC_002945.4	NODE_5_length_151375_cov_37.682528	99.99		True
CONTIG	NODE_5_length_151375_cov_37.682528	151375	correct
2957039	3015605	1	58514	NC_002945.4	NODE_6_length_150620_cov_38.254577	99.9		True
local misassembly
3015831	3108433	58515	150481	NC_002945.4	NODE_6_length_150620_cov_38.254577	99.06		True
CONTIG	NODE_6_length_150620_cov_38.254577	150620	correct
1096335	1165170	68836	1	NC_002945.4	NODE_7_length_133075_cov_36.342976	99.98		True
relocation, inconsistency = -1819932
2852141	2916266	132962	68837	NC_002945.4	NODE_7_length_133075_cov_36.342976	99.97		True
CONTIG	NODE_7_length_133075_cov_36.342976	133075	misassembled
1638953	1769053	75	130174	NC_002945.4	NODE_8_length_130266_cov_38.988628	99.99		True
CONTIG	NODE_8_length_130266_cov_38.988628	130266	correct
3209355	3338080	66	128963	NC_002945.4	NODE_9_length_128963_cov_37.561171	99.85		True
CONTIG	NODE_9_length_128963_cov_37.561171	128963	correct
1010930	1091826	81032	133	NC_002945.4	NODE_10_length_120364_cov_37.483645	99.99		True
relocation, inconsistency = 1457
970263	1009472	120241	81033	NC_002945.4	NODE_10_length_120364_cov_37.483645	99.98		True
CONTIG	NODE_10_length_120364_cov_37.483645	120364	misassembled
726469	824045	222	97799	NC_002945.4	NODE_11_length_111333_cov_37.892533	99.99		True
local misassembly
824601	837985	97800	111184	NC_002945.4	NODE_11_length_111333_cov_37.892533	99.98		True
CONTIG	NODE_11_length_111333_cov_37.892533	111333	correct
1869445	1971855	102356	1	NC_002945.4	NODE_12_length_102531_cov_36.458244	99.93		True
CONTIG	NODE_12_length_102531_cov_36.458244	102531	correct
2083596	2140703	57179	72	NC_002945.4	NODE_13_length_83933_cov_37.304871	99.99		True
local misassembly
2056989	2083604	83933	57318	NC_002945.4	NODE_13_length_83933_cov_37.304871	99.98		True
CONTIG	NODE_13_length_83933_cov_37.304871	83933	correct
1491897	1573873	1	81977	NC_002945.4	NODE_14_length_81977_cov_39.144826	99.93		True
CONTIG	NODE_14_length_81977_cov_39.144826	81977	correct
3343593	3424523	1	80999	NC_002945.4	NODE_15_length_81056_cov_38.188103	99.9		True
CONTIG	NODE_15_length_81056_cov_38.188103	81056	correct
3985291	4000742	166	15606	NC_002945.4	NODE_16_length_80842_cov_36.639361	99.92		True
local misassembly
4000854	4066089	15607	80842	NC_002945.4	NODE_16_length_80842_cov_36.639361	99.98		True
CONTIG	NODE_16_length_80842_cov_36.639361	80842	correct
3898832	3979445	1	80614	NC_002945.4	NODE_17_length_80614_cov_37.218855	99.99		True
CONTIG	NODE_17_length_80614_cov_37.218855	80614	correct
2693912	2773057	79340	196	NC_002945.4	NODE_18_length_79340_cov_37.632863	99.99		True
CONTIG	NODE_18_length_79340_cov_37.632863	79340	correct
4066087	4141984	75783	1	NC_002945.4	NODE_19_length_75783_cov_35.658996	99.84		True
CONTIG	NODE_19_length_75783_cov_35.658996	75783	correct
1779460	1853477	1	74018	NC_002945.4	NODE_20_length_74134_cov_36.936114	99.99		True
CONTIG	NODE_20_length_74134_cov_36.936114	74134	correct
3124600	3193870	69217	1	NC_002945.4	NODE_21_length_69217_cov_37.378593	99.91		True
CONTIG	NODE_21_length_69217_cov_37.378593	69217	correct
4194926	4259153	1	64228	NC_002945.4	NODE_22_length_64228_cov_38.634389	99.99		True
CONTIG	NODE_22_length_64228_cov_38.634389	64228	correct
1280097	1340762	60728	1	NC_002945.4	NODE_23_length_60728_cov_39.219452	99.89		True
CONTIG	NODE_23_length_60728_cov_39.219452	60728	correct
1219605	1278412	51	58858	NC_002945.4	NODE_24_length_58858_cov_37.148780	99.99		True
CONTIG	NODE_24_length_58858_cov_37.148780	58858	correct
3777400	3835785	1	58318	NC_002945.4	NODE_25_length_58318_cov_36.581035	99.87		True
CONTIG	NODE_25_length_58318_cov_36.581035	58318	correct
1413935	1470724	1	56733	NC_002945.4	NODE_26_length_56733_cov_41.201445	99.89		True
CONTIG	NODE_26_length_56733_cov_41.201445	56733	correct
2192685	2246031	1	53347	NC_002945.4	NODE_27_length_53610_cov_41.767982	99.99		True
CONTIG	NODE_27_length_53610_cov_41.767982	53610	correct
4141989	4193715	1	51727	NC_002945.4	NODE_28_length_51727_cov_38.397403	99.99		True
CONTIG	NODE_28_length_51727_cov_38.397403	51727	correct
2801012	2852055	51044	1	NC_002945.4	NODE_29_length_51044_cov_37.702712	99.99		True
CONTIG	NODE_29_length_51044_cov_37.702712	51044	correct
1573989	1623835	1	49847	NC_002945.4	NODE_30_length_50008_cov_35.040897	99.98		True
CONTIG	NODE_30_length_50008_cov_35.040897	50008	correct
677057	726457	1	49401	NC_002945.4	NODE_31_length_49401_cov_38.735946	99.99		True
CONTIG	NODE_31_length_49401_cov_38.735946	49401	correct
842787	891078	1	48293	NC_002945.4	NODE_32_length_48293_cov_37.157414	99.99		True
CONTIG	NODE_32_length_48293_cov_37.157414	48293	correct
625518	673281	7	47770	NC_002945.4	NODE_33_length_48029_cov_35.692998	99.97		True
CONTIG	NODE_33_length_48029_cov_35.692998	48029	correct
2326988	2343783	16796	1	NC_002945.4	NODE_34_length_46538_cov_34.316520	99.98		True
relocation, inconsistency = 2596
2294650	2324391	46538	16797	NC_002945.4	NODE_34_length_46538_cov_34.316520	99.99		True
CONTIG	NODE_34_length_46538_cov_34.316520	46538	misassembled
1343879	1386451	1	42578	NC_002945.4	NODE_35_length_42588_cov_35.055251	99.98		True
CONTIG	NODE_35_length_42588_cov_35.055251	42588	correct
3836888	3877902	41368	353	NC_002945.4	NODE_36_length_41368_cov_36.994496	99.98		True
CONTIG	NODE_36_length_41368_cov_36.994496	41368	correct
929728	970117	40630	1	NC_002945.4	NODE_37_length_41276_cov_34.419597	99.39		True
local misassembly
928297	928875	41218	40631	NC_002945.4	NODE_37_length_41276_cov_34.419597	98.19		True
CONTIG	NODE_37_length_41276_cov_34.419597	41276	correct
3674358	3699799	1	25388	NC_002945.4	NODE_38_length_40823_cov_26.066444	99.78		True
relocation, inconsistency = -1845923
1853877	1869215	25389	40727	NC_002945.4	NODE_38_length_40823_cov_26.066444	99.99		True
CONTIG	NODE_38_length_40823_cov_26.066444	40823	misassembled
2246102	2283745	37646	1	NC_002945.4	NODE_39_length_37809_cov_41.265963	99.95		True
CONTIG	NODE_39_length_37809_cov_41.265963	37809	correct
2386668	2408521	1	21854	NC_002945.4	NODE_40_length_37783_cov_34.367909	100.0		True
relocation, inconsistency = 1460689
910050	925978	37783	21855	NC_002945.4	NODE_40_length_37783_cov_34.367909	99.99		True
CONTIG	NODE_40_length_37783_cov_34.367909	37783	misassembled
1996157	2033506	58	37407	NC_002945.4	NODE_41_length_37516_cov_37.549012	99.97		True
CONTIG	NODE_41_length_37516_cov_37.549012	37516	correct
363941	401308	115	37482	NC_002945.4	NODE_42_length_37482_cov_36.086254	99.99		True
CONTIG	NODE_42_length_37482_cov_36.086254	37482	correct
3737665	3758848	21327	144	NC_002945.4	NODE_43_length_33888_cov_37.349842	100.0		True
local misassembly
3724894	3737454	33888	21328	NC_002945.4	NODE_43_length_33888_cov_37.349842	99.98		True
CONTIG	NODE_43_length_33888_cov_37.349842	33888	correct
1192719	1204720	12051	47	NC_002945.4	NODE_44_length_31355_cov_40.512361	99.82		True
relocation, inconsistency = 2858
1170557	1189860	31355	12052	NC_002945.4	NODE_44_length_31355_cov_40.512361	99.99		True
CONTIG	NODE_44_length_31355_cov_40.512361	31355	misassembled
2161798	2192094	30298	1	NC_002945.4	NODE_45_length_30298_cov_37.957641	99.99		True
CONTIG	NODE_45_length_30298_cov_37.957641	30298	correct
105040	131877	1	26838	NC_002945.4	NODE_46_length_28493_cov_38.130050	99.98		True
relocation, inconsistency = 960791
1092669	1094238	26839	28408	NC_002945.4	NODE_46_length_28493_cov_38.130050	100.0		True
CONTIG	NODE_46_length_28493_cov_38.130050	28493	misassembled
2343843	2372257	28415	1	NC_002945.4	NODE_47_length_28415_cov_37.097533	99.98		True
CONTIG	NODE_47_length_28415_cov_37.097533	28415	correct
2666030	2693421	125	27458	NC_002945.4	NODE_48_length_27458_cov_36.993341	99.75		True
CONTIG	NODE_48_length_27458_cov_36.993341	27458	correct
306738	333298	26623	168	NC_002945.4	NODE_49_length_26628_cov_36.535036	99.59		True
CONTIG	NODE_49_length_26628_cov_36.535036	26628	correct
1386948	1412955	152	26159	NC_002945.4	NODE_50_length_26159_cov_35.708397	99.98		True
CONTIG	NODE_50_length_26159_cov_35.708397	26159	correct
581820	607788	1	25969	NC_002945.4	NODE_51_length_25969_cov_37.515517	99.99		True
CONTIG	NODE_51_length_25969_cov_37.515517	25969	correct
338135	363610	1	25398	NC_002945.4	NODE_52_length_25665_cov_32.351750	99.56		True
CONTIG	NODE_52_length_25665_cov_32.351750	25665	correct
2776976	2799828	22853	1	NC_002945.4	NODE_53_length_22967_cov_38.210508	100.0		True
CONTIG	NODE_53_length_22967_cov_38.210508	22967	correct
2033496	2056377	22881	1	NC_002945.4	NODE_54_length_22881_cov_32.741408	99.98		True
CONTIG	NODE_54_length_22881_cov_32.741408	22881	correct
4259930	4281668	21737	1	NC_002945.4	NODE_55_length_21737_cov_38.172281	99.98		True
CONTIG	NODE_55_length_21737_cov_38.172281	21737	correct
2423267	2444953	21687	1	NC_002945.4	NODE_56_length_21687_cov_37.074119	99.99		True
CONTIG	NODE_56_length_21687_cov_37.074119	21687	correct
2140783	2161533	20507	1	NC_002945.4	NODE_57_length_20507_cov_36.505299	98.63		True
CONTIG	NODE_57_length_20507_cov_36.505299	20507	correct
1471935	1490747	1	18814	NC_002945.4	NODE_58_length_19536_cov_38.158947	99.98		True
local misassembly
1490961	1491643	18815	19497	NC_002945.4	NODE_58_length_19536_cov_38.158947	99.85		True
CONTIG	NODE_58_length_19536_cov_38.158947	19536	correct
3424474	3442410	17937	1	NC_002945.4	NODE_59_length_18077_cov_41.949861	99.97		True
CONTIG	NODE_59_length_18077_cov_41.949861	18077	correct
3759818	3777383	17568	1	NC_002945.4	NODE_60_length_17693_cov_36.587499	99.91		True
CONTIG	NODE_60_length_17693_cov_36.587499	17693	correct
892165	909508	1	17344	NC_002945.4	NODE_61_length_17344_cov_38.430969	99.99		True
CONTIG	NODE_61_length_17344_cov_38.430969	17344	correct
132744	149547	1	16804	NC_002945.4	NODE_62_length_16936_cov_42.800286	99.96		True
CONTIG	NODE_62_length_16936_cov_42.800286	16936	correct
3108447	3124627	16181	1	NC_002945.4	NODE_63_length_16181_cov_34.402205	99.99		True
CONTIG	NODE_63_length_16181_cov_34.402205	16181	correct
2916851	2932972	1	16122	NC_002945.4	NODE_64_length_16122_cov_39.599312	99.97		True
CONTIG	NODE_64_length_16122_cov_39.599312	16122	correct
3193780	3209288	15609	1	NC_002945.4	NODE_65_length_15609_cov_40.812234	100.0		True
CONTIG	NODE_65_length_15609_cov_40.812234	15609	correct
609085	624344	1	15260	NC_002945.4	NODE_66_length_15394_cov_33.919303	99.98		True
CONTIG	NODE_66_length_15394_cov_33.919303	15394	correct
2372428	2386761	7	14340	NC_002945.4	NODE_67_length_14340_cov_37.854710	99.98		True
CONTIG	NODE_67_length_14340_cov_37.854710	14340	correct
2409187	2422776	13590	1	NC_002945.4	NODE_68_length_13713_cov_34.840718	99.98		True
CONTIG	NODE_68_length_13713_cov_34.840718	13713	correct
1972114	1985602	13588	211	NC_002945.4	NODE_69_length_13673_cov_35.921822	99.17		True
CONTIG	NODE_69_length_13673_cov_35.921822	13673	correct
3712180	3724646	1	12467	NC_002945.4	NODE_70_length_12467_cov_20.980875	99.94		True
CONTIG	NODE_70_length_12467_cov_20.980875	12467	correct
2944619	2957076	1	12458	NC_002945.4	NODE_71_length_12458_cov_35.956370	99.98		True
CONTIG	NODE_71_length_12458_cov_35.956370	12458	correct
4281715	4293948	117	12350	NC_002945.4	NODE_72_length_12350_cov_36.759715	99.98		True
CONTIG	NODE_72_length_12350_cov_36.759715	12350	correct
3700326	3710932	3	10609	NC_002945.4	NODE_73_length_10721_cov_22.692656	99.95		True
CONTIG	NODE_73_length_10721_cov_22.692656	10721	correct
2933878	2943963	219	10304	NC_002945.4	NODE_74_length_10304_cov_33.072615	99.99		True
CONTIG	NODE_74_length_10304_cov_33.072615	10304	correct
1623825	1633275	170	9572	NC_002945.4	NODE_75_length_9572_cov_27.423081	99.46		True
CONTIG	NODE_75_length_9572_cov_27.423081	9572	correct
1204750	1213474	8809	85	NC_002945.4	NODE_76_length_8809_cov_34.612762	99.98		True
CONTIG	NODE_76_length_8809_cov_34.612762	8809	correct
2444936	2453612	8599	1	NC_002945.4	NODE_77_length_8599_cov_35.325779	99.1		True
CONTIG	NODE_77_length_8599_cov_35.325779	8599	correct
4294608	4301868	7458	198	NC_002945.4	NODE_78_length_7458_cov_30.410449	99.99		True
CONTIG	NODE_78_length_7458_cov_30.410449	7458	correct
1987117	1992127	210	5221	NC_002945.4	NODE_79_length_5221_cov_32.340597	99.96		True
CONTIG	NODE_79_length_5221_cov_32.340597	5221	correct
1214750	1218367	3621	4	NC_002945.4	NODE_80_length_4602_cov_20.447374	99.92		True
local misassembly
1213943	1214774	4572	3741	NC_002945.4	NODE_80_length_4602_cov_20.447374	99.28		True
CONTIG	NODE_80_length_4602_cov_20.447374	4602	correct
3980086	3984604	4519	1	NC_002945.4	NODE_81_length_4519_cov_30.877049	100.0		True
CONTIG	NODE_81_length_4519_cov_30.877049	4519	correct
3884660	3888758	1	4108	NC_002945.4	NODE_82_length_4280_cov_24.426680	99.76		True
CONTIG	NODE_82_length_4280_cov_24.426680	4280	correct
1165899	1169900	4002	1	NC_002945.4	NODE_83_length_4002_cov_40.487742	99.98		True
CONTIG	NODE_83_length_4002_cov_40.487742	4002	correct
335772	336489	718	1	NC_002945.4	NODE_84_length_3109_cov_5.507378	100.0		True
relocation, inconsistency = 3552685
3889175	3889874	719	1418	NC_002945.4	NODE_84_length_3109_cov_5.507378	99.73		True
local misassembly
3890565	3892100	1419	2954	NC_002945.4	NODE_84_length_3109_cov_5.507378	99.74		True
CONTIG	NODE_84_length_3109_cov_5.507378	3109	misassembled
2284620	2287647	3028	1	NC_002945.4	NODE_85_length_3028_cov_25.253361	99.77		True
CONTIG	NODE_85_length_3028_cov_25.253361	3028	correct
2290710	2293716	1	3007	NC_002945.4	NODE_86_length_3007_cov_28.690278	100.0		True
CONTIG	NODE_86_length_3007_cov_28.690278	3007	correct
1635657	1638247	2549	10	NC_002945.4	NODE_87_length_2549_cov_19.836499	98.03		True
CONTIG	NODE_87_length_2549_cov_19.836499	2549	correct
1993335	1995709	2375	1	NC_002945.4	NODE_88_length_2375_cov_40.810943	100.0		True
CONTIG	NODE_88_length_2375_cov_40.810943	2375	correct
3892037	3894344	18	2325	NC_002945.4	NODE_89_length_2325_cov_4.224750	99.7		True
CONTIG	NODE_89_length_2325_cov_4.224750	2325	correct
1190504	1192742	1	2239	NC_002945.4	NODE_90_length_2244_cov_13.406708	99.91		True
CONTIG	NODE_90_length_2244_cov_13.406708	2244	correct
3878365	3880102	176	1904	NC_002945.4	NODE_91_length_2159_cov_3.796752	99.31		True
CONTIG	NODE_91_length_2159_cov_3.796752	2159	correct
334077	335561	1	1440	NC_002945.4	NODE_92_length_1762_cov_8.611009	96.77		True
CONTIG	NODE_92_length_1762_cov_8.611009	1762	correct
336693	338180	1501	14	NC_002945.4	NODE_93_length_1587_cov_15.854795	100.0		True
CONTIG	NODE_93_length_1587_cov_15.854795	1587	correct
674876	676388	1	1513	NC_002945.4	NODE_94_length_1573_cov_4.048409	99.34		True
CONTIG	NODE_94_length_1573_cov_4.048409	1573	correct
401182	402731	1	1550	NC_002945.4	NODE_95_length_1550_cov_59.085032	99.94		True
CONTIG	NODE_95_length_1550_cov_59.085032	1550	correct
4193589	4195052	1	1464	NC_002945.4	NODE_96_length_1464_cov_84.700823	100.0		True
CONTIG	NODE_96_length_1464_cov_84.700823	1464	correct
3882558	3883529	162	1181	NC_002945.4	NODE_97_length_1447_cov_3.935606	95.2		True
CONTIG	NODE_97_length_1447_cov_3.935606	1447	correct
3443593	3445031	1	1439	NC_002945.4	NODE_98_length_1439_cov_49.217226	100.0		True
CONTIG	NODE_98_length_1439_cov_49.217226	1439	correct
2324664	2325844	1181	1	NC_002945.4	NODE_99_length_1388_cov_20.685964	100.0		True
CONTIG	NODE_99_length_1388_cov_20.685964	1388	correct
1094890	1096266	1	1377	NC_002945.4	NODE_100_length_1377_cov_32.960000	99.64		True
CONTIG	NODE_100_length_1377_cov_32.960000	1377	correct
890952	892291	1340	1	NC_002945.4	NODE_101_length_1340_cov_73.311624	100.0		True
CONTIG	NODE_101_length_1340_cov_73.311624	1340	correct
3339137	3340461	1	1325	NC_002945.4	NODE_102_length_1325_cov_31.853923	100.0		True
CONTIG	NODE_102_length_1325_cov_31.853923	1325	correct
3835659	3836979	1	1321	NC_002945.4	NODE_103_length_1321_cov_66.940536	99.77		True
CONTIG	NODE_103_length_1321_cov_66.940536	1321	correct
2774261	2775581	1321	1	NC_002945.4	NODE_104_length_1321_cov_5.801508	100.0		True
CONTIG	NODE_104_length_1321_cov_5.801508	1321	correct
3897442	3898585	143	1286	NC_002945.4	NODE_105_length_1286_cov_25.647110	99.83		True
CONTIG	NODE_105_length_1286_cov_25.647110	1286	correct
2288581	2289835	1255	1	NC_002945.4	NODE_106_length_1255_cov_32.600177	100.0		True
CONTIG	NODE_106_length_1255_cov_32.600177	1255	correct
839671	840715	12	1056	NC_002945.4	NODE_107_length_1200_cov_14.458527	99.62		True
CONTIG	NODE_107_length_1200_cov_14.458527	1200	correct
2287521	2288707	1187	1	NC_002945.4	NODE_108_length_1187_cov_28.004717	100.0		True
CONTIG	NODE_108_length_1187_cov_28.004717	1187	correct
673482	674424	1	943	NC_002945.4	NODE_109_length_1133_cov_2.739563	99.79		True
relocation, inconsistency = -1032
673486	673582	1133	1037	NC_002945.4	NODE_109_length_1133_cov_2.739563	100.0		True
CONTIG	NODE_109_length_1133_cov_2.739563	1133	misassembled
2289709	2290836	1128	1	NC_002945.4	NODE_110_length_1128_cov_66.141858	99.91		True
CONTIG	NODE_110_length_1128_cov_66.141858	1128	correct
1340970	1342059	1	1090	NC_002945.4	NODE_111_length_1090_cov_29.082035	99.91		True
CONTIG	NODE_111_length_1090_cov_29.082035	1090	correct
3711277	3712306	1	1030	NC_002945.4	NODE_112_length_1030_cov_80.640089	100.0		True
CONTIG	NODE_112_length_1030_cov_80.640089	1030	correct
1165044	1166025	982	1	NC_002945.4	NODE_113_length_982_cov_81.174269	99.9		True
CONTIG	NODE_113_length_982_cov_81.174269	982	correct
2800228	2801136	909	1	NC_002945.4	NODE_114_length_909_cov_228.255754	100.0		True
CONTIG	NODE_114_length_909_cov_228.255754	909	correct
3341521	3342410	1	890	NC_002945.4	NODE_115_length_890_cov_28.203145	100.0		True
CONTIG	NODE_115_length_890_cov_28.203145	890	correct
3758957	3759824	868	1	NC_002945.4	NODE_116_length_887_cov_1.373684	99.08		True
CONTIG	NODE_116_length_887_cov_1.373684	887	correct
3894591	3895468	1	878	NC_002945.4	NODE_117_length_886_cov_36.491436	99.77		True
CONTIG	NODE_117_length_886_cov_36.491436	886	correct
1278286	1279129	844	1	NC_002945.4	NODE_118_length_844_cov_75.705718	100.0		True
CONTIG	NODE_118_length_844_cov_75.705718	844	correct
3444905	3445699	795	1	NC_002945.4	NODE_119_length_795_cov_88.642216	100.0		True
CONTIG	NODE_119_length_795_cov_88.642216	795	correct
2422650	2423393	744	1	NC_002945.4	NODE_120_length_744_cov_63.141005	100.0		True
CONTIG	NODE_120_length_744_cov_63.141005	744	correct
3879965	3880419	619	165	NC_002945.4	NODE_121_length_743_cov_1.035714	97.8		True
CONTIG	NODE_121_length_743_cov_1.035714	743	correct
1633458	1634194	737	1	NC_002945.4	NODE_122_length_737_cov_5.932787	99.86		True
CONTIG	NODE_122_length_737_cov_5.932787	737	correct
3884045	3884786	1	724	NC_002945.4	NODE_123_length_724_cov_15.274707	97.44		True
CONTIG	NODE_123_length_724_cov_15.274707	724	correct
3340552	3341186	1	635	NC_002945.4	NODE_124_length_635_cov_25.948819	100.0		True
CONTIG	NODE_124_length_635_cov_25.948819	635	correct
1342064	1342697	1	634	NC_002945.4	NODE_125_length_634_cov_37.130178	100.0		True
CONTIG	NODE_125_length_634_cov_37.130178	634	correct
3338171	3338802	632	1	NC_002945.4	NODE_126_length_632_cov_28.633663	99.84		True
CONTIG	NODE_126_length_632_cov_28.633663	632	correct
132100	132615	115	630	NC_002945.4	NODE_127_length_630_cov_1.854871	99.42		True
CONTIG	NODE_127_length_630_cov_1.854871	630	correct
3880486	3881088	603	1	NC_002945.4	NODE_128_length_603_cov_21.993697	100.0		True
CONTIG	NODE_128_length_603_cov_21.993697	603	correct
3883859	3883977	1	119	NC_002945.4	NODE_129_length_592_cov_6.815054	100.0		True
local misassembly
3883513	3883985	120	592	NC_002945.4	NODE_129_length_592_cov_6.815054	100.0		True
CONTIG	NODE_129_length_592_cov_6.815054	592	correct
3341060	3341647	1	588	NC_002945.4	NODE_130_length_588_cov_47.281996	100.0		True
CONTIG	NODE_130_length_588_cov_47.281996	588	correct
3979596	3980003	514	107	NC_002945.4	NODE_131_length_584_cov_2.435449	98.28		True
CONTIG	NODE_131_length_584_cov_2.435449	584	correct
3882139	3882281	308	166	NC_002945.4	NODE_132_length_572_cov_1.856180	97.9		True
CONTIG	NODE_132_length_572_cov_1.856180	572	correct
1638443	1638832	171	560	NC_002945.4	NODE_133_length_560_cov_0.870670	100.0		True
CONTIG	NODE_133_length_560_cov_0.870670	560	correct
1985936	1986456	521	1	NC_002945.4	NODE_134_length_521_cov_5.946701	100.0		True
CONTIG	NODE_134_length_521_cov_5.946701	521	correct
4294083	4294597	519	5	NC_002945.4	NODE_135_length_519_cov_3.693878	100.0		True
CONTIG	NODE_135_length_519_cov_3.693878	519	correct
2773618	2774120	504	2	NC_002945.4	NODE_136_length_504_cov_3.090186	100.0		True
CONTIG	NODE_136_length_504_cov_3.090186	504	correct
3894218	3894717	1	500	NC_002945.4	NODE_137_length_500_cov_76.769437	100.0		True
CONTIG	NODE_137_length_500_cov_76.769437	500	correct
