S1	E1	S2	E2	Reference	Contig	IDY	Ambiguous	Best_group
2957039	3193870	1	236089	NC_002945.4	NODE_1_length_236089_cov_49.259601	99.58		True
CONTIG	NODE_1_length_236089_cov_49.259601	236089	correct
3445573	3673271	227591	1	NC_002945.4	NODE_2_length_227591_cov_50.487462	99.93		True
CONTIG	NODE_2_length_227591_cov_50.487462	227591	correct
402605	607788	204992	1	NC_002945.4	NODE_3_length_204992_cov_49.279984	99.89		True
CONTIG	NODE_3_length_204992_cov_49.279984	204992	correct
676731	824045	194	147509	NC_002945.4	NODE_4_length_161025_cov_49.032443	99.99		True
local misassembly
824601	838014	147510	160923	NC_002945.4	NODE_4_length_161025_cov_49.032443	99.98		True
CONTIG	NODE_4_length_161025_cov_49.032443	161025	correct
150085	306653	1	156542	NC_002945.4	NODE_5_length_156699_cov_48.842437	99.97		True
CONTIG	NODE_5_length_156699_cov_48.842437	156699	correct
2453627	2609211	1	155586	NC_002945.4	NODE_6_length_155586_cov_49.237883	99.99		True
CONTIG	NODE_6_length_155586_cov_49.237883	155586	correct
30083	103918	73849	1	NC_002945.4	NODE_7_length_142869_cov_51.457294	99.96		True
local misassembly
1	29469	103319	73851	NC_002945.4	NODE_7_length_142869_cov_51.457294	99.99		True
fake: not a misassembly [linear representation of circular genome]
4310354	4349904	142869	103320	NC_002945.4	NODE_7_length_142869_cov_51.457294	99.98		True
CONTIG	NODE_7_length_142869_cov_51.457294	142869	correct
1638943	1769053	130202	93	NC_002945.4	NODE_8_length_130352_cov_51.795185	99.99		True
CONTIG	NODE_8_length_130352_cov_51.795185	130352	correct
1010930	1092192	81266	1	NC_002945.4	NODE_9_length_122423_cov_49.037246	99.99		True
relocation, inconsistency = 1457
970271	1009472	120467	81267	NC_002945.4	NODE_9_length_122423_cov_49.037246	99.98		True
relocation, inconsistency = -124116
1092431	1094386	122423	120468	NC_002945.4	NODE_9_length_122423_cov_49.037246	100.0		True
CONTIG	NODE_9_length_122423_cov_49.037246	122423	misassembled
3219361	3338802	1	119668	NC_002945.4	NODE_10_length_119668_cov_49.114346	99.88		True
CONTIG	NODE_10_length_119668_cov_49.114346	119668	correct
1879256	1985602	106094	214	NC_002945.4	NODE_11_length_106094_cov_49.287995	99.55		True
CONTIG	NODE_11_length_106094_cov_49.287995	106094	correct
3343594	3442410	1	98885	NC_002945.4	NODE_12_length_98885_cov_50.690172	99.92		True
CONTIG	NODE_12_length_98885_cov_50.690172	98885	correct
4097330	4193715	96386	1	NC_002945.4	NODE_13_length_96386_cov_48.835631	99.99		True
CONTIG	NODE_13_length_96386_cov_48.835631	96386	correct
3896876	3979425	82541	1	NC_002945.4	NODE_14_length_88506_cov_49.091990	99.98		True
relocation, inconsistency = 1903843
1987069	1993032	82542	88506	NC_002945.4	NODE_14_length_88506_cov_49.091990	99.97		True
CONTIG	NODE_14_length_88506_cov_49.091990	88506	misassembled
1491980	1573420	131	81571	NC_002945.4	NODE_15_length_81827_cov_51.870502	99.93		True
CONTIG	NODE_15_length_81827_cov_51.870502	81827	correct
2611822	2665651	1	53884	NC_002945.4	NODE_16_length_81395_cov_48.063260	99.89		True
local misassembly
2665910	2693421	53885	81395	NC_002945.4	NODE_16_length_81395_cov_48.063260	99.99		True
CONTIG	NODE_16_length_81395_cov_48.063260	81395	correct
2693912	2773105	79366	174	NC_002945.4	NODE_17_length_79366_cov_47.967365	99.99		True
CONTIG	NODE_17_length_79366_cov_47.967365	79366	correct
2294650	2324272	1	29623	NC_002945.4	NODE_18_length_74987_cov_46.477077	99.99		True
relocation, inconsistency = 2596
2326869	2372232	29624	74987	NC_002945.4	NODE_18_length_74987_cov_46.477077	99.98		True
CONTIG	NODE_18_length_74987_cov_46.477077	74987	misassembled
1779460	1853840	74381	1	NC_002945.4	NODE_19_length_74381_cov_48.919506	99.99		True
CONTIG	NODE_19_length_74381_cov_48.919506	74381	correct
1096335	1165170	1	68836	NC_002945.4	NODE_20_length_68836_cov_49.511913	99.98		True
CONTIG	NODE_20_length_68836_cov_49.511913	68836	correct
2852146	2916393	64248	1	NC_002945.4	NODE_21_length_64289_cov_46.633303	99.98		True
CONTIG	NODE_21_length_64289_cov_46.633303	64289	correct
4194926	4259153	1	64228	NC_002945.4	NODE_22_length_64228_cov_51.865572	99.99		True
CONTIG	NODE_22_length_64228_cov_51.865572	64228	correct
4035899	4097346	61447	1	NC_002945.4	NODE_23_length_61447_cov_46.823337	99.99		True
CONTIG	NODE_23_length_61447_cov_46.823337	61447	correct
1280097	1340762	60728	1	NC_002945.4	NODE_24_length_60728_cov_50.915661	99.89		True
CONTIG	NODE_24_length_60728_cov_50.915661	60728	correct
1574031	1633295	1	59201	NC_002945.4	NODE_25_length_59680_cov_46.516280	99.87		True
CONTIG	NODE_25_length_59680_cov_46.516280	59680	correct
1219533	1278412	1	58880	NC_002945.4	NODE_26_length_58880_cov_49.192705	99.99		True
CONTIG	NODE_26_length_58880_cov_49.192705	58880	correct
3777400	3835785	1	58318	NC_002945.4	NODE_27_length_58318_cov_49.460999	99.87		True
CONTIG	NODE_27_length_58318_cov_49.460999	58318	correct
2083596	2140713	261	57378	NC_002945.4	NODE_28_length_57378_cov_50.389408	99.99		True
CONTIG	NODE_28_length_57378_cov_50.389408	57378	correct
1413935	1470724	56733	1	NC_002945.4	NODE_29_length_56733_cov_50.741582	99.89		True
CONTIG	NODE_29_length_56733_cov_50.741582	56733	correct
306727	333426	1	26595	NC_002945.4	NODE_30_length_53491_cov_44.924294	99.6		True
relocation, inconsistency = 3119
336693	362802	26743	52774	NC_002945.4	NODE_30_length_53491_cov_44.924294	99.61		True
local misassembly
363406	363929	52775	53298	NC_002945.4	NODE_30_length_53491_cov_44.924294	99.63		True
CONTIG	NODE_30_length_53491_cov_44.924294	53491	misassembled
2192685	2245161	1	52477	NC_002945.4	NODE_31_length_52477_cov_54.799522	99.99		True
CONTIG	NODE_31_length_52477_cov_54.799522	52477	correct
4000854	4035740	35095	209	NC_002945.4	NODE_32_length_51125_cov_49.254010	99.98		True
fake: scaffold gap size wrong estimation (local)
3984842	4000631	50985	35196	NC_002945.4	NODE_32_length_51125_cov_49.254010	100.0		True
CONTIG	NODE_32_length_51125_cov_49.254010	51125	correct
2801012	2852054	51043	1	NC_002945.4	NODE_33_length_51043_cov_50.442003	99.99		True
CONTIG	NODE_33_length_51043_cov_50.442003	51043	correct
1853877	1879264	25475	88	NC_002945.4	NODE_34_length_50899_cov_37.289136	99.99		True
relocation, inconsistency = -1845923
3674358	3699799	50899	25476	NC_002945.4	NODE_34_length_50899_cov_37.289136	99.89		True
CONTIG	NODE_34_length_50899_cov_37.289136	50899	misassembled
842404	891078	48675	1	NC_002945.4	NODE_35_length_48678_cov_49.473852	99.99		True
CONTIG	NODE_35_length_48678_cov_49.473852	48678	correct
625172	673333	48162	1	NC_002945.4	NODE_36_length_48293_cov_48.004256	99.98		True
CONTIG	NODE_36_length_48293_cov_48.004256	48293	correct
1996169	2041095	44927	1	NC_002945.4	NODE_37_length_45044_cov_48.153305	99.98		True
CONTIG	NODE_37_length_45044_cov_48.153305	45044	correct
132022	149967	17946	1	NC_002945.4	NODE_38_length_44772_cov_49.045201	99.95		True
local misassembly
105040	131865	44772	17947	NC_002945.4	NODE_38_length_44772_cov_49.045201	99.98		True
CONTIG	NODE_38_length_44772_cov_49.045201	44772	correct
928970	930612	1643	1	NC_002945.4	NODE_39_length_43687_cov_46.105028	100.0		True
local misassembly
928372	928975	2394	1782	NC_002945.4	NODE_39_length_43687_cov_46.105028	98.61		True
relocation, inconsistency = -2949817
3836888	3878188	43687	2395	NC_002945.4	NODE_39_length_43687_cov_46.105028	99.96		True
CONTIG	NODE_39_length_43687_cov_46.105028	43687	misassembled
1343879	1386451	42578	1	NC_002945.4	NODE_40_length_42578_cov_49.100893	99.99		True
CONTIG	NODE_40_length_42578_cov_49.100893	42578	correct
930668	970127	39580	1	NC_002945.4	NODE_41_length_39741_cov_49.770611	99.68		True
CONTIG	NODE_41_length_39741_cov_49.770611	39741	correct
2246084	2283745	114	37777	NC_002945.4	NODE_42_length_37777_cov_51.769801	99.95		True
CONTIG	NODE_42_length_37777_cov_51.769801	37777	correct
363892	401308	1	37417	NC_002945.4	NODE_43_length_37417_cov_47.659989	99.99		True
CONTIG	NODE_43_length_37417_cov_47.659989	37417	correct
4259930	4294061	1	34130	NC_002945.4	NODE_44_length_34582_cov_49.290001	99.97		True
local misassembly
4294164	4294615	34131	34582	NC_002945.4	NODE_44_length_34582_cov_49.290001	100.0		True
CONTIG	NODE_44_length_34582_cov_49.290001	34582	correct
3737665	3759357	21832	182	NC_002945.4	NODE_45_length_34441_cov_48.854695	99.73		True
local misassembly
3724846	3737454	34441	21833	NC_002945.4	NODE_45_length_34441_cov_48.854695	99.98		True
CONTIG	NODE_45_length_34441_cov_48.854695	34441	correct
1190092	1204758	14667	1	NC_002945.4	NODE_46_length_33971_cov_51.397707	99.97		True
local misassembly
1170557	1189860	33971	14668	NC_002945.4	NODE_46_length_33971_cov_51.397707	99.99		True
CONTIG	NODE_46_length_33971_cov_51.397707	33971	correct
2161798	2192094	1	30298	NC_002945.4	NODE_47_length_30298_cov_50.565543	99.99		True
CONTIG	NODE_47_length_30298_cov_50.565543	30298	correct
2056980	2083593	1	26614	NC_002945.4	NODE_48_length_26642_cov_50.046049	99.98		True
CONTIG	NODE_48_length_26642_cov_50.046049	26642	correct
1387395	1412955	25561	1	NC_002945.4	NODE_49_length_25921_cov_47.162363	99.98		True
local misassembly
1386952	1387275	25885	25562	NC_002945.4	NODE_49_length_25921_cov_47.162363	98.5		True
CONTIG	NODE_49_length_25921_cov_47.162363	25921	correct
2776956	2799828	3	22875	NC_002945.4	NODE_50_length_22875_cov_51.376648	99.99		True
CONTIG	NODE_50_length_22875_cov_51.376648	22875	correct
2386668	2408708	1	22041	NC_002945.4	NODE_51_length_22041_cov_41.289450	100.0		True
CONTIG	NODE_51_length_22041_cov_41.289450	22041	correct
2423267	2444953	1	21687	NC_002945.4	NODE_52_length_21687_cov_50.985204	99.99		True
CONTIG	NODE_52_length_21687_cov_50.985204	21687	correct
2140830	2158516	131	17817	NC_002945.4	NODE_53_length_20452_cov_50.949520	99.96		True
local misassembly
2158655	2158913	17818	18076	NC_002945.4	NODE_53_length_20452_cov_50.949520	100.0		True
fake: scaffold gap size wrong estimation (local)
2158914	2160444	18108	19638	NC_002945.4	NODE_53_length_20452_cov_50.949520	95.49		True
CONTIG	NODE_53_length_20452_cov_50.949520	20452	correct
1471935	1490747	1	18814	NC_002945.4	NODE_54_length_19260_cov_57.760414	99.98		True
local misassembly
1490961	1491406	18815	19260	NC_002945.4	NODE_54_length_19260_cov_57.760414	100.0		True
CONTIG	NODE_54_length_19260_cov_57.760414	19260	correct
3759309	3777383	2	18078	NC_002945.4	NODE_55_length_18078_cov_44.192357	99.93		True
CONTIG	NODE_55_length_18078_cov_44.192357	18078	correct
892165	909508	1	17344	NC_002945.4	NODE_56_length_17344_cov_50.738747	99.99		True
CONTIG	NODE_56_length_17344_cov_50.738747	17344	correct
910050	926278	1	16229	NC_002945.4	NODE_57_length_16229_cov_53.486648	99.99		True
CONTIG	NODE_57_length_16229_cov_53.486648	16229	correct
3882139	3882726	633	46	NC_002945.4	NODE_58_length_16127_cov_44.484063	100.0		True
relocation, inconsistency = 3257263
624710	624842	799	667	NC_002945.4	NODE_58_length_16127_cov_44.484063	100.0		True
local misassembly
609085	624412	16127	800	NC_002945.4	NODE_58_length_16127_cov_44.484063	99.98		True
CONTIG	NODE_58_length_16127_cov_44.484063	16127	misassembled
2916851	2932870	1	15954	NC_002945.4	NODE_59_length_15954_cov_55.269729	99.56		True
CONTIG	NODE_59_length_15954_cov_55.269729	15954	correct
3193780	3209295	1	15616	NC_002945.4	NODE_60_length_15616_cov_50.364452	99.99		True
CONTIG	NODE_60_length_15616_cov_50.364452	15616	correct
2041071	2056392	15322	1	NC_002945.4	NODE_61_length_15322_cov_52.253702	99.99		True
CONTIG	NODE_61_length_15322_cov_52.253702	15322	correct
4294615	4309398	1	14784	NC_002945.4	NODE_62_length_14942_cov_43.838947	99.99		True
CONTIG	NODE_62_length_14942_cov_43.838947	14942	correct
2372456	2386761	119	14424	NC_002945.4	NODE_63_length_14424_cov_50.336714	99.97		True
CONTIG	NODE_63_length_14424_cov_50.336714	14424	correct
2409215	2422776	196	13757	NC_002945.4	NODE_64_length_13757_cov_47.028760	99.96		True
CONTIG	NODE_64_length_13757_cov_47.028760	13757	correct
1214750	1218291	3677	136	NC_002945.4	NODE_65_length_13423_cov_42.735033	100.0		True
local misassembly
1213655	1214774	4916	3797	NC_002945.4	NODE_65_length_13423_cov_42.735033	99.74		True
local misassembly
1204827	1213204	13294	4917	NC_002945.4	NODE_65_length_13423_cov_42.735033	99.98		True
CONTIG	NODE_65_length_13423_cov_42.735033	13423	correct
3712180	3724867	12688	1	NC_002945.4	NODE_66_length_12688_cov_36.164557	99.95		True
CONTIG	NODE_66_length_12688_cov_36.164557	12688	correct
2944619	2957076	1	12458	NC_002945.4	NODE_67_length_12458_cov_47.819074	99.98		True
CONTIG	NODE_67_length_12458_cov_47.819074	12458	correct
3890969	3895304	4513	178	NC_002945.4	NODE_68_length_11589_cov_22.892165	99.92		True
local misassembly
3884643	3890278	10158	4514	NC_002945.4	NODE_68_length_11589_cov_22.892165	99.82		True
local misassembly
3882645	3884027	11589	10159	NC_002945.4	NODE_68_length_11589_cov_22.892165	96.95		True
CONTIG	NODE_68_length_11589_cov_22.892165	11589	correct
2933832	2943963	192	10323	NC_002945.4	NODE_69_length_10323_cov_48.477834	99.98		True
CONTIG	NODE_69_length_10323_cov_48.477834	10323	correct
3209301	3219339	1	10039	NC_002945.4	NODE_70_length_10039_cov_47.355831	100.0		True
CONTIG	NODE_70_length_10039_cov_47.355831	10039	correct
2444936	2453624	1	8689	NC_002945.4	NODE_71_length_8689_cov_49.117730	100.0		True
CONTIG	NODE_71_length_8689_cov_49.117730	8689	correct
3700293	3708648	1	8356	NC_002945.4	NODE_72_length_8389_cov_33.373154	99.96		True
CONTIG	NODE_72_length_8389_cov_33.373154	8389	correct
3980124	3984670	4576	30	NC_002945.4	NODE_73_length_4576_cov_42.977973	99.91		True
CONTIG	NODE_73_length_4576_cov_42.977973	4576	correct
1165899	1169900	1	4002	NC_002945.4	NODE_74_length_4002_cov_51.066323	99.98		True
CONTIG	NODE_74_length_4002_cov_51.066323	4002	correct
2284620	2287647	3028	1	NC_002945.4	NODE_75_length_3028_cov_38.497070	99.77		True
CONTIG	NODE_75_length_3028_cov_38.497070	3028	correct
2290710	2293716	1	3007	NC_002945.4	NODE_76_length_3007_cov_33.102778	100.0		True
CONTIG	NODE_76_length_3007_cov_33.102778	3007	correct
3708452	3711403	2952	1	NC_002945.4	NODE_77_length_2952_cov_29.396106	99.66		True
CONTIG	NODE_77_length_2952_cov_29.396106	2952	correct
1993335	1996096	1	2762	NC_002945.4	NODE_78_length_2762_cov_58.885389	100.0		True
CONTIG	NODE_78_length_2762_cov_58.885389	2762	correct
3878413	3881088	121	2688	NC_002945.4	NODE_79_length_2688_cov_8.691527	95.93		True
CONTIG	NODE_79_length_2688_cov_8.691527	2688	correct
1635657	1638030	2374	1	NC_002945.4	NODE_80_length_2374_cov_29.915443	100.0		True
CONTIG	NODE_80_length_2374_cov_29.915443	2374	correct
334077	336435	1	2278	NC_002945.4	NODE_81_length_2278_cov_11.415156	96.48		True
CONTIG	NODE_81_length_2278_cov_11.415156	2278	correct
2609387	2611609	2223	1	NC_002945.4	NODE_82_length_2223_cov_34.122137	100.0		True
CONTIG	NODE_82_length_2223_cov_34.122137	2223	correct
674700	676361	1	1662	NC_002945.4	NODE_83_length_1671_cov_6.273964	100.0		True
CONTIG	NODE_83_length_1671_cov_6.273964	1671	correct
1094890	1096461	1	1572	NC_002945.4	NODE_84_length_1572_cov_45.121799	100.0		True
CONTIG	NODE_84_length_1572_cov_45.121799	1572	correct
401182	402731	1550	1	NC_002945.4	NODE_85_length_1550_cov_84.647224	99.94		True
CONTIG	NODE_85_length_1550_cov_84.647224	1550	correct
4193589	4195052	1464	1	NC_002945.4	NODE_86_length_1464_cov_115.858639	100.0		True
CONTIG	NODE_86_length_1464_cov_115.858639	1464	correct
3443593	3445031	1439	1	NC_002945.4	NODE_87_length_1439_cov_61.083841	100.0		True
CONTIG	NODE_87_length_1439_cov_61.083841	1439	correct
890952	892291	1340	1	NC_002945.4	NODE_88_length_1340_cov_90.690849	100.0		True
CONTIG	NODE_88_length_1340_cov_90.690849	1340	correct
2324664	2325833	1170	1	NC_002945.4	NODE_89_length_1337_cov_39.930579	100.0		True
CONTIG	NODE_89_length_1337_cov_39.930579	1337	correct
3339137	3340461	1325	1	NC_002945.4	NODE_90_length_1325_cov_49.395659	100.0		True
CONTIG	NODE_90_length_1325_cov_49.395659	1325	correct
3835659	3836979	1	1321	NC_002945.4	NODE_91_length_1321_cov_97.904523	99.77		True
CONTIG	NODE_91_length_1321_cov_97.904523	1321	correct
673511	674738	66	1257	NC_002945.4	NODE_92_length_1262_cov_4.556828	96.25		True
CONTIG	NODE_92_length_1262_cov_4.556828	1262	correct
2288581	2289835	1	1255	NC_002945.4	NODE_93_length_1255_cov_48.604610	100.0		True
CONTIG	NODE_93_length_1255_cov_48.604610	1255	correct
839662	840718	1	1057	NC_002945.4	NODE_94_length_1236_cov_14.941389	100.0		True
CONTIG	NODE_94_length_1236_cov_14.941389	1236	correct
2287521	2288707	1	1187	NC_002945.4	NODE_95_length_1187_cov_36.703774	100.0		True
CONTIG	NODE_95_length_1187_cov_36.703774	1187	correct
2289709	2290836	1	1128	NC_002945.4	NODE_96_length_1128_cov_87.576424	99.91		True
CONTIG	NODE_96_length_1128_cov_87.576424	1128	correct
2774500	2774616	117	1	NC_002945.4	NODE_97_length_1102_cov_7.717949	100.0		True
local misassembly
2774490	2775474	1102	118	NC_002945.4	NODE_97_length_1102_cov_7.717949	100.0		True
CONTIG	NODE_97_length_1102_cov_7.717949	1102	correct
1340970	1342059	1090	1	NC_002945.4	NODE_98_length_1090_cov_40.017653	99.91		True
CONTIG	NODE_98_length_1090_cov_40.017653	1090	correct
3711277	3712306	1	1030	NC_002945.4	NODE_99_length_1030_cov_102.022148	100.0		True
CONTIG	NODE_99_length_1030_cov_102.022148	1030	correct
1165044	1166025	1	982	NC_002945.4	NODE_100_length_982_cov_109.516959	100.0		True
CONTIG	NODE_100_length_982_cov_109.516959	982	correct
4309399	4310371	1	973	NC_002945.4	NODE_101_length_973_cov_35.147754	100.0		True
CONTIG	NODE_101_length_973_cov_35.147754	973	correct
3442285	3443193	1	909	NC_002945.4	NODE_102_length_909_cov_313.235294	100.0		True
CONTIG	NODE_102_length_909_cov_313.235294	909	correct
3341521	3342410	890	1	NC_002945.4	NODE_103_length_890_cov_34.208388	100.0		True
CONTIG	NODE_103_length_890_cov_34.208388	890	correct
1218461	1218875	415	1	NC_002945.4	NODE_104_length_878_cov_1.655126	100.0		True
CONTIG	NODE_104_length_878_cov_1.655126	878	correct
2191968	2192811	1	844	NC_002945.4	NODE_105_length_844_cov_99.019526	100.0		True
CONTIG	NODE_105_length_844_cov_99.019526	844	correct
3444905	3445699	795	1	NC_002945.4	NODE_106_length_795_cov_99.582335	100.0		True
CONTIG	NODE_106_length_795_cov_99.582335	795	correct
1985752	1986525	1	774	NC_002945.4	NODE_107_length_774_cov_5.307573	100.0		True
CONTIG	NODE_107_length_774_cov_5.307573	774	correct
1638369	1638820	452	1	NC_002945.4	NODE_108_length_773_cov_3.263158	100.0		True
local misassembly
1637904	1638224	773	453	NC_002945.4	NODE_108_length_773_cov_3.263158	100.0		True
CONTIG	NODE_108_length_773_cov_3.263158	773	correct
2422650	2423393	1	744	NC_002945.4	NODE_109_length_744_cov_93.706645	100.0		True
CONTIG	NODE_109_length_744_cov_93.706645	744	correct
2773532	2774141	84	693	NC_002945.4	NODE_110_length_693_cov_6.415194	99.84		True
CONTIG	NODE_110_length_693_cov_6.415194	693	correct
3340552	3341186	635	1	NC_002945.4	NODE_111_length_635_cov_36.161417	100.0		True
CONTIG	NODE_111_length_635_cov_36.161417	635	correct
1342064	1342697	1	634	NC_002945.4	NODE_112_length_634_cov_66.349112	100.0		True
CONTIG	NODE_112_length_634_cov_66.349112	634	correct
1573407	1573839	185	617	NC_002945.4	NODE_113_length_617_cov_1.820408	100.0		True
CONTIG	NODE_113_length_617_cov_1.820408	617	correct
3341060	3341647	1	588	NC_002945.4	NODE_114_length_588_cov_75.809111	100.0		True
CONTIG	NODE_114_length_588_cov_75.809111	588	correct
841565	841988	8	431	NC_002945.4	NODE_115_length_577_cov_0.757778	95.05		True
CONTIG	NODE_115_length_577_cov_0.757778	577	correct
362944	363380	7	443	NC_002945.4	NODE_116_length_576_cov_2.746102	99.77		True
CONTIG	NODE_116_length_576_cov_2.746102	576	correct
927050	927455	1	406	NC_002945.4	NODE_117_length_565_cov_1.515982	99.26		True
CONTIG	NODE_117_length_565_cov_1.515982	565	correct
CONTIG	NODE_118_length_516_cov_0.498715	516	unaligned
