S1	E1	S2	E2	Reference	Contig	IDY	Ambiguous	Best_group
2444879	2665704	221009	126	NC_002945.4	NODE_1_length_221009_cov_50.916983	99.96		True
CONTIG	NODE_1_length_221009_cov_50.916983	221009	correct
402605	607788	1	204915	NC_002945.4	NODE_2_length_204915_cov_49.647426	99.86		True
CONTIG	NODE_2_length_204915_cov_49.647426	204915	correct
3510801	3673271	162360	1	NC_002945.4	NODE_3_length_162486_cov_52.089826	99.92		True
CONTIG	NODE_3_length_162486_cov_52.089826	162486	correct
30083	103918	73849	1	NC_002945.4	NODE_4_length_158615_cov_51.446128	99.96		True
local misassembly
1	29469	103319	73851	NC_002945.4	NODE_4_length_158615_cov_51.446128	99.99		True
fake: not a misassembly [linear representation of circular genome]
4294608	4349904	158615	103320	NC_002945.4	NODE_4_length_158615_cov_51.446128	99.99		True
CONTIG	NODE_4_length_158615_cov_51.446128	158615	correct
4035828	4193715	157773	1	NC_002945.4	NODE_5_length_157773_cov_51.390273	99.92		True
CONTIG	NODE_5_length_157773_cov_51.390273	157773	correct
150052	306692	156614	1	NC_002945.4	NODE_6_length_156614_cov_52.082806	99.97		True
CONTIG	NODE_6_length_156614_cov_52.082806	156614	correct
1638916	1769053	161	130296	NC_002945.4	NODE_7_length_130388_cov_49.828260	99.99		True
CONTIG	NODE_7_length_130388_cov_49.828260	130388	correct
2957039	3081542	124549	1	NC_002945.4	NODE_8_length_124549_cov_51.915730	99.87		True
CONTIG	NODE_8_length_124549_cov_51.915730	124549	correct
1010930	1091963	81327	291	NC_002945.4	NODE_9_length_120639_cov_50.925725	99.99		True
relocation, inconsistency = 1457
970273	1009472	120526	81328	NC_002945.4	NODE_9_length_120639_cov_50.925725	99.98		True
CONTIG	NODE_9_length_120639_cov_50.925725	120639	misassembled
3297493	3338802	41479	1	NC_002945.4	NODE_10_length_119668_cov_49.929907	99.81		True
indel: stretch of mismatches
3219361	3297478	119668	41494	NC_002945.4	NODE_10_length_119668_cov_49.929907	99.92		True
CONTIG	NODE_10_length_119668_cov_49.929907	119668	correct
726760	824045	120	97406	NC_002945.4	NODE_11_length_110895_cov_51.010301	99.99		True
local misassembly
824601	838089	97407	110895	NC_002945.4	NODE_11_length_110895_cov_51.010301	99.97		True
CONTIG	NODE_11_length_110895_cov_51.010301	110895	correct
3082645	3193870	110438	1	NC_002945.4	NODE_12_length_110438_cov_51.527862	99.26		True
CONTIG	NODE_12_length_110438_cov_51.527862	110438	correct
1779460	1885341	105882	1	NC_002945.4	NODE_13_length_105882_cov_49.066115	99.99		True
CONTIG	NODE_13_length_105882_cov_49.066115	105882	correct
1491972	1573883	82074	163	NC_002945.4	NODE_14_length_101800_cov_49.588032	99.93		True
local misassembly
1490961	1491858	82986	82089	NC_002945.4	NODE_14_length_101800_cov_49.588032	100.0		True
local misassembly
1471935	1490747	101800	82987	NC_002945.4	NODE_14_length_101800_cov_49.588032	99.98		True
CONTIG	NODE_14_length_101800_cov_49.588032	101800	correct
1885270	1985614	99957	22	NC_002945.4	NODE_15_length_99957_cov_52.758469	99.58		True
CONTIG	NODE_15_length_99957_cov_52.758469	99957	correct
3343594	3442410	1	98885	NC_002945.4	NODE_16_length_98885_cov_51.211487	99.92		True
CONTIG	NODE_16_length_98885_cov_51.211487	98885	correct
3897145	3979539	1	82386	NC_002945.4	NODE_17_length_86754_cov_52.157087	99.98		True
local misassembly
3980507	3984588	82653	86734	NC_002945.4	NODE_17_length_86754_cov_52.157087	99.95		True
CONTIG	NODE_17_length_86754_cov_52.157087	86754	correct
2057111	2083604	134	26627	NC_002945.4	NODE_18_length_84010_cov_51.887522	99.98		True
local misassembly
2083596	2140730	26766	83900	NC_002945.4	NODE_18_length_84010_cov_51.887522	99.99		True
CONTIG	NODE_18_length_84010_cov_51.887522	84010	correct
2693912	2773057	79184	40	NC_002945.4	NODE_19_length_79184_cov_49.171484	99.99		True
CONTIG	NODE_19_length_79184_cov_49.171484	79184	correct
2326869	2372315	45447	1	NC_002945.4	NODE_20_length_75070_cov_50.277518	99.98		True
relocation, inconsistency = 2596
2294650	2324272	75070	45448	NC_002945.4	NODE_20_length_75070_cov_50.277518	99.99		True
CONTIG	NODE_20_length_75070_cov_50.277518	75070	misassembled
1096985	1165170	1	68175	NC_002945.4	NODE_21_length_68175_cov_51.445729	99.97		True
CONTIG	NODE_21_length_68175_cov_51.445729	68175	correct
2852103	2916393	64290	1	NC_002945.4	NODE_22_length_64290_cov_51.863971	99.98		True
CONTIG	NODE_22_length_64290_cov_51.863971	64290	correct
4194926	4259153	64228	1	NC_002945.4	NODE_23_length_64228_cov_51.626995	99.99		True
CONTIG	NODE_23_length_64228_cov_51.626995	64228	correct
1280097	1343223	63189	1	NC_002945.4	NODE_24_length_63189_cov_56.135708	99.89		True
CONTIG	NODE_24_length_63189_cov_56.135708	63189	correct
1219297	1278412	5	59120	NC_002945.4	NODE_25_length_59120_cov_51.544031	99.98		True
CONTIG	NODE_25_length_59120_cov_51.544031	59120	correct
2041180	2056268	15329	241	NC_002945.4	NODE_26_length_58913_cov_50.499149	99.98		True
local misassembly
1997383	2040849	58796	15330	NC_002945.4	NODE_26_length_58913_cov_50.499149	99.98		True
CONTIG	NODE_26_length_58913_cov_50.499149	58913	correct
3777400	3835785	58318	1	NC_002945.4	NODE_27_length_58318_cov_53.073809	99.87		True
CONTIG	NODE_27_length_58318_cov_53.073809	58318	correct
1413935	1470724	56733	1	NC_002945.4	NODE_28_length_56733_cov_52.570399	99.89		True
CONTIG	NODE_28_length_56733_cov_52.570399	56733	correct
2192685	2245161	1	52477	NC_002945.4	NODE_29_length_52477_cov_51.709016	99.99		True
CONTIG	NODE_29_length_52477_cov_51.709016	52477	correct
2801012	2851986	1	50975	NC_002945.4	NODE_30_length_51096_cov_53.478134	99.99		True
CONTIG	NODE_30_length_51096_cov_53.478134	51096	correct
3984850	4000631	151	15932	NC_002945.4	NODE_31_length_50956_cov_53.132070	100.0		True
fake: scaffold gap size wrong estimation (local)
4000854	4035777	16033	50956	NC_002945.4	NODE_31_length_50956_cov_53.132070	99.98		True
CONTIG	NODE_31_length_50956_cov_53.132070	50956	correct
676649	726437	49816	28	NC_002945.4	NODE_32_length_50009_cov_50.433443	99.98		True
CONTIG	NODE_32_length_50009_cov_50.433443	50009	correct
1574008	1623825	49818	1	NC_002945.4	NODE_33_length_49818_cov_52.050230	99.98		True
CONTIG	NODE_33_length_49818_cov_52.050230	49818	correct
841736	891078	49211	1	NC_002945.4	NODE_34_length_49403_cov_49.551709	99.72		True
CONTIG	NODE_34_length_49403_cov_49.551709	49403	correct
625300	674642	49343	1	NC_002945.4	NODE_35_length_49343_cov_50.065670	99.99		True
CONTIG	NODE_35_length_49343_cov_50.065670	49343	correct
3737688	3758852	21336	172	NC_002945.4	NODE_36_length_46634_cov_44.063238	99.99		True
local misassembly
3712180	3737477	46634	21337	NC_002945.4	NODE_36_length_46634_cov_44.063238	99.97		True
CONTIG	NODE_36_length_46634_cov_44.063238	46634	correct
3445573	3490468	44896	1	NC_002945.4	NODE_37_length_44896_cov_50.370234	99.97		True
CONTIG	NODE_37_length_44896_cov_50.370234	44896	correct
3836888	3881507	1	44486	NC_002945.4	NODE_38_length_44486_cov_48.039812	99.6		True
CONTIG	NODE_38_length_44486_cov_48.039812	44486	correct
1343879	1386667	1	42794	NC_002945.4	NODE_39_length_42794_cov_52.237068	99.99		True
CONTIG	NODE_39_length_42794_cov_52.237068	42794	correct
1190085	1213832	23860	188	NC_002945.4	NODE_40_length_42631_cov_48.907021	99.66		True
local misassembly
1171083	1189853	42631	23861	NC_002945.4	NODE_40_length_42631_cov_48.907021	99.98		True
CONTIG	NODE_40_length_42631_cov_48.907021	42631	correct
928091	970091	42322	1	NC_002945.4	NODE_41_length_42322_cov_50.087238	98.88		True
CONTIG	NODE_41_length_42322_cov_50.087238	42322	correct
363882	401308	37427	1	NC_002945.4	NODE_42_length_37427_cov_49.210965	99.99		True
CONTIG	NODE_42_length_37427_cov_49.210965	37427	correct
1387020	1412955	25936	1	NC_002945.4	NODE_43_length_37385_cov_42.127194	99.94		True
relocation, inconsistency = 2468692
3882139	3884027	26428	28364	NC_002945.4	NODE_43_length_37385_cov_42.127194	97.69		True
local misassembly
3884643	3890278	28365	34009	NC_002945.4	NODE_43_length_37385_cov_42.127194	99.79		True
local misassembly
3890969	3894344	34010	37385	NC_002945.4	NODE_43_length_37385_cov_42.127194	99.89		True
CONTIG	NODE_43_length_37385_cov_42.127194	37385	misassembled
2246369	2283745	37379	1	NC_002945.4	NODE_44_length_37379_cov_53.543917	99.95		True
CONTIG	NODE_44_length_37379_cov_53.543917	37379	correct
2409196	2422776	13581	1	NC_002945.4	NODE_45_length_35197_cov_48.414713	99.97		True
local misassembly
2386668	2408283	35197	13582	NC_002945.4	NODE_45_length_35197_cov_48.414713	100.0		True
CONTIG	NODE_45_length_35197_cov_48.414713	35197	correct
2161798	2192094	1	30298	NC_002945.4	NODE_46_length_30298_cov_49.854430	99.99		True
CONTIG	NODE_46_length_30298_cov_49.854430	30298	correct
335487	336350	377	1240	NC_002945.4	NODE_47_length_28393_cov_44.726562	99.89		True
local misassembly
336822	363695	1241	28036	NC_002945.4	NODE_47_length_28393_cov_44.726562	99.48		True
CONTIG	NODE_47_length_28393_cov_44.726562	28393	correct
105040	132681	1	27642	NC_002945.4	NODE_48_length_27642_cov_48.417372	99.98		True
CONTIG	NODE_48_length_27642_cov_48.417372	27642	correct
2665978	2693421	27443	1	NC_002945.4	NODE_49_length_27604_cov_53.002584	99.99		True
CONTIG	NODE_49_length_27604_cov_53.002584	27604	correct
306721	333298	1	26473	NC_002945.4	NODE_50_length_26713_cov_51.433273	99.6		True
CONTIG	NODE_50_length_26713_cov_51.433273	26713	correct
3674358	3700298	25923	1	NC_002945.4	NODE_51_length_25923_cov_37.463677	99.92		True
CONTIG	NODE_51_length_25923_cov_37.463677	25923	correct
2776895	2799828	1	22934	NC_002945.4	NODE_52_length_22934_cov_52.504626	100.0		True
CONTIG	NODE_52_length_22934_cov_52.504626	22934	correct
4259930	4281641	21727	18	NC_002945.4	NODE_53_length_21727_cov_48.123611	99.98		True
CONTIG	NODE_53_length_21727_cov_48.123611	21727	correct
2423267	2444896	21630	1	NC_002945.4	NODE_54_length_21630_cov_53.044552	99.99		True
CONTIG	NODE_54_length_21630_cov_53.044552	21630	correct
3490524	3510803	20410	128	NC_002945.4	NODE_55_length_20410_cov_53.676675	99.97		True
CONTIG	NODE_55_length_20410_cov_53.676675	20410	correct
2140800	2158516	1	17717	NC_002945.4	NODE_56_length_20352_cov_48.616613	99.95		True
local misassembly
2158655	2158913	17718	17976	NC_002945.4	NODE_56_length_20352_cov_48.616613	100.0		True
fake: scaffold gap size wrong estimation (local)
2158914	2160444	18008	19538	NC_002945.4	NODE_56_length_20352_cov_48.616613	95.49		True
CONTIG	NODE_56_length_20352_cov_48.616613	20352	correct
3759757	3777383	17629	1	NC_002945.4	NODE_57_length_17629_cov_50.849846	99.95		True
CONTIG	NODE_57_length_17629_cov_50.849846	17629	correct
892165	909508	1	17344	NC_002945.4	NODE_58_length_17344_cov_52.650055	99.99		True
CONTIG	NODE_58_length_17344_cov_52.650055	17344	correct
132662	149981	1	17320	NC_002945.4	NODE_59_length_17320_cov_54.192055	99.97		True
CONTIG	NODE_59_length_17320_cov_54.192055	17320	correct
910050	926209	1	16160	NC_002945.4	NODE_60_length_16160_cov_54.359696	99.98		True
CONTIG	NODE_60_length_16160_cov_54.359696	16160	correct
3193780	3209295	15616	1	NC_002945.4	NODE_61_length_15616_cov_51.153722	100.0		True
CONTIG	NODE_61_length_15616_cov_51.153722	15616	correct
609085	624387	1	15303	NC_002945.4	NODE_62_length_15413_cov_53.032055	99.99		True
CONTIG	NODE_62_length_15413_cov_53.032055	15413	correct
2916851	2932220	15377	8	NC_002945.4	NODE_63_length_15377_cov_56.025836	99.95		True
CONTIG	NODE_63_length_15377_cov_56.025836	15377	correct
2372411	2386761	14351	1	NC_002945.4	NODE_64_length_14351_cov_51.880976	99.98		True
CONTIG	NODE_64_length_14351_cov_51.880976	14351	correct
2944619	2957076	12458	1	NC_002945.4	NODE_65_length_12458_cov_52.481469	99.98		True
CONTIG	NODE_65_length_12458_cov_52.481469	12458	correct
4281698	4293934	12271	35	NC_002945.4	NODE_66_length_12338_cov_46.328474	99.99		True
CONTIG	NODE_66_length_12338_cov_46.328474	12338	correct
3700270	3711048	241	11019	NC_002945.4	NODE_67_length_11019_cov_37.733015	100.0		True
CONTIG	NODE_67_length_11019_cov_37.733015	11019	correct
2933840	2943963	10124	1	NC_002945.4	NODE_68_length_10333_cov_50.705957	99.99		True
CONTIG	NODE_68_length_10333_cov_50.705957	10333	correct
3209408	3219354	9947	1	NC_002945.4	NODE_69_length_10064_cov_49.958237	100.0		True
CONTIG	NODE_69_length_10064_cov_49.958237	10064	correct
1623919	1633308	165	9497	NC_002945.4	NODE_70_length_9615_cov_45.712479	99.36		True
CONTIG	NODE_70_length_9615_cov_45.712479	9615	correct
1987165	1992127	4964	1	NC_002945.4	NODE_71_length_5279_cov_53.966227	99.98		True
local misassembly
1986658	1986831	5138	4965	NC_002945.4	NODE_71_length_5279_cov_53.966227	98.91		True
CONTIG	NODE_71_length_5279_cov_53.966227	5279	correct
1218640	1218932	293	1	NC_002945.4	NODE_72_length_4912_cov_38.002508	100.0		True
local misassembly
1214750	1218356	3952	346	NC_002945.4	NODE_72_length_4912_cov_38.002508	100.0		True
local misassembly
1213934	1214774	4912	4072	NC_002945.4	NODE_72_length_4912_cov_38.002508	99.76		True
CONTIG	NODE_72_length_4912_cov_38.002508	4912	correct
1092426	1096461	4036	1	NC_002945.4	NODE_73_length_4036_cov_45.401637	100.0		True
CONTIG	NODE_73_length_4036_cov_45.401637	4036	correct
1165899	1169900	4002	1	NC_002945.4	NODE_74_length_4002_cov_50.989935	99.98		True
CONTIG	NODE_74_length_4002_cov_50.989935	4002	correct
2284620	2287647	3028	1	NC_002945.4	NODE_75_length_3028_cov_38.387797	99.77		True
CONTIG	NODE_75_length_3028_cov_38.387797	3028	correct
1635657	1638240	1	2530	NC_002945.4	NODE_76_length_3024_cov_28.269934	97.91		True
local misassembly
1638385	1638711	2531	2857	NC_002945.4	NODE_76_length_3024_cov_28.269934	100.0		True
CONTIG	NODE_76_length_3024_cov_28.269934	3024	correct
2290710	2293716	1	3007	NC_002945.4	NODE_77_length_3007_cov_40.463889	100.0		True
CONTIG	NODE_77_length_3007_cov_40.463889	3007	correct
1993335	1995984	1	2650	NC_002945.4	NODE_78_length_2800_cov_61.096895	100.0		True
CONTIG	NODE_78_length_2800_cov_61.096895	2800	correct
674710	676294	1603	19	NC_002945.4	NODE_79_length_1603_cov_5.488482	100.0		True
CONTIG	NODE_79_length_1603_cov_5.488482	1603	correct
607662	609211	1550	1	NC_002945.4	NODE_80_length_1550_cov_98.021785	100.0		True
CONTIG	NODE_80_length_1550_cov_98.021785	1550	correct
4193589	4195052	1464	1	NC_002945.4	NODE_81_length_1464_cov_102.068063	100.0		True
CONTIG	NODE_81_length_1464_cov_102.068063	1464	correct
1992001	1993461	1461	1	NC_002945.4	NODE_82_length_1461_cov_69.628936	100.0		True
CONTIG	NODE_82_length_1461_cov_69.628936	1461	correct
3443593	3445031	1439	1	NC_002945.4	NODE_83_length_1439_cov_60.013720	100.0		True
CONTIG	NODE_83_length_1439_cov_60.013720	1439	correct
3081416	3082771	1356	1	NC_002945.4	NODE_84_length_1356_cov_107.233523	100.0		True
CONTIG	NODE_84_length_1356_cov_107.233523	1356	correct
890952	892291	1340	1	NC_002945.4	NODE_85_length_1340_cov_92.384171	100.0		True
CONTIG	NODE_85_length_1340_cov_92.384171	1340	correct
3339137	3340461	1325	1	NC_002945.4	NODE_86_length_1325_cov_59.097663	100.0		True
CONTIG	NODE_86_length_1325_cov_59.097663	1325	correct
3835659	3836979	1	1321	NC_002945.4	NODE_87_length_1321_cov_115.369347	99.7		True
CONTIG	NODE_87_length_1321_cov_115.369347	1321	correct
839643	840892	11	1260	NC_002945.4	NODE_88_length_1260_cov_20.653133	100.0		True
CONTIG	NODE_88_length_1260_cov_20.653133	1260	correct
2288581	2289835	1255	1	NC_002945.4	NODE_89_length_1255_cov_53.907801	100.0		True
CONTIG	NODE_89_length_1255_cov_53.907801	1255	correct
2287521	2288707	1187	1	NC_002945.4	NODE_90_length_1187_cov_48.927358	100.0		True
CONTIG	NODE_90_length_1187_cov_48.927358	1187	correct
2283619	2284746	1128	1	NC_002945.4	NODE_91_length_1128_cov_105.193806	99.91		True
CONTIG	NODE_91_length_1128_cov_105.193806	1128	correct
2324821	2325804	1048	65	NC_002945.4	NODE_92_length_1048_cov_47.781759	100.0		True
CONTIG	NODE_92_length_1048_cov_47.781759	1048	correct
3711277	3712306	1030	1	NC_002945.4	NODE_93_length_1030_cov_102.912514	100.0		True
CONTIG	NODE_93_length_1030_cov_102.912514	1030	correct
1165044	1166025	1	982	NC_002945.4	NODE_94_length_982_cov_101.534503	99.9		True
CONTIG	NODE_94_length_982_cov_101.534503	982	correct
1996073	1996967	976	82	NC_002945.4	NODE_95_length_976_cov_4.833922	99.89		True
CONTIG	NODE_95_length_976_cov_4.833922	976	correct
1169775	1170683	909	1	NC_002945.4	NODE_96_length_909_cov_325.840153	100.0		True
CONTIG	NODE_96_length_909_cov_325.840153	909	correct
3341521	3342410	890	1	NC_002945.4	NODE_97_length_890_cov_46.820446	100.0		True
CONTIG	NODE_97_length_890_cov_46.820446	890	correct
2191968	2192811	1	844	NC_002945.4	NODE_98_length_844_cov_91.912134	100.0		True
CONTIG	NODE_98_length_844_cov_91.912134	844	correct
2932248	2932868	621	1	NC_002945.4	NODE_99_length_833_cov_2.116147	99.84		True
CONTIG	NODE_99_length_833_cov_2.116147	833	correct
909382	910176	1	795	NC_002945.4	NODE_100_length_795_cov_101.718563	100.0		True
CONTIG	NODE_100_length_795_cov_101.718563	795	correct
2693295	2694038	744	1	NC_002945.4	NODE_101_length_744_cov_104.601297	100.0		True
CONTIG	NODE_101_length_744_cov_104.601297	744	correct
3759068	3759803	1	736	NC_002945.4	NODE_102_length_736_cov_1.206897	99.59		True
CONTIG	NODE_102_length_736_cov_1.206897	736	correct
1985790	1986464	675	1	NC_002945.4	NODE_103_length_682_cov_6.122523	100.0		True
CONTIG	NODE_103_length_682_cov_6.122523	682	correct
2773501	2774141	1	641	NC_002945.4	NODE_104_length_641_cov_4.231518	100.0		True
CONTIG	NODE_104_length_641_cov_4.231518	641	correct
3340552	3341186	635	1	NC_002945.4	NODE_105_length_635_cov_46.403543	100.0		True
CONTIG	NODE_105_length_635_cov_46.403543	635	correct
3341060	3341647	588	1	NC_002945.4	NODE_106_length_588_cov_102.381779	100.0		True
CONTIG	NODE_106_length_588_cov_102.381779	588	correct
2774640	2774749	1	110	NC_002945.4	NODE_107_length_577_cov_9.293333	99.25		True
local misassembly
2774300	2774766	111	577	NC_002945.4	NODE_107_length_577_cov_9.293333	100.0		True
CONTIG	NODE_107_length_577_cov_9.293333	577	correct
839154	839437	1	284	NC_002945.4	NODE_108_length_565_cov_0.776256	99.3		True
CONTIG	NODE_108_length_565_cov_0.776256	565	correct
