S1	E1	S2	E2	Reference	Contig	IDY	Ambiguous	Best_group
3445573	3673271	1	227479	NC_002945.4	NODE_1_length_227479_cov_49.360340	99.88		True
CONTIG	NODE_1_length_227479_cov_49.360340	227479	correct
2453641	2665759	50	212226	NC_002945.4	NODE_2_length_212226_cov_48.530229	99.96		True
CONTIG	NODE_2_length_212226_cov_48.530229	212226	correct
402605	607788	1	204993	NC_002945.4	NODE_3_length_204993_cov_47.843551	99.89		True
CONTIG	NODE_3_length_204993_cov_47.843551	204993	correct
2957039	3124421	166851	158	NC_002945.4	NODE_4_length_166851_cov_48.546058	99.44		True
CONTIG	NODE_4_length_166851_cov_48.546058	166851	correct
152618	306629	1	154012	NC_002945.4	NODE_5_length_154094_cov_49.488351	99.99		True
CONTIG	NODE_5_length_154094_cov_49.488351	154094	correct
4309513	4349904	185	40575	NC_002945.4	NODE_6_length_143894_cov_49.658280	99.99		True
fake: not a misassembly [linear representation of circular genome]
1	29469	40576	70044	NC_002945.4	NODE_6_length_143894_cov_49.658280	99.99		True
local misassembly
30083	103918	70046	143894	NC_002945.4	NODE_6_length_143894_cov_49.658280	99.96		True
CONTIG	NODE_6_length_143894_cov_49.658280	143894	correct
1638966	1769053	948	131034	NC_002945.4	NODE_7_length_131126_cov_51.265376	99.99		True
CONTIG	NODE_7_length_131126_cov_51.265376	131126	correct
970273	1009472	118	39316	NC_002945.4	NODE_8_length_120383_cov_48.711698	99.98		True
relocation, inconsistency = 1457
1010930	1091822	39317	120212	NC_002945.4	NODE_8_length_120383_cov_48.711698	99.99		True
CONTIG	NODE_8_length_120383_cov_48.711698	120383	misassembled
3219416	3338802	74	119686	NC_002945.4	NODE_9_length_119686_cov_48.794478	99.88		True
CONTIG	NODE_9_length_119686_cov_48.794478	119686	correct
1869281	1985647	115901	1	NC_002945.4	NODE_10_length_115901_cov_48.598882	99.58		True
CONTIG	NODE_10_length_115901_cov_48.598882	115901	correct
1574079	1623841	49796	34	NC_002945.4	NODE_11_length_111155_cov_47.398134	99.98		True
relocation, inconsistency = 2412203
4036045	4097403	49797	111155	NC_002945.4	NODE_11_length_111155_cov_47.398134	99.99		True
CONTIG	NODE_11_length_111155_cov_47.398134	111155	misassembled
726466	824045	1	97581	NC_002945.4	NODE_12_length_111058_cov_49.709405	99.99		True
local misassembly
824601	837988	97582	110969	NC_002945.4	NODE_12_length_111058_cov_49.709405	99.98		True
CONTIG	NODE_12_length_111058_cov_49.709405	111058	correct
3343594	3442410	1	98885	NC_002945.4	NODE_13_length_98885_cov_49.541111	99.92		True
CONTIG	NODE_13_length_98885_cov_49.541111	98885	correct
4097387	4193715	1	96329	NC_002945.4	NODE_14_length_96329_cov_50.175599	99.99		True
CONTIG	NODE_14_length_96329_cov_50.175599	96329	correct
2057110	2083604	194	26688	NC_002945.4	NODE_15_length_83970_cov_50.287836	99.98		True
local misassembly
2083596	2140739	26827	83970	NC_002945.4	NODE_15_length_83970_cov_50.287836	99.99		True
CONTIG	NODE_15_length_83970_cov_50.287836	83970	correct
3898832	3979409	80678	101	NC_002945.4	NODE_16_length_80678_cov_48.656615	99.99		True
CONTIG	NODE_16_length_80678_cov_48.656615	80678	correct
2693912	2773065	79153	1	NC_002945.4	NODE_17_length_79153_cov_47.537102	99.99		True
CONTIG	NODE_17_length_79153_cov_47.537102	79153	correct
1779460	1853476	1	74017	NC_002945.4	NODE_18_length_74163_cov_49.296153	99.99		True
CONTIG	NODE_18_length_74163_cov_49.296153	74163	correct
3124639	3193906	1	69214	NC_002945.4	NODE_19_length_69234_cov_48.803898	99.91		True
CONTIG	NODE_19_length_69234_cov_48.803898	69234	correct
1096985	1165170	1	68175	NC_002945.4	NODE_20_length_68175_cov_49.043940	99.97		True
CONTIG	NODE_20_length_68175_cov_49.043940	68175	correct
4194926	4259153	64228	1	NC_002945.4	NODE_21_length_64228_cov_51.306766	99.99		True
CONTIG	NODE_21_length_64228_cov_51.306766	64228	correct
2852110	2916107	61	64057	NC_002945.4	NODE_22_length_64057_cov_47.215173	99.98		True
CONTIG	NODE_22_length_64057_cov_47.215173	64057	correct
338173	401308	63049	1	NC_002945.4	NODE_23_length_63224_cov_45.404029	99.85		True
CONTIG	NODE_23_length_63224_cov_45.404029	63224	correct
1280097	1343223	63189	1	NC_002945.4	NODE_24_length_63189_cov_52.152406	99.89		True
CONTIG	NODE_24_length_63189_cov_52.152406	63189	correct
1219676	1278412	58737	1	NC_002945.4	NODE_25_length_58737_cov_49.541802	99.99		True
CONTIG	NODE_25_length_58737_cov_49.541802	58737	correct
1413935	1470724	1	56733	NC_002945.4	NODE_26_length_56733_cov_50.320266	99.89		True
CONTIG	NODE_26_length_56733_cov_50.320266	56733	correct
2372458	2386819	14362	1	NC_002945.4	NODE_27_length_56176_cov_48.053096	99.98		True
relocation, inconsistency = 1402416
928970	970041	55467	14363	NC_002945.4	NODE_27_length_56176_cov_48.053096	99.48		True
local misassembly
928439	928975	56151	55606	NC_002945.4	NODE_27_length_56176_cov_48.053096	98.35		True
CONTIG	NODE_27_length_56176_cov_48.053096	56176	misassembled
3777400	3830690	1	53291	NC_002945.4	NODE_28_length_53375_cov_48.935509	99.99		True
CONTIG	NODE_28_length_53375_cov_48.935509	53375	correct
3984842	4000631	155	15944	NC_002945.4	NODE_29_length_51092_cov_48.109801	100.0		True
fake: scaffold gap size wrong estimation (local)
4000854	4035717	16045	50908	NC_002945.4	NODE_29_length_51092_cov_48.109801	99.97		True
CONTIG	NODE_29_length_51092_cov_48.109801	51092	correct
2801012	2852054	51043	1	NC_002945.4	NODE_30_length_51043_cov_49.337281	99.99		True
CONTIG	NODE_30_length_51043_cov_49.337281	51043	correct
676634	726474	1	49841	NC_002945.4	NODE_31_length_49841_cov_47.191274	99.99		True
CONTIG	NODE_31_length_49841_cov_47.191274	49841	correct
842799	891078	48280	1	NC_002945.4	NODE_32_length_48280_cov_47.831309	99.98		True
CONTIG	NODE_32_length_48280_cov_47.831309	48280	correct
625448	673271	1	47824	NC_002945.4	NODE_33_length_47910_cov_47.263776	99.99		True
CONTIG	NODE_33_length_47910_cov_47.263776	47910	correct
1997097	2040934	1	43838	NC_002945.4	NODE_34_length_43838_cov_48.091121	99.98		True
CONTIG	NODE_34_length_43838_cov_48.091121	43838	correct
1491987	1535110	117	43240	NC_002945.4	NODE_35_length_43240_cov_52.801777	99.98		True
CONTIG	NODE_35_length_43240_cov_52.801777	43240	correct
1343879	1386516	1	42643	NC_002945.4	NODE_36_length_42643_cov_48.418525	99.98		True
CONTIG	NODE_36_length_42643_cov_48.418525	42643	correct
3836888	3878073	41382	205	NC_002945.4	NODE_37_length_41382_cov_47.473300	99.96		True
CONTIG	NODE_37_length_41382_cov_47.473300	41382	correct
1535942	1573948	38032	26	NC_002945.4	NODE_38_length_38032_cov_48.592560	99.99		True
CONTIG	NODE_38_length_38032_cov_48.592560	38032	correct
2246110	2283745	37638	1	NC_002945.4	NODE_39_length_37821_cov_50.439858	99.95		True
CONTIG	NODE_39_length_37821_cov_50.439858	37821	correct
2210032	2246098	1	36067	NC_002945.4	NODE_40_length_36067_cov_53.591653	100.0		True
CONTIG	NODE_40_length_36067_cov_53.591653	36067	correct
4259930	4293916	34191	207	NC_002945.4	NODE_41_length_34191_cov_49.411285	99.99		True
CONTIG	NODE_41_length_34191_cov_49.411285	34191	correct
3759005	3759275	419	149	NC_002945.4	NODE_42_length_34170_cov_48.262991	100.0		True
local misassembly
3737665	3758806	21561	420	NC_002945.4	NODE_42_length_34170_cov_48.262991	100.0		True
local misassembly
3724846	3737454	34170	21562	NC_002945.4	NODE_42_length_34170_cov_48.262991	99.98		True
CONTIG	NODE_42_length_34170_cov_48.262991	34170	correct
1987340	1992127	4789	1	NC_002945.4	NODE_43_length_30557_cov_38.296221	99.96		True
relocation, inconsistency = -1712804
3674358	3700143	30557	4790	NC_002945.4	NODE_43_length_30557_cov_38.296221	99.9		True
CONTIG	NODE_43_length_30557_cov_38.296221	30557	misassembled
2423267	2453625	30356	112	NC_002945.4	NODE_44_length_30356_cov_50.388402	99.61		True
CONTIG	NODE_44_length_30356_cov_50.388402	30356	correct
2161798	2192094	1	30298	NC_002945.4	NODE_45_length_30298_cov_51.035498	99.99		True
CONTIG	NODE_45_length_30298_cov_51.035498	30298	correct
2294650	2324490	1	29841	NC_002945.4	NODE_46_length_29845_cov_47.221919	99.99		True
CONTIG	NODE_46_length_29845_cov_47.221919	29845	correct
2343833	2372118	1	28286	NC_002945.4	NODE_47_length_28402_cov_46.804881	99.99		True
CONTIG	NODE_47_length_28402_cov_46.804881	28402	correct
105040	132632	27737	145	NC_002945.4	NODE_48_length_27737_cov_45.200326	99.98		True
CONTIG	NODE_48_length_27737_cov_45.200326	27737	correct
2666021	2693421	1	27400	NC_002945.4	NODE_49_length_27400_cov_49.525758	99.98		True
CONTIG	NODE_49_length_27400_cov_49.525758	27400	correct
333299	333426	339	212	NC_002945.4	NODE_50_length_26822_cov_47.653231	99.76		True
indel: stretch of mismatches
306711	333298	26822	340	NC_002945.4	NODE_50_length_26822_cov_47.653231	99.6		True
CONTIG	NODE_50_length_26822_cov_47.653231	26822	correct
1386903	1412955	1	26053	NC_002945.4	NODE_51_length_26053_cov_47.119301	99.98		True
CONTIG	NODE_51_length_26053_cov_47.119301	26053	correct
2776934	2799828	22895	1	NC_002945.4	NODE_52_length_22907_cov_50.452941	100.0		True
CONTIG	NODE_52_length_22907_cov_50.452941	22907	correct
2386726	2408792	22245	179	NC_002945.4	NODE_53_length_22245_cov_43.177864	100.0		True
CONTIG	NODE_53_length_22245_cov_43.177864	22245	correct
1490961	1491866	1034	129	NC_002945.4	NODE_54_length_19848_cov_51.881243	100.0		True
local misassembly
1471935	1490747	19848	1035	NC_002945.4	NODE_54_length_19848_cov_51.881243	99.98		True
CONTIG	NODE_54_length_19848_cov_51.881243	19848	correct
1171083	1189860	1	18778	NC_002945.4	NODE_55_length_18869_cov_47.919005	99.96		True
CONTIG	NODE_55_length_18869_cov_47.919005	18869	correct
3759394	3777383	1	17992	NC_002945.4	NODE_56_length_17992_cov_44.072488	99.95		True
CONTIG	NODE_56_length_17992_cov_44.072488	17992	correct
2326308	2343869	1	17562	NC_002945.4	NODE_57_length_17675_cov_45.679166	99.98		True
CONTIG	NODE_57_length_17675_cov_45.679166	17675	correct
2140774	2158365	1	17523	NC_002945.4	NODE_58_length_17523_cov_51.660957	99.6		True
CONTIG	NODE_58_length_17523_cov_51.660957	17523	correct
2192685	2209982	17460	163	NC_002945.4	NODE_59_length_17460_cov_54.871459	99.99		True
CONTIG	NODE_59_length_17460_cov_54.871459	17460	correct
892165	909508	1	17344	NC_002945.4	NODE_60_length_17344_cov_51.066446	99.99		True
CONTIG	NODE_60_length_17344_cov_51.066446	17344	correct
132697	149561	16865	1	NC_002945.4	NODE_61_length_16865_cov_54.506751	99.96		True
CONTIG	NODE_61_length_16865_cov_54.506751	16865	correct
910050	926210	1	16161	NC_002945.4	NODE_62_length_16161_cov_51.020581	99.99		True
CONTIG	NODE_62_length_16161_cov_51.020581	16161	correct
2040923	2056900	1	15978	NC_002945.4	NODE_63_length_15978_cov_47.688348	99.99		True
CONTIG	NODE_63_length_15978_cov_47.688348	15978	correct
3193780	3209295	1	15616	NC_002945.4	NODE_64_length_15616_cov_51.572664	100.0		True
CONTIG	NODE_64_length_15616_cov_51.572664	15616	correct
2916851	2932290	1	15440	NC_002945.4	NODE_65_length_15440_cov_54.985111	99.97		True
CONTIG	NODE_65_length_15440_cov_54.985111	15440	correct
1854186	1869289	15104	1	NC_002945.4	NODE_66_length_15410_cov_37.190931	99.99		True
CONTIG	NODE_66_length_15410_cov_37.190931	15410	correct
609085	624387	1	15303	NC_002945.4	NODE_67_length_15310_cov_47.127511	99.99		True
CONTIG	NODE_67_length_15310_cov_47.127511	15310	correct
1190378	1204706	1	14332	NC_002945.4	NODE_68_length_14453_cov_46.303644	99.86		True
CONTIG	NODE_68_length_14453_cov_46.303644	14453	correct
2409168	2422776	13609	1	NC_002945.4	NODE_69_length_13847_cov_46.470554	99.98		True
CONTIG	NODE_69_length_13847_cov_46.470554	13847	correct
3712180	3724959	12780	1	NC_002945.4	NODE_70_length_12780_cov_34.209674	99.96		True
CONTIG	NODE_70_length_12780_cov_34.209674	12780	correct
2944619	2957076	12458	1	NC_002945.4	NODE_71_length_12458_cov_47.961722	99.98		True
CONTIG	NODE_71_length_12458_cov_47.961722	12458	correct
3700330	3711403	97	11170	NC_002945.4	NODE_72_length_11170_cov_35.962329	100.0		True
CONTIG	NODE_72_length_11170_cov_35.962329	11170	correct
2933683	2943963	127	10407	NC_002945.4	NODE_73_length_10407_cov_48.439105	99.96		True
CONTIG	NODE_73_length_10407_cov_48.439105	10407	correct
3209296	3219347	10052	1	NC_002945.4	NODE_74_length_10052_cov_48.837280	100.0		True
CONTIG	NODE_74_length_10052_cov_48.837280	10052	correct
3881796	3882155	1	360	NC_002945.4	NODE_75_length_9888_cov_20.425981	100.0		True
local misassembly
3882139	3884027	512	2448	NC_002945.4	NODE_75_length_9888_cov_20.425981	97.69		True
local misassembly
3884643	3888967	2449	6782	NC_002945.4	NODE_75_length_9888_cov_20.425981	99.77		True
relocation, inconsistency = 1638
3891479	3893159	7656	9336	NC_002945.4	NODE_75_length_9888_cov_20.425981	99.76		True
local misassembly
3893793	3894344	9337	9888	NC_002945.4	NODE_75_length_9888_cov_20.425981	100.0		True
CONTIG	NODE_75_length_9888_cov_20.425981	9888	misassembled
1623854	1633289	76	9454	NC_002945.4	NODE_76_length_9454_cov_41.352203	99.36		True
CONTIG	NODE_76_length_9454_cov_41.352203	9454	correct
1204745	1213474	1	8730	NC_002945.4	NODE_77_length_8907_cov_44.169704	99.98		True
CONTIG	NODE_77_length_8907_cov_44.169704	8907	correct
4294631	4301847	32	7248	NC_002945.4	NODE_78_length_7268_cov_43.629884	99.99		True
CONTIG	NODE_78_length_7268_cov_43.629884	7268	correct
4301846	4308599	6754	1	NC_002945.4	NODE_79_length_6754_cov_52.957598	99.99		True
CONTIG	NODE_79_length_6754_cov_52.957598	6754	correct
3830741	3835785	94	5138	NC_002945.4	NODE_80_length_5138_cov_59.471962	100.0		True
CONTIG	NODE_80_length_5138_cov_59.471962	5138	correct
1214750	1218386	3792	156	NC_002945.4	NODE_81_length_4779_cov_34.082545	99.97		True
local misassembly
1213930	1214774	4756	3912	NC_002945.4	NODE_81_length_4779_cov_34.082545	99.41		True
CONTIG	NODE_81_length_4779_cov_34.082545	4779	correct
3980214	3984769	4556	1	NC_002945.4	NODE_82_length_4556_cov_38.870400	99.96		True
CONTIG	NODE_82_length_4556_cov_38.870400	4556	correct
1165899	1169900	1	4002	NC_002945.4	NODE_83_length_4002_cov_49.863226	99.98		True
CONTIG	NODE_83_length_4002_cov_49.863226	4002	correct
1092431	1096275	1	3845	NC_002945.4	NODE_84_length_3845_cov_43.457504	99.95		True
CONTIG	NODE_84_length_3845_cov_43.457504	3845	correct
3878330	3881540	35	3137	NC_002945.4	NODE_85_length_3258_cov_12.798148	96.61		True
CONTIG	NODE_85_length_3258_cov_12.798148	3258	correct
2284620	2287647	1	3028	NC_002945.4	NODE_86_length_3028_cov_35.780421	99.77		True
CONTIG	NODE_86_length_3028_cov_35.780421	3028	correct
2290710	2293716	1	3007	NC_002945.4	NODE_87_length_3007_cov_32.800000	100.0		True
CONTIG	NODE_87_length_3007_cov_32.800000	3007	correct
2158341	2158913	1	573	NC_002945.4	NODE_88_length_2949_cov_46.513820	100.0		True
fake: scaffold gap size wrong estimation (local)
2158914	2160444	605	2135	NC_002945.4	NODE_88_length_2949_cov_46.513820	95.49		True
CONTIG	NODE_88_length_2949_cov_46.513820	2949	correct
1993335	1996081	1	2747	NC_002945.4	NODE_89_length_2838_cov_53.675028	100.0		True
CONTIG	NODE_89_length_2838_cov_53.675028	2838	correct
334077	336422	1	2265	NC_002945.4	NODE_90_length_2468_cov_9.880393	96.46		True
CONTIG	NODE_90_length_2468_cov_9.880393	2468	correct
150167	152617	1	2424	NC_002945.4	NODE_91_length_2424_cov_28.039984	98.9		True
CONTIG	NODE_91_length_2424_cov_28.039984	2424	correct
674111	674643	116	648	NC_002945.4	NODE_92_length_2289_cov_4.937095	99.64		True
local misassembly
674956	676393	649	2086	NC_002945.4	NODE_92_length_2289_cov_4.937095	99.37		True
CONTIG	NODE_92_length_2289_cov_4.937095	2289	correct
1635657	1637963	1	2283	NC_002945.4	NODE_93_length_2283_cov_32.210111	98.96		True
CONTIG	NODE_93_length_2283_cov_32.210111	2283	correct
2775815	2776109	311	17	NC_002945.4	NODE_94_length_1678_cov_8.044487	99.67		True
local misassembly
2774211	2775577	1678	312	NC_002945.4	NODE_94_length_1678_cov_8.044487	99.93		True
CONTIG	NODE_94_length_1678_cov_8.044487	1678	correct
607662	609211	1550	1	NC_002945.4	NODE_95_length_1550_cov_84.201687	99.94		True
CONTIG	NODE_95_length_1550_cov_84.201687	1550	correct
4193589	4195052	1	1464	NC_002945.4	NODE_96_length_1464_cov_110.405385	100.0		True
CONTIG	NODE_96_length_1464_cov_110.405385	1464	correct
3443593	3445031	1	1439	NC_002945.4	NODE_97_length_1439_cov_64.909299	100.0		True
CONTIG	NODE_97_length_1439_cov_64.909299	1439	correct
2324533	2325833	74	1374	NC_002945.4	NODE_98_length_1374_cov_40.975140	99.92		True
CONTIG	NODE_98_length_1374_cov_40.975140	1374	correct
336812	338090	65	1343	NC_002945.4	NODE_99_length_1354_cov_22.478403	99.92		True
CONTIG	NODE_99_length_1354_cov_22.478403	1354	correct
3673145	3674484	1340	1	NC_002945.4	NODE_100_length_1340_cov_93.186315	100.0		True
CONTIG	NODE_100_length_1340_cov_93.186315	1340	correct
3897248	3898585	1	1329	NC_002945.4	NODE_101_length_1329_cov_31.181364	99.33		True
CONTIG	NODE_101_length_1329_cov_31.181364	1329	correct
3339137	3340461	1325	1	NC_002945.4	NODE_102_length_1325_cov_47.575960	100.0		True
CONTIG	NODE_102_length_1325_cov_47.575960	1325	correct
3835659	3836979	1321	1	NC_002945.4	NODE_103_length_1321_cov_100.706868	99.7		True
CONTIG	NODE_103_length_1321_cov_100.706868	1321	correct
2288581	2289835	1255	1	NC_002945.4	NODE_104_length_1255_cov_48.863475	100.0		True
CONTIG	NODE_104_length_1255_cov_48.863475	1255	correct
839652	840848	1	1197	NC_002945.4	NODE_105_length_1197_cov_17.486916	99.83		True
CONTIG	NODE_105_length_1197_cov_17.486916	1197	correct
2293590	2294776	1	1187	NC_002945.4	NODE_106_length_1187_cov_32.754717	100.0		True
CONTIG	NODE_106_length_1187_cov_32.754717	1187	correct
1996146	1997093	1153	206	NC_002945.4	NODE_107_length_1178_cov_3.373930	99.89		True
CONTIG	NODE_107_length_1178_cov_3.373930	1178	correct
2283619	2284746	1128	1	NC_002945.4	NODE_108_length_1128_cov_91.394605	99.82		True
CONTIG	NODE_108_length_1128_cov_91.394605	1128	correct
CONTIG	NODE_109_length_1106_cov_1.479060	1106	unaligned
3711277	3712306	1030	1	NC_002945.4	NODE_110_length_1030_cov_97.099668	100.0		True
CONTIG	NODE_110_length_1030_cov_97.099668	1030	correct
1165044	1166025	1	982	NC_002945.4	NODE_111_length_982_cov_90.233918	99.9		True
CONTIG	NODE_111_length_982_cov_90.233918	982	correct
375520	375594	75	1	NC_002945.4	NODE_112_length_955_cov_0.963768	100.0		True
CONTIG	NODE_112_length_955_cov_0.963768	955	correct_unaligned
2943837	2944745	909	1	NC_002945.4	NODE_113_length_909_cov_327.130435	100.0		True
CONTIG	NODE_113_length_909_cov_327.130435	909	correct
3341521	3342410	1	890	NC_002945.4	NODE_114_length_890_cov_33.087811	100.0		True
CONTIG	NODE_114_length_890_cov_33.087811	890	correct
1278286	1279129	844	1	NC_002945.4	NODE_115_length_844_cov_101.224547	100.0		True
CONTIG	NODE_115_length_844_cov_101.224547	844	correct
1985788	1986551	776	13	NC_002945.4	NODE_116_length_802_cov_3.395556	100.0		True
CONTIG	NODE_116_length_802_cov_3.395556	802	correct
3444905	3445699	1	795	NC_002945.4	NODE_117_length_795_cov_106.199102	100.0		True
CONTIG	NODE_117_length_795_cov_106.199102	795	correct
2693295	2694038	744	1	NC_002945.4	NODE_118_length_744_cov_86.719611	100.0		True
CONTIG	NODE_118_length_744_cov_86.719611	744	correct
2773467	2774133	1	667	NC_002945.4	NODE_119_length_667_cov_3.087037	99.85		True
CONTIG	NODE_119_length_667_cov_3.087037	667	correct
3340552	3341186	1	635	NC_002945.4	NODE_120_length_635_cov_40.933071	100.0		True
CONTIG	NODE_120_length_635_cov_40.933071	635	correct
CONTIG	NODE_121_length_632_cov_0.992079	632	unaligned
1096149	1096763	1	615	NC_002945.4	NODE_122_length_615_cov_16.797131	99.67		True
CONTIG	NODE_122_length_615_cov_16.797131	615	correct
3338676	3339263	588	1	NC_002945.4	NODE_123_length_588_cov_71.247289	100.0		True
CONTIG	NODE_123_length_588_cov_71.247289	588	correct
673492	673990	587	89	NC_002945.4	NODE_124_length_587_cov_2.954348	99.8		True
CONTIG	NODE_124_length_587_cov_2.954348	587	correct
1226058	1226127	70	1	NC_002945.4	NODE_125_length_583_cov_1.484649	100.0		True
relocation, inconsistency = 7196
1218460	1218861	71	472	NC_002945.4	NODE_125_length_583_cov_1.484649	99.5		True
CONTIG	NODE_125_length_583_cov_1.484649	583	misassembled
1853536	1853902	382	16	NC_002945.4	NODE_126_length_553_cov_1.598592	98.64		True
CONTIG	NODE_126_length_553_cov_1.598592	553	correct
1535045	1535408	1	364	NC_002945.4	NODE_127_length_531_cov_39.529703	96.98		True
relocation, inconsistency = 2310255
3845679	3845830	531	380	NC_002945.4	NODE_127_length_531_cov_39.529703	95.39		True
CONTIG	NODE_127_length_531_cov_39.529703	531	misassembled
4308600	4309124	525	1	NC_002945.4	NODE_128_length_525_cov_35.860429	100.0		True
CONTIG	NODE_128_length_525_cov_35.860429	525	correct
2932287	2932807	521	1	NC_002945.4	NODE_129_length_521_cov_2.474619	100.0		True
CONTIG	NODE_129_length_521_cov_2.474619	521	correct
4294093	4294596	504	1	NC_002945.4	NODE_130_length_504_cov_5.920424	100.0		True
CONTIG	NODE_130_length_504_cov_5.920424	504	correct
841613	841979	54	420	NC_002945.4	NODE_131_length_502_cov_0.952000	96.46		True
CONTIG	NODE_131_length_502_cov_0.952000	502	correct
3898459	3898958	1	500	NC_002945.4	NODE_132_length_500_cov_94.075067	100.0		True
CONTIG	NODE_132_length_500_cov_94.075067	500	correct
