S1	E1	S2	E2	Reference	Contig	IDY	Ambiguous	Best_group
2453623	2665696	212132	1	NC_002945.4	NODE_1_length_212132_cov_40.371567	99.96		True
CONTIG	NODE_1_length_212132_cov_40.371567	212132	correct
411462	607788	196058	1	NC_002945.4	NODE_2_length_196130_cov_39.821901	99.85		True
CONTIG	NODE_2_length_196130_cov_39.821901	196130	correct
3510801	3673271	162360	1	NC_002945.4	NODE_3_length_162486_cov_40.703219	99.92		True
CONTIG	NODE_3_length_162486_cov_40.703219	162486	correct
4294631	4349904	38	55310	NC_002945.4	NODE_4_length_158629_cov_40.155399	99.99		True
fake: not a misassembly [linear representation of circular genome]
1	29469	55311	84779	NC_002945.4	NODE_4_length_158629_cov_40.155399	99.99		True
local misassembly
30083	103918	84781	158629	NC_002945.4	NODE_4_length_158629_cov_40.155399	99.96		True
CONTIG	NODE_4_length_158629_cov_40.155399	158629	correct
150047	306694	156621	1	NC_002945.4	NODE_5_length_156621_cov_39.840710	99.97		True
CONTIG	NODE_5_length_156621_cov_39.840710	156621	correct
1853869	1985703	96	131464	NC_002945.4	NODE_6_length_131464_cov_38.916946	99.63		True
CONTIG	NODE_6_length_131464_cov_38.916946	131464	correct
1638900	1769053	10	130161	NC_002945.4	NODE_7_length_130253_cov_42.429883	99.99		True
CONTIG	NODE_7_length_130253_cov_42.429883	130253	correct
3209307	3338802	64	129731	NC_002945.4	NODE_8_length_129731_cov_40.634788	99.85		True
CONTIG	NODE_8_length_129731_cov_40.634788	129731	correct
970263	1009472	177	39385	NC_002945.4	NODE_9_length_120471_cov_40.407449	99.97		True
relocation, inconsistency = 1457
1010930	1091507	39386	119966	NC_002945.4	NODE_9_length_120471_cov_40.407449	99.99		True
local misassembly
1091637	1092115	119967	120445	NC_002945.4	NODE_9_length_120471_cov_40.407449	99.8		True
CONTIG	NODE_9_length_120471_cov_40.407449	120471	misassembled
726466	824045	1	97581	NC_002945.4	NODE_10_length_111097_cov_41.200955	99.99		True
local misassembly
824601	838029	97582	111010	NC_002945.4	NODE_10_length_111097_cov_41.200955	99.98		True
CONTIG	NODE_10_length_111097_cov_41.200955	111097	correct
3343594	3442410	98885	1	NC_002945.4	NODE_11_length_98885_cov_41.255503	99.92		True
CONTIG	NODE_11_length_98885_cov_41.255503	98885	correct
2056931	2083604	1	26674	NC_002945.4	NODE_12_length_83472_cov_41.043242	99.98		True
local misassembly
2083596	2140255	26813	83472	NC_002945.4	NODE_12_length_83472_cov_41.043242	99.99		True
CONTIG	NODE_12_length_83472_cov_41.043242	83472	correct
1387470	1470724	83198	1	NC_002945.4	NODE_13_length_83390_cov_40.779662	99.92		True
CONTIG	NODE_13_length_83390_cov_40.779662	83390	correct
1491982	1573305	81492	169	NC_002945.4	NODE_14_length_81616_cov_41.805250	99.93		True
CONTIG	NODE_14_length_81616_cov_41.805250	81616	correct
3898832	3979453	1	80622	NC_002945.4	NODE_15_length_80622_cov_39.998137	99.99		True
CONTIG	NODE_15_length_80622_cov_39.998137	80622	correct
2693912	2773044	1	79132	NC_002945.4	NODE_16_length_79132_cov_38.824821	99.99		True
CONTIG	NODE_16_length_79132_cov_38.824821	79132	correct
1779460	1853950	74522	32	NC_002945.4	NODE_17_length_74522_cov_39.613146	99.98		True
CONTIG	NODE_17_length_74522_cov_39.613146	74522	correct
1092438	1165170	2	72723	NC_002945.4	NODE_18_length_72723_cov_40.000620	99.97		True
CONTIG	NODE_18_length_72723_cov_40.000620	72723	correct
3124819	3193870	68998	1	NC_002945.4	NODE_19_length_69259_cov_39.419111	99.91		True
CONTIG	NODE_19_length_69259_cov_39.419111	69259	correct
3015758	3081542	114	65996	NC_002945.4	NODE_20_length_65996_cov_39.094202	99.83		True
CONTIG	NODE_20_length_65996_cov_39.094202	65996	correct
4194926	4259153	64228	1	NC_002945.4	NODE_21_length_64228_cov_41.854027	99.99		True
CONTIG	NODE_21_length_64228_cov_41.854027	64228	correct
2852106	2916204	64098	1	NC_002945.4	NODE_22_length_64114_cov_38.320800	99.98		True
CONTIG	NODE_22_length_64114_cov_38.320800	64114	correct
334077	335240	1	1164	NC_002945.4	NODE_23_length_62789_cov_36.526332	99.77		True
relocation, inconsistency = 4068
339309	363553	1165	25400	NC_002945.4	NODE_23_length_62789_cov_36.526332	99.88		True
local misassembly
363920	401308	25401	62789	NC_002945.4	NODE_23_length_62789_cov_36.526332	99.99		True
CONTIG	NODE_23_length_62789_cov_36.526332	62789	misassembled
4035898	4097403	61506	1	NC_002945.4	NODE_24_length_61576_cov_38.997559	99.99		True
CONTIG	NODE_24_length_61576_cov_38.997559	61576	correct
1280097	1340762	1	60728	NC_002945.4	NODE_25_length_60728_cov_42.643389	99.89		True
CONTIG	NODE_25_length_60728_cov_42.643389	60728	correct
1996146	2056561	60416	1	NC_002945.4	NODE_26_length_60441_cov_39.408280	99.98		True
CONTIG	NODE_26_length_60441_cov_39.408280	60441	correct
2957039	3015763	59113	442	NC_002945.4	NODE_27_length_59113_cov_39.532669	99.9		True
CONTIG	NODE_27_length_59113_cov_39.532669	59113	correct
1219523	1278412	1	58890	NC_002945.4	NODE_28_length_58890_cov_39.130865	99.99		True
CONTIG	NODE_28_length_58890_cov_39.130865	58890	correct
3777400	3835785	58318	1	NC_002945.4	NODE_29_length_58318_cov_40.585829	99.87		True
CONTIG	NODE_29_length_58318_cov_40.585829	58318	correct
3980195	3984688	1	4494	NC_002945.4	NODE_30_length_55438_cov_40.037533	100.0		True
local misassembly
3984809	4000631	4495	20317	NC_002945.4	NODE_30_length_55438_cov_40.037533	100.0		True
fake: scaffold gap size wrong estimation (local)
4000854	4035754	20418	55318	NC_002945.4	NODE_30_length_55438_cov_40.037533	99.98		True
CONTIG	NODE_30_length_55438_cov_40.037533	55438	correct
2192685	2246087	53403	1	NC_002945.4	NODE_31_length_53403_cov_46.184980	99.99		True
CONTIG	NODE_31_length_53403_cov_46.184980	53403	correct
4141993	4193715	1	51723	NC_002945.4	NODE_32_length_51723_cov_42.264051	99.99		True
CONTIG	NODE_32_length_51723_cov_42.264051	51723	correct
2801012	2852053	1	51042	NC_002945.4	NODE_33_length_51042_cov_40.133831	99.99		True
CONTIG	NODE_33_length_51042_cov_40.133831	51042	correct
676594	726478	1	49885	NC_002945.4	NODE_34_length_49885_cov_38.484043	99.99		True
CONTIG	NODE_34_length_49885_cov_38.484043	49885	correct
1574142	1623827	49686	1	NC_002945.4	NODE_35_length_49772_cov_38.990372	99.98		True
CONTIG	NODE_35_length_49772_cov_38.990372	49772	correct
625435	673416	17	47965	NC_002945.4	NODE_36_length_48033_cov_39.228009	99.9		True
CONTIG	NODE_36_length_48033_cov_39.228009	48033	correct
3737688	3759004	21508	189	NC_002945.4	NODE_37_length_46806_cov_37.029328	99.98		True
local misassembly
3712180	3737477	46806	21509	NC_002945.4	NODE_37_length_46806_cov_37.029328	99.97		True
CONTIG	NODE_37_length_46806_cov_37.029328	46806	correct
3445573	3490468	44896	1	NC_002945.4	NODE_38_length_44896_cov_41.358730	99.98		True
CONTIG	NODE_38_length_44896_cov_41.358730	44896	correct
132035	149938	17938	35	NC_002945.4	NODE_39_length_44747_cov_39.313985	99.96		True
local misassembly
105040	131848	44747	17939	NC_002945.4	NODE_39_length_44747_cov_39.313985	99.98		True
CONTIG	NODE_39_length_44747_cov_39.313985	44747	correct
4097387	4141969	44513	1	NC_002945.4	NODE_40_length_44513_cov_40.045420	99.84		True
CONTIG	NODE_40_length_44513_cov_40.045420	44513	correct
3836888	3880054	1	43159	NC_002945.4	NODE_41_length_43326_cov_37.700109	99.96		True
CONTIG	NODE_41_length_43326_cov_37.700109	43326	correct
1343879	1386917	1	43044	NC_002945.4	NODE_42_length_43044_cov_39.869189	99.99		True
CONTIG	NODE_42_length_43044_cov_39.869189	43044	correct
849118	891078	1	41961	NC_002945.4	NODE_43_length_41961_cov_39.675049	99.99		True
CONTIG	NODE_43_length_41961_cov_39.675049	41961	correct
3082645	3124439	41257	197	NC_002945.4	NODE_44_length_41257_cov_39.992560	98.18		True
CONTIG	NODE_44_length_41257_cov_39.992560	41257	correct
930759	970113	98	39692	NC_002945.4	NODE_45_length_39692_cov_39.880551	99.37		True
CONTIG	NODE_45_length_39692_cov_39.880551	39692	correct
2246118	2283745	198	37827	NC_002945.4	NODE_46_length_37827_cov_43.752493	99.95		True
CONTIG	NODE_46_length_37827_cov_43.752493	37827	correct
2161798	2192094	1	30298	NC_002945.4	NODE_47_length_30298_cov_42.946836	99.99		True
CONTIG	NODE_47_length_30298_cov_42.946836	30298	correct
2294650	2324446	29877	81	NC_002945.4	NODE_48_length_29877_cov_37.689042	99.99		True
CONTIG	NODE_48_length_29877_cov_37.689042	29877	correct
2343771	2372263	28493	1	NC_002945.4	NODE_49_length_28689_cov_38.495904	99.99		True
CONTIG	NODE_49_length_28689_cov_38.495904	28689	correct
2666114	2693421	27307	1	NC_002945.4	NODE_50_length_27307_cov_39.779507	99.99		True
CONTIG	NODE_50_length_27307_cov_39.779507	27307	correct
306722	333298	23	26494	NC_002945.4	NODE_51_length_26749_cov_37.969799	99.6		True
indel: stretch of mismatches
333299	333423	26495	26619	NC_002945.4	NODE_51_length_26749_cov_37.969799	99.76		True
CONTIG	NODE_51_length_26749_cov_37.969799	26749	correct
3674358	3700296	1	25921	NC_002945.4	NODE_52_length_25921_cov_30.517601	99.93		True
CONTIG	NODE_52_length_25921_cov_30.517601	25921	correct
2776942	2800354	82	23494	NC_002945.4	NODE_53_length_23494_cov_47.043822	99.99		True
CONTIG	NODE_53_length_23494_cov_47.043822	23494	correct
2386668	2408888	1	22212	NC_002945.4	NODE_54_length_22280_cov_32.896357	99.96		True
CONTIG	NODE_54_length_22280_cov_32.896357	22280	correct
4259930	4281649	21718	1	NC_002945.4	NODE_55_length_21718_cov_39.915104	99.98		True
CONTIG	NODE_55_length_21718_cov_39.915104	21718	correct
2423267	2444953	1	21687	NC_002945.4	NODE_56_length_21687_cov_41.001484	99.99		True
CONTIG	NODE_56_length_21687_cov_41.001484	21687	correct
3490524	3510803	20410	128	NC_002945.4	NODE_57_length_20410_cov_42.863925	99.97		True
CONTIG	NODE_57_length_20410_cov_42.863925	20410	correct
1471935	1490747	1	18814	NC_002945.4	NODE_58_length_19361_cov_45.565977	99.97		True
local misassembly
1490961	1491246	18815	19100	NC_002945.4	NODE_58_length_19361_cov_45.565977	100.0		True
CONTIG	NODE_58_length_19361_cov_45.565977	19361	correct
1190092	1190424	333	1	NC_002945.4	NODE_59_length_19111_cov_38.967815	98.53		True
local misassembly
1171083	1189860	19111	334	NC_002945.4	NODE_59_length_19111_cov_38.967815	99.99		True
CONTIG	NODE_59_length_19111_cov_38.967815	19111	correct
3759037	3777383	18349	1	NC_002945.4	NODE_60_length_18490_cov_34.359909	99.96		True
CONTIG	NODE_60_length_18490_cov_34.359909	18490	correct
2140781	2158365	1	17585	NC_002945.4	NODE_61_length_17585_cov_42.777523	99.97		True
CONTIG	NODE_61_length_17585_cov_42.777523	17585	correct
2326334	2343760	17427	1	NC_002945.4	NODE_62_length_17427_cov_38.163353	99.99		True
CONTIG	NODE_62_length_17427_cov_38.163353	17427	correct
892165	909508	1	17344	NC_002945.4	NODE_63_length_17344_cov_41.440204	99.99		True
CONTIG	NODE_63_length_17344_cov_41.440204	17344	correct
910050	926217	1	16168	NC_002945.4	NODE_64_length_16168_cov_44.143383	99.99		True
CONTIG	NODE_64_length_16168_cov_44.143383	16168	correct
609085	624436	15659	308	NC_002945.4	NODE_65_length_15659_cov_36.761718	99.98		True
CONTIG	NODE_65_length_15659_cov_36.761718	15659	correct
3193780	3209294	15615	1	NC_002945.4	NODE_66_length_15615_cov_40.316632	100.0		True
CONTIG	NODE_66_length_15615_cov_40.316632	15615	correct
2916851	2932261	1	15411	NC_002945.4	NODE_67_length_15411_cov_45.849843	99.94		True
CONTIG	NODE_67_length_15411_cov_45.849843	15411	correct
1190378	1204735	1	14358	NC_002945.4	NODE_68_length_14358_cov_37.137517	99.97		True
CONTIG	NODE_68_length_14358_cov_37.137517	14358	correct
2372627	2386761	217	14351	NC_002945.4	NODE_69_length_14351_cov_40.787612	99.97		True
CONTIG	NODE_69_length_14351_cov_40.787612	14351	correct
2409187	2422776	134	13723	NC_002945.4	NODE_70_length_13723_cov_39.389673	99.97		True
CONTIG	NODE_70_length_13723_cov_39.389673	13723	correct
2944619	2957076	12458	1	NC_002945.4	NODE_71_length_12458_cov_38.318871	99.98		True
CONTIG	NODE_71_length_12458_cov_38.318871	12458	correct
4281658	4293949	1	12292	NC_002945.4	NODE_72_length_12329_cov_39.888379	99.99		True
CONTIG	NODE_72_length_12329_cov_39.888379	12329	correct
3700350	3711048	10699	1	NC_002945.4	NODE_73_length_11188_cov_28.049815	100.0		True
relocation, inconsistency = 1714121
1985756	1986228	11172	10700	NC_002945.4	NODE_73_length_11188_cov_28.049815	100.0		True
CONTIG	NODE_73_length_11188_cov_28.049815	11188	misassembled
2933699	2943963	10265	1	NC_002945.4	NODE_74_length_10265_cov_39.607122	99.99		True
CONTIG	NODE_74_length_10265_cov_39.607122	10265	correct
1623905	1633320	9359	1	NC_002945.4	NODE_75_length_9412_cov_32.501885	99.34		True
CONTIG	NODE_75_length_9412_cov_32.501885	9412	correct
3890969	3894344	3376	1	NC_002945.4	NODE_76_length_9004_cov_15.559085	99.89		True
local misassembly
3884660	3890278	9004	3377	NC_002945.4	NODE_76_length_9004_cov_15.559085	99.79		True
CONTIG	NODE_76_length_9004_cov_15.559085	9004	correct
402605	411405	8961	161	NC_002945.4	NODE_77_length_8961_cov_36.119991	99.97		True
CONTIG	NODE_77_length_8961_cov_36.119991	8961	correct
1204900	1213474	8745	171	NC_002945.4	NODE_78_length_8919_cov_37.045610	99.98		True
CONTIG	NODE_78_length_8919_cov_37.045610	8919	correct
2444936	2453598	1	8663	NC_002945.4	NODE_79_length_8693_cov_39.019379	100.0		True
CONTIG	NODE_79_length_8693_cov_39.019379	8693	correct
842680	849111	6638	207	NC_002945.4	NODE_80_length_6641_cov_32.623733	99.95		True
CONTIG	NODE_80_length_6641_cov_32.623733	6641	correct
1987009	1992127	1	5120	NC_002945.4	NODE_81_length_5120_cov_39.808532	99.98		True
CONTIG	NODE_81_length_5120_cov_39.808532	5120	correct
1214750	1218291	3687	146	NC_002945.4	NODE_82_length_4647_cov_28.695133	100.0		True
local misassembly
1213934	1214774	4647	3807	NC_002945.4	NODE_82_length_4647_cov_28.695133	99.64		True
CONTIG	NODE_82_length_4647_cov_28.695133	4647	correct
1165899	1169900	4002	1	NC_002945.4	NODE_83_length_4002_cov_43.950194	99.98		True
CONTIG	NODE_83_length_4002_cov_43.950194	4002	correct
1635657	1638240	1	2635	NC_002945.4	NODE_84_length_3145_cov_20.792247	98.03		True
local misassembly
1638385	1638689	2636	2940	NC_002945.4	NODE_84_length_3145_cov_20.792247	100.0		True
CONTIG	NODE_84_length_3145_cov_20.792247	3145	correct
2284620	2287647	3028	1	NC_002945.4	NODE_85_length_3028_cov_30.979317	99.77		True
CONTIG	NODE_85_length_3028_cov_30.979317	3028	correct
2290710	2293716	3007	1	NC_002945.4	NODE_86_length_3007_cov_31.133681	100.0		True
CONTIG	NODE_86_length_3007_cov_31.133681	3007	correct
2775121	2775632	512	1	NC_002945.4	NODE_87_length_2882_cov_10.080581	100.0		True
relocation, inconsistency = 1846145
928402	928975	513	1095	NC_002945.4	NODE_87_length_2882_cov_10.080581	98.46		True
local misassembly
928970	930618	1234	2882	NC_002945.4	NODE_87_length_2882_cov_10.080581	100.0		True
CONTIG	NODE_87_length_2882_cov_10.080581	2882	misassembled
1993335	1995965	1	2631	NC_002945.4	NODE_88_length_2827_cov_49.030370	100.0		True
CONTIG	NODE_88_length_2827_cov_49.030370	2827	correct
2158479	2158913	1	435	NC_002945.4	NODE_89_length_2811_cov_43.699329	100.0		True
fake: scaffold gap size wrong estimation (local)
2158914	2160444	467	1997	NC_002945.4	NODE_89_length_2811_cov_43.699329	95.49		True
CONTIG	NODE_89_length_2811_cov_43.699329	2811	correct
3882139	3883639	1549	1	NC_002945.4	NODE_90_length_2028_cov_4.611783	96.9		True
local misassembly
3881828	3882155	2028	1701	NC_002945.4	NODE_90_length_2028_cov_4.611783	100.0		True
CONTIG	NODE_90_length_2028_cov_4.611783	2028	correct
839263	840715	1	1453	NC_002945.4	NODE_91_length_1602_cov_8.951186	99.93		True
CONTIG	NODE_91_length_1602_cov_8.951186	1602	correct
401182	402731	1550	1	NC_002945.4	NODE_92_length_1550_cov_63.958538	99.94		True
CONTIG	NODE_92_length_1550_cov_63.958538	1550	correct
4193589	4195052	1	1464	NC_002945.4	NODE_93_length_1464_cov_94.902019	100.0		True
CONTIG	NODE_93_length_1464_cov_94.902019	1464	correct
3443593	3445031	1	1439	NC_002945.4	NODE_94_length_1439_cov_51.125000	100.0		True
CONTIG	NODE_94_length_1439_cov_51.125000	1439	correct
674763	676200	1	1438	NC_002945.4	NODE_95_length_1438_cov_4.258581	100.0		True
CONTIG	NODE_95_length_1438_cov_4.258581	1438	correct
336693	337968	1276	1	NC_002945.4	NODE_96_length_1420_cov_17.086620	100.0		True
CONTIG	NODE_96_length_1420_cov_17.086620	1420	correct
3081416	3082771	1356	1	NC_002945.4	NODE_97_length_1356_cov_96.085435	100.0		True
CONTIG	NODE_97_length_1356_cov_96.085435	1356	correct
3673145	3674484	1340	1	NC_002945.4	NODE_98_length_1340_cov_73.723825	100.0		True
CONTIG	NODE_98_length_1340_cov_73.723825	1340	correct
2324661	2325833	1173	1	NC_002945.4	NODE_99_length_1338_cov_34.220479	100.0		True
CONTIG	NODE_99_length_1338_cov_34.220479	1338	correct
3339137	3340461	1325	1	NC_002945.4	NODE_100_length_1325_cov_41.558431	100.0		True
CONTIG	NODE_100_length_1325_cov_41.558431	1325	correct
3835659	3836979	1321	1	NC_002945.4	NODE_101_length_1321_cov_84.033501	99.7		True
CONTIG	NODE_101_length_1321_cov_84.033501	1321	correct
2288581	2289835	1255	1	NC_002945.4	NODE_102_length_1255_cov_44.174645	100.0		True
CONTIG	NODE_102_length_1255_cov_44.174645	1255	correct
3897329	3898585	1248	1	NC_002945.4	NODE_103_length_1248_cov_22.933988	99.12		True
CONTIG	NODE_103_length_1248_cov_22.933988	1248	correct
2287521	2288707	1187	1	NC_002945.4	NODE_104_length_1187_cov_35.083019	100.0		True
CONTIG	NODE_104_length_1187_cov_35.083019	1187	correct
2283619	2284746	1128	1	NC_002945.4	NODE_105_length_1128_cov_72.157842	99.91		True
CONTIG	NODE_105_length_1128_cov_72.157842	1128	correct
1340970	1342059	1	1090	NC_002945.4	NODE_106_length_1090_cov_36.183801	99.91		True
CONTIG	NODE_106_length_1090_cov_36.183801	1090	correct
CONTIG	NODE_107_length_1043_cov_1.278384	1043	unaligned
3711277	3712306	1030	1	NC_002945.4	NODE_108_length_1030_cov_73.480620	100.0		True
CONTIG	NODE_108_length_1030_cov_73.480620	1030	correct
1165044	1166025	982	1	NC_002945.4	NODE_109_length_982_cov_78.037427	100.0		True
CONTIG	NODE_109_length_982_cov_78.037427	982	correct
CONTIG	NODE_110_length_945_cov_1.600244	945	unaligned
2800228	2801136	1	909	NC_002945.4	NODE_111_length_909_cov_235.624041	100.0		True
CONTIG	NODE_111_length_909_cov_235.624041	909	correct
3341521	3342410	890	1	NC_002945.4	NODE_112_length_890_cov_30.585845	100.0		True
CONTIG	NODE_112_length_890_cov_30.585845	890	correct
2191968	2192811	844	1	NC_002945.4	NODE_113_length_844_cov_79.656904	100.0		True
CONTIG	NODE_113_length_844_cov_79.656904	844	correct
2773486	2774141	656	1	NC_002945.4	NODE_114_length_827_cov_2.690000	100.0		True
CONTIG	NODE_114_length_827_cov_2.690000	827	correct
909382	910176	1	795	NC_002945.4	NODE_115_length_795_cov_86.583832	100.0		True
CONTIG	NODE_115_length_795_cov_86.583832	795	correct
335647	336427	2	782	NC_002945.4	NODE_116_length_782_cov_7.277863	99.87		True
CONTIG	NODE_116_length_782_cov_7.277863	782	correct
3894591	3895263	1	673	NC_002945.4	NODE_117_length_780_cov_33.554364	100.0		True
relocation, inconsistency = 85047
3980311	3980417	780	674	NC_002945.4	NODE_117_length_780_cov_33.554364	100.0		True
CONTIG	NODE_117_length_780_cov_33.554364	780	misassembled
1573297	1573830	168	701	NC_002945.4	NODE_118_length_750_cov_1.407705	99.63		True
CONTIG	NODE_118_length_750_cov_1.407705	750	correct
2693295	2694038	1	744	NC_002945.4	NODE_119_length_744_cov_68.157212	100.0		True
CONTIG	NODE_119_length_744_cov_68.157212	744	correct
1633483	1634224	742	1	NC_002945.4	NODE_120_length_742_cov_7.619512	100.0		True
CONTIG	NODE_120_length_742_cov_7.619512	742	correct
673394	674134	1	741	NC_002945.4	NODE_121_length_741_cov_3.545603	99.87		True
CONTIG	NODE_121_length_741_cov_3.545603	741	correct
3884045	3884786	724	1	NC_002945.4	NODE_122_length_724_cov_11.994975	97.44		True
CONTIG	NODE_122_length_724_cov_11.994975	724	correct
CONTIG	NODE_123_length_724_cov_0.758794	724	unaligned
CONTIG	NODE_124_length_710_cov_0.893654	710	unaligned
CONTIG	NODE_125_length_667_cov_1.362963	667	unaligned
338191	338740	1	550	NC_002945.4	NODE_126_length_639_cov_2.816406	100.0		True
CONTIG	NODE_126_length_639_cov_2.816406	639	correct
3340552	3341186	635	1	NC_002945.4	NODE_127_length_635_cov_32.905512	100.0		True
CONTIG	NODE_127_length_635_cov_32.905512	635	correct
1342064	1342697	1	634	NC_002945.4	NODE_128_length_634_cov_49.930966	100.0		True
CONTIG	NODE_128_length_634_cov_49.930966	634	correct
3895837	3896354	518	1	NC_002945.4	NODE_129_length_630_cov_2.821074	100.0		True
CONTIG	NODE_129_length_630_cov_2.821074	630	correct
CONTIG	NODE_130_length_627_cov_1.106000	627	unaligned
CONTIG	NODE_131_length_605_cov_0.447699	605	unaligned
674111	674540	167	596	NC_002945.4	NODE_132_length_600_cov_2.186047	98.37		True
CONTIG	NODE_132_length_600_cov_2.186047	600	correct
3883513	3883985	1	473	NC_002945.4	NODE_133_length_592_cov_6.580645	100.0		True
local misassembly
3883521	3883639	474	592	NC_002945.4	NODE_133_length_592_cov_6.580645	100.0		True
CONTIG	NODE_133_length_592_cov_6.580645	592	correct
3338676	3339263	588	1	NC_002945.4	NODE_134_length_588_cov_62.837310	100.0		True
CONTIG	NODE_134_length_588_cov_62.837310	588	correct
CONTIG	NODE_135_length_553_cov_0.866197	553	unaligned
CONTIG	NODE_136_length_550_cov_2.657210	550	unaligned
841717	841953	385	149	NC_002945.4	NODE_137_length_544_cov_0.930456	99.58		True
CONTIG	NODE_137_length_544_cov_0.930456	544	correct
2325846	2326250	131	535	NC_002945.4	NODE_138_length_535_cov_5.816176	100.0		True
CONTIG	NODE_138_length_535_cov_5.816176	535	correct
CONTIG	NODE_139_length_521_cov_0.944162	521	unaligned
CONTIG	NODE_140_length_507_cov_0.747368	507	unaligned
3894218	3894717	1	500	NC_002945.4	NODE_141_length_500_cov_68.426273	100.0		True
CONTIG	NODE_141_length_500_cov_68.426273	500	correct
4294093	4294592	500	1	NC_002945.4	NODE_142_length_500_cov_6.257373	100.0		True
CONTIG	NODE_142_length_500_cov_6.257373	500	correct
