S1	E1	S2	E2	Reference	Contig	IDY	Ambiguous	Best_group
3015824	3193870	177357	1	NC_002945.4	NODE_1_length_235726_cov_52.888463	99.48		True
local misassembly
2957039	3015460	235726	177358	NC_002945.4	NODE_1_length_235726_cov_52.888463	99.9		True
CONTIG	NODE_1_length_235726_cov_52.888463	235726	correct
2453598	2665759	212214	1	NC_002945.4	NODE_2_length_212214_cov_53.147449	99.96		True
CONTIG	NODE_2_length_212214_cov_53.147449	212214	correct
402605	607788	1	204915	NC_002945.4	NODE_3_length_204915_cov_52.640804	99.86		True
CONTIG	NODE_3_length_204915_cov_52.640804	204915	correct
3488378	3673271	184786	1	NC_002945.4	NODE_4_length_184786_cov_54.358802	99.93		True
CONTIG	NODE_4_length_184786_cov_54.358802	184786	correct
676459	726349	1	49891	NC_002945.4	NODE_5_length_160896_cov_53.208859	99.99		True
local misassembly
726507	824045	49892	147431	NC_002945.4	NODE_5_length_160896_cov_53.208859	99.99		True
local misassembly
824601	838065	147432	160896	NC_002945.4	NODE_5_length_160896_cov_53.208859	99.98		True
CONTIG	NODE_5_length_160896_cov_53.208859	160896	correct
150132	306702	1	156544	NC_002945.4	NODE_6_length_156544_cov_52.983864	99.97		True
CONTIG	NODE_6_length_156544_cov_52.983864	156544	correct
4310423	4349904	18	39498	NC_002945.4	NODE_7_length_142817_cov_54.394428	99.99		True
fake: not a misassembly [linear representation of circular genome]
1	29469	39499	68967	NC_002945.4	NODE_7_length_142817_cov_54.394428	99.99		True
local misassembly
30083	103918	68969	142817	NC_002945.4	NODE_7_length_142817_cov_54.394428	99.96		True
CONTIG	NODE_7_length_142817_cov_54.394428	142817	correct
1854051	1985614	119	131216	NC_002945.4	NODE_8_length_131249_cov_50.974528	99.63		True
CONTIG	NODE_8_length_131249_cov_50.974528	131249	correct
1638965	1769053	260	130347	NC_002945.4	NODE_9_length_130439_cov_55.559035	99.99		True
CONTIG	NODE_9_length_130439_cov_55.559035	130439	correct
970263	1009472	78	39286	NC_002945.4	NODE_10_length_120310_cov_52.299876	99.98		True
relocation, inconsistency = 1457
1010930	1091779	39287	120139	NC_002945.4	NODE_10_length_120310_cov_52.299876	99.99		True
CONTIG	NODE_10_length_120310_cov_52.299876	120310	misassembled
4035899	4141956	105956	13	NC_002945.4	NODE_11_length_105956_cov_50.378129	99.88		True
CONTIG	NODE_11_length_105956_cov_50.378129	105956	correct
3343594	3442410	98885	1	NC_002945.4	NODE_12_length_98885_cov_54.522813	99.92		True
CONTIG	NODE_12_length_98885_cov_54.522813	98885	correct
2056984	2083604	8	26628	NC_002945.4	NODE_13_length_84010_cov_53.929688	99.97		True
local misassembly
2083596	2140706	26767	83877	NC_002945.4	NODE_13_length_84010_cov_53.929688	99.99		True
CONTIG	NODE_13_length_84010_cov_53.929688	84010	correct
1386952	1470724	116	83831	NC_002945.4	NODE_14_length_83831_cov_54.240323	99.92		True
CONTIG	NODE_14_length_83831_cov_54.240323	83831	correct
3897145	3979606	1	82453	NC_002945.4	NODE_15_length_82453_cov_51.121772	99.98		True
CONTIG	NODE_15_length_82453_cov_51.121772	82453	correct
1491913	1573347	81484	50	NC_002945.4	NODE_16_length_81484_cov_54.779638	99.93		True
CONTIG	NODE_16_length_81484_cov_54.779638	81484	correct
2693912	2773041	1	79129	NC_002945.4	NODE_17_length_79129_cov_53.045619	99.99		True
CONTIG	NODE_17_length_79129_cov_53.045619	79129	correct
3219386	3297779	78460	10	NC_002945.4	NODE_18_length_78567_cov_54.309740	99.92		True
CONTIG	NODE_18_length_78567_cov_54.309740	78567	correct
1779460	1853840	74381	1	NC_002945.4	NODE_19_length_74381_cov_53.910012	99.99		True
CONTIG	NODE_19_length_74381_cov_53.910012	74381	correct
1094824	1165170	70347	1	NC_002945.4	NODE_20_length_70347_cov_52.548989	99.98		True
CONTIG	NODE_20_length_70347_cov_52.548989	70347	correct
4194926	4259153	64228	1	NC_002945.4	NODE_21_length_64228_cov_56.001997	99.99		True
CONTIG	NODE_21_length_64228_cov_56.001997	64228	correct
2852126	2916146	64021	1	NC_002945.4	NODE_22_length_64191_cov_51.654361	99.98		True
CONTIG	NODE_22_length_64191_cov_51.654361	64191	correct
1280097	1343223	63165	1	NC_002945.4	NODE_23_length_63165_cov_57.202624	99.82		True
CONTIG	NODE_23_length_63165_cov_57.202624	63165	correct
1997086	2056402	13	59329	NC_002945.4	NODE_24_length_59385_cov_53.509720	99.98		True
CONTIG	NODE_24_length_59385_cov_53.509720	59385	correct
1219606	1278412	58807	1	NC_002945.4	NODE_25_length_59036_cov_52.608158	99.99		True
CONTIG	NODE_25_length_59036_cov_52.608158	59036	correct
3777400	3835785	58318	1	NC_002945.4	NODE_26_length_58318_cov_52.755478	99.87		True
CONTIG	NODE_26_length_58318_cov_52.755478	58318	correct
4000854	4035794	35152	212	NC_002945.4	NODE_27_length_55667_cov_51.055077	99.98		True
local misassembly
3980217	4000742	55667	35153	NC_002945.4	NODE_27_length_55667_cov_51.055077	99.95		True
CONTIG	NODE_27_length_55667_cov_51.055077	55667	correct
4142071	4193715	190	51834	NC_002945.4	NODE_28_length_51834_cov_53.185603	99.99		True
CONTIG	NODE_28_length_51834_cov_53.185603	51834	correct
2801012	2852054	51043	1	NC_002945.4	NODE_29_length_51043_cov_53.683459	99.99		True
CONTIG	NODE_29_length_51043_cov_53.683459	51043	correct
1573841	1623829	1	49989	NC_002945.4	NODE_30_length_49989_cov_49.129417	99.98		True
CONTIG	NODE_30_length_49989_cov_49.129417	49989	correct
842686	891078	48393	1	NC_002945.4	NODE_31_length_48396_cov_51.748223	99.98		True
CONTIG	NODE_31_length_48396_cov_51.748223	48396	correct
625578	673257	47700	21	NC_002945.4	NODE_32_length_47771_cov_50.734636	99.99		True
CONTIG	NODE_32_length_47771_cov_50.734636	47771	correct
105040	149444	1	44405	NC_002945.4	NODE_33_length_44514_cov_54.786356	99.97		True
CONTIG	NODE_33_length_44514_cov_54.786356	44514	correct
1343879	1386590	42760	44	NC_002945.4	NODE_34_length_42760_cov_49.814346	99.98		True
CONTIG	NODE_34_length_42760_cov_49.814346	42760	correct
3445573	3488322	42750	1	NC_002945.4	NODE_35_length_42750_cov_53.870516	99.97		True
CONTIG	NODE_35_length_42750_cov_53.870516	42750	correct
928970	970019	41170	1	NC_002945.4	NODE_36_length_41918_cov_49.031083	99.69		True
local misassembly
928375	928975	41918	41309	NC_002945.4	NODE_36_length_41918_cov_49.031083	98.52		True
CONTIG	NODE_36_length_41918_cov_49.031083	41918	correct
3836888	3878180	41480	196	NC_002945.4	NODE_37_length_41480_cov_51.490823	99.96		True
CONTIG	NODE_37_length_41480_cov_51.490823	41480	correct
2246069	2283745	37679	1	NC_002945.4	NODE_38_length_37831_cov_57.154334	99.95		True
CONTIG	NODE_38_length_37831_cov_57.154334	37831	correct
363921	401308	1	37388	NC_002945.4	NODE_39_length_37388_cov_49.768659	99.99		True
CONTIG	NODE_39_length_37388_cov_49.768659	37388	correct
2372580	2408863	394	36619	NC_002945.4	NODE_40_length_36619_cov_47.181355	99.83		True
CONTIG	NODE_40_length_36619_cov_47.181355	36619	correct
2210032	2246066	1	36035	NC_002945.4	NODE_41_length_36035_cov_60.812799	99.99		True
CONTIG	NODE_41_length_36035_cov_60.812799	36035	correct
3724846	3737454	1	12609	NC_002945.4	NODE_42_length_33824_cov_51.900169	99.98		True
local misassembly
3737665	3758879	12610	33824	NC_002945.4	NODE_42_length_33824_cov_51.900169	100.0		True
CONTIG	NODE_42_length_33824_cov_51.900169	33824	correct
2294650	2325838	31152	1	NC_002945.4	NODE_43_length_31152_cov_49.052603	99.87		True
CONTIG	NODE_43_length_31152_cov_49.052603	31152	correct
3297618	3328756	31149	1	NC_002945.4	NODE_44_length_31149_cov_51.037522	99.96		True
CONTIG	NODE_44_length_31149_cov_51.037522	31149	correct
2161798	2192094	1	30298	NC_002945.4	NODE_45_length_30298_cov_55.008352	99.99		True
CONTIG	NODE_45_length_30298_cov_55.008352	30298	correct
2423267	2453611	1	30231	NC_002945.4	NODE_46_length_30231_cov_55.405594	99.62		True
CONTIG	NODE_46_length_30231_cov_55.405594	30231	correct
2343834	2372298	28465	1	NC_002945.4	NODE_47_length_28593_cov_51.116490	99.98		True
CONTIG	NODE_47_length_28593_cov_51.116490	28593	correct
2666008	2693421	27413	1	NC_002945.4	NODE_48_length_27413_cov_52.759144	99.99		True
CONTIG	NODE_48_length_27413_cov_52.759144	27413	correct
335871	336374	529	26	NC_002945.4	NODE_49_length_26771_cov_48.858017	99.84		True
relocation, inconsistency = 2843
332249	333027	1308	530	NC_002945.4	NODE_49_length_26771_cov_48.858017	98.32		True
local misassembly
306798	332143	26654	1309	NC_002945.4	NODE_49_length_26771_cov_48.858017	99.99		True
CONTIG	NODE_49_length_26771_cov_48.858017	26771	misassembled
338175	338763	230	818	NC_002945.4	NODE_50_length_25765_cov_43.999844	100.0		True
local misassembly
338869	363702	834	25580	NC_002945.4	NODE_50_length_25765_cov_43.999844	99.62		True
CONTIG	NODE_50_length_25765_cov_43.999844	25765	correct
3674358	3698363	24098	111	NC_002945.4	NODE_51_length_24098_cov_39.245797	99.86		True
CONTIG	NODE_51_length_24098_cov_39.245797	24098	correct
4259930	4281661	21812	83	NC_002945.4	NODE_52_length_21812_cov_53.924602	99.98		True
CONTIG	NODE_52_length_21812_cov_53.924602	21812	correct
2140778	2158516	1	17739	NC_002945.4	NODE_53_length_20374_cov_55.574209	99.95		True
local misassembly
2158655	2158913	17740	17998	NC_002945.4	NODE_53_length_20374_cov_55.574209	100.0		True
fake: scaffold gap size wrong estimation (local)
2158914	2160444	18030	19560	NC_002945.4	NODE_53_length_20374_cov_55.574209	95.49		True
CONTIG	NODE_53_length_20374_cov_55.574209	20374	correct
1471935	1490747	1	18814	NC_002945.4	NODE_54_length_19075_cov_58.538949	99.98		True
CONTIG	NODE_54_length_19075_cov_58.538949	19075	correct
1171083	1189860	18938	161	NC_002945.4	NODE_55_length_18938_cov_51.154909	99.98		True
CONTIG	NODE_55_length_18938_cov_51.154909	18938	correct
2326248	2343742	17495	1	NC_002945.4	NODE_56_length_17609_cov_49.139286	99.99		True
CONTIG	NODE_56_length_17609_cov_49.139286	17609	correct
3759852	3777383	17534	1	NC_002945.4	NODE_57_length_17590_cov_46.996450	99.97		True
CONTIG	NODE_57_length_17590_cov_46.996450	17590	correct
2192685	2210078	1	17394	NC_002945.4	NODE_58_length_17558_cov_59.385061	99.97		True
CONTIG	NODE_58_length_17558_cov_59.385061	17558	correct
892165	909508	1	17344	NC_002945.4	NODE_59_length_17344_cov_55.215543	99.99		True
CONTIG	NODE_59_length_17344_cov_55.215543	17344	correct
2776936	2793837	16	16917	NC_002945.4	NODE_60_length_16917_cov_57.573020	99.99		True
CONTIG	NODE_60_length_16917_cov_57.573020	16917	correct
910050	926152	1	16103	NC_002945.4	NODE_61_length_16301_cov_55.903240	99.99		True
CONTIG	NODE_61_length_16301_cov_55.903240	16301	correct
4294624	4310385	80	15841	NC_002945.4	NODE_62_length_15841_cov_46.844088	99.99		True
CONTIG	NODE_62_length_15841_cov_46.844088	15841	correct
3193780	3209260	15623	43	NC_002945.4	NODE_63_length_15623_cov_54.526588	99.99		True
CONTIG	NODE_63_length_15623_cov_54.526588	15623	correct
2916851	2932239	15515	127	NC_002945.4	NODE_64_length_15515_cov_57.205875	99.97		True
CONTIG	NODE_64_length_15515_cov_57.205875	15515	correct
609085	624304	1	15220	NC_002945.4	NODE_65_length_15324_cov_50.250905	99.99		True
CONTIG	NODE_65_length_15324_cov_50.250905	15324	correct
1190378	1204706	14391	60	NC_002945.4	NODE_66_length_14391_cov_49.963334	99.86		True
CONTIG	NODE_66_length_14391_cov_49.963334	14391	correct
2409042	2422776	13735	1	NC_002945.4	NODE_67_length_13742_cov_52.746897	99.98		True
CONTIG	NODE_67_length_13742_cov_52.746897	13742	correct
3712180	3724823	1	12644	NC_002945.4	NODE_68_length_12683_cov_36.431188	99.96		True
CONTIG	NODE_68_length_12683_cov_36.431188	12683	correct
4281659	4293972	1	12314	NC_002945.4	NODE_69_length_12477_cov_53.646721	99.98		True
CONTIG	NODE_69_length_12477_cov_53.646721	12477	correct
2944619	2957076	12458	1	NC_002945.4	NODE_70_length_12458_cov_49.817290	99.98		True
CONTIG	NODE_70_length_12458_cov_49.817290	12458	correct
3700308	3711403	11096	1	NC_002945.4	NODE_71_length_11099_cov_36.158221	100.0		True
CONTIG	NODE_71_length_11099_cov_36.158221	11099	correct
2933724	2943963	10240	1	NC_002945.4	NODE_72_length_10413_cov_52.602080	99.99		True
CONTIG	NODE_72_length_10413_cov_52.602080	10413	correct
3328630	3338802	10173	1	NC_002945.4	NODE_73_length_10173_cov_47.367211	99.98		True
CONTIG	NODE_73_length_10173_cov_47.367211	10173	correct
3209302	3219347	1	10046	NC_002945.4	NODE_74_length_10046_cov_50.407400	100.0		True
CONTIG	NODE_74_length_10046_cov_50.407400	10046	correct
1623842	1632544	1	8655	NC_002945.4	NODE_75_length_9900_cov_42.399980	99.41		True
relocation, inconsistency = 1141780
2774325	2775569	8656	9900	NC_002945.4	NODE_75_length_9900_cov_42.399980	100.0		True
CONTIG	NODE_75_length_9900_cov_42.399980	9900	misassembled
3882139	3884027	230	2166	NC_002945.4	NODE_76_length_9861_cov_18.057428	97.69		True
local misassembly
3884643	3890278	2167	7811	NC_002945.4	NODE_76_length_9861_cov_18.057428	99.79		True
local misassembly
3890969	3892930	7812	9773	NC_002945.4	NODE_76_length_9861_cov_18.057428	99.66		True
CONTIG	NODE_76_length_9861_cov_18.057428	9861	correct
1204847	1213474	118	8745	NC_002945.4	NODE_77_length_8940_cov_49.197663	99.98		True
CONTIG	NODE_77_length_8940_cov_49.197663	8940	correct
2793821	2799828	6008	1	NC_002945.4	NODE_78_length_6008_cov_50.395681	99.98		True
CONTIG	NODE_78_length_6008_cov_50.395681	6008	correct
1986923	1992127	1	5206	NC_002945.4	NODE_79_length_5206_cov_52.066745	99.96		True
CONTIG	NODE_79_length_5206_cov_52.066745	5206	correct
1214750	1218291	1169	4710	NC_002945.4	NODE_80_length_4878_cov_34.198064	100.0		True
CONTIG	NODE_80_length_4878_cov_34.198064	4878	correct
3698316	3700290	2008	34	NC_002945.4	NODE_81_length_4536_cov_21.207984	99.65		True
relocation, inconsistency = 192660
3892951	3895311	2009	4369	NC_002945.4	NODE_81_length_4536_cov_21.207984	99.96		True
CONTIG	NODE_81_length_4536_cov_21.207984	4536	misassembled
1165899	1169900	4002	1	NC_002945.4	NODE_82_length_4002_cov_57.848258	99.98		True
CONTIG	NODE_82_length_4002_cov_57.848258	4002	correct
1993335	1997105	1	3771	NC_002945.4	NODE_83_length_3771_cov_39.847146	99.95		True
CONTIG	NODE_83_length_3771_cov_39.847146	3771	correct
2284620	2287647	3028	1	NC_002945.4	NODE_84_length_3028_cov_36.438125	99.77		True
CONTIG	NODE_84_length_3028_cov_36.438125	3028	correct
2290710	2293716	3007	1	NC_002945.4	NODE_85_length_3007_cov_37.660417	100.0		True
CONTIG	NODE_85_length_3007_cov_37.660417	3007	correct
3878251	3881088	2712	1	NC_002945.4	NODE_86_length_2738_cov_7.897740	95.0		True
CONTIG	NODE_86_length_2738_cov_7.897740	2738	correct
1635657	1637937	1	2332	NC_002945.4	NODE_87_length_2359_cov_29.140681	97.77		True
CONTIG	NODE_87_length_2359_cov_29.140681	2359	correct
3328630	3328748	1	119	NC_002945.4	NODE_88_length_1908_cov_32.321168	100.0		True
relocation, inconsistency = -2236254
1092495	1094238	120	1863	NC_002945.4	NODE_88_length_1908_cov_32.321168	100.0		True
CONTIG	NODE_88_length_1908_cov_32.321168	1908	misassembled
401182	402731	1	1550	NC_002945.4	NODE_89_length_1550_cov_80.501054	99.94		True
CONTIG	NODE_89_length_1550_cov_80.501054	1550	correct
4193589	4195052	1464	1	NC_002945.4	NODE_90_length_1464_cov_109.540763	100.0		True
CONTIG	NODE_90_length_1464_cov_109.540763	1464	correct
336693	338007	1332	18	NC_002945.4	NODE_91_length_1462_cov_19.289139	99.77		True
CONTIG	NODE_91_length_1462_cov_19.289139	1462	correct
3443593	3445031	1	1439	NC_002945.4	NODE_92_length_1439_cov_71.135671	100.0		True
CONTIG	NODE_92_length_1439_cov_71.135671	1439	correct
674728	676138	1411	1	NC_002945.4	NODE_93_length_1411_cov_5.338785	100.0		True
CONTIG	NODE_93_length_1411_cov_5.338785	1411	correct
3673145	3674484	1340	1	NC_002945.4	NODE_94_length_1340_cov_99.412201	100.0		True
CONTIG	NODE_94_length_1340_cov_99.412201	1340	correct
3339137	3340461	1325	1	NC_002945.4	NODE_95_length_1325_cov_46.788815	100.0		True
CONTIG	NODE_95_length_1325_cov_46.788815	1325	correct
3835659	3836979	1321	1	NC_002945.4	NODE_96_length_1321_cov_105.304858	99.77		True
CONTIG	NODE_96_length_1321_cov_105.304858	1321	correct
2288581	2289835	1	1255	NC_002945.4	NODE_97_length_1255_cov_54.197695	100.0		True
CONTIG	NODE_97_length_1255_cov_54.197695	1255	correct
839560	840804	5	1249	NC_002945.4	NODE_98_length_1249_cov_13.907308	100.0		True
CONTIG	NODE_98_length_1249_cov_13.907308	1249	correct
1633334	1634351	1	1018	NC_002945.4	NODE_99_length_1209_cov_5.463956	100.0		True
CONTIG	NODE_99_length_1209_cov_5.463956	1209	correct
2293590	2294776	1187	1	NC_002945.4	NODE_100_length_1187_cov_38.653774	100.0		True
CONTIG	NODE_100_length_1187_cov_38.653774	1187	correct
2283619	2284746	1128	1	NC_002945.4	NODE_101_length_1128_cov_90.936064	99.91		True
CONTIG	NODE_101_length_1128_cov_90.936064	1128	correct
3711277	3712306	1030	1	NC_002945.4	NODE_102_length_1030_cov_99.877076	100.0		True
CONTIG	NODE_102_length_1030_cov_99.877076	1030	correct
1165044	1166025	982	1	NC_002945.4	NODE_103_length_982_cov_105.150877	99.9		True
CONTIG	NODE_103_length_982_cov_105.150877	982	correct
2943837	2944745	909	1	NC_002945.4	NODE_104_length_909_cov_330.011509	100.0		True
CONTIG	NODE_104_length_909_cov_330.011509	909	correct
3341521	3342410	1	890	NC_002945.4	NODE_105_length_890_cov_37.229358	100.0		True
CONTIG	NODE_105_length_890_cov_37.229358	890	correct
1278286	1279129	844	1	NC_002945.4	NODE_106_length_844_cov_104.744770	100.0		True
CONTIG	NODE_106_length_844_cov_104.744770	844	correct
3444905	3445699	795	1	NC_002945.4	NODE_107_length_795_cov_119.604790	100.0		True
CONTIG	NODE_107_length_795_cov_119.604790	795	correct
2422650	2423393	1	744	NC_002945.4	NODE_108_length_744_cov_92.322528	99.87		True
CONTIG	NODE_108_length_744_cov_92.322528	744	correct
1638288	1638772	494	1	NC_002945.4	NODE_109_length_706_cov_1.096718	98.18		True
CONTIG	NODE_109_length_706_cov_1.096718	706	correct
1985832	1986520	1	689	NC_002945.4	NODE_110_length_695_cov_3.221831	100.0		True
CONTIG	NODE_110_length_695_cov_3.221831	695	correct
149554	149967	229	642	NC_002945.4	NODE_111_length_642_cov_3.295146	99.28		True
CONTIG	NODE_111_length_642_cov_3.295146	642	correct
3340552	3341186	1	635	NC_002945.4	NODE_112_length_635_cov_45.625984	100.0		True
CONTIG	NODE_112_length_635_cov_45.625984	635	correct
CONTIG	NODE_113_length_594_cov_0.781585	594	unaligned
3338676	3339263	588	1	NC_002945.4	NODE_114_length_588_cov_59.444685	100.0		True
CONTIG	NODE_114_length_588_cov_59.444685	588	correct
4294109	4294586	565	88	NC_002945.4	NODE_115_length_565_cov_4.390411	100.0		True
CONTIG	NODE_115_length_565_cov_4.390411	565	correct
1632842	1633290	1	449	NC_002945.4	NODE_116_length_562_cov_1.436782	99.78		True
local misassembly
1632856	1632968	450	562	NC_002945.4	NODE_116_length_562_cov_1.436782	98.51		True
CONTIG	NODE_116_length_562_cov_1.436782	562	correct
2932314	2932862	558	10	NC_002945.4	NODE_117_length_558_cov_2.296984	99.09		True
CONTIG	NODE_117_length_558_cov_2.296984	558	correct
2056535	2056916	382	1	NC_002945.4	NODE_118_length_556_cov_1.034965	100.0		True
CONTIG	NODE_118_length_556_cov_1.034965	556	correct
1491069	1491382	314	1	NC_002945.4	NODE_119_length_549_cov_1.120853	100.0		True
CONTIG	NODE_119_length_549_cov_1.120853	549	correct
1091949	1092428	56	535	NC_002945.4	NODE_120_length_535_cov_0.987745	99.79		True
CONTIG	NODE_120_length_535_cov_0.987745	535	correct
1386537	1386868	332	1	NC_002945.4	NODE_121_length_525_cov_0.585427	100.0		True
CONTIG	NODE_121_length_525_cov_0.585427	525	correct
334894	335365	517	46	NC_002945.4	NODE_122_length_517_cov_3.097436	99.79		True
CONTIG	NODE_122_length_517_cov_3.097436	517	correct
2325906	2326193	288	1	NC_002945.4	NODE_123_length_502_cov_1.586667	99.65		True
CONTIG	NODE_123_length_502_cov_1.586667	502	correct
