S1	E1	S2	E2	Reference	Contig	IDY	Ambiguous	Best_group
2453628	2665743	212168	1	NC_002945.4	NODE_1_length_212168_cov_52.373772	99.96		True
CONTIG	NODE_1_length_212168_cov_52.373772	212168	correct
402605	607788	204915	1	NC_002945.4	NODE_2_length_204915_cov_52.747803	99.86		True
CONTIG	NODE_2_length_204915_cov_52.747803	204915	correct
3488378	3673271	184786	1	NC_002945.4	NODE_3_length_184786_cov_53.132872	99.93		True
CONTIG	NODE_3_length_184786_cov_53.132872	184786	correct
2957039	3124608	166881	1	NC_002945.4	NODE_4_length_166881_cov_52.113754	99.45		True
CONTIG	NODE_4_length_166881_cov_52.113754	166881	correct
676588	824045	1	147459	NC_002945.4	NODE_5_length_160296_cov_52.562668	99.99		True
local misassembly
824601	837380	147460	160239	NC_002945.4	NODE_5_length_160296_cov_52.562668	99.98		True
CONTIG	NODE_5_length_160296_cov_52.562668	160296	correct
4035850	4193715	157751	1	NC_002945.4	NODE_6_length_157751_cov_52.858378	99.92		True
CONTIG	NODE_6_length_157751_cov_52.858378	157751	correct
150155	306687	56	156561	NC_002945.4	NODE_7_length_156561_cov_53.088056	99.97		True
CONTIG	NODE_7_length_156561_cov_53.088056	156561	correct
4301846	4349904	1	48058	NC_002945.4	NODE_8_length_151377_cov_53.440066	99.99		True
fake: not a misassembly [linear representation of circular genome]
1	29469	48059	77527	NC_002945.4	NODE_8_length_151377_cov_53.440066	99.99		True
local misassembly
30083	103918	77529	151377	NC_002945.4	NODE_8_length_151377_cov_53.440066	99.96		True
CONTIG	NODE_8_length_151377_cov_53.440066	151377	correct
1638954	1769053	130191	93	NC_002945.4	NODE_9_length_130314_cov_55.806571	99.99		True
CONTIG	NODE_9_length_130314_cov_55.806571	130314	correct
1987118	1993047	5931	1	NC_002945.4	NODE_10_length_121514_cov_52.217503	99.97		True
relocation, inconsistency = 1803
1869374	1985302	121514	5944	NC_002945.4	NODE_10_length_121514_cov_52.217503	99.68		True
CONTIG	NODE_10_length_121514_cov_52.217503	121514	misassembled
1010930	1091957	81336	306	NC_002945.4	NODE_11_length_120668_cov_52.976423	99.99		True
relocation, inconsistency = 1457
970273	1009472	120536	81337	NC_002945.4	NODE_11_length_120668_cov_52.976423	99.98		True
CONTIG	NODE_11_length_120668_cov_52.976423	120668	misassembled
3297493	3338802	41479	1	NC_002945.4	NODE_12_length_119666_cov_52.513790	99.81		True
indel: stretch of mismatches
3219363	3297478	119666	41494	NC_002945.4	NODE_12_length_119666_cov_52.513790	99.92		True
CONTIG	NODE_12_length_119666_cov_52.513790	119666	correct
2056991	2083604	15	26628	NC_002945.4	NODE_13_length_101536_cov_54.473114	99.98		True
local misassembly
2083596	2158365	26767	101536	NC_002945.4	NODE_13_length_101536_cov_54.473114	99.98		True
CONTIG	NODE_13_length_101536_cov_54.473114	101536	correct
1491972	1573636	81665	1	NC_002945.4	NODE_14_length_101235_cov_55.034013	99.93		True
local misassembly
1490961	1491716	82421	81666	NC_002945.4	NODE_14_length_101235_cov_55.034013	100.0		True
local misassembly
1471935	1490747	101235	82422	NC_002945.4	NODE_14_length_101235_cov_55.034013	99.98		True
CONTIG	NODE_14_length_101235_cov_55.034013	101235	correct
3343594	3442410	1	98885	NC_002945.4	NODE_15_length_98885_cov_53.903461	99.92		True
CONTIG	NODE_15_length_98885_cov_53.903461	98885	correct
3898832	3979445	80615	2	NC_002945.4	NODE_16_length_80615_cov_53.140431	99.99		True
CONTIG	NODE_16_length_80615_cov_53.140431	80615	correct
2693912	2772958	79338	293	NC_002945.4	NODE_17_length_79338_cov_50.750881	99.99		True
CONTIG	NODE_17_length_79338_cov_50.750881	79338	correct
1779460	1853476	74141	125	NC_002945.4	NODE_18_length_74141_cov_53.054854	99.99		True
CONTIG	NODE_18_length_74141_cov_53.054854	74141	correct
1343879	1386638	1	42765	NC_002945.4	NODE_19_length_73361_cov_51.929200	99.99		True
local misassembly
1386741	1417336	42766	73361	NC_002945.4	NODE_19_length_73361_cov_51.929200	99.98		True
CONTIG	NODE_19_length_73361_cov_51.929200	73361	correct
3124686	3193870	69131	1	NC_002945.4	NODE_20_length_69158_cov_52.926700	99.91		True
CONTIG	NODE_20_length_69158_cov_52.926700	69158	correct
1096985	1165170	68175	1	NC_002945.4	NODE_21_length_68175_cov_52.929153	99.97		True
CONTIG	NODE_21_length_68175_cov_52.929153	68175	correct
2343795	2372341	275	28821	NC_002945.4	NODE_22_length_64942_cov_49.019209	99.98		True
local misassembly
2372627	2408682	28822	64819	NC_002945.4	NODE_22_length_64942_cov_49.019209	99.83		True
CONTIG	NODE_22_length_64942_cov_49.019209	64942	correct
2852146	2916393	64247	1	NC_002945.4	NODE_23_length_64327_cov_50.935654	99.98		True
CONTIG	NODE_23_length_64327_cov_50.935654	64327	correct
4194926	4259153	1	64228	NC_002945.4	NODE_24_length_64228_cov_56.314644	99.99		True
CONTIG	NODE_24_length_64228_cov_56.314644	64228	correct
625229	673260	48061	30	NC_002945.4	NODE_25_length_63371_cov_51.370122	99.99		True
local misassembly
609085	624394	63371	48062	NC_002945.4	NODE_25_length_63371_cov_51.370122	99.99		True
CONTIG	NODE_25_length_63371_cov_51.370122	63371	correct
1280097	1343223	1	63189	NC_002945.4	NODE_26_length_63189_cov_56.087152	99.89		True
CONTIG	NODE_26_length_63189_cov_56.087152	63189	correct
1997096	2056239	59485	342	NC_002945.4	NODE_27_length_59485_cov_51.351781	99.98		True
CONTIG	NODE_27_length_59485_cov_51.351781	59485	correct
1574044	1633191	1	59075	NC_002945.4	NODE_28_length_59219_cov_50.250305	99.86		True
CONTIG	NODE_28_length_59219_cov_50.250305	59219	correct
1219591	1278412	58822	1	NC_002945.4	NODE_29_length_58834_cov_52.272284	99.99		True
CONTIG	NODE_29_length_58834_cov_52.272284	58834	correct
3777400	3830697	53372	75	NC_002945.4	NODE_30_length_53372_cov_52.588544	99.99		True
CONTIG	NODE_30_length_53372_cov_52.588544	53372	correct
1418316	1470724	1	52352	NC_002945.4	NODE_31_length_52352_cov_55.080613	99.88		True
CONTIG	NODE_31_length_52352_cov_55.080613	52352	correct
2801012	2852066	51055	1	NC_002945.4	NODE_32_length_51055_cov_52.388863	99.98		True
CONTIG	NODE_32_length_51055_cov_52.388863	51055	correct
3984850	4000631	130	15911	NC_002945.4	NODE_33_length_50983_cov_54.087109	100.0		True
fake: scaffold gap size wrong estimation (local)
4000854	4035825	16012	50983	NC_002945.4	NODE_33_length_50983_cov_54.087109	99.98		True
CONTIG	NODE_33_length_50983_cov_54.087109	50983	correct
842751	891078	48328	1	NC_002945.4	NODE_34_length_48328_cov_51.491089	99.99		True
CONTIG	NODE_34_length_48328_cov_51.491089	48328	correct
105040	149953	44914	1	NC_002945.4	NODE_35_length_44914_cov_51.892915	99.97		True
CONTIG	NODE_35_length_44914_cov_51.892915	44914	correct
3445573	3488322	42750	1	NC_002945.4	NODE_36_length_42750_cov_54.352462	99.97		True
CONTIG	NODE_36_length_42750_cov_54.352462	42750	correct
3836888	3878171	41422	147	NC_002945.4	NODE_37_length_41422_cov_52.551205	99.96		True
CONTIG	NODE_37_length_41422_cov_52.551205	41422	correct
930669	970102	32	39705	NC_002945.4	NODE_38_length_39705_cov_51.872404	99.37		True
CONTIG	NODE_38_length_39705_cov_51.872404	39705	correct
2246080	2283745	37668	1	NC_002945.4	NODE_39_length_37777_cov_55.063718	99.95		True
CONTIG	NODE_39_length_37777_cov_55.063718	37777	correct
363949	401308	37360	1	NC_002945.4	NODE_40_length_37423_cov_51.245898	99.99		True
CONTIG	NODE_40_length_37423_cov_51.245898	37423	correct
2210167	2245161	255	35249	NC_002945.4	NODE_41_length_35249_cov_57.816753	100.0		True
CONTIG	NODE_41_length_35249_cov_57.816753	35249	correct
3724846	3737454	1	12609	NC_002945.4	NODE_42_length_33863_cov_51.575350	99.98		True
local misassembly
3737665	3758844	12610	33789	NC_002945.4	NODE_42_length_33863_cov_51.575350	100.0		True
CONTIG	NODE_42_length_33863_cov_51.575350	33863	correct
1171083	1189860	1	18778	NC_002945.4	NODE_43_length_33424_cov_50.147130	99.99		True
local misassembly
1190092	1204737	18779	33424	NC_002945.4	NODE_43_length_33424_cov_50.147130	99.97		True
CONTIG	NODE_43_length_33424_cov_50.147130	33424	correct
2161798	2192094	1	30298	NC_002945.4	NODE_44_length_30298_cov_54.501077	99.99		True
CONTIG	NODE_44_length_30298_cov_54.501077	30298	correct
2294650	2324489	29840	1	NC_002945.4	NODE_45_length_29840_cov_50.212264	99.99		True
CONTIG	NODE_45_length_29840_cov_50.212264	29840	correct
2665885	2693421	27536	1	NC_002945.4	NODE_46_length_27545_cov_52.091947	99.99		True
CONTIG	NODE_46_length_27545_cov_52.091947	27545	correct
306792	333298	105	26506	NC_002945.4	NODE_47_length_26781_cov_51.752495	99.6		True
indel: stretch of mismatches
333299	333426	26507	26634	NC_002945.4	NODE_47_length_26781_cov_51.752495	99.76		True
CONTIG	NODE_47_length_26781_cov_51.752495	26781	correct
3674358	3700212	1	25837	NC_002945.4	NODE_48_length_25837_cov_39.916531	99.93		True
CONTIG	NODE_48_length_25837_cov_39.916531	25837	correct
338173	363805	150	25695	NC_002945.4	NODE_49_length_25695_cov_45.685818	99.64		True
CONTIG	NODE_49_length_25695_cov_45.685818	25695	correct
4259930	4281661	21730	1	NC_002945.4	NODE_50_length_21730_cov_53.940379	99.98		True
CONTIG	NODE_50_length_21730_cov_53.940379	21730	correct
2423267	2444953	21687	1	NC_002945.4	NODE_51_length_21687_cov_55.386781	99.99		True
CONTIG	NODE_51_length_21687_cov_55.386781	21687	correct
3759785	3777383	17601	1	NC_002945.4	NODE_52_length_17753_cov_48.204981	99.96		True
CONTIG	NODE_52_length_17753_cov_48.204981	17753	correct
2326254	2343802	17667	119	NC_002945.4	NODE_53_length_17712_cov_46.850043	99.99		True
CONTIG	NODE_53_length_17712_cov_46.850043	17712	correct
2192685	2209982	17408	111	NC_002945.4	NODE_54_length_17408_cov_60.086453	99.99		True
CONTIG	NODE_54_length_17408_cov_60.086453	17408	correct
892165	909508	17344	1	NC_002945.4	NODE_55_length_17344_cov_53.807167	99.99		True
CONTIG	NODE_55_length_17344_cov_53.807167	17344	correct
2777012	2793851	128	16967	NC_002945.4	NODE_56_length_16970_cov_56.283322	100.0		True
CONTIG	NODE_56_length_16970_cov_56.283322	16970	correct
910050	926183	1	16135	NC_002945.4	NODE_57_length_16135_cov_58.287981	99.98		True
CONTIG	NODE_57_length_16135_cov_58.287981	16135	correct
1854088	1854182	77	171	NC_002945.4	NODE_58_length_15722_cov_36.666496	100.0		True
local misassembly
1853862	1869345	172	15655	NC_002945.4	NODE_58_length_15722_cov_36.666496	99.99		True
CONTIG	NODE_58_length_15722_cov_36.666496	15722	correct
3193780	3209294	15615	1	NC_002945.4	NODE_59_length_15615_cov_52.745480	100.0		True
CONTIG	NODE_59_length_15615_cov_52.745480	15615	correct
2916851	2932186	1	15336	NC_002945.4	NODE_60_length_15466_cov_59.439077	99.97		True
CONTIG	NODE_60_length_15466_cov_59.439077	15466	correct
2409178	2422776	13599	1	NC_002945.4	NODE_61_length_13741_cov_52.237990	99.98		True
CONTIG	NODE_61_length_13741_cov_52.237990	13741	correct
3712180	3724959	1	12780	NC_002945.4	NODE_62_length_12780_cov_37.125109	99.96		True
CONTIG	NODE_62_length_12780_cov_37.125109	12780	correct
3890969	3895447	4487	9	NC_002945.4	NODE_63_length_12660_cov_24.139871	99.9		True
local misassembly
3884643	3890278	10132	4488	NC_002945.4	NODE_63_length_12660_cov_24.139871	99.79		True
local misassembly
3882139	3884027	12069	10133	NC_002945.4	NODE_63_length_12660_cov_24.139871	97.69		True
local misassembly
3881717	3882155	12659	12221	NC_002945.4	NODE_63_length_12660_cov_24.139871	100.0		True
CONTIG	NODE_63_length_12660_cov_24.139871	12660	correct
2944619	2957076	12458	1	NC_002945.4	NODE_64_length_12458_cov_50.851188	99.98		True
CONTIG	NODE_64_length_12458_cov_50.851188	12458	correct
4281684	4293955	12272	1	NC_002945.4	NODE_65_length_12272_cov_52.605023	99.99		True
CONTIG	NODE_65_length_12272_cov_52.605023	12272	correct
3700311	3711403	27	11119	NC_002945.4	NODE_66_length_11119_cov_37.675400	100.0		True
CONTIG	NODE_66_length_11119_cov_37.675400	11119	correct
2933763	2943963	1	10201	NC_002945.4	NODE_67_length_10201_cov_52.042486	99.99		True
CONTIG	NODE_67_length_10201_cov_52.042486	10201	correct
3209302	3219352	10051	1	NC_002945.4	NODE_68_length_10051_cov_52.481459	100.0		True
CONTIG	NODE_68_length_10051_cov_52.481459	10051	correct
1204726	1213947	9147	1	NC_002945.4	NODE_69_length_9147_cov_45.772284	99.15		True
CONTIG	NODE_69_length_9147_cov_45.772284	9147	correct
2444936	2453624	8689	1	NC_002945.4	NODE_70_length_8689_cov_52.028498	100.0		True
CONTIG	NODE_70_length_8689_cov_52.028498	8689	correct
4294593	4301847	1	7255	NC_002945.4	NODE_71_length_7310_cov_46.673952	99.99		True
CONTIG	NODE_71_length_7310_cov_46.673952	7310	correct
2794249	2799828	1	5580	NC_002945.4	NODE_72_length_5580_cov_50.372639	99.98		True
CONTIG	NODE_72_length_5580_cov_50.372639	5580	correct
3830708	3835785	17	5094	NC_002945.4	NODE_73_length_5094_cov_59.705657	100.0		True
CONTIG	NODE_73_length_5094_cov_59.705657	5094	correct
3980331	3984589	218	4476	NC_002945.4	NODE_74_length_4476_cov_41.208324	100.0		True
CONTIG	NODE_74_length_4476_cov_41.208324	4476	correct
1165899	1169900	1	4002	NC_002945.4	NODE_75_length_4002_cov_55.099871	99.98		True
CONTIG	NODE_75_length_4002_cov_55.099871	4002	correct
1092496	1096461	9	3974	NC_002945.4	NODE_76_length_3974_cov_46.625422	100.0		True
CONTIG	NODE_76_length_3974_cov_46.625422	3974	correct
1214521	1214774	156	409	NC_002945.4	NODE_77_length_3930_cov_44.634762	99.21		True
local misassembly
1214750	1218102	529	3881	NC_002945.4	NODE_77_length_3930_cov_44.634762	99.97		True
CONTIG	NODE_77_length_3930_cov_44.634762	3930	correct
1635657	1638240	1	2533	NC_002945.4	NODE_78_length_3091_cov_28.108974	98.03		True
local misassembly
1638385	1638698	2534	2847	NC_002945.4	NODE_78_length_3091_cov_28.108974	99.7		True
CONTIG	NODE_78_length_3091_cov_28.108974	3091	correct
2284620	2287647	3028	1	NC_002945.4	NODE_79_length_3028_cov_39.536711	99.77		True
CONTIG	NODE_79_length_3028_cov_39.536711	3028	correct
2290710	2293716	1	3007	NC_002945.4	NODE_80_length_3007_cov_37.731944	100.0		True
CONTIG	NODE_80_length_3007_cov_37.731944	3007	correct
2158341	2158913	1	573	NC_002945.4	NODE_81_length_2949_cov_60.829908	100.0		True
fake: scaffold gap size wrong estimation (local)
2158914	2160444	605	2135	NC_002945.4	NODE_81_length_2949_cov_60.829908	95.49		True
CONTIG	NODE_81_length_2949_cov_60.829908	2949	correct
3878068	3881088	5	2899	NC_002945.4	NODE_82_length_2899_cov_10.181457	95.33		True
CONTIG	NODE_82_length_2899_cov_10.181457	2899	correct
1993335	1996096	1	2762	NC_002945.4	NODE_83_length_2762_cov_60.719924	100.0		True
CONTIG	NODE_83_length_2762_cov_60.719924	2762	correct
929605	930552	1059	112	NC_002945.4	NODE_84_length_2391_cov_13.962456	100.0		True
local misassembly
928970	929505	1595	1060	NC_002945.4	NODE_84_length_2391_cov_13.962456	100.0		True
local misassembly
928327	928975	2391	1734	NC_002945.4	NODE_84_length_2391_cov_13.962456	98.63		True
CONTIG	NODE_84_length_2391_cov_13.962456	2391	correct
674645	676207	1563	1	NC_002945.4	NODE_85_length_1563_cov_5.305710	100.0		True
CONTIG	NODE_85_length_1563_cov_5.305710	1563	correct
607662	609211	1550	1	NC_002945.4	NODE_86_length_1550_cov_88.920590	99.94		True
CONTIG	NODE_86_length_1550_cov_88.920590	1550	correct
4193589	4195052	1464	1	NC_002945.4	NODE_87_length_1464_cov_123.548242	100.0		True
CONTIG	NODE_87_length_1464_cov_123.548242	1464	correct
2774157	2775611	1	1455	NC_002945.4	NODE_88_length_1455_cov_6.567771	100.0		True
CONTIG	NODE_88_length_1455_cov_6.567771	1455	correct
3443593	3445031	1439	1	NC_002945.4	NODE_89_length_1439_cov_63.807927	100.0		True
CONTIG	NODE_89_length_1439_cov_63.807927	1439	correct
3897145	3898585	1	1432	NC_002945.4	NODE_90_length_1432_cov_31.065900	99.38		True
CONTIG	NODE_90_length_1432_cov_31.065900	1432	correct
2324504	2325837	92	1425	NC_002945.4	NODE_91_length_1425_cov_43.729584	100.0		True
CONTIG	NODE_91_length_1425_cov_43.729584	1425	correct
336693	338013	1321	1	NC_002945.4	NODE_92_length_1405_cov_20.743349	100.0		True
CONTIG	NODE_92_length_1405_cov_20.743349	1405	correct
334077	335315	1	1239	NC_002945.4	NODE_93_length_1391_cov_13.176424	99.84		True
CONTIG	NODE_93_length_1391_cov_13.176424	1391	correct
890952	892291	1340	1	NC_002945.4	NODE_94_length_1340_cov_106.155812	100.0		True
CONTIG	NODE_94_length_1340_cov_106.155812	1340	correct
3339137	3340461	1	1325	NC_002945.4	NODE_95_length_1325_cov_55.471619	100.0		True
CONTIG	NODE_95_length_1325_cov_55.471619	1325	correct
3835659	3836979	1	1321	NC_002945.4	NODE_96_length_1321_cov_108.525126	99.7		True
CONTIG	NODE_96_length_1321_cov_108.525126	1321	correct
2288581	2289835	1255	1	NC_002945.4	NODE_97_length_1255_cov_51.370567	100.0		True
CONTIG	NODE_97_length_1255_cov_51.370567	1255	correct
2287521	2288707	1187	1	NC_002945.4	NODE_98_length_1187_cov_39.071698	100.0		True
CONTIG	NODE_98_length_1187_cov_39.071698	1187	correct
2283619	2284746	1128	1	NC_002945.4	NODE_99_length_1128_cov_99.725275	99.91		True
CONTIG	NODE_99_length_1128_cov_99.725275	1128	correct
839663	840781	1	1119	NC_002945.4	NODE_100_length_1119_cov_19.101815	100.0		True
CONTIG	NODE_100_length_1119_cov_19.101815	1119	correct
3711277	3712306	1	1030	NC_002945.4	NODE_101_length_1030_cov_107.394241	100.0		True
CONTIG	NODE_101_length_1030_cov_107.394241	1030	correct
1165044	1166025	982	1	NC_002945.4	NODE_102_length_982_cov_113.107602	99.9		True
CONTIG	NODE_102_length_982_cov_113.107602	982	correct
3442285	3443193	909	1	NC_002945.4	NODE_103_length_909_cov_348.746803	100.0		True
CONTIG	NODE_103_length_909_cov_348.746803	909	correct
335648	336537	891	2	NC_002945.4	NODE_104_length_891_cov_8.764398	100.0		True
CONTIG	NODE_104_length_891_cov_8.764398	891	correct
3341521	3342410	890	1	NC_002945.4	NODE_105_length_890_cov_39.099607	100.0		True
CONTIG	NODE_105_length_890_cov_39.099607	890	correct
1278286	1279129	844	1	NC_002945.4	NODE_106_length_844_cov_97.580195	100.0		True
CONTIG	NODE_106_length_844_cov_97.580195	844	correct
1996292	1996973	1	682	NC_002945.4	NODE_107_length_843_cov_4.811453	100.0		True
CONTIG	NODE_107_length_843_cov_4.811453	843	correct
909382	910176	795	1	NC_002945.4	NODE_108_length_795_cov_116.922156	100.0		True
CONTIG	NODE_108_length_795_cov_116.922156	795	correct
1985756	1986490	735	1	NC_002945.4	NODE_109_length_751_cov_3.679487	99.46		True
CONTIG	NODE_109_length_751_cov_3.679487	751	correct
2693295	2694038	744	1	NC_002945.4	NODE_110_length_744_cov_102.016207	100.0		True
CONTIG	NODE_110_length_744_cov_102.016207	744	correct
1213932	1214458	1	527	NC_002945.4	NODE_111_length_664_cov_2.201117	99.05		True
CONTIG	NODE_111_length_664_cov_2.201117	664	correct
3340552	3341186	635	1	NC_002945.4	NODE_112_length_635_cov_38.273622	100.0		True
CONTIG	NODE_112_length_635_cov_38.273622	635	correct
2325856	2326227	372	1	NC_002945.4	NODE_113_length_634_cov_3.025641	100.0		True
CONTIG	NODE_113_length_634_cov_3.025641	634	correct
3759086	3759706	1	621	NC_002945.4	NODE_114_length_621_cov_2.803644	100.0		True
CONTIG	NODE_114_length_621_cov_2.803644	621	correct
674111	674641	82	612	NC_002945.4	NODE_115_length_612_cov_3.424742	100.0		True
CONTIG	NODE_115_length_612_cov_3.424742	612	correct
3338676	3339263	588	1	NC_002945.4	NODE_116_length_588_cov_78.687636	100.0		True
CONTIG	NODE_116_length_588_cov_78.687636	588	correct
673774	674074	312	12	NC_002945.4	NODE_117_length_571_cov_3.736486	99.67		True
indel: indel (> 5bp)
673470	673728	571	313	NC_002945.4	NODE_117_length_571_cov_3.736486	100.0		True
CONTIG	NODE_117_length_571_cov_3.736486	571	correct
927004	927441	559	122	NC_002945.4	NODE_118_length_559_cov_1.048611	99.77		True
CONTIG	NODE_118_length_559_cov_1.048611	559	correct
2773522	2774074	553	1	NC_002945.4	NODE_119_length_553_cov_3.838028	100.0		True
CONTIG	NODE_119_length_553_cov_3.838028	553	correct
841549	841979	546	116	NC_002945.4	NODE_120_length_546_cov_1.961814	95.83		True
CONTIG	NODE_120_length_546_cov_1.961814	546	correct
1218492	1219012	1	521	NC_002945.4	NODE_121_length_521_cov_2.670051	100.0		True
CONTIG	NODE_121_length_521_cov_2.670051	521	correct
