S1	E1	S2	E2	Reference	Contig	IDY	Ambiguous	Best_group
3445573	3673271	1	227591	NC_002945.4	NODE_1_length_227591_cov_38.700739	99.93		True
CONTIG	NODE_1_length_227591_cov_38.700739	227591	correct
402605	607788	204915	1	NC_002945.4	NODE_2_length_204915_cov_38.122190	99.86		True
CONTIG	NODE_2_length_204915_cov_38.122190	204915	correct
4294109	4349904	1	55795	NC_002945.4	NODE_3_length_159114_cov_38.940857	99.99		True
fake: not a misassembly [linear representation of circular genome]
1	29469	55796	85264	NC_002945.4	NODE_3_length_159114_cov_38.940857	99.99		True
local misassembly
30083	103918	85266	159114	NC_002945.4	NODE_3_length_159114_cov_38.940857	99.96		True
CONTIG	NODE_3_length_159114_cov_38.940857	159114	correct
150092	306694	1	156576	NC_002945.4	NODE_4_length_156576_cov_37.447315	99.97		True
CONTIG	NODE_4_length_156576_cov_37.447315	156576	correct
2453603	2609070	1	155469	NC_002945.4	NODE_5_length_155586_cov_38.403650	99.99		True
CONTIG	NODE_5_length_155586_cov_38.403650	155586	correct
1635657	1638240	1	2635	NC_002945.4	NODE_6_length_133107_cov_40.060152	98.03		True
local misassembly
1638385	1638676	2636	2927	NC_002945.4	NODE_6_length_133107_cov_40.060152	100.0		True
local misassembly
1638965	1769053	2928	133015	NC_002945.4	NODE_6_length_133107_cov_40.060152	99.99		True
CONTIG	NODE_6_length_133107_cov_40.060152	133107	correct
1010930	1091438	80647	136	NC_002945.4	NODE_7_length_120139_cov_37.948447	99.99		True
relocation, inconsistency = 1457
970192	1009472	119927	80648	NC_002945.4	NODE_7_length_120139_cov_37.948447	99.98		True
CONTIG	NODE_7_length_120139_cov_37.948447	120139	misassembled
3219356	3338802	1	119673	NC_002945.4	NODE_8_length_119673_cov_37.792030	99.88		True
CONTIG	NODE_8_length_119673_cov_37.792030	119673	correct
1854376	1973048	118318	1	NC_002945.4	NODE_9_length_118503_cov_36.176886	99.68		True
CONTIG	NODE_9_length_118503_cov_36.176886	118503	correct
824601	838030	13430	1	NC_002945.4	NODE_10_length_111070_cov_38.471639	99.98		True
local misassembly
726549	824045	110928	13431	NC_002945.4	NODE_10_length_111070_cov_38.471639	99.99		True
CONTIG	NODE_10_length_111070_cov_38.471639	111070	correct
3015744	3124619	108286	47	NC_002945.4	NODE_11_length_108411_cov_37.907872	99.19		True
CONTIG	NODE_11_length_108411_cov_37.907872	108411	correct
3343594	3442410	1	98885	NC_002945.4	NODE_12_length_98885_cov_38.985692	99.92		True
CONTIG	NODE_12_length_98885_cov_38.985692	98885	correct
2057103	2083604	159	26660	NC_002945.4	NODE_13_length_84199_cov_38.379996	99.98		True
local misassembly
2083596	2140760	26799	83963	NC_002945.4	NODE_13_length_84199_cov_38.379996	99.99		True
CONTIG	NODE_13_length_84199_cov_38.379996	84199	correct
1387153	1470724	49	83563	NC_002945.4	NODE_14_length_83563_cov_38.436239	99.92		True
CONTIG	NODE_14_length_83563_cov_38.436239	83563	correct
3897145	3979469	1	82316	NC_002945.4	NODE_15_length_82498_cov_38.237499	99.98		True
CONTIG	NODE_15_length_82498_cov_38.237499	82498	correct
1491921	1573543	81744	122	NC_002945.4	NODE_16_length_81744_cov_39.810236	99.93		True
CONTIG	NODE_16_length_81744_cov_39.810236	81744	correct
2693912	2773065	79153	1	NC_002945.4	NODE_17_length_79153_cov_37.284033	99.99		True
CONTIG	NODE_17_length_79153_cov_37.284033	79153	correct
1779460	1853511	74052	1	NC_002945.4	NODE_18_length_74052_cov_38.226486	99.99		True
CONTIG	NODE_18_length_74052_cov_38.226486	74052	correct
3124686	3193870	69131	1	NC_002945.4	NODE_19_length_69153_cov_38.685408	99.91		True
CONTIG	NODE_19_length_69153_cov_38.685408	69153	correct
1096919	1165170	1	68241	NC_002945.4	NODE_20_length_68241_cov_38.866386	99.97		True
CONTIG	NODE_20_length_68241_cov_38.866386	68241	correct
4194926	4259153	64228	1	NC_002945.4	NODE_21_length_64228_cov_40.356734	99.99		True
CONTIG	NODE_21_length_64228_cov_40.356734	64228	correct
2852146	2916171	107	64131	NC_002945.4	NODE_22_length_64136_cov_36.103829	99.98		True
CONTIG	NODE_22_length_64136_cov_36.103829	64136	correct
1280097	1343223	1	63189	NC_002945.4	NODE_23_length_63189_cov_40.818242	99.89		True
CONTIG	NODE_23_length_63189_cov_40.818242	63189	correct
4035820	4097403	61583	1	NC_002945.4	NODE_24_length_61585_cov_35.594666	99.98		True
CONTIG	NODE_24_length_61585_cov_35.594666	61585	correct
1574153	1633299	86	59161	NC_002945.4	NODE_25_length_59161_cov_35.971068	99.85		True
CONTIG	NODE_25_length_59161_cov_35.971068	59161	correct
1219464	1278412	4	58952	NC_002945.4	NODE_26_length_58952_cov_38.163553	99.98		True
CONTIG	NODE_26_length_58952_cov_38.163553	58952	correct
2957039	3015746	58946	292	NC_002945.4	NODE_27_length_58946_cov_38.799861	99.9		True
CONTIG	NODE_27_length_58946_cov_38.799861	58946	correct
4000854	4035754	35043	143	NC_002945.4	NODE_28_length_55672_cov_36.862814	99.97		True
fake: scaffold gap size wrong estimation (local)
3980116	4000631	55659	35144	NC_002945.4	NODE_28_length_55672_cov_36.862814	100.0		True
CONTIG	NODE_28_length_55672_cov_36.862814	55672	correct
2611758	2665719	54126	114	NC_002945.4	NODE_29_length_54126_cov_35.834330	99.88		True
CONTIG	NODE_29_length_54126_cov_35.834330	54126	correct
3777400	3830690	1	53291	NC_002945.4	NODE_30_length_53302_cov_37.908848	99.99		True
CONTIG	NODE_30_length_53302_cov_37.908848	53302	correct
4141989	4193715	1	51727	NC_002945.4	NODE_31_length_51727_cov_38.038527	99.98		True
CONTIG	NODE_31_length_51727_cov_38.038527	51727	correct
2801012	2852048	1	51037	NC_002945.4	NODE_32_length_51037_cov_39.315655	99.99		True
CONTIG	NODE_32_length_51037_cov_39.315655	51037	correct
676593	726463	1	49871	NC_002945.4	NODE_33_length_49871_cov_36.993467	99.99		True
CONTIG	NODE_33_length_49871_cov_36.993467	49871	correct
842655	891078	4	48427	NC_002945.4	NODE_34_length_48427_cov_37.646667	99.99		True
CONTIG	NODE_34_length_48427_cov_37.646667	48427	correct
625512	673268	1	47757	NC_002945.4	NODE_35_length_47917_cov_37.315568	99.99		True
CONTIG	NODE_35_length_47917_cov_37.315568	47917	correct
4097387	4141988	44602	1	NC_002945.4	NODE_36_length_44602_cov_37.591051	99.99		True
CONTIG	NODE_36_length_44602_cov_37.591051	44602	correct
1997049	2040839	43791	1	NC_002945.4	NODE_37_length_43799_cov_38.857781	99.94		True
CONTIG	NODE_37_length_43799_cov_38.857781	43799	correct
1343879	1386504	1	42631	NC_002945.4	NODE_38_length_42631_cov_37.252941	99.99		True
CONTIG	NODE_38_length_42631_cov_37.252941	42631	correct
3836888	3878141	41308	63	NC_002945.4	NODE_39_length_41308_cov_36.657658	99.96		True
CONTIG	NODE_39_length_41308_cov_36.657658	41308	correct
930676	970082	11	39657	NC_002945.4	NODE_40_length_39657_cov_37.423526	99.36		True
CONTIG	NODE_40_length_39657_cov_37.423526	39657	correct
2246369	2283745	37379	1	NC_002945.4	NODE_41_length_37379_cov_40.068533	99.95		True
CONTIG	NODE_41_length_37379_cov_40.068533	37379	correct
2372448	2408737	92	36323	NC_002945.4	NODE_42_length_36323_cov_34.914852	99.82		True
CONTIG	NODE_42_length_36323_cov_34.914852	36323	correct
2210167	2245161	220	35214	NC_002945.4	NODE_43_length_35214_cov_41.418018	100.0		True
CONTIG	NODE_43_length_35214_cov_41.418018	35214	correct
4259930	4293929	1	33998	NC_002945.4	NODE_44_length_34046_cov_38.557239	99.99		True
CONTIG	NODE_44_length_34046_cov_38.557239	34046	correct
3724801	3737454	70	12723	NC_002945.4	NODE_45_length_33980_cov_38.789827	99.93		True
local misassembly
3737665	3758921	12724	33980	NC_002945.4	NODE_45_length_33980_cov_38.789827	100.0		True
CONTIG	NODE_45_length_33980_cov_38.789827	33980	correct
1171083	1189860	1	18778	NC_002945.4	NODE_46_length_33428_cov_36.603255	99.99		True
local misassembly
1190092	1204741	18779	33428	NC_002945.4	NODE_46_length_33428_cov_36.603255	99.97		True
CONTIG	NODE_46_length_33428_cov_36.603255	33428	correct
367913	401308	1	33396	NC_002945.4	NODE_47_length_33396_cov_36.559800	100.0		True
CONTIG	NODE_47_length_33396_cov_36.559800	33396	correct
2161798	2192094	30298	1	NC_002945.4	NODE_48_length_30298_cov_39.226973	99.99		True
CONTIG	NODE_48_length_30298_cov_39.226973	30298	correct
2423267	2453490	30265	156	NC_002945.4	NODE_49_length_30265_cov_38.162585	99.61		True
CONTIG	NODE_49_length_30265_cov_38.162585	30265	correct
2294650	2324479	29830	1	NC_002945.4	NODE_50_length_29830_cov_35.558664	99.99		True
CONTIG	NODE_50_length_29830_cov_35.558664	29830	correct
2343843	2372286	1	28444	NC_002945.4	NODE_51_length_28533_cov_37.786031	99.99		True
CONTIG	NODE_51_length_28533_cov_37.786031	28533	correct
2666062	2693421	27359	1	NC_002945.4	NODE_52_length_27359_cov_36.667303	99.99		True
CONTIG	NODE_52_length_27359_cov_36.667303	27359	correct
105040	131931	27002	111	NC_002945.4	NODE_53_length_27002_cov_36.399963	99.98		True
CONTIG	NODE_53_length_27002_cov_36.399963	27002	correct
306733	333298	26556	96	NC_002945.4	NODE_54_length_26556_cov_36.630292	99.6		True
CONTIG	NODE_54_length_26556_cov_36.630292	26556	correct
336693	362774	26094	91	NC_002945.4	NODE_55_length_26301_cov_33.971040	99.6		True
CONTIG	NODE_55_length_26301_cov_33.971040	26301	correct
3674358	3700171	1	25796	NC_002945.4	NODE_56_length_25796_cov_27.880011	99.87		True
CONTIG	NODE_56_length_25796_cov_27.880011	25796	correct
1471935	1490747	1	18814	NC_002945.4	NODE_57_length_19259_cov_43.577671	99.98		True
local misassembly
1490961	1491405	18815	19259	NC_002945.4	NODE_57_length_19259_cov_43.577671	100.0		True
CONTIG	NODE_57_length_19259_cov_43.577671	19259	correct
132646	149956	305	17615	NC_002945.4	NODE_58_length_17752_cov_38.659518	99.97		True
CONTIG	NODE_58_length_17752_cov_38.659518	17752	correct
3759750	3777383	55	17690	NC_002945.4	NODE_59_length_17690_cov_34.868872	99.96		True
CONTIG	NODE_59_length_17690_cov_34.868872	17690	correct
2140774	2158365	17592	1	NC_002945.4	NODE_60_length_17592_cov_41.321328	99.97		True
CONTIG	NODE_60_length_17592_cov_41.321328	17592	correct
2326315	2343825	1	17511	NC_002945.4	NODE_61_length_17511_cov_34.897434	99.98		True
CONTIG	NODE_61_length_17511_cov_34.897434	17511	correct
892165	909508	1	17344	NC_002945.4	NODE_62_length_17344_cov_40.200383	99.99		True
CONTIG	NODE_62_length_17344_cov_40.200383	17344	correct
2192685	2209733	17169	121	NC_002945.4	NODE_63_length_17169_cov_43.392266	99.99		True
CONTIG	NODE_63_length_17169_cov_43.392266	17169	correct
2776942	2793785	82	16925	NC_002945.4	NODE_64_length_17052_cov_40.679823	100.0		True
CONTIG	NODE_64_length_17052_cov_40.679823	17052	correct
910050	926385	16336	1	NC_002945.4	NODE_65_length_16336_cov_40.964402	99.98		True
CONTIG	NODE_65_length_16336_cov_40.964402	16336	correct
2040718	2056521	15804	1	NC_002945.4	NODE_66_length_15804_cov_37.169229	99.94		True
CONTIG	NODE_66_length_15804_cov_37.169229	15804	correct
3193780	3209295	15616	1	NC_002945.4	NODE_67_length_15616_cov_40.280263	100.0		True
CONTIG	NODE_67_length_15616_cov_40.280263	15616	correct
2916851	2932257	1	15407	NC_002945.4	NODE_68_length_15561_cov_41.853311	99.97		True
CONTIG	NODE_68_length_15561_cov_41.853311	15561	correct
609085	624364	1	15280	NC_002945.4	NODE_69_length_15438_cov_35.251453	99.99		True
CONTIG	NODE_69_length_15438_cov_35.251453	15438	correct
2409027	2422776	13750	1	NC_002945.4	NODE_70_length_13750_cov_35.621009	99.98		True
CONTIG	NODE_70_length_13750_cov_35.621009	13750	correct
3712180	3724845	1	12666	NC_002945.4	NODE_71_length_12682_cov_27.603106	99.96		True
CONTIG	NODE_71_length_12682_cov_27.603106	12682	correct
1972965	1985663	12666	1	NC_002945.4	NODE_72_length_12666_cov_38.283755	99.73		True
CONTIG	NODE_72_length_12666_cov_38.283755	12666	correct
2944619	2957076	12458	1	NC_002945.4	NODE_73_length_12458_cov_38.707485	99.98		True
CONTIG	NODE_73_length_12458_cov_38.707485	12458	correct
3890969	3893272	2446	143	NC_002945.4	NODE_74_length_11218_cov_15.329727	99.78		True
local misassembly
3884643	3890278	8091	2447	NC_002945.4	NODE_74_length_11218_cov_15.329727	99.79		True
local misassembly
3882139	3884027	10028	8092	NC_002945.4	NODE_74_length_11218_cov_15.329727	97.69		True
local misassembly
3881830	3882155	10505	10180	NC_002945.4	NODE_74_length_11218_cov_15.329727	100.0		True
relocation, inconsistency = -13474
3894591	3895303	11218	10506	NC_002945.4	NODE_74_length_11218_cov_15.329727	100.0		True
CONTIG	NODE_74_length_11218_cov_15.329727	11218	misassembled
2933824	2943963	184	10323	NC_002945.4	NODE_75_length_10323_cov_35.987544	99.97		True
CONTIG	NODE_75_length_10323_cov_35.987544	10323	correct
3209302	3219347	10046	1	NC_002945.4	NODE_76_length_10046_cov_37.741103	100.0		True
CONTIG	NODE_76_length_10046_cov_37.741103	10046	correct
1204750	1213471	1	8722	NC_002945.4	NODE_77_length_8815_cov_34.968923	99.98		True
CONTIG	NODE_77_length_8815_cov_34.968923	8815	correct
3703601	3711403	133	7935	NC_002945.4	NODE_78_length_7935_cov_25.130635	99.91		True
CONTIG	NODE_78_length_7935_cov_25.130635	7935	correct
2793827	2799828	6002	1	NC_002945.4	NODE_79_length_6002_cov_35.585362	99.98		True
CONTIG	NODE_79_length_6002_cov_35.585362	6002	correct
1987016	1992127	5113	1	NC_002945.4	NODE_80_length_5113_cov_38.800441	99.98		True
CONTIG	NODE_80_length_5113_cov_38.800441	5113	correct
3830722	3835785	1	5064	NC_002945.4	NODE_81_length_5064_cov_46.443994	100.0		True
CONTIG	NODE_81_length_5064_cov_46.443994	5064	correct
1214207	1214774	693	1260	NC_002945.4	NODE_82_length_5031_cov_23.820759	98.77		True
local misassembly
1214750	1218278	1380	4908	NC_002945.4	NODE_82_length_5031_cov_23.820759	100.0		True
CONTIG	NODE_82_length_5031_cov_23.820759	5031	correct
1165899	1169900	1	4002	NC_002945.4	NODE_83_length_4002_cov_38.647484	99.98		True
CONTIG	NODE_83_length_4002_cov_38.647484	4002	correct
363948	367912	1	3965	NC_002945.4	NODE_84_length_3965_cov_34.774927	99.92		True
CONTIG	NODE_84_length_3965_cov_34.774927	3965	correct
3700288	3703539	1	3252	NC_002945.4	NODE_85_length_3404_cov_33.624962	100.0		True
CONTIG	NODE_85_length_3404_cov_33.624962	3404	correct
1993335	1996194	3032	173	NC_002945.4	NODE_86_length_3032_cov_36.458520	99.97		True
CONTIG	NODE_86_length_3032_cov_36.458520	3032	correct
2284620	2287647	3028	1	NC_002945.4	NODE_87_length_3028_cov_26.472940	99.77		True
CONTIG	NODE_87_length_3028_cov_26.472940	3028	correct
2290710	2293716	3007	1	NC_002945.4	NODE_88_length_3007_cov_27.846528	100.0		True
CONTIG	NODE_88_length_3007_cov_27.846528	3007	correct
2158914	2160444	2345	815	NC_002945.4	NODE_89_length_2949_cov_38.061658	95.49		True
fake: scaffold gap size wrong estimation (local)
2158341	2158913	2949	2377	NC_002945.4	NODE_89_length_2949_cov_38.061658	100.0		True
CONTIG	NODE_89_length_2949_cov_38.061658	2949	correct
928970	930675	1934	229	NC_002945.4	NODE_90_length_2784_cov_8.647723	99.94		True
local misassembly
928273	928975	2784	2073	NC_002945.4	NODE_90_length_2784_cov_8.647723	98.74		True
CONTIG	NODE_90_length_2784_cov_8.647723	2784	correct
2609387	2611609	2223	1	NC_002945.4	NODE_91_length_2223_cov_24.695134	100.0		True
CONTIG	NODE_91_length_2223_cov_24.695134	2223	correct
1094890	1097045	1	2156	NC_002945.4	NODE_92_length_2156_cov_38.379497	99.77		True
CONTIG	NODE_92_length_2156_cov_38.379497	2156	correct
3878334	3880424	2093	3	NC_002945.4	NODE_93_length_2142_cov_5.952854	100.0		True
CONTIG	NODE_93_length_2142_cov_5.952854	2142	correct
674767	676279	132	1644	NC_002945.4	NODE_94_length_1753_cov_3.873924	99.47		True
inversion
676848	676956	1753	1645	NC_002945.4	NODE_94_length_1753_cov_3.873924	100.0		True
CONTIG	NODE_94_length_1753_cov_3.873924	1753	misassembled
1092670	1094397	1	1728	NC_002945.4	NODE_95_length_1728_cov_21.906199	100.0		True
CONTIG	NODE_95_length_1728_cov_21.906199	1728	correct
607662	609211	1	1550	NC_002945.4	NODE_96_length_1550_cov_59.951511	99.94		True
CONTIG	NODE_96_length_1550_cov_59.951511	1550	correct
4193589	4195052	1464	1	NC_002945.4	NODE_97_length_1464_cov_91.121167	100.0		True
CONTIG	NODE_97_length_1464_cov_91.121167	1464	correct
1992001	1993461	1461	1	NC_002945.4	NODE_98_length_1461_cov_48.602699	100.0		True
CONTIG	NODE_98_length_1461_cov_48.602699	1461	correct
839610	840788	190	1368	NC_002945.4	NODE_99_length_1448_cov_10.088569	100.0		True
relocation, inconsistency = 1450953
2291742	2291821	1448	1369	NC_002945.4	NODE_99_length_1448_cov_10.088569	100.0		True
CONTIG	NODE_99_length_1448_cov_10.088569	1448	misassembled
3443593	3445031	1	1439	NC_002945.4	NODE_100_length_1439_cov_45.805640	100.0		True
CONTIG	NODE_100_length_1439_cov_45.805640	1439	correct
2324664	2325834	177	1347	NC_002945.4	NODE_101_length_1351_cov_30.652778	100.0		True
CONTIG	NODE_101_length_1351_cov_30.652778	1351	correct
890952	892291	1	1340	NC_002945.4	NODE_102_length_1340_cov_78.929926	100.0		True
CONTIG	NODE_102_length_1340_cov_78.929926	1340	correct
3339137	3340461	1	1325	NC_002945.4	NODE_103_length_1325_cov_33.640234	100.0		True
CONTIG	NODE_103_length_1325_cov_33.640234	1325	correct
3835659	3836979	1321	1	NC_002945.4	NODE_104_length_1321_cov_80.319095	99.7		True
CONTIG	NODE_104_length_1321_cov_80.319095	1321	correct
2288581	2289835	1255	1	NC_002945.4	NODE_105_length_1255_cov_39.961879	100.0		True
CONTIG	NODE_105_length_1255_cov_39.961879	1255	correct
673511	674648	148	1240	NC_002945.4	NODE_106_length_1240_cov_1.911051	95.78		True
CONTIG	NODE_106_length_1240_cov_1.911051	1240	correct
2287521	2288707	1187	1	NC_002945.4	NODE_107_length_1187_cov_28.344340	100.0		True
CONTIG	NODE_107_length_1187_cov_28.344340	1187	correct
2289709	2290836	1128	1	NC_002945.4	NODE_108_length_1128_cov_73.309690	99.91		True
CONTIG	NODE_108_length_1128_cov_73.309690	1128	correct
3711277	3712306	1030	1	NC_002945.4	NODE_109_length_1030_cov_72.568106	100.0		True
CONTIG	NODE_109_length_1030_cov_72.568106	1030	correct
1996316	1997098	1	783	NC_002945.4	NODE_110_length_987_cov_3.069767	99.87		True
CONTIG	NODE_110_length_987_cov_3.069767	987	correct
1165044	1166025	982	1	NC_002945.4	NODE_111_length_982_cov_75.646784	100.0		True
CONTIG	NODE_111_length_982_cov_75.646784	982	correct
362934	363800	56	922	NC_002945.4	NODE_112_length_922_cov_3.713208	99.88		True
CONTIG	NODE_112_length_922_cov_3.713208	922	correct
3342811	3343719	1	909	NC_002945.4	NODE_113_length_909_cov_250.677749	100.0		True
CONTIG	NODE_113_length_909_cov_250.677749	909	correct
3341521	3342410	890	1	NC_002945.4	NODE_114_length_890_cov_25.865007	100.0		True
CONTIG	NODE_114_length_890_cov_25.865007	890	correct
1278286	1279129	1	844	NC_002945.4	NODE_115_length_844_cov_76.061367	100.0		True
CONTIG	NODE_115_length_844_cov_76.061367	844	correct
1853624	1854292	678	10	NC_002945.4	NODE_116_length_840_cov_1.152875	98.95		True
CONTIG	NODE_116_length_840_cov_1.152875	840	correct
335599	336374	803	28	NC_002945.4	NODE_117_length_803_cov_6.397929	100.0		True
CONTIG	NODE_117_length_803_cov_6.397929	803	correct
3444905	3445699	1	795	NC_002945.4	NODE_118_length_795_cov_86.416168	100.0		True
CONTIG	NODE_118_length_795_cov_86.416168	795	correct
2693295	2694038	744	1	NC_002945.4	NODE_119_length_744_cov_65.356564	100.0		True
CONTIG	NODE_119_length_744_cov_65.356564	744	correct
1091425	1091983	1	559	NC_002945.4	NODE_120_length_723_cov_0.627517	98.57		True
CONTIG	NODE_120_length_723_cov_0.627517	723	correct
1985937	1986440	206	709	NC_002945.4	NODE_121_length_709_cov_2.116838	100.0		True
CONTIG	NODE_121_length_709_cov_2.116838	709	correct
3759074	3759711	1	638	NC_002945.4	NODE_122_length_638_cov_2.242661	99.69		True
CONTIG	NODE_122_length_638_cov_2.242661	638	correct
3340552	3341186	635	1	NC_002945.4	NODE_123_length_635_cov_26.692913	100.0		True
CONTIG	NODE_123_length_635_cov_26.692913	635	correct
CONTIG	NODE_124_length_604_cov_1.553459	604	unaligned
1573590	1573833	418	175	NC_002945.4	NODE_125_length_594_cov_0.719486	100.0		True
CONTIG	NODE_125_length_594_cov_0.719486	594	correct
3341060	3341647	1	588	NC_002945.4	NODE_126_length_588_cov_52.991323	100.0		True
CONTIG	NODE_126_length_588_cov_52.991323	588	correct
841588	842120	33	565	NC_002945.4	NODE_127_length_565_cov_1.915525	97.0		True
CONTIG	NODE_127_length_565_cov_1.915525	565	correct
2773537	2774069	533	1	NC_002945.4	NODE_128_length_533_cov_3.024631	99.44		True
CONTIG	NODE_128_length_533_cov_3.024631	533	correct
3979661	3980052	392	1	NC_002945.4	NODE_129_length_527_cov_2.875000	99.74		True
CONTIG	NODE_129_length_527_cov_2.875000	527	correct
