S1	E1	S2	E2	Reference	Contig	IDY	Ambiguous	Best_group
2453678	2665772	212159	7	NC_002945.4	NODE_1_length_212349_cov_29.677361	99.96		True
CONTIG	NODE_1_length_212349_cov_29.677361	212349	correct
402605	607788	1	204915	NC_002945.4	NODE_2_length_204915_cov_29.757115	99.86		True
CONTIG	NODE_2_length_204915_cov_29.757115	204915	correct
3488378	3673271	1	184786	NC_002945.4	NODE_3_length_184786_cov_29.952799	99.93		True
CONTIG	NODE_3_length_184786_cov_29.952799	184786	correct
2957039	3124423	166869	174	NC_002945.4	NODE_4_length_166869_cov_29.711374	99.45		True
CONTIG	NODE_4_length_166869_cov_29.711374	166869	correct
824601	838084	13484	1	NC_002945.4	NODE_5_length_160962_cov_30.213262	99.98		True
local misassembly
676569	824045	160962	13485	NC_002945.4	NODE_5_length_160962_cov_30.213262	99.99		True
CONTIG	NODE_5_length_160962_cov_30.213262	160962	correct
150135	306697	156536	1	NC_002945.4	NODE_6_length_156536_cov_29.966198	99.97		True
CONTIG	NODE_6_length_156536_cov_29.966198	156536	correct
30083	103918	73849	1	NC_002945.4	NODE_7_length_142814_cov_30.475460	99.96		True
local misassembly
1	29469	103319	73851	NC_002945.4	NODE_7_length_142814_cov_30.475460	99.99		True
fake: not a misassembly [linear representation of circular genome]
4310409	4349904	142814	103320	NC_002945.4	NODE_7_length_142814_cov_30.475460	99.99		True
CONTIG	NODE_7_length_142814_cov_30.475460	142814	correct
1638948	1769053	352	130456	NC_002945.4	NODE_8_length_130548_cov_30.996872	99.99		True
CONTIG	NODE_8_length_130548_cov_30.996872	130548	correct
3219363	3340754	1	121618	NC_002945.4	NODE_9_length_123798_cov_29.873058	99.87		True
local misassembly
3341060	3342937	121921	123798	NC_002945.4	NODE_9_length_123798_cov_29.873058	100.0		True
CONTIG	NODE_9_length_123798_cov_29.873058	123798	correct
970175	1009472	1	39297	NC_002945.4	NODE_10_length_119990_cov_29.894455	99.98		True
relocation, inconsistency = 1457
1010930	1091472	39298	119843	NC_002945.4	NODE_10_length_119990_cov_29.894455	99.99		True
CONTIG	NODE_10_length_119990_cov_29.894455	119990	misassembled
1869467	1985602	115842	173	NC_002945.4	NODE_11_length_115991_cov_29.304978	99.58		True
CONTIG	NODE_11_length_115991_cov_29.304978	115991	correct
3343594	3442410	1	98885	NC_002945.4	NODE_12_length_98885_cov_30.515189	99.92		True
CONTIG	NODE_12_length_98885_cov_30.515189	98885	correct
4097330	4193715	1	96386	NC_002945.4	NODE_13_length_96386_cov_30.489295	99.99		True
CONTIG	NODE_13_length_96386_cov_30.489295	96386	correct
1779460	1869345	89886	1	NC_002945.4	NODE_14_length_89886_cov_28.466416	99.99		True
CONTIG	NODE_14_length_89886_cov_28.466416	89886	correct
2083596	2140742	57387	241	NC_002945.4	NODE_15_length_84455_cov_30.109548	99.99		True
local misassembly
2057038	2083604	84092	57526	NC_002945.4	NODE_15_length_84455_cov_30.109548	99.98		True
local misassembly
2056525	2056887	84455	84093	NC_002945.4	NODE_15_length_84455_cov_30.109548	100.0		True
CONTIG	NODE_15_length_84455_cov_30.109548	84455	correct
3897145	3979407	82254	1	NC_002945.4	NODE_16_length_82254_cov_29.841733	99.98		True
CONTIG	NODE_16_length_82254_cov_29.841733	82254	correct
1492001	1573770	174	81943	NC_002945.4	NODE_17_length_81943_cov_30.633091	99.93		True
CONTIG	NODE_17_length_81943_cov_30.633091	81943	correct
2693912	2766940	73091	63	NC_002945.4	NODE_18_length_73091_cov_29.497300	99.99		True
CONTIG	NODE_18_length_73091_cov_29.497300	73091	correct
1096019	1165170	1	69152	NC_002945.4	NODE_19_length_69152_cov_30.007707	99.98		True
CONTIG	NODE_19_length_69152_cov_30.007707	69152	correct
3124683	3193870	16	69149	NC_002945.4	NODE_20_length_69149_cov_29.296051	99.91		True
CONTIG	NODE_20_length_69149_cov_29.296051	69149	correct
2326315	2372223	1	45909	NC_002945.4	NODE_21_length_68791_cov_28.565959	99.99		True
relocation, inconsistency = 404723
2776947	2799828	45910	68791	NC_002945.4	NODE_21_length_68791_cov_28.565959	100.0		True
CONTIG	NODE_21_length_68791_cov_28.565959	68791	misassembled
2852120	2916058	64182	244	NC_002945.4	NODE_22_length_64236_cov_28.371165	99.98		True
CONTIG	NODE_22_length_64236_cov_28.371165	64236	correct
4194926	4259153	1	64228	NC_002945.4	NODE_23_length_64228_cov_31.679911	99.99		True
CONTIG	NODE_23_length_64228_cov_31.679911	64228	correct
1997235	2056402	59181	14	NC_002945.4	NODE_24_length_62126_cov_29.872901	99.98		True
relocation, inconsistency = 1353
1993052	1995881	62011	59182	NC_002945.4	NODE_24_length_62126_cov_29.872901	99.96		True
CONTIG	NODE_24_length_62126_cov_29.872901	62126	misassembled
1280097	1342059	62025	1	NC_002945.4	NODE_25_length_62025_cov_31.396136	99.89		True
CONTIG	NODE_25_length_62025_cov_31.396136	62025	correct
4035821	4097346	1	61525	NC_002945.4	NODE_26_length_61525_cov_29.072120	99.99		True
CONTIG	NODE_26_length_61525_cov_29.072120	61525	correct
1573953	1633279	59262	1	NC_002945.4	NODE_27_length_59262_cov_29.066340	99.87		True
CONTIG	NODE_27_length_59262_cov_29.066340	59262	correct
1219535	1278412	1	58878	NC_002945.4	NODE_28_length_58878_cov_29.459737	99.99		True
CONTIG	NODE_28_length_58878_cov_29.459737	58878	correct
1413935	1470724	1	56733	NC_002945.4	NODE_29_length_56733_cov_31.022754	99.89		True
CONTIG	NODE_29_length_56733_cov_31.022754	56733	correct
3777400	3830690	53365	75	NC_002945.4	NODE_30_length_53365_cov_29.583737	99.99		True
CONTIG	NODE_30_length_53365_cov_29.583737	53365	correct
2801012	2852048	51037	1	NC_002945.4	NODE_31_length_51037_cov_30.192673	99.99		True
CONTIG	NODE_31_length_51037_cov_30.192673	51037	correct
4000854	4035724	34871	1	NC_002945.4	NODE_32_length_50850_cov_29.495613	99.98		True
fake: scaffold gap size wrong estimation (local)
3984809	4000631	50794	34972	NC_002945.4	NODE_32_length_50850_cov_29.495613	100.0		True
CONTIG	NODE_32_length_50850_cov_29.495613	50850	correct
625545	674137	75	48667	NC_002945.4	NODE_33_length_48667_cov_29.168253	99.99		True
CONTIG	NODE_33_length_48667_cov_29.168253	48667	correct
842795	891078	48284	1	NC_002945.4	NODE_34_length_48296_cov_29.870041	99.99		True
CONTIG	NODE_34_length_48296_cov_29.870041	48296	correct
1343879	1386695	1	42822	NC_002945.4	NODE_35_length_42822_cov_30.111816	99.99		True
CONTIG	NODE_35_length_42822_cov_30.111816	42822	correct
3445573	3488322	1	42750	NC_002945.4	NODE_36_length_42750_cov_30.026207	99.97		True
CONTIG	NODE_36_length_42750_cov_30.026207	42750	correct
3836888	3878167	1	41272	NC_002945.4	NODE_37_length_41287_cov_30.147765	99.96		True
CONTIG	NODE_37_length_41287_cov_30.147765	41287	correct
930726	969977	81	39452	NC_002945.4	NODE_38_length_39583_cov_29.288068	99.66		True
CONTIG	NODE_38_length_39583_cov_29.288068	39583	correct
363900	401308	1	37409	NC_002945.4	NODE_39_length_37409_cov_29.181669	99.99		True
CONTIG	NODE_39_length_37409_cov_29.181669	37409	correct
2246369	2283745	37379	1	NC_002945.4	NODE_40_length_37379_cov_31.907226	99.95		True
CONTIG	NODE_40_length_37379_cov_31.907226	37379	correct
2372436	2408646	36153	1	NC_002945.4	NODE_41_length_36153_cov_27.318298	99.82		True
CONTIG	NODE_41_length_36153_cov_27.318298	36153	correct
2210158	2246062	35905	1	NC_002945.4	NODE_42_length_35905_cov_33.605819	100.0		True
CONTIG	NODE_42_length_35905_cov_33.605819	35905	correct
3737665	3759609	22061	114	NC_002945.4	NODE_43_length_34622_cov_29.191506	99.96		True
local misassembly
3724894	3737454	34622	22062	NC_002945.4	NODE_43_length_34622_cov_29.191506	99.98		True
CONTIG	NODE_43_length_34622_cov_29.191506	34622	correct
1190092	1204738	14647	1	NC_002945.4	NODE_44_length_33424_cov_28.659068	99.97		True
local misassembly
1171084	1189860	33424	14648	NC_002945.4	NODE_44_length_33424_cov_28.659068	99.99		True
CONTIG	NODE_44_length_33424_cov_28.659068	33424	correct
2423267	2453620	30336	97	NC_002945.4	NODE_45_length_30336_cov_29.353636	99.62		True
CONTIG	NODE_45_length_30336_cov_29.353636	30336	correct
2161798	2192094	1	30298	NC_002945.4	NODE_46_length_30298_cov_30.442677	99.99		True
CONTIG	NODE_46_length_30298_cov_30.442677	30298	correct
2294650	2324492	1	29843	NC_002945.4	NODE_47_length_29843_cov_28.814040	99.99		True
CONTIG	NODE_47_length_29843_cov_28.814040	29843	correct
2666025	2693421	1	27396	NC_002945.4	NODE_48_length_27396_cov_29.258645	99.99		True
CONTIG	NODE_48_length_27396_cov_29.258645	27396	correct
105040	131941	1	26902	NC_002945.4	NODE_49_length_27097_cov_28.640749	99.98		True
CONTIG	NODE_49_length_27097_cov_28.640749	27097	correct
306767	333298	86	26512	NC_002945.4	NODE_50_length_26822_cov_29.128713	99.6		True
indel: stretch of mismatches
333299	333426	26513	26640	NC_002945.4	NODE_50_length_26822_cov_29.128713	99.76		True
CONTIG	NODE_50_length_26822_cov_29.128713	26822	correct
675322	676004	748	66	NC_002945.4	NODE_51_length_25992_cov_21.756118	100.0		True
relocation, inconsistency = -3024298
3674358	3699619	25992	749	NC_002945.4	NODE_51_length_25992_cov_21.756118	99.93		True
CONTIG	NODE_51_length_25992_cov_21.756118	25992	misassembled
1387154	1412955	1	25802	NC_002945.4	NODE_52_length_25802_cov_27.610127	99.98		True
CONTIG	NODE_52_length_25802_cov_27.610127	25802	correct
338753	363610	24975	205	NC_002945.4	NODE_53_length_25056_cov_26.834610	99.6		True
CONTIG	NODE_53_length_25056_cov_26.834610	25056	correct
4259930	4281677	1	21746	NC_002945.4	NODE_54_length_21746_cov_30.897174	99.98		True
CONTIG	NODE_54_length_21746_cov_30.897174	21746	correct
2140797	2158516	1	17720	NC_002945.4	NODE_55_length_20355_cov_30.207633	99.96		True
local misassembly
2158655	2158913	17721	17979	NC_002945.4	NODE_55_length_20355_cov_30.207633	100.0		True
fake: scaffold gap size wrong estimation (local)
2158914	2160444	18011	19541	NC_002945.4	NODE_55_length_20355_cov_30.207633	95.49		True
CONTIG	NODE_55_length_20355_cov_30.207633	20355	correct
1490961	1491404	444	1	NC_002945.4	NODE_56_length_19258_cov_33.342533	100.0		True
local misassembly
1471935	1490747	19258	445	NC_002945.4	NODE_56_length_19258_cov_33.342533	99.98		True
CONTIG	NODE_56_length_19258_cov_33.342533	19258	correct
3759674	3777383	17712	1	NC_002945.4	NODE_57_length_17741_cov_28.284263	99.93		True
CONTIG	NODE_57_length_17741_cov_28.284263	17741	correct
2192685	2210130	1	17446	NC_002945.4	NODE_58_length_17552_cov_33.335897	99.97		True
CONTIG	NODE_58_length_17552_cov_33.335897	17552	correct
132517	149938	17448	27	NC_002945.4	NODE_59_length_17448_cov_32.629583	99.97		True
CONTIG	NODE_59_length_17448_cov_32.629583	17448	correct
892165	909508	1	17344	NC_002945.4	NODE_60_length_17344_cov_31.961724	99.99		True
CONTIG	NODE_60_length_17344_cov_31.961724	17344	correct
910050	926371	1	16322	NC_002945.4	NODE_61_length_16322_cov_32.207718	99.99		True
CONTIG	NODE_61_length_16322_cov_32.207718	16322	correct
3193780	3209278	1	15599	NC_002945.4	NODE_62_length_15599_cov_31.664943	100.0		True
CONTIG	NODE_62_length_15599_cov_31.664943	15599	correct
2916851	2932395	1	15545	NC_002945.4	NODE_63_length_15545_cov_31.989363	99.96		True
CONTIG	NODE_63_length_15545_cov_31.989363	15545	correct
609085	624344	1	15260	NC_002945.4	NODE_64_length_15451_cov_29.268337	99.99		True
CONTIG	NODE_64_length_15451_cov_29.268337	15451	correct
2409075	2422776	1	13702	NC_002945.4	NODE_65_length_13702_cov_27.866961	99.98		True
CONTIG	NODE_65_length_13702_cov_27.866961	13702	correct
3712180	3724845	12691	26	NC_002945.4	NODE_66_length_12691_cov_21.766714	99.96		True
CONTIG	NODE_66_length_12691_cov_21.766714	12691	correct
2944619	2957076	12458	1	NC_002945.4	NODE_67_length_12458_cov_28.698646	99.98		True
CONTIG	NODE_67_length_12458_cov_28.698646	12458	correct
4281721	4293947	12227	1	NC_002945.4	NODE_68_length_12227_cov_29.638926	99.98		True
CONTIG	NODE_68_length_12227_cov_29.638926	12227	correct
1985765	1986228	1	464	NC_002945.4	NODE_69_length_11518_cov_19.940918	100.0		True
relocation, inconsistency = 1714121
3700350	3711403	465	11518	NC_002945.4	NODE_69_length_11518_cov_19.940918	99.98		True
CONTIG	NODE_69_length_11518_cov_19.940918	11518	misassembled
2933715	2943963	200	10448	NC_002945.4	NODE_70_length_10448_cov_28.160934	99.99		True
CONTIG	NODE_70_length_10448_cov_28.160934	10448	correct
3209296	3219347	10052	1	NC_002945.4	NODE_71_length_10052_cov_28.627506	100.0		True
CONTIG	NODE_71_length_10052_cov_28.627506	10052	correct
1204760	1213694	8860	1	NC_002945.4	NODE_72_length_8860_cov_27.100882	99.14		True
CONTIG	NODE_72_length_8860_cov_27.100882	8860	correct
4301870	4310456	1	8587	NC_002945.4	NODE_73_length_8715_cov_27.559036	99.95		True
CONTIG	NODE_73_length_8715_cov_27.559036	8715	correct
4294631	4301847	7254	38	NC_002945.4	NODE_74_length_7281_cov_28.862594	99.99		True
CONTIG	NODE_74_length_7281_cov_28.862594	7281	correct
2766959	2773113	173	6326	NC_002945.4	NODE_75_length_6434_cov_19.508800	99.92		True
CONTIG	NODE_75_length_6434_cov_19.508800	6434	correct
1987055	1992127	1	5074	NC_002945.4	NODE_76_length_5074_cov_29.425106	99.96		True
CONTIG	NODE_76_length_5074_cov_29.425106	5074	correct
3830714	3835785	1	5072	NC_002945.4	NODE_77_length_5072_cov_34.520526	99.98		True
CONTIG	NODE_77_length_5072_cov_34.520526	5072	correct
3884660	3889477	1	4827	NC_002945.4	NODE_78_length_5036_cov_17.727847	99.79		True
CONTIG	NODE_78_length_5036_cov_17.727847	5036	correct
1214750	1218561	3823	13	NC_002945.4	NODE_79_length_4790_cov_20.219601	99.97		True
local misassembly
1213949	1214774	4768	3943	NC_002945.4	NODE_79_length_4790_cov_20.219601	99.64		True
CONTIG	NODE_79_length_4790_cov_20.219601	4790	correct
3980331	3984487	133	4289	NC_002945.4	NODE_80_length_4289_cov_29.216482	100.0		True
CONTIG	NODE_80_length_4289_cov_29.216482	4289	correct
1165899	1169900	1	4002	NC_002945.4	NODE_81_length_4002_cov_30.630710	99.98		True
CONTIG	NODE_81_length_4002_cov_30.630710	4002	correct
3878208	3881485	3166	15	NC_002945.4	NODE_82_length_3166_cov_8.373478	95.73		True
CONTIG	NODE_82_length_3166_cov_8.373478	3166	correct
1638385	1638847	585	123	NC_002945.4	NODE_83_length_3118_cov_15.132397	100.0		True
local misassembly
1635657	1638240	3118	586	NC_002945.4	NODE_83_length_3118_cov_15.132397	98.03		True
CONTIG	NODE_83_length_3118_cov_15.132397	3118	correct
2284620	2287647	3028	1	NC_002945.4	NODE_84_length_3028_cov_22.024474	99.77		True
CONTIG	NODE_84_length_3028_cov_22.024474	3028	correct
2290710	2293716	3007	1	NC_002945.4	NODE_85_length_3007_cov_23.226736	100.0		True
CONTIG	NODE_85_length_3007_cov_23.226736	3007	correct
3890842	3893294	1	2453	NC_002945.4	NODE_86_length_2575_cov_3.465686	99.76		True
CONTIG	NODE_86_length_2575_cov_3.465686	2575	correct
928970	930609	1640	1	NC_002945.4	NODE_87_length_2498_cov_7.124420	100.0		True
local misassembly
928265	928975	2498	1779	NC_002945.4	NODE_87_length_2498_cov_7.124420	98.61		True
CONTIG	NODE_87_length_2498_cov_7.124420	2498	correct
1092576	1094254	1685	7	NC_002945.4	NODE_88_length_1819_cov_22.125296	99.94		True
CONTIG	NODE_88_length_1819_cov_22.125296	1819	correct
3882139	3883639	265	1813	NC_002945.4	NODE_89_length_1813_cov_3.683867	96.9		True
CONTIG	NODE_89_length_1813_cov_3.683867	1813	correct
336582	338094	1	1579	NC_002945.4	NODE_90_length_1580_cov_10.268410	95.82		True
CONTIG	NODE_90_length_1580_cov_10.268410	1580	correct
401182	402731	1	1550	NC_002945.4	NODE_91_length_1550_cov_50.213633	99.87		True
CONTIG	NODE_91_length_1550_cov_50.213633	1550	correct
4193589	4195052	1	1464	NC_002945.4	NODE_92_length_1464_cov_66.278983	100.0		True
CONTIG	NODE_92_length_1464_cov_66.278983	1464	correct
3443593	3445031	1	1439	NC_002945.4	NODE_93_length_1439_cov_36.150152	100.0		True
CONTIG	NODE_93_length_1439_cov_36.150152	1439	correct
335517	335683	161	327	NC_002945.4	NODE_94_length_1439_cov_7.823171	99.43		True
inversion
334077	335188	1439	328	NC_002945.4	NODE_94_length_1439_cov_7.823171	99.82		True
CONTIG	NODE_94_length_1439_cov_7.823171	1439	misassembled
2774181	2775583	1403	1	NC_002945.4	NODE_95_length_1406_cov_5.125880	100.0		True
CONTIG	NODE_95_length_1406_cov_5.125880	1406	correct
3673145	3674484	1340	1	NC_002945.4	NODE_96_length_1340_cov_57.266282	100.0		True
CONTIG	NODE_96_length_1340_cov_57.266282	1340	correct
3835659	3836979	1	1321	NC_002945.4	NODE_97_length_1321_cov_65.407873	99.77		True
CONTIG	NODE_97_length_1321_cov_65.407873	1321	correct
1094890	1096145	1	1256	NC_002945.4	NODE_98_length_1256_cov_30.809566	100.0		True
CONTIG	NODE_98_length_1256_cov_30.809566	1256	correct
2288581	2289835	1255	1	NC_002945.4	NODE_99_length_1255_cov_29.451241	100.0		True
CONTIG	NODE_99_length_1255_cov_29.451241	1255	correct
839577	840812	1236	1	NC_002945.4	NODE_100_length_1248_cov_8.375558	100.0		True
CONTIG	NODE_100_length_1248_cov_8.375558	1248	correct
2287521	2288707	1	1187	NC_002945.4	NODE_101_length_1187_cov_22.297170	100.0		True
CONTIG	NODE_101_length_1187_cov_22.297170	1187	correct
2283619	2284746	1128	1	NC_002945.4	NODE_102_length_1128_cov_50.343656	99.91		True
CONTIG	NODE_102_length_1128_cov_50.343656	1128	correct
3711277	3712306	1	1030	NC_002945.4	NODE_103_length_1030_cov_68.042082	100.0		True
CONTIG	NODE_103_length_1030_cov_68.042082	1030	correct
1165044	1166025	1	982	NC_002945.4	NODE_104_length_982_cov_58.826901	99.9		True
CONTIG	NODE_104_length_982_cov_58.826901	982	correct
338169	338758	174	763	NC_002945.4	NODE_105_length_962_cov_2.085030	100.0		True
CONTIG	NODE_105_length_962_cov_2.085030	962	correct
2943837	2944745	909	1	NC_002945.4	NODE_106_length_909_cov_194.222506	100.0		True
CONTIG	NODE_106_length_909_cov_194.222506	909	correct
1278286	1279129	844	1	NC_002945.4	NODE_107_length_844_cov_56.567643	100.0		True
CONTIG	NODE_107_length_844_cov_56.567643	844	correct
2325040	2325842	803	1	NC_002945.4	NODE_108_length_803_cov_28.707101	100.0		True
CONTIG	NODE_108_length_803_cov_28.707101	803	correct
909382	910176	795	1	NC_002945.4	NODE_109_length_795_cov_69.926647	100.0		True
CONTIG	NODE_109_length_795_cov_69.926647	795	correct
2422650	2423393	744	1	NC_002945.4	NODE_110_length_744_cov_47.821718	100.0		True
CONTIG	NODE_110_length_744_cov_47.821718	744	correct
3884045	3884786	1	724	NC_002945.4	NODE_111_length_724_cov_13.298157	97.44		True
CONTIG	NODE_111_length_724_cov_13.298157	724	correct
3699694	3700216	523	1	NC_002945.4	NODE_112_length_706_cov_0.886010	100.0		True
CONTIG	NODE_112_length_706_cov_0.886010	706	correct
1342064	1342697	1	634	NC_002945.4	NODE_113_length_634_cov_35.530572	100.0		True
CONTIG	NODE_113_length_634_cov_35.530572	634	correct
3883521	3883639	119	1	NC_002945.4	NODE_114_length_592_cov_3.817204	100.0		True
local misassembly
3883513	3883985	592	120	NC_002945.4	NODE_114_length_592_cov_3.817204	100.0		True
CONTIG	NODE_114_length_592_cov_3.817204	592	correct
1996565	1996977	1	413	NC_002945.4	NODE_115_length_570_cov_4.038375	100.0		True
CONTIG	NODE_115_length_570_cov_4.038375	570	correct
2408587	2408832	414	169	NC_002945.4	NODE_116_length_552_cov_0.748235	100.0		True
CONTIG	NODE_116_length_552_cov_0.748235	552	correct
674104	674500	397	1	NC_002945.4	NODE_117_length_542_cov_2.096386	99.75		True
CONTIG	NODE_117_length_542_cov_2.096386	542	correct
841547	841731	175	359	NC_002945.4	NODE_118_length_542_cov_0.706024	99.46		True
CONTIG	NODE_118_length_542_cov_0.706024	542	correct
132028	132390	531	169	NC_002945.4	NODE_119_length_531_cov_1.076733	100.0		True
CONTIG	NODE_119_length_531_cov_1.076733	531	correct
