S1	E1	S2	E2	Reference	Contig	IDY	Ambiguous	Best_group
2453620	2665748	1	212181	NC_002945.4	NODE_1_length_212181_cov_44.866303	99.96		True
CONTIG	NODE_1_length_212181_cov_44.866303	212181	correct
402605	607788	1	204992	NC_002945.4	NODE_2_length_204992_cov_43.955976	99.89		True
CONTIG	NODE_2_length_204992_cov_43.955976	204992	correct
3510801	3673271	127	162486	NC_002945.4	NODE_3_length_162486_cov_44.939868	99.92		True
CONTIG	NODE_3_length_162486_cov_44.939868	162486	correct
150175	306695	1	156494	NC_002945.4	NODE_4_length_156494_cov_44.518281	99.97		True
CONTIG	NODE_4_length_156494_cov_44.518281	156494	correct
30083	103918	73849	1	NC_002945.4	NODE_5_length_143861_cov_45.038119	99.96		True
local misassembly
1	29469	103319	73851	NC_002945.4	NODE_5_length_143861_cov_45.038119	99.99		True
fake: not a misassembly [linear representation of circular genome]
4309535	4349904	143688	103320	NC_002945.4	NODE_5_length_143861_cov_45.038119	99.99		True
CONTIG	NODE_5_length_143861_cov_45.038119	143861	correct
1638891	1769053	130253	93	NC_002945.4	NODE_6_length_130262_cov_46.930887	99.99		True
CONTIG	NODE_6_length_130262_cov_46.930887	130262	correct
3297603	3338080	40529	1	NC_002945.4	NODE_7_length_128951_cov_44.523225	99.96		True
local misassembly
3209302	3297520	128951	40730	NC_002945.4	NODE_7_length_128951_cov_44.523225	99.87		True
CONTIG	NODE_7_length_128951_cov_44.523225	128951	correct
970273	1009472	119	39317	NC_002945.4	NODE_8_length_120631_cov_44.748257	99.98		True
relocation, inconsistency = 1457
1010930	1092118	39318	120509	NC_002945.4	NODE_8_length_120631_cov_44.748257	99.99		True
CONTIG	NODE_8_length_120631_cov_44.748257	120631	misassembled
1869445	1985602	115944	178	NC_002945.4	NODE_9_length_115964_cov_44.671841	99.65		True
CONTIG	NODE_9_length_115964_cov_44.671841	115964	correct
838212	838420	209	1	NC_002945.4	NODE_10_length_111230_cov_45.227582	99.11		True
local misassembly
824601	837986	13595	210	NC_002945.4	NODE_10_length_111230_cov_45.227582	99.97		True
local misassembly
726561	824045	111081	13596	NC_002945.4	NODE_10_length_111230_cov_45.227582	99.99		True
CONTIG	NODE_10_length_111230_cov_45.227582	111230	correct
2056991	2083604	9	26622	NC_002945.4	NODE_11_length_104388_cov_45.818705	99.98		True
local misassembly
2083596	2158516	26761	101681	NC_002945.4	NODE_11_length_104388_cov_45.818705	99.98		True
local misassembly
2158655	2159088	101682	102115	NC_002945.4	NODE_11_length_104388_cov_45.818705	100.0		True
fake: scaffold gap size wrong estimation (local)
2160645	2160846	103478	103679	NC_002945.4	NODE_11_length_104388_cov_45.818705	100.0		True
fake: scaffold gap size wrong estimation (local)
2160997	2161605	103780	104388	NC_002945.4	NODE_11_length_104388_cov_45.818705	99.84		True
CONTIG	NODE_11_length_104388_cov_45.818705	104388	correct
3343594	3442410	98885	1	NC_002945.4	NODE_12_length_98885_cov_46.056654	99.92		True
CONTIG	NODE_12_length_98885_cov_46.056654	98885	correct
3108468	3193870	95	85443	NC_002945.4	NODE_13_length_85443_cov_43.970850	99.91		True
CONTIG	NODE_13_length_85443_cov_43.970850	85443	correct
3897368	3979506	6	82135	NC_002945.4	NODE_14_length_82135_cov_44.917289	99.97		True
CONTIG	NODE_14_length_82135_cov_44.917289	82135	correct
1491995	1573948	95	82048	NC_002945.4	NODE_15_length_82050_cov_46.821344	99.92		True
CONTIG	NODE_15_length_82050_cov_46.821344	82050	correct
2693912	2773057	79310	166	NC_002945.4	NODE_16_length_79310_cov_43.731685	99.99		True
CONTIG	NODE_16_length_79310_cov_43.731685	79310	correct
1779460	1853813	1	74354	NC_002945.4	NODE_17_length_74366_cov_44.885195	99.99		True
CONTIG	NODE_17_length_74366_cov_44.885195	74366	correct
1343879	1386377	1	42504	NC_002945.4	NODE_18_length_73016_cov_43.223724	99.99		True
local misassembly
1386513	1386630	42505	42622	NC_002945.4	NODE_18_length_73016_cov_43.223724	100.0		True
local misassembly
1386943	1417336	42623	73016	NC_002945.4	NODE_18_length_73016_cov_43.223724	99.98		True
CONTIG	NODE_18_length_73016_cov_43.223724	73016	correct
1094824	1165170	1	70336	NC_002945.4	NODE_19_length_70336_cov_43.882494	99.96		True
CONTIG	NODE_19_length_70336_cov_43.882494	70336	correct
3015692	3081542	65949	1	NC_002945.4	NODE_20_length_65954_cov_43.947651	99.83		True
CONTIG	NODE_20_length_65954_cov_43.947651	65954	correct
4194926	4259153	1	64228	NC_002945.4	NODE_21_length_64228_cov_46.482785	99.99		True
CONTIG	NODE_21_length_64228_cov_46.482785	64228	correct
2852103	2916097	63994	1	NC_002945.4	NODE_22_length_63994_cov_42.863498	99.98		True
CONTIG	NODE_22_length_63994_cov_42.863498	63994	correct
1280097	1343223	1	63189	NC_002945.4	NODE_23_length_63189_cov_48.361850	99.89		True
CONTIG	NODE_23_length_63189_cov_48.361850	63189	correct
4035832	4097403	1	61572	NC_002945.4	NODE_24_length_61572_cov_41.720010	99.99		True
CONTIG	NODE_24_length_61572_cov_41.720010	61572	correct
1219540	1278412	202	59074	NC_002945.4	NODE_25_length_59074_cov_44.497328	99.99		True
CONTIG	NODE_25_length_59074_cov_44.497328	59074	correct
2957039	3015723	1	58632	NC_002945.4	NODE_26_length_58831_cov_44.058361	99.9		True
CONTIG	NODE_26_length_58831_cov_44.058361	58831	correct
3777400	3835785	58318	1	NC_002945.4	NODE_27_length_58318_cov_44.857435	99.87		True
CONTIG	NODE_27_length_58318_cov_44.857435	58318	correct
1418316	1470724	1	52352	NC_002945.4	NODE_28_length_52352_cov_46.212618	99.88		True
CONTIG	NODE_28_length_52352_cov_46.212618	52352	correct
4141974	4193715	110	51851	NC_002945.4	NODE_29_length_51851_cov_46.539440	99.99		True
CONTIG	NODE_29_length_51851_cov_46.539440	51851	correct
2801012	2852054	1	51043	NC_002945.4	NODE_30_length_51043_cov_43.803853	99.99		True
CONTIG	NODE_30_length_51043_cov_43.803853	51043	correct
4000854	4035717	34873	10	NC_002945.4	NODE_31_length_50767_cov_45.146722	99.98		True
fake: scaffold gap size wrong estimation (local)
3984848	4000631	50757	34974	NC_002945.4	NODE_31_length_50767_cov_45.146722	100.0		True
CONTIG	NODE_31_length_50767_cov_45.146722	50767	correct
1574011	1623828	49818	1	NC_002945.4	NODE_32_length_49818_cov_42.932704	99.98		True
CONTIG	NODE_32_length_49818_cov_42.932704	49818	correct
676582	725556	1	48975	NC_002945.4	NODE_33_length_48975_cov_43.476519	99.98		True
CONTIG	NODE_33_length_48975_cov_43.476519	48975	correct
842794	891078	1	48285	NC_002945.4	NODE_34_length_48285_cov_42.990822	99.99		True
CONTIG	NODE_34_length_48285_cov_42.990822	48285	correct
625372	673260	14	47902	NC_002945.4	NODE_35_length_48136_cov_42.652753	99.99		True
CONTIG	NODE_35_length_48136_cov_42.652753	48136	correct
2326258	2372328	160	46230	NC_002945.4	NODE_36_length_46230_cov_42.558380	99.99		True
CONTIG	NODE_36_length_46230_cov_42.558380	46230	correct
3445573	3490468	1	44896	NC_002945.4	NODE_37_length_44896_cov_45.389332	99.98		True
CONTIG	NODE_37_length_44896_cov_45.389332	44896	correct
4097387	4141966	1	44580	NC_002945.4	NODE_38_length_44580_cov_45.526399	100.0		True
CONTIG	NODE_38_length_44580_cov_45.526399	44580	correct
1997169	2040856	43688	1	NC_002945.4	NODE_39_length_43688_cov_44.976585	99.98		True
CONTIG	NODE_39_length_43688_cov_44.976585	43688	correct
3836888	3878148	1	41253	NC_002945.4	NODE_40_length_41365_cov_43.362214	99.91		True
CONTIG	NODE_40_length_41365_cov_43.362214	41365	correct
930722	970060	39579	1	NC_002945.4	NODE_41_length_39722_cov_43.172547	99.37		True
CONTIG	NODE_41_length_39722_cov_43.172547	39722	correct
2246142	2283745	37606	1	NC_002945.4	NODE_42_length_37766_cov_47.266957	99.95		True
CONTIG	NODE_42_length_37766_cov_47.266957	37766	correct
363827	401308	52	37533	NC_002945.4	NODE_43_length_37533_cov_43.207534	99.98		True
CONTIG	NODE_43_length_37533_cov_43.207534	37533	correct
2210106	2246081	76	36051	NC_002945.4	NODE_44_length_36104_cov_49.749062	100.0		True
CONTIG	NODE_44_length_36104_cov_49.749062	36104	correct
2409111	2422776	13666	1	NC_002945.4	NODE_45_length_35581_cov_37.567101	99.97		True
local misassembly
2386668	2408582	35581	13667	NC_002945.4	NODE_45_length_35581_cov_37.567101	100.0		True
CONTIG	NODE_45_length_35581_cov_37.567101	35581	correct
4259930	4293948	34017	1	NC_002945.4	NODE_46_length_34017_cov_45.192328	99.99		True
CONTIG	NODE_46_length_34017_cov_45.192328	34017	correct
3737665	3758958	21307	14	NC_002945.4	NODE_47_length_33916_cov_44.280831	99.98		True
local misassembly
3724846	3737454	33916	21308	NC_002945.4	NODE_47_length_33916_cov_44.280831	99.98		True
CONTIG	NODE_47_length_33916_cov_44.280831	33916	correct
1190092	1204596	14715	211	NC_002945.4	NODE_48_length_33493_cov_42.760055	99.97		True
local misassembly
1171083	1189860	33493	14716	NC_002945.4	NODE_48_length_33493_cov_42.760055	99.99		True
CONTIG	NODE_48_length_33493_cov_42.760055	33493	correct
2294650	2325842	1	31156	NC_002945.4	NODE_49_length_31156_cov_42.199684	99.87		True
CONTIG	NODE_49_length_31156_cov_42.199684	31156	correct
2161870	2192094	1	30226	NC_002945.4	NODE_50_length_30226_cov_44.838400	99.99		True
CONTIG	NODE_50_length_30226_cov_44.838400	30226	correct
2665977	2693421	27444	1	NC_002945.4	NODE_51_length_27590_cov_44.089939	99.98		True
CONTIG	NODE_51_length_27590_cov_44.089939	27590	correct
105040	131931	27101	210	NC_002945.4	NODE_52_length_27101_cov_41.810336	99.98		True
CONTIG	NODE_52_length_27101_cov_41.810336	27101	correct
306724	333298	26712	243	NC_002945.4	NODE_53_length_26712_cov_43.360730	99.6		True
CONTIG	NODE_53_length_26712_cov_43.360730	26712	correct
3674358	3700276	1	25901	NC_002945.4	NODE_54_length_25904_cov_33.039454	99.91		True
CONTIG	NODE_54_length_25904_cov_33.039454	25904	correct
3082645	3108564	1	25186	NC_002945.4	NODE_55_length_25336_cov_46.053671	97.06		True
CONTIG	NODE_55_length_25336_cov_46.053671	25336	correct
338066	362779	24798	163	NC_002945.4	NODE_56_length_24962_cov_39.059311	99.58		True
CONTIG	NODE_56_length_24962_cov_39.059311	24962	correct
2777011	2799828	192	23009	NC_002945.4	NODE_57_length_23009_cov_46.451709	100.0		True
CONTIG	NODE_57_length_23009_cov_46.451709	23009	correct
2423267	2444953	1	21687	NC_002945.4	NODE_58_length_21687_cov_45.474907	99.99		True
CONTIG	NODE_58_length_21687_cov_45.474907	21687	correct
3490524	3510803	1	20283	NC_002945.4	NODE_59_length_20410_cov_45.852685	99.97		True
CONTIG	NODE_59_length_20410_cov_45.852685	20410	correct
1490961	1491423	466	4	NC_002945.4	NODE_60_length_19280_cov_51.126977	100.0		True
local misassembly
1471935	1490747	19280	467	NC_002945.4	NODE_60_length_19280_cov_51.126977	99.97		True
CONTIG	NODE_60_length_19280_cov_51.126977	19280	correct
3759339	3777383	18047	1	NC_002945.4	NODE_61_length_18143_cov_39.944438	99.97		True
CONTIG	NODE_61_length_18143_cov_39.944438	18143	correct
892165	909508	17344	1	NC_002945.4	NODE_62_length_17344_cov_45.146948	99.99		True
CONTIG	NODE_62_length_17344_cov_45.146948	17344	correct
132675	149931	1	17257	NC_002945.4	NODE_63_length_17257_cov_46.997490	99.97		True
CONTIG	NODE_63_length_17257_cov_46.997490	17257	correct
910050	926301	1	16252	NC_002945.4	NODE_64_length_16252_cov_45.453085	99.99		True
CONTIG	NODE_64_length_16252_cov_45.453085	16252	correct
1853860	1869378	15519	1	NC_002945.4	NODE_65_length_15704_cov_31.341208	99.99		True
CONTIG	NODE_65_length_15704_cov_31.341208	15704	correct
3193780	3209296	1	15617	NC_002945.4	NODE_66_length_15617_cov_44.576953	100.0		True
CONTIG	NODE_66_length_15617_cov_44.576953	15617	correct
2040894	2056408	15515	1	NC_002945.4	NODE_67_length_15515_cov_47.398362	99.99		True
CONTIG	NODE_67_length_15515_cov_47.398362	15515	correct
2916851	2932303	15453	1	NC_002945.4	NODE_68_length_15453_cov_50.855018	99.97		True
CONTIG	NODE_68_length_15453_cov_50.855018	15453	correct
609085	624398	15320	7	NC_002945.4	NODE_69_length_15320_cov_42.902060	99.99		True
CONTIG	NODE_69_length_15320_cov_42.902060	15320	correct
4294603	4309403	5	14805	NC_002945.4	NODE_70_length_14805_cov_40.989917	99.99		True
CONTIG	NODE_70_length_14805_cov_40.989917	14805	correct
2372634	2386761	14128	1	NC_002945.4	NODE_71_length_14452_cov_46.424712	99.98		True
CONTIG	NODE_71_length_14452_cov_46.424712	14452	correct
3712180	3724926	12747	1	NC_002945.4	NODE_72_length_12747_cov_31.553328	99.95		True
CONTIG	NODE_72_length_12747_cov_31.553328	12747	correct
2944619	2957076	1	12458	NC_002945.4	NODE_73_length_12458_cov_43.571811	99.98		True
CONTIG	NODE_73_length_12458_cov_43.571811	12458	correct
3700282	3711403	11122	1	NC_002945.4	NODE_74_length_11122_cov_31.472397	100.0		True
CONTIG	NODE_74_length_11122_cov_31.472397	11122	correct
2199377	2210073	10865	169	NC_002945.4	NODE_75_length_10988_cov_51.631526	99.98		True
CONTIG	NODE_75_length_10988_cov_51.631526	10988	correct
2933724	2943963	10240	1	NC_002945.4	NODE_76_length_10403_cov_42.972655	99.99		True
CONTIG	NODE_76_length_10403_cov_42.972655	10403	correct
3882139	3884027	314	2250	NC_002945.4	NODE_77_length_10182_cov_16.776231	97.69		True
local misassembly
3884643	3890278	2251	7895	NC_002945.4	NODE_77_length_10182_cov_16.776231	99.79		True
local misassembly
3890969	3893255	7896	10182	NC_002945.4	NODE_77_length_10182_cov_16.776231	99.93		True
CONTIG	NODE_77_length_10182_cov_16.776231	10182	correct
1623865	1633328	1	9407	NC_002945.4	NODE_78_length_9407_cov_37.709375	99.34		True
CONTIG	NODE_78_length_9407_cov_37.709375	9407	correct
1204824	1213474	8746	96	NC_002945.4	NODE_79_length_8889_cov_39.803470	99.98		True
CONTIG	NODE_79_length_8889_cov_39.803470	8889	correct
2444936	2453620	1	8685	NC_002945.4	NODE_80_length_8724_cov_43.525881	100.0		True
CONTIG	NODE_80_length_8724_cov_43.525881	8724	correct
2192685	2199382	1	6698	NC_002945.4	NODE_81_length_6819_cov_47.121638	100.0		True
CONTIG	NODE_81_length_6819_cov_47.121638	6819	correct
1987029	1992127	1	5100	NC_002945.4	NODE_82_length_5100_cov_46.245928	99.98		True
CONTIG	NODE_82_length_5100_cov_46.245928	5100	correct
3980257	3984752	307	4802	NC_002945.4	NODE_83_length_4802_cov_33.528770	100.0		True
CONTIG	NODE_83_length_4802_cov_33.528770	4802	correct
1214750	1218395	3646	1	NC_002945.4	NODE_84_length_4589_cov_33.198790	100.0		True
local misassembly
1213951	1214774	4589	3766	NC_002945.4	NODE_84_length_4589_cov_33.198790	99.76		True
CONTIG	NODE_84_length_4589_cov_33.198790	4589	correct
1165899	1169900	4002	1	NC_002945.4	NODE_85_length_4002_cov_45.244645	99.98		True
CONTIG	NODE_85_length_4002_cov_45.244645	4002	correct
2284620	2287647	3028	1	NC_002945.4	NODE_86_length_3028_cov_32.453637	99.77		True
CONTIG	NODE_86_length_3028_cov_32.453637	3028	correct
2290710	2293716	3007	1	NC_002945.4	NODE_87_length_3007_cov_31.426042	100.0		True
CONTIG	NODE_87_length_3007_cov_31.426042	3007	correct
1993335	1996086	2752	1	NC_002945.4	NODE_88_length_2752_cov_50.013714	100.0		True
CONTIG	NODE_88_length_2752_cov_50.013714	2752	correct
1635657	1638176	1	2466	NC_002945.4	NODE_89_length_2494_cov_27.053654	97.82		True
CONTIG	NODE_89_length_2494_cov_27.053654	2494	correct
928970	930617	1648	1	NC_002945.4	NODE_90_length_2444_cov_9.762624	100.0		True
local misassembly
928431	928975	2340	1787	NC_002945.4	NODE_90_length_2444_cov_9.762624	98.38		True
CONTIG	NODE_90_length_2444_cov_9.762624	2444	correct
3878224	3880410	1	2187	NC_002945.4	NODE_91_length_2187_cov_5.095146	100.0		True
CONTIG	NODE_91_length_2187_cov_5.095146	2187	correct
1092532	1094501	1970	1	NC_002945.4	NODE_92_length_1970_cov_31.217037	99.85		True
CONTIG	NODE_92_length_1970_cov_31.217037	1970	correct
607662	609211	1	1550	NC_002945.4	NODE_93_length_1550_cov_73.008433	100.0		True
CONTIG	NODE_93_length_1550_cov_73.008433	1550	correct
674909	676267	1359	1	NC_002945.4	NODE_94_length_1545_cov_4.619887	99.85		True
CONTIG	NODE_94_length_1545_cov_4.619887	1545	correct
336693	338070	1378	1	NC_002945.4	NODE_95_length_1469_cov_16.833830	100.0		True
CONTIG	NODE_95_length_1469_cov_16.833830	1469	correct
335181	335466	111	396	NC_002945.4	NODE_96_length_1467_cov_9.101493	97.64		True
inversion
334077	335147	1467	397	NC_002945.4	NODE_96_length_1467_cov_9.101493	99.81		True
CONTIG	NODE_96_length_1467_cov_9.101493	1467	misassembled
4193589	4195052	1	1464	NC_002945.4	NODE_97_length_1464_cov_101.734480	100.0		True
CONTIG	NODE_97_length_1464_cov_101.734480	1464	correct
3931139	3931300	162	1	NC_002945.4	NODE_98_length_1463_cov_1.012725	95.68		True
CONTIG	NODE_98_length_1463_cov_1.012725	1463	correct_unaligned
3443593	3445031	1	1439	NC_002945.4	NODE_99_length_1439_cov_56.554116	100.0		True
CONTIG	NODE_99_length_1439_cov_56.554116	1439	correct
3081416	3082771	1	1356	NC_002945.4	NODE_100_length_1356_cov_148.786005	100.0		True
CONTIG	NODE_100_length_1356_cov_148.786005	1356	correct
2774233	2775581	1	1349	NC_002945.4	NODE_101_length_1349_cov_6.205401	100.0		True
CONTIG	NODE_101_length_1349_cov_6.205401	1349	correct
890952	892291	1	1340	NC_002945.4	NODE_102_length_1340_cov_89.092333	100.0		True
CONTIG	NODE_102_length_1340_cov_89.092333	1340	correct
3339137	3340461	1325	1	NC_002945.4	NODE_103_length_1325_cov_44.842237	100.0		True
CONTIG	NODE_103_length_1325_cov_44.842237	1325	correct
3835659	3836979	1	1321	NC_002945.4	NODE_104_length_1321_cov_92.178392	99.7		True
CONTIG	NODE_104_length_1321_cov_92.178392	1321	correct
2288581	2289835	1	1255	NC_002945.4	NODE_105_length_1255_cov_45.964539	100.0		True
CONTIG	NODE_105_length_1255_cov_45.964539	1255	correct
839672	840792	38	1158	NC_002945.4	NODE_106_length_1250_cov_12.513802	100.0		True
local misassembly
840931	841022	1159	1250	NC_002945.4	NODE_106_length_1250_cov_12.513802	100.0		True
CONTIG	NODE_106_length_1250_cov_12.513802	1250	correct
2287521	2288707	1	1187	NC_002945.4	NODE_107_length_1187_cov_28.712264	100.0		True
CONTIG	NODE_107_length_1187_cov_28.712264	1187	correct
CONTIG	NODE_108_length_1129_cov_1.569860	1129	unaligned
2283619	2284746	1128	1	NC_002945.4	NODE_109_length_1128_cov_76.390609	99.91		True
CONTIG	NODE_109_length_1128_cov_76.390609	1128	correct
3711277	3712306	1030	1	NC_002945.4	NODE_110_length_1030_cov_88.698782	100.0		True
CONTIG	NODE_110_length_1030_cov_88.698782	1030	correct
CONTIG	NODE_111_length_1028_cov_3.890122	1028	unaligned
362932	363812	7	887	NC_002945.4	NODE_112_length_1026_cov_3.436040	99.55		True
CONTIG	NODE_112_length_1026_cov_3.436040	1026	correct
1165044	1166025	982	1	NC_002945.4	NODE_113_length_982_cov_92.140351	100.0		True
CONTIG	NODE_113_length_982_cov_92.140351	982	correct
335726	336374	698	50	NC_002945.4	NODE_114_length_982_cov_4.688889	99.85		True
CONTIG	NODE_114_length_982_cov_4.688889	982	correct
3342811	3343719	1	909	NC_002945.4	NODE_115_length_909_cov_275.035806	100.0		True
CONTIG	NODE_115_length_909_cov_275.035806	909	correct
3341521	3342410	890	1	NC_002945.4	NODE_116_length_890_cov_31.977720	100.0		True
CONTIG	NODE_116_length_890_cov_31.977720	890	correct
3894591	3895320	1	730	NC_002945.4	NODE_117_length_854_cov_39.607978	99.86		True
CONTIG	NODE_117_length_854_cov_39.607978	854	correct
1278286	1279129	844	1	NC_002945.4	NODE_118_length_844_cov_85.122734	100.0		True
CONTIG	NODE_118_length_844_cov_85.122734	844	correct
3444905	3445699	1	795	NC_002945.4	NODE_119_length_795_cov_103.660180	100.0		True
CONTIG	NODE_119_length_795_cov_103.660180	795	correct
1996365	1996938	725	152	NC_002945.4	NODE_120_length_779_cov_4.694785	100.0		True
CONTIG	NODE_120_length_779_cov_4.694785	779	correct
CONTIG	NODE_121_length_776_cov_3.000000	776	unaligned
2422650	2423393	744	1	NC_002945.4	NODE_122_length_744_cov_80.993517	100.0		True
CONTIG	NODE_122_length_744_cov_80.993517	744	correct
2056458	2056898	193	633	NC_002945.4	NODE_123_length_738_cov_0.906710	99.32		True
CONTIG	NODE_123_length_738_cov_0.906710	738	correct
CONTIG	NODE_124_length_727_cov_0.880000	727	unaligned
1985765	1986440	676	1	NC_002945.4	NODE_125_length_676_cov_3.617486	100.0		True
CONTIG	NODE_125_length_676_cov_3.617486	676	correct
2932303	2932812	510	1	NC_002945.4	NODE_126_length_637_cov_0.937255	99.61		True
CONTIG	NODE_126_length_637_cov_0.937255	637	correct
3340552	3341186	635	1	NC_002945.4	NODE_127_length_635_cov_32.458661	100.0		True
CONTIG	NODE_127_length_635_cov_32.458661	635	correct
3338171	3338802	1	632	NC_002945.4	NODE_128_length_632_cov_44.540594	99.84		True
CONTIG	NODE_128_length_632_cov_44.540594	632	correct
2773492	2774113	622	1	NC_002945.4	NODE_129_length_626_cov_3.803607	100.0		True
CONTIG	NODE_129_length_626_cov_3.803607	626	correct
132039	132633	1	595	NC_002945.4	NODE_130_length_595_cov_1.183761	100.0		True
CONTIG	NODE_130_length_595_cov_1.183761	595	correct
3338676	3339263	588	1	NC_002945.4	NODE_131_length_588_cov_77.466377	100.0		True
CONTIG	NODE_131_length_588_cov_77.466377	588	correct
674172	674713	542	1	NC_002945.4	NODE_132_length_575_cov_2.160714	100.0		True
CONTIG	NODE_132_length_575_cov_2.160714	575	correct
673774	674090	317	1	NC_002945.4	NODE_133_length_567_cov_1.972727	99.68		True
indel: indel (> 5bp)
673554	673728	492	318	NC_002945.4	NODE_133_length_567_cov_1.972727	98.86		True
CONTIG	NODE_133_length_567_cov_1.972727	567	correct
CONTIG	NODE_134_length_557_cov_1.051163	557	unaligned
CONTIG	NODE_135_length_548_cov_1.361045	548	unaligned
CONTIG	NODE_136_length_539_cov_1.225728	539	unaligned
1634577	1634898	365	44	NC_002945.4	NODE_137_length_527_cov_0.867500	98.14		True
CONTIG	NODE_137_length_527_cov_0.867500	527	correct
3893520	3893926	6	412	NC_002945.4	NODE_138_length_526_cov_2.398496	100.0		True
CONTIG	NODE_138_length_526_cov_2.398496	526	correct
842212	842302	91	1	NC_002945.4	NODE_139_length_519_cov_1.219388	100.0		True
local misassembly
841646	841983	429	92	NC_002945.4	NODE_139_length_519_cov_1.219388	97.04		True
CONTIG	NODE_139_length_519_cov_1.219388	519	correct
