S1	E1	S2	E2	Reference	Contig	IDY	Ambiguous	Best_group
3445573	3673271	1	227591	NC_002945.4	NODE_1_length_227591_cov_43.172440	99.93		True
CONTIG	NODE_1_length_227591_cov_43.172440	227591	correct
2453639	2665709	22	212148	NC_002945.4	NODE_2_length_212289_cov_42.513730	99.96		True
CONTIG	NODE_2_length_212289_cov_42.513730	212289	correct
402605	607788	204915	1	NC_002945.4	NODE_3_length_204915_cov_42.831387	99.86		True
CONTIG	NODE_3_length_204915_cov_42.831387	204915	correct
4294620	4349904	1	55284	NC_002945.4	NODE_4_length_158603_cov_43.069140	99.99		True
fake: not a misassembly [linear representation of circular genome]
1	29469	55285	84753	NC_002945.4	NODE_4_length_158603_cov_43.069140	99.99		True
local misassembly
30083	103918	84755	158603	NC_002945.4	NODE_4_length_158603_cov_43.069140	99.96		True
CONTIG	NODE_4_length_158603_cov_43.069140	158603	correct
4035860	4193715	157742	1	NC_002945.4	NODE_5_length_157742_cov_42.762231	99.92		True
CONTIG	NODE_5_length_157742_cov_42.762231	157742	correct
150050	306653	156590	14	NC_002945.4	NODE_6_length_156590_cov_43.136601	99.97		True
CONTIG	NODE_6_length_156590_cov_43.136601	156590	correct
2957039	3108157	150546	117	NC_002945.4	NODE_7_length_150546_cov_42.334000	99.38		True
CONTIG	NODE_7_length_150546_cov_42.334000	150546	correct
1638916	1769053	130229	93	NC_002945.4	NODE_8_length_130378_cov_44.435121	99.99		True
CONTIG	NODE_8_length_130378_cov_44.435121	130378	correct
970280	1009472	180	39371	NC_002945.4	NODE_9_length_120531_cov_42.688399	99.98		True
relocation, inconsistency = 1457
1010930	1091818	39372	120263	NC_002945.4	NODE_9_length_120531_cov_42.688399	99.99		True
CONTIG	NODE_9_length_120531_cov_42.688399	120531	misassembled
3219368	3338802	1	119661	NC_002945.4	NODE_10_length_119661_cov_42.749628	99.88		True
CONTIG	NODE_10_length_119661_cov_42.749628	119661	correct
1869371	1985700	1	115862	NC_002945.4	NODE_11_length_116175_cov_41.925134	99.58		True
CONTIG	NODE_11_length_116175_cov_41.925134	116175	correct
726466	824045	1	97581	NC_002945.4	NODE_12_length_111075_cov_42.919908	99.99		True
local misassembly
824601	838094	97582	111075	NC_002945.4	NODE_12_length_111075_cov_42.919908	99.98		True
CONTIG	NODE_12_length_111075_cov_42.919908	111075	correct
3343594	3442410	1	98885	NC_002945.4	NODE_13_length_98885_cov_44.911653	99.92		True
CONTIG	NODE_13_length_98885_cov_44.911653	98885	correct
3894591	3895299	1	709	NC_002945.4	NODE_14_length_92454_cov_40.482427	100.0		True
relocation, inconsistency = -13216
3882084	3882155	710	781	NC_002945.4	NODE_14_length_92454_cov_40.482427	100.0		True
local misassembly
3882139	3884027	933	2869	NC_002945.4	NODE_14_length_92454_cov_40.482427	97.69		True
local misassembly
3884643	3890278	2870	8448	NC_002945.4	NODE_14_length_92454_cov_40.482427	98.65		True
local misassembly
3890969	3893414	8449	10894	NC_002945.4	NODE_14_length_92454_cov_40.482427	97.68		True
local misassembly
3893619	3894217	10895	11493	NC_002945.4	NODE_14_length_92454_cov_40.482427	100.0		True
relocation, inconsistency = 4241
3898459	3979419	11494	92454	NC_002945.4	NODE_14_length_92454_cov_40.482427	99.99		True
CONTIG	NODE_14_length_92454_cov_40.482427	92454	misassembled
1491972	1573350	81394	16	NC_002945.4	NODE_15_length_81513_cov_44.070491	99.93		True
CONTIG	NODE_15_length_81513_cov_44.070491	81513	correct
2693912	2773103	1	79191	NC_002945.4	NODE_16_length_79364_cov_40.846751	99.99		True
CONTIG	NODE_16_length_79364_cov_40.846751	79364	correct
1779460	1853795	1	74336	NC_002945.4	NODE_17_length_74336_cov_42.462410	99.99		True
CONTIG	NODE_17_length_74336_cov_42.462410	74336	correct
1343879	1386638	1	42765	NC_002945.4	NODE_18_length_73043_cov_41.276702	99.99		True
local misassembly
1387059	1417336	42766	73043	NC_002945.4	NODE_18_length_73043_cov_41.276702	99.98		True
CONTIG	NODE_18_length_73043_cov_41.276702	73043	correct
1092440	1165170	1	72720	NC_002945.4	NODE_19_length_72720_cov_42.196548	99.97		True
CONTIG	NODE_19_length_72720_cov_42.196548	72720	correct
3124584	3193870	69233	1	NC_002945.4	NODE_20_length_69233_cov_42.110569	99.91		True
CONTIG	NODE_20_length_69233_cov_42.110569	69233	correct
4194926	4259153	1	64228	NC_002945.4	NODE_21_length_64228_cov_45.889003	99.99		True
CONTIG	NODE_21_length_64228_cov_45.889003	64228	correct
2852102	2916058	1	63956	NC_002945.4	NODE_22_length_64174_cov_41.418989	99.98		True
CONTIG	NODE_22_length_64174_cov_41.418989	64174	correct
1280097	1343223	1	63189	NC_002945.4	NODE_23_length_63189_cov_45.413434	99.89		True
CONTIG	NODE_23_length_63189_cov_45.413434	63189	correct
1633761	1634239	479	1	NC_002945.4	NODE_24_length_59766_cov_39.763946	99.8		True
local misassembly
1574143	1633295	59551	480	NC_002945.4	NODE_24_length_59766_cov_39.763946	99.84		True
CONTIG	NODE_24_length_59766_cov_39.763946	59766	correct
1997060	2056783	2	59725	NC_002945.4	NODE_25_length_59725_cov_41.738750	99.98		True
CONTIG	NODE_25_length_59725_cov_41.738750	59725	correct
1219497	1278412	58916	1	NC_002945.4	NODE_26_length_58916_cov_41.719607	99.99		True
CONTIG	NODE_26_length_58916_cov_41.719607	58916	correct
3777400	3835785	1	58350	NC_002945.4	NODE_27_length_58350_cov_43.055219	99.93		True
CONTIG	NODE_27_length_58350_cov_43.055219	58350	correct
2083596	2140704	57109	1	NC_002945.4	NODE_28_length_57280_cov_43.110265	99.99		True
CONTIG	NODE_28_length_57280_cov_43.110265	57280	correct
1418316	1470724	1	52352	NC_002945.4	NODE_29_length_52352_cov_44.176333	99.88		True
CONTIG	NODE_29_length_52352_cov_44.176333	52352	correct
2801012	2852087	1	51076	NC_002945.4	NODE_30_length_51076_cov_42.188247	99.99		True
CONTIG	NODE_30_length_51076_cov_42.188247	51076	correct
4000854	4035732	34900	22	NC_002945.4	NODE_31_length_50581_cov_43.283070	99.98		True
fake: scaffold gap size wrong estimation (local)
3985232	4000631	50400	35001	NC_002945.4	NODE_31_length_50581_cov_43.283070	100.0		True
CONTIG	NODE_31_length_50581_cov_43.283070	50581	correct
676666	726458	1	49793	NC_002945.4	NODE_32_length_49793_cov_41.090706	99.99		True
CONTIG	NODE_32_length_49793_cov_41.090706	49793	correct
842482	891078	13	48609	NC_002945.4	NODE_33_length_48609_cov_42.058145	99.97		True
CONTIG	NODE_33_length_48609_cov_42.058145	48609	correct
625149	673257	1	48109	NC_002945.4	NODE_34_length_48140_cov_42.184325	99.99		True
CONTIG	NODE_34_length_48140_cov_42.184325	48140	correct
3878302	3880391	2090	1	NC_002945.4	NODE_35_length_43172_cov_42.132489	99.95		True
local misassembly
3836888	3877977	43172	2091	NC_002945.4	NODE_35_length_43172_cov_42.132489	99.96		True
CONTIG	NODE_35_length_43172_cov_42.132489	43172	correct
928970	970128	41192	1	NC_002945.4	NODE_36_length_42005_cov_40.172453	99.48		True
local misassembly
928310	928975	42005	41331	NC_002945.4	NODE_36_length_42005_cov_40.172453	98.67		True
CONTIG	NODE_36_length_42005_cov_40.172453	42005	correct
2246080	2283745	37668	1	NC_002945.4	NODE_37_length_37878_cov_44.196472	99.95		True
CONTIG	NODE_37_length_37878_cov_44.196472	37878	correct
363877	401308	1	37432	NC_002945.4	NODE_38_length_37432_cov_41.869186	99.99		True
CONTIG	NODE_38_length_37432_cov_41.869186	37432	correct
2372428	2408820	20	36354	NC_002945.4	NODE_39_length_36388_cov_37.803232	99.83		True
CONTIG	NODE_39_length_36388_cov_37.803232	36388	correct
2210057	2246088	36032	1	NC_002945.4	NODE_40_length_36032_cov_46.483164	100.0		True
CONTIG	NODE_40_length_36032_cov_46.483164	36032	correct
4259930	4293845	1	33914	NC_002945.4	NODE_41_length_34171_cov_43.844437	99.99		True
CONTIG	NODE_41_length_34171_cov_43.844437	34171	correct
3737665	3758844	21226	47	NC_002945.4	NODE_42_length_33835_cov_42.342382	100.0		True
local misassembly
3724846	3737454	33835	21227	NC_002945.4	NODE_42_length_33835_cov_42.342382	99.98		True
CONTIG	NODE_42_length_33835_cov_42.342382	33835	correct
1190092	1204747	14656	1	NC_002945.4	NODE_43_length_33434_cov_40.263128	99.97		True
local misassembly
1171083	1189860	33434	14657	NC_002945.4	NODE_43_length_33434_cov_40.263128	99.97		True
CONTIG	NODE_43_length_33434_cov_40.263128	33434	correct
2161798	2192094	30298	1	NC_002945.4	NODE_44_length_30298_cov_43.478042	99.99		True
CONTIG	NODE_44_length_30298_cov_43.478042	30298	correct
2294650	2324501	29852	1	NC_002945.4	NODE_45_length_29852_cov_40.017191	99.99		True
CONTIG	NODE_45_length_29852_cov_40.017191	29852	correct
2343742	2372134	28645	253	NC_002945.4	NODE_46_length_28645_cov_40.127358	99.99		True
CONTIG	NODE_46_length_28645_cov_40.127358	28645	correct
2666013	2693421	1	27408	NC_002945.4	NODE_47_length_27408_cov_43.084234	99.99		True
CONTIG	NODE_47_length_27408_cov_43.084234	27408	correct
336693	363848	27291	214	NC_002945.4	NODE_48_length_27389_cov_35.288974	99.6		True
CONTIG	NODE_48_length_27389_cov_35.288974	27389	correct
105040	131913	1	26874	NC_002945.4	NODE_49_length_27059_cov_42.942559	99.97		True
CONTIG	NODE_49_length_27059_cov_42.942559	27059	correct
306726	333298	26616	149	NC_002945.4	NODE_50_length_26616_cov_42.153233	99.6		True
CONTIG	NODE_50_length_26616_cov_42.153233	26616	correct
2057111	2083427	26467	151	NC_002945.4	NODE_51_length_26612_cov_43.413291	99.98		True
CONTIG	NODE_51_length_26612_cov_43.413291	26612	correct
3674358	3699711	1	25336	NC_002945.4	NODE_52_length_25504_cov_32.476731	99.93		True
CONTIG	NODE_52_length_25504_cov_32.476731	25504	correct
2777825	2799828	22004	1	NC_002945.4	NODE_53_length_22004_cov_43.775106	100.0		True
CONTIG	NODE_53_length_22004_cov_43.775106	22004	correct
2423267	2444953	21687	1	NC_002945.4	NODE_54_length_21687_cov_44.458813	99.99		True
CONTIG	NODE_54_length_21687_cov_44.458813	21687	correct
2158914	2160444	2345	815	NC_002945.4	NODE_55_length_20377_cov_45.614370	95.49		True
fake: scaffold gap size wrong estimation (local)
2158655	2158913	2635	2377	NC_002945.4	NODE_55_length_20377_cov_45.614370	100.0		True
local misassembly
2140775	2158516	20377	2636	NC_002945.4	NODE_55_length_20377_cov_45.614370	99.94		True
CONTIG	NODE_55_length_20377_cov_45.614370	20377	correct
1471935	1490747	1	18814	NC_002945.4	NODE_56_length_19339_cov_47.154383	99.98		True
local misassembly
1490961	1491483	18815	19337	NC_002945.4	NODE_56_length_19339_cov_47.154383	99.81		True
CONTIG	NODE_56_length_19339_cov_47.154383	19339	correct
2326339	2343690	401	17752	NC_002945.4	NODE_57_length_17752_cov_40.150865	99.98		True
CONTIG	NODE_57_length_17752_cov_40.150865	17752	correct
2192685	2209995	17460	150	NC_002945.4	NODE_58_length_17460_cov_47.496106	99.99		True
CONTIG	NODE_58_length_17460_cov_47.496106	17460	correct
892165	909508	17344	1	NC_002945.4	NODE_59_length_17344_cov_42.917175	99.99		True
CONTIG	NODE_59_length_17344_cov_42.917175	17344	correct
132684	149981	17318	21	NC_002945.4	NODE_60_length_17318_cov_46.765226	99.93		True
CONTIG	NODE_60_length_17318_cov_46.765226	17318	correct
3760173	3777383	1	17213	NC_002945.4	NODE_61_length_17213_cov_40.030083	99.97		True
CONTIG	NODE_61_length_17213_cov_40.030083	17213	correct
910050	926336	1	16287	NC_002945.4	NODE_62_length_16287_cov_46.372772	99.99		True
CONTIG	NODE_62_length_16287_cov_46.372772	16287	correct
3108543	3124609	157	16223	NC_002945.4	NODE_63_length_16223_cov_39.048894	99.99		True
CONTIG	NODE_63_length_16223_cov_39.048894	16223	correct
2916851	2932948	1	16098	NC_002945.4	NODE_64_length_16098_cov_46.416129	99.97		True
CONTIG	NODE_64_length_16098_cov_46.416129	16098	correct
609085	624374	15655	366	NC_002945.4	NODE_65_length_15655_cov_40.038253	99.98		True
CONTIG	NODE_65_length_15655_cov_40.038253	15655	correct
1853866	1869389	15524	1	NC_002945.4	NODE_66_length_15616_cov_30.874944	99.98		True
CONTIG	NODE_66_length_15616_cov_30.874944	15616	correct
3193780	3209280	15601	1	NC_002945.4	NODE_67_length_15601_cov_42.541101	100.0		True
CONTIG	NODE_67_length_15601_cov_42.541101	15601	correct
2409067	2422776	13710	1	NC_002945.4	NODE_68_length_13710_cov_41.282044	99.98		True
CONTIG	NODE_68_length_13710_cov_41.282044	13710	correct
3712180	3724959	12780	1	NC_002945.4	NODE_69_length_12780_cov_31.745120	99.91		True
CONTIG	NODE_69_length_12780_cov_31.745120	12780	correct
2944619	2957076	12458	1	NC_002945.4	NODE_70_length_12458_cov_39.523396	99.98		True
CONTIG	NODE_70_length_12458_cov_39.523396	12458	correct
3700278	3711403	25	11150	NC_002945.4	NODE_71_length_11150_cov_29.766216	100.0		True
CONTIG	NODE_71_length_11150_cov_29.766216	11150	correct
2933680	2943963	139	10422	NC_002945.4	NODE_72_length_10422_cov_42.717144	99.99		True
CONTIG	NODE_72_length_10422_cov_42.717144	10422	correct
3209302	3219347	10046	1	NC_002945.4	NODE_73_length_10046_cov_43.046880	100.0		True
CONTIG	NODE_73_length_10046_cov_43.046880	10046	correct
1204733	1213474	85	8826	NC_002945.4	NODE_74_length_8928_cov_40.901375	99.98		True
CONTIG	NODE_74_length_8928_cov_40.901375	8928	correct
2444936	2453624	8689	1	NC_002945.4	NODE_75_length_8689_cov_40.803083	100.0		True
CONTIG	NODE_75_length_8689_cov_40.803083	8689	correct
1987175	1992127	172	5125	NC_002945.4	NODE_76_length_5125_cov_44.588836	99.98		True
CONTIG	NODE_76_length_5125_cov_44.588836	5125	correct
1214759	1218861	4103	1	NC_002945.4	NODE_77_length_5072_cov_28.703134	100.0		True
local misassembly
1213934	1214774	5072	4232	NC_002945.4	NODE_77_length_5072_cov_28.703134	99.64		True
CONTIG	NODE_77_length_5072_cov_28.703134	5072	correct
3980335	3984538	4204	1	NC_002945.4	NODE_78_length_4388_cov_34.658766	100.0		True
CONTIG	NODE_78_length_4388_cov_34.658766	4388	correct
1165899	1169900	1	4002	NC_002945.4	NODE_79_length_4002_cov_46.249548	99.98		True
CONTIG	NODE_79_length_4002_cov_46.249548	4002	correct
2284620	2287647	1	3028	NC_002945.4	NODE_80_length_3028_cov_31.214754	99.77		True
CONTIG	NODE_80_length_3028_cov_31.214754	3028	correct
2290710	2293716	1	3007	NC_002945.4	NODE_81_length_3007_cov_33.510764	100.0		True
CONTIG	NODE_81_length_3007_cov_33.510764	3007	correct
1993335	1996072	2857	120	NC_002945.4	NODE_82_length_2857_cov_43.384615	100.0		True
CONTIG	NODE_82_length_2857_cov_43.384615	2857	correct
1635657	1638030	2425	1	NC_002945.4	NODE_83_length_2425_cov_26.231506	97.9		True
CONTIG	NODE_83_length_2425_cov_26.231506	2425	correct
334077	335195	1	1119	NC_002945.4	NODE_84_length_1760_cov_10.873852	99.82		True
local misassembly
335781	336374	1120	1713	NC_002945.4	NODE_84_length_1760_cov_10.873852	100.0		True
CONTIG	NODE_84_length_1760_cov_10.873852	1760	correct
674753	676273	71	1591	NC_002945.4	NODE_85_length_1591_cov_4.723361	99.21		True
CONTIG	NODE_85_length_1591_cov_4.723361	1591	correct
607662	609211	1550	1	NC_002945.4	NODE_86_length_1550_cov_77.341532	99.94		True
CONTIG	NODE_86_length_1550_cov_77.341532	1550	correct
4193589	4195052	1464	1	NC_002945.4	NODE_87_length_1464_cov_83.740464	100.0		True
CONTIG	NODE_87_length_1464_cov_83.740464	1464	correct
2324560	2325804	149	1393	NC_002945.4	NODE_88_length_1458_cov_31.475582	100.0		True
CONTIG	NODE_88_length_1458_cov_31.475582	1458	correct
3443593	3445031	1439	1	NC_002945.4	NODE_89_length_1439_cov_48.667683	100.0		True
CONTIG	NODE_89_length_1439_cov_48.667683	1439	correct
2775852	2776008	1	157	NC_002945.4	NODE_90_length_1438_cov_6.038139	99.36		True
relocation, inconsistency = -1704
2774327	2775585	180	1438	NC_002945.4	NODE_90_length_1438_cov_6.038139	100.0		True
CONTIG	NODE_90_length_1438_cov_6.038139	1438	misassembled
3897145	3898585	1	1432	NC_002945.4	NODE_91_length_1432_cov_25.219157	99.38		True
CONTIG	NODE_91_length_1432_cov_25.219157	1432	correct
890952	892291	1	1340	NC_002945.4	NODE_92_length_1340_cov_82.450124	100.0		True
CONTIG	NODE_92_length_1340_cov_82.450124	1340	correct
3339137	3340461	1	1325	NC_002945.4	NODE_93_length_1325_cov_42.308013	100.0		True
CONTIG	NODE_93_length_1325_cov_42.308013	1325	correct
3835659	3836979	1	1321	NC_002945.4	NODE_94_length_1321_cov_97.089615	99.7		True
CONTIG	NODE_94_length_1321_cov_97.089615	1321	correct
2288581	2289835	1	1255	NC_002945.4	NODE_95_length_1255_cov_43.604610	100.0		True
CONTIG	NODE_95_length_1255_cov_43.604610	1255	correct
2287521	2288707	1	1187	NC_002945.4	NODE_96_length_1187_cov_37.376415	100.0		True
CONTIG	NODE_96_length_1187_cov_37.376415	1187	correct
839693	840706	39	1052	NC_002945.4	NODE_97_length_1169_cov_13.319578	99.7		True
CONTIG	NODE_97_length_1169_cov_13.319578	1169	correct
2283619	2284746	1128	1	NC_002945.4	NODE_98_length_1128_cov_71.060939	99.91		True
CONTIG	NODE_98_length_1128_cov_71.060939	1128	correct
673502	674564	23	1085	NC_002945.4	NODE_99_length_1086_cov_1.934307	99.44		True
CONTIG	NODE_99_length_1086_cov_1.934307	1086	correct
3711277	3712306	1	1030	NC_002945.4	NODE_100_length_1030_cov_92.681063	100.0		True
CONTIG	NODE_100_length_1030_cov_92.681063	1030	correct
1165044	1166025	982	1	NC_002945.4	NODE_101_length_982_cov_91.515789	99.9		True
CONTIG	NODE_101_length_982_cov_91.515789	982	correct
1169775	1170683	909	1	NC_002945.4	NODE_102_length_909_cov_277.404092	100.0		True
CONTIG	NODE_102_length_909_cov_277.404092	909	correct
3341521	3342410	890	1	NC_002945.4	NODE_103_length_890_cov_31.604194	100.0		True
CONTIG	NODE_103_length_890_cov_31.604194	890	correct
1278286	1279129	844	1	NC_002945.4	NODE_104_length_844_cov_86.009763	100.0		True
CONTIG	NODE_104_length_844_cov_86.009763	844	correct
131978	132641	1	664	NC_002945.4	NODE_105_length_837_cov_1.342254	100.0		True
CONTIG	NODE_105_length_837_cov_1.342254	837	correct
909382	910176	795	1	NC_002945.4	NODE_106_length_795_cov_95.462575	100.0		True
CONTIG	NODE_106_length_795_cov_95.462575	795	correct
1637904	1638224	1	321	NC_002945.4	NODE_107_length_789_cov_2.084592	100.0		True
local misassembly
1638369	1638836	322	789	NC_002945.4	NODE_107_length_789_cov_2.084592	100.0		True
CONTIG	NODE_107_length_789_cov_2.084592	789	correct
2777063	2777824	762	1	NC_002945.4	NODE_108_length_762_cov_36.265467	100.0		True
CONTIG	NODE_108_length_762_cov_36.265467	762	correct
CONTIG	NODE_109_length_746_cov_1.195477	746	unaligned
CONTIG	NODE_110_length_745_cov_0.711974	745	unaligned
2693295	2694038	1	744	NC_002945.4	NODE_111_length_744_cov_71.868720	100.0		True
CONTIG	NODE_111_length_744_cov_71.868720	744	correct
2325846	2326265	560	141	NC_002945.4	NODE_112_length_682_cov_2.572973	99.76		True
CONTIG	NODE_112_length_682_cov_2.572973	682	correct
3881613	3882125	1	513	NC_002945.4	NODE_113_length_651_cov_0.833969	99.81		True
CONTIG	NODE_113_length_651_cov_0.833969	651	correct
CONTIG	NODE_114_length_644_cov_1.663443	644	unaligned
3340552	3341186	635	1	NC_002945.4	NODE_115_length_635_cov_31.452756	100.0		True
CONTIG	NODE_115_length_635_cov_31.452756	635	correct
1996560	1997076	112	627	NC_002945.4	NODE_116_length_627_cov_5.302000	99.03		True
CONTIG	NODE_116_length_627_cov_5.302000	627	correct
3699821	3700293	119	591	NC_002945.4	NODE_117_length_594_cov_1.029979	99.79		True
CONTIG	NODE_117_length_594_cov_1.029979	594	correct
3979662	3980052	391	1	NC_002945.4	NODE_118_length_591_cov_2.114224	100.0		True
CONTIG	NODE_118_length_591_cov_2.114224	591	correct
3341060	3341647	1	588	NC_002945.4	NODE_119_length_588_cov_66.800434	100.0		True
CONTIG	NODE_119_length_588_cov_66.800434	588	correct
CONTIG	NODE_120_length_585_cov_1.082969	585	unaligned
2773670	2774056	387	1	NC_002945.4	NODE_121_length_574_cov_2.225951	98.97		True
CONTIG	NODE_121_length_574_cov_2.225951	574	correct
CONTIG	NODE_122_length_573_cov_1.109865	573	unaligned
CONTIG	NODE_123_length_537_cov_1.207317	537	unaligned
