S1	E1	S2	E2	Reference	Contig	IDY	Ambiguous	Best_group
3445573	3673271	227591	1	NC_002945.4	NODE_1_length_227591_cov_38.759975	99.93		True
CONTIG	NODE_1_length_227591_cov_38.759975	227591	correct
402605	607788	204915	1	NC_002945.4	NODE_2_length_204915_cov_38.229120	99.86		True
CONTIG	NODE_2_length_204915_cov_38.229120	204915	correct
3015675	3193906	177562	21	NC_002945.4	NODE_3_length_177562_cov_38.169611	99.48		True
CONTIG	NODE_3_length_177562_cov_38.169611	177562	correct
676587	824045	1	147460	NC_002945.4	NODE_4_length_160908_cov_38.225798	99.99		True
local misassembly
824601	838048	147461	160908	NC_002945.4	NODE_4_length_160908_cov_38.225798	99.97		True
CONTIG	NODE_4_length_160908_cov_38.225798	160908	correct
150136	306491	1	156329	NC_002945.4	NODE_5_length_156447_cov_38.374674	99.97		True
CONTIG	NODE_5_length_156447_cov_38.374674	156447	correct
2453603	2609136	1	155535	NC_002945.4	NODE_6_length_155652_cov_37.987449	99.99		True
CONTIG	NODE_6_length_155652_cov_37.987449	155652	correct
30083	103914	73845	1	NC_002945.4	NODE_7_length_142846_cov_39.330250	99.96		True
local misassembly
1	29469	103315	73847	NC_002945.4	NODE_7_length_142846_cov_39.330250	99.99		True
fake: not a misassembly [linear representation of circular genome]
4310373	4349904	142846	103316	NC_002945.4	NODE_7_length_142846_cov_39.330250	99.99		True
CONTIG	NODE_7_length_142846_cov_39.330250	142846	correct
1638889	1769053	130252	89	NC_002945.4	NODE_8_length_130252_cov_40.705683	99.99		True
CONTIG	NODE_8_length_130252_cov_40.705683	130252	correct
3297521	3341186	43835	1	NC_002945.4	NODE_9_length_122048_cov_38.874944	99.82		True
indel: stretch of mismatches
3219490	3297520	121923	43836	NC_002945.4	NODE_9_length_122048_cov_38.874944	99.92		True
local misassembly
3219754	3219878	122048	121924	NC_002945.4	NODE_9_length_122048_cov_38.874944	100.0		True
CONTIG	NODE_9_length_122048_cov_38.874944	122048	correct
970263	1009472	190	39398	NC_002945.4	NODE_10_length_119720_cov_38.456456	99.98		True
relocation, inconsistency = 1457
1010930	1091248	39399	119720	NC_002945.4	NODE_10_length_119720_cov_38.456456	99.99		True
CONTIG	NODE_10_length_119720_cov_38.456456	119720	misassembled
3343594	3442410	98885	1	NC_002945.4	NODE_11_length_98885_cov_38.806811	99.92		True
CONTIG	NODE_11_length_98885_cov_38.806811	98885	correct
2057009	2083604	4	26599	NC_002945.4	NODE_12_length_83910_cov_38.788430	99.98		True
local misassembly
2083596	2140768	26738	83910	NC_002945.4	NODE_12_length_83910_cov_38.788430	99.99		True
CONTIG	NODE_12_length_83910_cov_38.788430	83910	correct
3897179	3979267	1	82080	NC_002945.4	NODE_13_length_82187_cov_38.354399	99.98		True
CONTIG	NODE_13_length_82187_cov_38.354399	82187	correct
1491934	1573416	1	81483	NC_002945.4	NODE_14_length_81853_cov_40.399677	99.93		True
CONTIG	NODE_14_length_81853_cov_40.399677	81853	correct
1904726	1985614	1	80480	NC_002945.4	NODE_15_length_80528_cov_38.317869	99.48		True
CONTIG	NODE_15_length_80528_cov_38.317869	80528	correct
2693912	2773045	1	79133	NC_002945.4	NODE_16_length_79133_cov_36.948865	99.99		True
CONTIG	NODE_16_length_79133_cov_36.948865	79133	correct
1779460	1854020	74561	1	NC_002945.4	NODE_17_length_74561_cov_37.444165	99.99		True
CONTIG	NODE_17_length_74561_cov_37.444165	74561	correct
2944619	3015675	70919	18	NC_002945.4	NODE_18_length_70919_cov_37.684625	99.77		True
CONTIG	NODE_18_length_70919_cov_37.684625	70919	correct
1094824	1165170	1	70336	NC_002945.4	NODE_19_length_70336_cov_38.555171	99.96		True
CONTIG	NODE_19_length_70336_cov_38.555171	70336	correct
4194926	4259153	1	64228	NC_002945.4	NODE_20_length_64228_cov_40.524516	99.99		True
CONTIG	NODE_20_length_64228_cov_40.524516	64228	correct
2852103	2916098	1	63995	NC_002945.4	NODE_21_length_63995_cov_36.619246	99.98		True
CONTIG	NODE_21_length_63995_cov_36.619246	63995	correct
1280097	1343223	63189	1	NC_002945.4	NODE_22_length_63189_cov_41.122134	99.89		True
CONTIG	NODE_22_length_63189_cov_41.122134	63189	correct
1219738	1278412	58675	1	NC_002945.4	NODE_23_length_63006_cov_36.944035	99.99		True
relocation, inconsistency = 1617
1214750	1218120	62046	58676	NC_002945.4	NODE_23_length_63006_cov_36.944035	100.0		True
local misassembly
1213934	1214774	63006	62166	NC_002945.4	NODE_23_length_63006_cov_36.944035	99.76		True
CONTIG	NODE_23_length_63006_cov_36.944035	63006	misassembled
4035893	4097403	1	61510	NC_002945.4	NODE_24_length_61510_cov_36.782155	99.99		True
CONTIG	NODE_24_length_61510_cov_36.782155	61510	correct
1997086	2056268	73	59255	NC_002945.4	NODE_25_length_59426_cov_38.003912	99.97		True
CONTIG	NODE_25_length_59426_cov_38.003912	59426	correct
3777400	3835785	1	58318	NC_002945.4	NODE_26_length_58318_cov_38.267653	99.87		True
CONTIG	NODE_26_length_58318_cov_38.267653	58318	correct
1413935	1470724	1	56733	NC_002945.4	NODE_27_length_56733_cov_39.467406	99.89		True
CONTIG	NODE_27_length_56733_cov_39.467406	56733	correct
2611830	2665724	53984	36	NC_002945.4	NODE_28_length_54076_cov_36.883297	99.88		True
CONTIG	NODE_28_length_54076_cov_36.883297	54076	correct
2192685	2246078	1	53394	NC_002945.4	NODE_29_length_53394_cov_43.382507	99.99		True
CONTIG	NODE_29_length_53394_cov_43.382507	53394	correct
4141978	4193715	1	51738	NC_002945.4	NODE_30_length_51738_cov_39.226696	99.99		True
CONTIG	NODE_30_length_51738_cov_39.226696	51738	correct
3985210	4000631	205	15626	NC_002945.4	NODE_31_length_50589_cov_38.388589	100.0		True
fake: scaffold gap size wrong estimation (local)
4000854	4035656	15727	50529	NC_002945.4	NODE_31_length_50589_cov_38.388589	99.98		True
CONTIG	NODE_31_length_50589_cov_38.388589	50589	correct
1574071	1623837	49823	57	NC_002945.4	NODE_32_length_50009_cov_36.077002	99.98		True
CONTIG	NODE_32_length_50009_cov_36.077002	50009	correct
842774	891078	1	48305	NC_002945.4	NODE_33_length_48305_cov_37.011541	99.99		True
CONTIG	NODE_33_length_48305_cov_37.011541	48305	correct
625663	673260	47725	128	NC_002945.4	NODE_34_length_47886_cov_37.042714	99.99		True
CONTIG	NODE_34_length_47886_cov_37.042714	47886	correct
4097387	4141984	1	44598	NC_002945.4	NODE_35_length_44598_cov_37.072227	100.0		True
CONTIG	NODE_35_length_44598_cov_37.072227	44598	correct
1343879	1386522	1	42649	NC_002945.4	NODE_36_length_43161_cov_36.806084	99.98		True
relocation, inconsistency = 248025
1634578	1634916	42680	43018	NC_002945.4	NODE_36_length_43161_cov_36.806084	100.0		True
CONTIG	NODE_36_length_43161_cov_36.806084	43161	misassembled
2801012	2843483	1	42472	NC_002945.4	NODE_37_length_42472_cov_37.956477	99.98		True
CONTIG	NODE_37_length_42472_cov_37.956477	42472	correct
3836888	3878150	1	41255	NC_002945.4	NODE_38_length_41283_cov_37.693338	99.91		True
CONTIG	NODE_38_length_41283_cov_37.693338	41283	correct
930691	970075	39296	24	NC_002945.4	NODE_39_length_39296_cov_38.383952	99.68		True
CONTIG	NODE_39_length_39296_cov_38.383952	39296	correct
2246158	2283745	216	37805	NC_002945.4	NODE_40_length_37805_cov_40.417803	99.95		True
CONTIG	NODE_40_length_37805_cov_40.417803	37805	correct
363939	401308	37370	1	NC_002945.4	NODE_41_length_37573_cov_36.842146	99.99		True
CONTIG	NODE_41_length_37573_cov_36.842146	37573	correct
2372453	2408744	1	36234	NC_002945.4	NODE_42_length_36308_cov_34.053785	99.82		True
CONTIG	NODE_42_length_36308_cov_34.053785	36308	correct
1869446	1904752	35251	2	NC_002945.4	NODE_43_length_35251_cov_37.412681	99.81		True
CONTIG	NODE_43_length_35251_cov_37.412681	35251	correct
4259930	4293929	33998	1	NC_002945.4	NODE_44_length_33998_cov_39.723392	99.99		True
CONTIG	NODE_44_length_33998_cov_39.723392	33998	correct
3724846	3737454	1	12609	NC_002945.4	NODE_45_length_33823_cov_38.624614	99.98		True
local misassembly
3737665	3758878	12610	33823	NC_002945.4	NODE_45_length_33823_cov_38.624614	100.0		True
CONTIG	NODE_45_length_33823_cov_38.624614	33823	correct
2161798	2192094	1	30298	NC_002945.4	NODE_46_length_30298_cov_39.595274	99.99		True
CONTIG	NODE_46_length_30298_cov_39.595274	30298	correct
2294650	2324497	29848	1	NC_002945.4	NODE_47_length_29848_cov_35.174590	99.99		True
CONTIG	NODE_47_length_29848_cov_35.174590	29848	correct
2343767	2372336	153	28722	NC_002945.4	NODE_48_length_28722_cov_37.142787	99.99		True
CONTIG	NODE_48_length_28722_cov_37.142787	28722	correct
2666013	2693421	1	27408	NC_002945.4	NODE_49_length_27408_cov_38.052894	99.99		True
CONTIG	NODE_49_length_27408_cov_38.052894	27408	correct
105040	131915	27013	138	NC_002945.4	NODE_50_length_27013_cov_37.024437	99.98		True
CONTIG	NODE_50_length_27013_cov_37.024437	27013	correct
306745	333298	123	26571	NC_002945.4	NODE_51_length_26655_cov_37.477269	99.6		True
CONTIG	NODE_51_length_26655_cov_37.477269	26655	correct
1387060	1412955	172	26067	NC_002945.4	NODE_52_length_26067_cov_36.664649	99.98		True
CONTIG	NODE_52_length_26067_cov_36.664649	26067	correct
3674358	3700112	25737	1	NC_002945.4	NODE_53_length_25737_cov_28.267435	99.91		True
CONTIG	NODE_53_length_25737_cov_28.267435	25737	correct
338165	338937	49	821	NC_002945.4	NODE_54_length_25610_cov_33.913315	99.35		True
local misassembly
339034	363909	822	25610	NC_002945.4	NODE_54_length_25610_cov_33.913315	99.62		True
CONTIG	NODE_54_length_25610_cov_33.913315	25610	correct
2423267	2444948	21695	14	NC_002945.4	NODE_55_length_21695_cov_38.497867	99.99		True
CONTIG	NODE_55_length_21695_cov_38.497867	21695	correct
2140774	2158516	1	17743	NC_002945.4	NODE_56_length_20378_cov_41.616661	99.96		True
local misassembly
2158655	2158913	17744	18002	NC_002945.4	NODE_56_length_20378_cov_41.616661	100.0		True
fake: scaffold gap size wrong estimation (local)
2158914	2160444	18034	19564	NC_002945.4	NODE_56_length_20378_cov_41.616661	95.49		True
CONTIG	NODE_56_length_20378_cov_41.616661	20378	correct
1193002	1213006	1	20005	NC_002945.4	NODE_57_length_20005_cov_38.764715	99.97		True
CONTIG	NODE_57_length_20005_cov_38.764715	20005	correct
1490961	1491384	443	17	NC_002945.4	NODE_58_length_19257_cov_43.506743	98.84		True
local misassembly
1471935	1490747	19257	444	NC_002945.4	NODE_58_length_19257_cov_43.506743	99.98		True
CONTIG	NODE_58_length_19257_cov_43.506743	19257	correct
1190092	1190304	299	87	NC_002945.4	NODE_59_length_19077_cov_37.539050	98.64		True
local misassembly
1171083	1189860	19077	300	NC_002945.4	NODE_59_length_19077_cov_37.539050	99.99		True
CONTIG	NODE_59_length_19077_cov_37.539050	19077	correct
3759446	3777383	1	17940	NC_002945.4	NODE_60_length_17940_cov_33.687700	99.94		True
CONTIG	NODE_60_length_17940_cov_33.687700	17940	correct
2326495	2343751	173	17429	NC_002945.4	NODE_61_length_17429_cov_34.249856	99.99		True
CONTIG	NODE_61_length_17429_cov_34.249856	17429	correct
892165	909508	17344	1	NC_002945.4	NODE_62_length_17344_cov_38.437823	99.99		True
CONTIG	NODE_62_length_17344_cov_38.437823	17344	correct
132713	150006	1	17294	NC_002945.4	NODE_63_length_17294_cov_42.135376	99.96		True
CONTIG	NODE_63_length_17294_cov_42.135376	17294	correct
2777096	2793840	16745	1	NC_002945.4	NODE_64_length_16867_cov_42.661589	100.0		True
CONTIG	NODE_64_length_16867_cov_42.661589	16867	correct
910050	926075	16162	137	NC_002945.4	NODE_65_length_16162_cov_38.780044	99.99		True
CONTIG	NODE_65_length_16162_cov_38.780044	16162	correct
2916851	2932766	16004	89	NC_002945.4	NODE_66_length_16004_cov_41.732380	99.96		True
CONTIG	NODE_66_length_16004_cov_41.732380	16004	correct
3193780	3209296	15617	1	NC_002945.4	NODE_67_length_15617_cov_40.848870	100.0		True
CONTIG	NODE_67_length_15617_cov_40.848870	15617	correct
609085	624345	15366	106	NC_002945.4	NODE_68_length_15366_cov_36.633506	99.99		True
CONTIG	NODE_68_length_15366_cov_36.633506	15366	correct
1854425	1869378	124	15077	NC_002945.4	NODE_69_length_15077_cov_27.619197	99.99		True
CONTIG	NODE_69_length_15077_cov_27.619197	15077	correct
4294615	4309320	1	14706	NC_002945.4	NODE_70_length_14873_cov_37.428455	99.99		True
CONTIG	NODE_70_length_14873_cov_37.428455	14873	correct
2409215	2422776	203	13764	NC_002945.4	NODE_71_length_13764_cov_37.035785	99.98		True
CONTIG	NODE_71_length_13764_cov_37.035785	13764	correct
3712180	3724959	12780	1	NC_002945.4	NODE_72_length_12780_cov_24.829764	99.96		True
CONTIG	NODE_72_length_12780_cov_24.829764	12780	correct
3890565	3894344	3780	1	NC_002945.4	NODE_73_length_11430_cov_13.883394	99.87		True
local misassembly
3884643	3888967	8787	4454	NC_002945.4	NODE_73_length_11430_cov_13.883394	99.77		True
local misassembly
3882139	3884027	10724	8788	NC_002945.4	NODE_73_length_11430_cov_13.883394	97.69		True
local misassembly
3882006	3882155	11025	10876	NC_002945.4	NODE_73_length_11430_cov_13.883394	100.0		True
local misassembly
3880962	3881366	11430	11026	NC_002945.4	NODE_73_length_11430_cov_13.883394	100.0		True
CONTIG	NODE_73_length_11430_cov_13.883394	11430	correct
3700360	3711403	11044	1	NC_002945.4	NODE_74_length_11216_cov_27.780413	100.0		True
CONTIG	NODE_74_length_11216_cov_27.780413	11216	correct
2933717	2943963	1	10247	NC_002945.4	NODE_75_length_10247_cov_38.784881	99.99		True
CONTIG	NODE_75_length_10247_cov_38.784881	10247	correct
1623950	1633194	138	9325	NC_002945.4	NODE_76_length_9364_cov_32.737252	99.35		True
CONTIG	NODE_76_length_9364_cov_32.737252	9364	correct
3209302	3218593	9292	1	NC_002945.4	NODE_77_length_9292_cov_38.132570	100.0		True
CONTIG	NODE_77_length_9292_cov_38.132570	9292	correct
2843485	2852054	8570	1	NC_002945.4	NODE_78_length_8570_cov_38.237712	100.0		True
CONTIG	NODE_78_length_8570_cov_38.237712	8570	correct
2446130	2453539	1	7410	NC_002945.4	NODE_79_length_7597_cov_39.717805	99.99		True
CONTIG	NODE_79_length_7597_cov_39.717805	7597	correct
2793906	2799828	5923	1	NC_002945.4	NODE_80_length_5998_cov_36.833248	99.98		True
CONTIG	NODE_80_length_5998_cov_36.833248	5998	correct
1987019	1992127	5110	1	NC_002945.4	NODE_81_length_5110_cov_39.106763	99.96		True
CONTIG	NODE_81_length_5110_cov_39.106763	5110	correct
3980060	3984552	173	4665	NC_002945.4	NODE_82_length_4665_cov_29.020053	99.98		True
CONTIG	NODE_82_length_4665_cov_29.020053	4665	correct
1165899	1169900	1	4002	NC_002945.4	NODE_83_length_4002_cov_37.075613	99.98		True
CONTIG	NODE_83_length_4002_cov_37.075613	4002	correct
1993335	1995980	3066	421	NC_002945.4	NODE_84_length_3066_cov_39.548826	100.0		True
CONTIG	NODE_84_length_3066_cov_39.548826	3066	correct
2284620	2287647	3028	1	NC_002945.4	NODE_85_length_3028_cov_29.913478	99.77		True
CONTIG	NODE_85_length_3028_cov_29.913478	3028	correct
2290710	2293716	3007	1	NC_002945.4	NODE_86_length_3007_cov_27.065625	100.0		True
CONTIG	NODE_86_length_3007_cov_27.065625	3007	correct
336693	338051	137	1495	NC_002945.4	NODE_87_length_2774_cov_10.916509	100.0		True
relocation, inconsistency = 1337
334077	335349	2774	1502	NC_002945.4	NODE_87_length_2774_cov_10.916509	99.84		True
CONTIG	NODE_87_length_2774_cov_10.916509	2774	misassembled
3880504	3881088	585	1	NC_002945.4	NODE_88_length_2774_cov_6.065735	99.49		True
local misassembly
3878220	3880324	2743	639	NC_002945.4	NODE_88_length_2774_cov_6.065735	99.81		True
CONTIG	NODE_88_length_2774_cov_6.065735	2774	correct
1190378	1193128	2751	1	NC_002945.4	NODE_89_length_2751_cov_13.234375	99.96		True
CONTIG	NODE_89_length_2751_cov_13.234375	2751	correct
928970	930618	1649	1	NC_002945.4	NODE_90_length_2731_cov_7.761137	100.0		True
local misassembly
928813	928969	1950	1794	NC_002945.4	NODE_90_length_2731_cov_7.761137	100.0		True
indel: indel (> 5bp)
928408	928812	2364	1960	NC_002945.4	NODE_90_length_2731_cov_7.761137	100.0		True
indel: indel (> 5bp)
927975	928293	2725	2407	NC_002945.4	NODE_90_length_2731_cov_7.761137	99.69		True
CONTIG	NODE_90_length_2731_cov_7.761137	2731	correct
1635657	1638017	1	2412	NC_002945.4	NODE_91_length_2412_cov_22.439825	97.89		True
CONTIG	NODE_91_length_2412_cov_22.439825	2412	correct
2609387	2611609	1	2223	NC_002945.4	NODE_92_length_2223_cov_25.787691	100.0		True
CONTIG	NODE_92_length_2223_cov_25.787691	2223	correct
1092435	1094433	1999	1	NC_002945.4	NODE_93_length_1999_cov_24.416667	100.0		True
CONTIG	NODE_93_length_1999_cov_24.416667	1999	correct
401182	402731	1550	1	NC_002945.4	NODE_94_length_1550_cov_67.211525	99.94		True
CONTIG	NODE_94_length_1550_cov_67.211525	1550	correct
4193589	4195052	1	1464	NC_002945.4	NODE_95_length_1464_cov_89.723261	100.0		True
CONTIG	NODE_95_length_1464_cov_89.723261	1464	correct
3443593	3445031	1	1439	NC_002945.4	NODE_96_length_1439_cov_54.955030	100.0		True
CONTIG	NODE_96_length_1439_cov_54.955030	1439	correct
674713	676146	1	1434	NC_002945.4	NODE_97_length_1434_cov_4.618975	99.72		True
CONTIG	NODE_97_length_1434_cov_4.618975	1434	correct
2324611	2325833	165	1387	NC_002945.4	NODE_98_length_1387_cov_26.524603	100.0		True
CONTIG	NODE_98_length_1387_cov_26.524603	1387	correct
673992	674391	177	576	NC_002945.4	NODE_99_length_1363_cov_3.343042	99.76		True
relocation, inconsistency = 959256
1633648	1634434	577	1363	NC_002945.4	NODE_99_length_1363_cov_3.343042	99.11		True
CONTIG	NODE_99_length_1363_cov_3.343042	1363	misassembled
890952	892291	1340	1	NC_002945.4	NODE_100_length_1340_cov_76.108821	100.0		True
CONTIG	NODE_100_length_1340_cov_76.108821	1340	correct
3835659	3836983	1	1325	NC_002945.4	NODE_101_length_1325_cov_83.520868	99.7		True
CONTIG	NODE_101_length_1325_cov_83.520868	1325	correct
2288581	2289835	1	1255	NC_002945.4	NODE_102_length_1255_cov_37.794326	100.0		True
CONTIG	NODE_102_length_1255_cov_37.794326	1255	correct
2287521	2288707	1187	1	NC_002945.4	NODE_103_length_1187_cov_28.415094	100.0		True
CONTIG	NODE_103_length_1187_cov_28.415094	1187	correct
2283619	2284746	1	1128	NC_002945.4	NODE_104_length_1128_cov_69.186813	99.91		True
CONTIG	NODE_104_length_1128_cov_69.186813	1128	correct
839741	840866	1108	1	NC_002945.4	NODE_105_length_1108_cov_17.401631	98.4		True
CONTIG	NODE_105_length_1108_cov_17.401631	1108	correct
3711277	3712306	1030	1	NC_002945.4	NODE_106_length_1030_cov_75.851606	100.0		True
CONTIG	NODE_106_length_1030_cov_75.851606	1030	correct
CONTIG	NODE_107_length_1008_cov_0.692395	1008	unaligned
2445076	2446074	999	1	NC_002945.4	NODE_108_length_999_cov_31.827709	100.0		True
CONTIG	NODE_108_length_999_cov_31.827709	999	correct
4309388	4310371	1	984	NC_002945.4	NODE_109_length_984_cov_24.738623	99.8		True
CONTIG	NODE_109_length_984_cov_24.738623	984	correct
1165044	1166025	1	982	NC_002945.4	NODE_110_length_982_cov_78.676023	100.0		True
CONTIG	NODE_110_length_982_cov_78.676023	982	correct
2800228	2801136	1	909	NC_002945.4	NODE_111_length_909_cov_251.988491	100.0		True
CONTIG	NODE_111_length_909_cov_251.988491	909	correct
335735	336486	752	1	NC_002945.4	NODE_112_length_898_cov_6.374838	99.73		True
CONTIG	NODE_112_length_898_cov_6.374838	898	correct
3341521	3342410	1	890	NC_002945.4	NODE_113_length_890_cov_27.783748	100.0		True
CONTIG	NODE_113_length_890_cov_27.783748	890	correct
1278286	1279129	844	1	NC_002945.4	NODE_114_length_844_cov_68.538354	100.0		True
CONTIG	NODE_114_length_844_cov_68.538354	844	correct
1996261	1997076	1	816	NC_002945.4	NODE_115_length_816_cov_2.174165	100.0		True
CONTIG	NODE_115_length_816_cov_2.174165	816	correct
3444905	3445699	1	795	NC_002945.4	NODE_116_length_795_cov_89.083832	100.0		True
CONTIG	NODE_116_length_795_cov_89.083832	795	correct
2774207	2774978	772	1	NC_002945.4	NODE_117_length_772_cov_4.624806	99.87		True
CONTIG	NODE_117_length_772_cov_4.624806	772	correct
2693295	2694038	1	744	NC_002945.4	NODE_118_length_744_cov_66.612642	100.0		True
CONTIG	NODE_118_length_744_cov_66.612642	744	correct
1985765	1986508	744	1	NC_002945.4	NODE_119_length_744_cov_1.850891	99.87		True
CONTIG	NODE_119_length_744_cov_1.850891	744	correct
3218594	3219229	636	1	NC_002945.4	NODE_120_length_636_cov_25.984273	100.0		True
CONTIG	NODE_120_length_636_cov_25.984273	636	correct
CONTIG	NODE_121_length_628_cov_0.954092	628	unaligned
2773515	2774131	617	1	NC_002945.4	NODE_122_length_617_cov_2.695918	100.0		True
CONTIG	NODE_122_length_617_cov_2.695918	617	correct
2774988	2775596	609	1	NC_002945.4	NODE_123_length_609_cov_6.435685	100.0		True
CONTIG	NODE_123_length_609_cov_6.435685	609	correct
CONTIG	NODE_124_length_583_cov_0.815789	583	unaligned
4294120	4294564	565	121	NC_002945.4	NODE_125_length_565_cov_2.095890	100.0		True
CONTIG	NODE_125_length_565_cov_2.095890	565	correct
3979428	3979942	515	1	NC_002945.4	NODE_126_length_560_cov_1.159353	99.61		True
CONTIG	NODE_126_length_560_cov_1.159353	560	correct
CONTIG	NODE_127_length_556_cov_0.473193	556	unaligned
1213007	1213474	1	468	NC_002945.4	NODE_128_length_535_cov_25.861027	100.0		True
CONTIG	NODE_128_length_535_cov_25.861027	535	correct
132248	132605	158	515	NC_002945.4	NODE_129_length_515_cov_1.744845	100.0		True
CONTIG	NODE_129_length_515_cov_1.744845	515	correct
673774	674022	249	1	NC_002945.4	NODE_130_length_503_cov_2.255319	99.6		True
indel: indel (> 5bp)
673477	673728	501	250	NC_002945.4	NODE_130_length_503_cov_2.255319	100.0		True
CONTIG	NODE_130_length_503_cov_2.255319	503	correct
CONTIG	NODE_131_length_500_cov_0.994638	500	unaligned
