S1	E1	S2	E2	Reference	Contig	IDY	Ambiguous	Best_group
2957039	3193761	1	236133	NC_002945.4	NODE_1_length_236133_cov_93.014356	99.58		True
CONTIG	NODE_1_length_236133_cov_93.014356	236133	correct
2444879	2665692	1	220866	NC_002945.4	NODE_2_length_220982_cov_91.788504	99.96		True
CONTIG	NODE_2_length_220982_cov_91.788504	220982	correct
1779460	1973048	193309	1	NC_002945.4	NODE_3_length_193309_cov_92.373234	99.84		True
CONTIG	NODE_3_length_193309_cov_92.373234	193309	correct
3488378	3673271	184786	1	NC_002945.4	NODE_4_length_184786_cov_95.211623	99.93		True
CONTIG	NODE_4_length_184786_cov_95.211623	184786	correct
402605	581801	1	179082	NC_002945.4	NODE_5_length_179082_cov_93.276768	99.92		True
CONTIG	NODE_5_length_179082_cov_93.276768	179082	correct
676731	824045	173	147488	NC_002945.4	NODE_6_length_161105_cov_95.168501	99.99		True
local misassembly
824601	838056	147489	160944	NC_002945.4	NODE_6_length_161105_cov_95.168501	99.97		True
CONTIG	NODE_6_length_161105_cov_95.168501	161105	correct
4294608	4349904	17	55312	NC_002945.4	NODE_7_length_158631_cov_96.140110	99.99		True
fake: not a misassembly [linear representation of circular genome]
1	29469	55313	84781	NC_002945.4	NODE_7_length_158631_cov_96.140110	99.99		True
local misassembly
30083	103918	84783	158631	NC_002945.4	NODE_7_length_158631_cov_96.140110	99.96		True
CONTIG	NODE_7_length_158631_cov_96.140110	158631	correct
149999	306643	119	156736	NC_002945.4	NODE_8_length_156862_cov_93.422343	99.97		True
CONTIG	NODE_8_length_156862_cov_93.422343	156862	correct
1993335	2083604	1	90270	NC_002945.4	NODE_9_length_147649_cov_90.130137	99.98		True
local misassembly
2083596	2140720	90409	147533	NC_002945.4	NODE_9_length_147649_cov_90.130137	99.99		True
CONTIG	NODE_9_length_147649_cov_90.130137	147649	correct
1638991	1769053	130154	93	NC_002945.4	NODE_10_length_130274_cov_94.332224	99.99		True
CONTIG	NODE_10_length_130274_cov_94.332224	130274	correct
1094890	1096360	1	1471	NC_002945.4	NODE_11_length_120482_cov_93.772847	100.0		True
relocation, inconsistency = 2640
1010930	1092249	82794	1472	NC_002945.4	NODE_11_length_120482_cov_93.772847	99.99		True
relocation, inconsistency = 1457
971784	1009472	120482	82795	NC_002945.4	NODE_11_length_120482_cov_93.772847	99.98		True
CONTIG	NODE_11_length_120482_cov_93.772847	120482	misassembled
3219391	3338802	183	119820	NC_002945.4	NODE_12_length_119820_cov_92.984318	99.88		True
CONTIG	NODE_12_length_119820_cov_92.984318	119820	correct
3980257	4000631	319	20693	NC_002945.4	NODE_13_length_117343_cov_94.058422	100.0		True
fake: scaffold gap size wrong estimation (local)
4000854	4097403	20794	117343	NC_002945.4	NODE_13_length_117343_cov_94.058422	99.99		True
CONTIG	NODE_13_length_117343_cov_94.058422	117343	correct
3737665	3835785	98111	1	NC_002945.4	NODE_14_length_110880_cov_95.678898	99.86		True
local misassembly
3724820	3737454	110746	98112	NC_002945.4	NODE_14_length_110880_cov_95.678898	99.96		True
CONTIG	NODE_14_length_110880_cov_95.678898	110880	correct
1170557	1189853	1	19297	NC_002945.4	NODE_15_length_107694_cov_92.971525	99.99		True
local misassembly
1190085	1278412	19298	107694	NC_002945.4	NODE_15_length_107694_cov_92.971525	99.74		True
CONTIG	NODE_15_length_107694_cov_92.971525	107694	correct
3343594	3442410	98885	1	NC_002945.4	NODE_16_length_98885_cov_93.250552	99.92		True
CONTIG	NODE_16_length_98885_cov_93.250552	98885	correct
3898832	3980032	81321	121	NC_002945.4	NODE_17_length_81321_cov_96.606978	99.99		True
CONTIG	NODE_17_length_81321_cov_96.606978	81321	correct
2693912	2773104	1	79192	NC_002945.4	NODE_18_length_79359_cov_91.240509	99.99		True
CONTIG	NODE_18_length_79359_cov_91.240509	79359	correct
2294650	2324272	1	29623	NC_002945.4	NODE_19_length_74241_cov_93.744623	99.99		True
relocation, inconsistency = 2596
2326869	2371486	29624	74241	NC_002945.4	NODE_19_length_74241_cov_93.744623	99.98		True
CONTIG	NODE_19_length_74241_cov_93.744623	74241	misassembled
1096985	1165170	68175	1	NC_002945.4	NODE_20_length_68175_cov_93.469022	99.97		True
CONTIG	NODE_20_length_68175_cov_93.469022	68175	correct
2852121	2916695	115	64688	NC_002945.4	NODE_21_length_64688_cov_94.500271	99.98		True
CONTIG	NODE_21_length_64688_cov_94.500271	64688	correct
4194926	4259153	1	64228	NC_002945.4	NODE_22_length_64228_cov_93.954618	99.99		True
CONTIG	NODE_22_length_64228_cov_93.954618	64228	correct
1491995	1535110	43116	1	NC_002945.4	NODE_23_length_62805_cov_93.399055	99.98		True
local misassembly
1490961	1491835	43991	43117	NC_002945.4	NODE_23_length_62805_cov_93.399055	100.0		True
local misassembly
1471935	1490747	62805	43992	NC_002945.4	NODE_23_length_62805_cov_93.399055	99.98		True
CONTIG	NODE_23_length_62805_cov_93.399055	62805	correct
1280097	1340762	60728	1	NC_002945.4	NODE_24_length_60728_cov_95.451560	99.89		True
CONTIG	NODE_24_length_60728_cov_95.451560	60728	correct
1574002	1633289	124	59338	NC_002945.4	NODE_25_length_60093_cov_94.270720	99.86		True
local misassembly
1633485	1634239	59339	60093	NC_002945.4	NODE_25_length_60093_cov_94.270720	100.0		True
CONTIG	NODE_25_length_60093_cov_94.270720	60093	correct
1413935	1470724	1	56733	NC_002945.4	NODE_26_length_56733_cov_91.992510	99.89		True
CONTIG	NODE_26_length_56733_cov_91.992510	56733	correct
2192685	2245161	52477	1	NC_002945.4	NODE_27_length_52477_cov_93.573696	99.99		True
CONTIG	NODE_27_length_52477_cov_93.573696	52477	correct
4141980	4193715	51736	1	NC_002945.4	NODE_28_length_51736_cov_99.174795	99.98		True
CONTIG	NODE_28_length_51736_cov_99.174795	51736	correct
624917	673258	92	48433	NC_002945.4	NODE_29_length_51315_cov_91.643627	99.99		True
local misassembly
673586	676294	48434	51142	NC_002945.4	NODE_29_length_51315_cov_91.643627	99.96		True
CONTIG	NODE_29_length_51315_cov_91.643627	51315	correct
841412	891078	49610	1	NC_002945.4	NODE_30_length_49669_cov_90.241109	99.87		True
CONTIG	NODE_30_length_49669_cov_90.241109	49669	correct
105040	150007	1	44968	NC_002945.4	NODE_31_length_44968_cov_94.759796	99.97		True
CONTIG	NODE_31_length_44968_cov_94.759796	44968	correct
4097387	4141907	1	44521	NC_002945.4	NODE_32_length_44626_cov_92.808310	100.0		True
CONTIG	NODE_32_length_44626_cov_92.808310	44626	correct
3836888	3881088	1	44193	NC_002945.4	NODE_33_length_44193_cov_90.627037	99.96		True
CONTIG	NODE_33_length_44193_cov_90.627037	44193	correct
1343879	1386815	43093	152	NC_002945.4	NODE_34_length_43093_cov_92.654774	99.99		True
CONTIG	NODE_34_length_43093_cov_92.654774	43093	correct
3445573	3488322	42750	1	NC_002945.4	NODE_35_length_42750_cov_94.015156	99.97		True
CONTIG	NODE_35_length_42750_cov_94.015156	42750	correct
1535942	1573788	1	37847	NC_002945.4	NODE_36_length_37964_cov_91.707720	99.99		True
CONTIG	NODE_36_length_37964_cov_91.707720	37964	correct
2801012	2838873	1	37862	NC_002945.4	NODE_37_length_37862_cov_96.024036	99.98		True
CONTIG	NODE_37_length_37862_cov_96.024036	37862	correct
363842	401308	37467	1	NC_002945.4	NODE_38_length_37467_cov_88.318345	99.99		True
CONTIG	NODE_38_length_37467_cov_88.318345	37467	correct
2246369	2283745	37379	1	NC_002945.4	NODE_39_length_37379_cov_92.577848	99.95		True
CONTIG	NODE_39_length_37379_cov_92.577848	37379	correct
2409193	2422776	13584	1	NC_002945.4	NODE_40_length_35293_cov_90.687113	99.98		True
local misassembly
2386668	2408376	35293	13585	NC_002945.4	NODE_40_length_35293_cov_90.687113	100.0		True
CONTIG	NODE_40_length_35293_cov_90.687113	35293	correct
4259930	4294585	34603	1	NC_002945.4	NODE_41_length_34603_cov_87.963569	99.84		True
CONTIG	NODE_41_length_34603_cov_87.963569	34603	correct
930976	965541	34584	19	NC_002945.4	NODE_42_length_34584_cov_97.885568	99.98		True
CONTIG	NODE_42_length_34584_cov_97.885568	34584	correct
2161798	2192094	30298	1	NC_002945.4	NODE_43_length_30298_cov_88.684697	99.99		True
CONTIG	NODE_43_length_30298_cov_88.684697	30298	correct
2665959	2693421	27462	1	NC_002945.4	NODE_44_length_27584_cov_95.185672	99.99		True
CONTIG	NODE_44_length_27584_cov_95.185672	27584	correct
336693	363794	27192	169	NC_002945.4	NODE_45_length_27350_cov_91.495941	99.62		True
CONTIG	NODE_45_length_27350_cov_91.495941	27350	correct
333299	333426	271	144	NC_002945.4	NODE_46_length_26805_cov_94.629620	99.76		True
indel: stretch of mismatches
306780	333298	26685	272	NC_002945.4	NODE_46_length_26805_cov_94.629620	99.59		True
CONTIG	NODE_46_length_26805_cov_94.629620	26805	correct
1386955	1412955	113	26113	NC_002945.4	NODE_47_length_26113_cov_89.152544	99.97		True
CONTIG	NODE_47_length_26113_cov_89.152544	26113	correct
581820	607788	1	25969	NC_002945.4	NODE_48_length_25969_cov_95.242048	99.99		True
CONTIG	NODE_48_length_25969_cov_95.242048	25969	correct
2776942	2799828	22887	1	NC_002945.4	NODE_49_length_23006_cov_95.910573	100.0		True
CONTIG	NODE_49_length_23006_cov_95.910573	23006	correct
2423267	2444896	1	21630	NC_002945.4	NODE_50_length_21630_cov_92.804957	99.99		True
CONTIG	NODE_50_length_21630_cov_92.804957	21630	correct
2158914	2160444	2345	815	NC_002945.4	NODE_51_length_20176_cov_88.000748	95.49		True
fake: scaffold gap size wrong estimation (local)
2158655	2158913	2635	2377	NC_002945.4	NODE_51_length_20176_cov_88.000748	100.0		True
local misassembly
2140976	2158516	20176	2636	NC_002945.4	NODE_51_length_20176_cov_88.000748	99.96		True
CONTIG	NODE_51_length_20176_cov_88.000748	20176	correct
3674358	3694202	1	19845	NC_002945.4	NODE_52_length_19845_cov_91.197332	100.0		True
CONTIG	NODE_52_length_19845_cov_91.197332	19845	correct
892165	909508	17344	1	NC_002945.4	NODE_53_length_17344_cov_97.936458	99.99		True
CONTIG	NODE_53_length_17344_cov_97.936458	17344	correct
2916851	2933030	16293	114	NC_002945.4	NODE_54_length_16293_cov_95.458431	99.97		True
CONTIG	NODE_54_length_16293_cov_95.458431	16293	correct
910050	925948	1	15899	NC_002945.4	NODE_55_length_15990_cov_97.564206	99.97		True
CONTIG	NODE_55_length_15990_cov_97.564206	15990	correct
3193724	3209241	1	15618	NC_002945.4	NODE_56_length_15676_cov_91.500868	99.49		True
CONTIG	NODE_56_length_15676_cov_91.500868	15676	correct
609085	624478	15617	224	NC_002945.4	NODE_57_length_15617_cov_99.645190	99.99		True
CONTIG	NODE_57_length_15617_cov_99.645190	15617	correct
2372438	2386761	14324	1	NC_002945.4	NODE_58_length_14486_cov_91.859948	99.97		True
CONTIG	NODE_58_length_14486_cov_91.859948	14486	correct
2838944	2852019	1	13076	NC_002945.4	NODE_59_length_13178_cov_97.015631	100.0		True
CONTIG	NODE_59_length_13178_cov_97.015631	13178	correct
3712180	3724959	1	12780	NC_002945.4	NODE_60_length_12780_cov_73.625148	99.96		True
CONTIG	NODE_60_length_12780_cov_73.625148	12780	correct
2944619	2957076	1	12458	NC_002945.4	NODE_61_length_12458_cov_96.892628	99.98		True
CONTIG	NODE_61_length_12458_cov_96.892628	12458	correct
1972965	1985070	12135	30	NC_002945.4	NODE_62_length_12135_cov_93.571702	99.98		True
CONTIG	NODE_62_length_12135_cov_93.571702	12135	correct
3700335	3711403	11069	1	NC_002945.4	NODE_63_length_11148_cov_76.761002	100.0		True
CONTIG	NODE_63_length_11148_cov_76.761002	11148	correct
2933713	2943963	176	10426	NC_002945.4	NODE_64_length_10426_cov_89.360618	99.99		True
CONTIG	NODE_64_length_10426_cov_89.360618	10426	correct
3209297	3219347	35	10085	NC_002945.4	NODE_65_length_10085_cov_95.741514	100.0		True
CONTIG	NODE_65_length_10085_cov_95.741514	10085	correct
3884045	3890278	1	6225	NC_002945.4	NODE_66_length_9601_cov_82.825945	99.5		True
local misassembly
3890969	3894344	6226	9601	NC_002945.4	NODE_66_length_9601_cov_82.825945	99.95		True
CONTIG	NODE_66_length_9601_cov_82.825945	9601	correct
3694160	3700269	1	6092	NC_002945.4	NODE_67_length_6110_cov_33.083403	99.71		True
CONTIG	NODE_67_length_6110_cov_33.083403	6110	correct
1987007	1992127	205	5326	NC_002945.4	NODE_68_length_5326_cov_93.175611	99.98		True
CONTIG	NODE_68_length_5326_cov_93.175611	5326	correct
965518	970018	199	4699	NC_002945.4	NODE_69_length_4699_cov_76.845421	99.96		True
CONTIG	NODE_69_length_4699_cov_76.845421	4699	correct
1165899	1169900	1	4002	NC_002945.4	NODE_70_length_4002_cov_95.811871	99.98		True
CONTIG	NODE_70_length_4002_cov_95.811871	4002	correct
3880962	3881547	1	586	NC_002945.4	NODE_71_length_3331_cov_53.348627	100.0		True
indel: indel (> 5bp)
3881626	3882155	587	1116	NC_002945.4	NODE_71_length_3331_cov_53.348627	100.0		True
local misassembly
3882139	3884154	1268	3331	NC_002945.4	NODE_71_length_3331_cov_53.348627	97.67		True
CONTIG	NODE_71_length_3331_cov_53.348627	3331	correct
2284620	2287647	3028	1	NC_002945.4	NODE_72_length_3028_cov_84.557049	99.77		True
CONTIG	NODE_72_length_3028_cov_84.557049	3028	correct
2290710	2293716	1	3007	NC_002945.4	NODE_73_length_3007_cov_78.619097	100.0		True
CONTIG	NODE_73_length_3007_cov_78.619097	3007	correct
334077	336591	1	2515	NC_002945.4	NODE_74_length_2655_cov_40.458465	99.88		True
CONTIG	NODE_74_length_2655_cov_40.458465	2655	correct
928970	931102	2133	1	NC_002945.4	NODE_75_length_2481_cov_43.074766	100.0		True
local misassembly
928775	928975	2481	2272	NC_002945.4	NODE_75_length_2481_cov_43.074766	95.71		True
CONTIG	NODE_75_length_2481_cov_43.074766	2481	correct
1635657	1638030	2425	1	NC_002945.4	NODE_76_length_2425_cov_90.379025	97.9		True
CONTIG	NODE_76_length_2425_cov_90.379025	2425	correct
1092478	1094668	88	2278	NC_002945.4	NODE_77_length_2278_cov_79.576476	100.0		True
CONTIG	NODE_77_length_2278_cov_79.576476	2278	correct
3339137	3341186	2050	1	NC_002945.4	NODE_78_length_2050_cov_91.722309	100.0		True
CONTIG	NODE_78_length_2050_cov_91.722309	2050	correct
840938	841005	218	151	NC_002945.4	NODE_79_length_1893_cov_41.388448	100.0		True
local misassembly
839385	840835	1669	219	NC_002945.4	NODE_79_length_1893_cov_41.388448	100.0		True
CONTIG	NODE_79_length_1893_cov_41.388448	1893	correct
1340970	1342697	1	1728	NC_002945.4	NODE_80_length_1728_cov_105.821362	99.94		True
CONTIG	NODE_80_length_1728_cov_105.821362	1728	correct
2324533	2325831	1330	32	NC_002945.4	NODE_81_length_1582_cov_71.885223	100.0		True
relocation, inconsistency = 1482782
841504	841599	1577	1482	NC_002945.4	NODE_81_length_1582_cov_71.885223	97.92		True
CONTIG	NODE_81_length_1582_cov_71.885223	1582	misassembled
970228	971783	1556	1	NC_002945.4	NODE_82_length_1556_cov_80.216875	100.0		True
CONTIG	NODE_82_length_1556_cov_80.216875	1556	correct
401182	402731	1550	1	NC_002945.4	NODE_83_length_1550_cov_167.439213	100.0		True
CONTIG	NODE_83_length_1550_cov_167.439213	1550	correct
4193589	4195052	1	1464	NC_002945.4	NODE_84_length_1464_cov_195.274495	100.0		True
CONTIG	NODE_84_length_1464_cov_195.274495	1464	correct
1992001	1993461	1	1461	NC_002945.4	NODE_85_length_1461_cov_140.843328	100.0		True
CONTIG	NODE_85_length_1461_cov_140.843328	1461	correct
3443593	3445031	1439	1	NC_002945.4	NODE_86_length_1439_cov_105.057165	100.0		True
CONTIG	NODE_86_length_1439_cov_105.057165	1439	correct
3897145	3898585	1432	1	NC_002945.4	NODE_87_length_1432_cov_76.619157	99.38		True
CONTIG	NODE_87_length_1432_cov_76.619157	1432	correct
890952	892291	1340	1	NC_002945.4	NODE_88_length_1340_cov_171.793075	100.0		True
CONTIG	NODE_88_length_1340_cov_171.793075	1340	correct
3835659	3836979	1	1321	NC_002945.4	NODE_89_length_1321_cov_220.364322	99.7		True
CONTIG	NODE_89_length_1321_cov_220.364322	1321	correct
2288581	2289835	1255	1	NC_002945.4	NODE_90_length_1255_cov_106.817376	100.0		True
CONTIG	NODE_90_length_1255_cov_106.817376	1255	correct
2287521	2288707	1	1187	NC_002945.4	NODE_91_length_1187_cov_108.067925	100.0		True
CONTIG	NODE_91_length_1187_cov_108.067925	1187	correct
2289709	2290836	1128	1	NC_002945.4	NODE_92_length_1128_cov_180.144855	99.91		True
CONTIG	NODE_92_length_1128_cov_180.144855	1128	correct
2774558	2775598	1	1041	NC_002945.4	NODE_93_length_1041_cov_29.099562	100.0		True
CONTIG	NODE_93_length_1041_cov_29.099562	1041	correct
1985666	1986512	180	1017	NC_002945.4	NODE_94_length_1034_cov_13.243660	98.35		True
CONTIG	NODE_94_length_1034_cov_13.243660	1034	correct
3711277	3712306	1	1030	NC_002945.4	NODE_95_length_1030_cov_199.794020	100.0		True
CONTIG	NODE_95_length_1030_cov_199.794020	1030	correct
1165044	1166025	982	1	NC_002945.4	NODE_96_length_982_cov_181.294737	99.9		True
CONTIG	NODE_96_length_982_cov_181.294737	982	correct
1637904	1638224	1	321	NC_002945.4	NODE_97_length_923_cov_15.016332	100.0		True
local misassembly
1638369	1638847	322	800	NC_002945.4	NODE_97_length_923_cov_15.016332	100.0		True
CONTIG	NODE_97_length_923_cov_15.016332	923	correct
3442285	3443193	1	909	NC_002945.4	NODE_98_length_909_cov_539.520460	100.0		True
CONTIG	NODE_98_length_909_cov_539.520460	909	correct
3341521	3342410	890	1	NC_002945.4	NODE_99_length_890_cov_81.870249	100.0		True
CONTIG	NODE_99_length_890_cov_81.870249	890	correct
2191968	2192811	844	1	NC_002945.4	NODE_100_length_844_cov_174.221757	100.0		True
CONTIG	NODE_100_length_844_cov_174.221757	844	correct
838356	838984	116	744	NC_002945.4	NODE_101_length_819_cov_5.397399	100.0		True
CONTIG	NODE_101_length_819_cov_5.397399	819	correct
2773492	2774077	692	107	NC_002945.4	NODE_102_length_800_cov_14.080238	99.66		True
CONTIG	NODE_102_length_800_cov_14.080238	800	correct
3444905	3445699	1	795	NC_002945.4	NODE_103_length_795_cov_201.755988	100.0		True
CONTIG	NODE_103_length_795_cov_201.755988	795	correct
2371487	2372248	1	762	NC_002945.4	NODE_104_length_762_cov_57.347582	100.0		True
CONTIG	NODE_104_length_762_cov_57.347582	762	correct
2693295	2694038	1	744	NC_002945.4	NODE_105_length_744_cov_165.473258	100.0		True
CONTIG	NODE_105_length_744_cov_165.473258	744	correct
3338676	3339263	588	1	NC_002945.4	NODE_106_length_588_cov_137.078091	100.0		True
CONTIG	NODE_106_length_588_cov_137.078091	588	correct
927013	927553	24	564	NC_002945.4	NODE_107_length_564_cov_7.917620	100.0		True
CONTIG	NODE_107_length_564_cov_7.917620	564	correct
1535045	1535408	1	364	NC_002945.4	NODE_108_length_531_cov_78.957921	96.98		True
relocation, inconsistency = 2310255
3845679	3845830	531	380	NC_002945.4	NODE_108_length_531_cov_78.957921	95.39		True
CONTIG	NODE_108_length_531_cov_78.957921	531	misassembled
2933059	2933369	117	427	NC_002945.4	NODE_109_length_525_cov_4.701005	99.68		True
relocation, inconsistency = 2308000
624974	625058	512	428	NC_002945.4	NODE_109_length_525_cov_4.701005	100.0		True
CONTIG	NODE_109_length_525_cov_4.701005	525	misassembled
2773147	2773473	177	506	NC_002945.4	NODE_110_length_506_cov_0.807388	98.48		True
CONTIG	NODE_110_length_506_cov_0.807388	506	correct
3894218	3894717	500	1	NC_002945.4	NODE_111_length_500_cov_262.493298	100.0		True
CONTIG	NODE_111_length_500_cov_262.493298	500	correct
