S1	E1	S2	E2	Reference	Contig	IDY	Ambiguous	Best_group
2453639	2665719	54	212184	NC_002945.4	NODE_1_length_212232_cov_40.000467	99.96		True
CONTIG	NODE_1_length_212232_cov_40.000467	212232	correct
3488378	3673271	184786	1	NC_002945.4	NODE_2_length_184786_cov_42.080310	99.93		True
CONTIG	NODE_2_length_184786_cov_42.080310	184786	correct
2944619	3124586	179177	1	NC_002945.4	NODE_3_length_179177_cov_40.788266	99.43		True
CONTIG	NODE_3_length_179177_cov_40.788266	179177	correct
402605	581801	1	179082	NC_002945.4	NODE_4_length_179082_cov_41.178436	99.92		True
CONTIG	NODE_4_length_179082_cov_41.178436	179082	correct
824601	838024	13520	97	NC_002945.4	NODE_5_length_160982_cov_41.301992	99.98		True
local misassembly
676585	824045	160982	13521	NC_002945.4	NODE_5_length_160982_cov_41.301992	99.99		True
CONTIG	NODE_5_length_160982_cov_41.301992	160982	correct
150007	306640	156705	99	NC_002945.4	NODE_6_length_156705_cov_41.030700	99.97		True
CONTIG	NODE_6_length_156705_cov_41.030700	156705	correct
1854190	1985583	130926	1	NC_002945.4	NODE_7_length_131146_cov_40.595593	99.63		True
CONTIG	NODE_7_length_131146_cov_40.595593	131146	correct
1639421	1769053	129724	93	NC_002945.4	NODE_8_length_129724_cov_37.166671	99.99		True
CONTIG	NODE_8_length_129724_cov_37.166671	129724	correct
970193	1009472	1	39279	NC_002945.4	NODE_9_length_121071_cov_40.698100	99.98		True
relocation, inconsistency = 1457
1010930	1091163	39280	119516	NC_002945.4	NODE_9_length_121071_cov_40.698100	99.99		True
relocation, inconsistency = 3726
1094890	1096444	121071	119517	NC_002945.4	NODE_9_length_121071_cov_40.698100	100.0		True
CONTIG	NODE_9_length_121071_cov_40.698100	121071	misassembled
3297603	3338802	41251	1	NC_002945.4	NODE_10_length_119650_cov_37.965655	99.96		True
local misassembly
3219498	3297520	119531	41452	NC_002945.4	NODE_10_length_119650_cov_37.965655	99.92		True
CONTIG	NODE_10_length_119650_cov_37.965655	119650	correct
4035760	4141989	106115	1	NC_002945.4	NODE_11_length_106125_cov_39.992292	99.88		True
CONTIG	NODE_11_length_106125_cov_39.992292	106125	correct
30083	55643	25564	1	NC_002945.4	NODE_12_length_103087_cov_42.265258	99.97		True
local misassembly
1	29469	55034	25566	NC_002945.4	NODE_12_length_103087_cov_42.265258	99.99		True
fake: not a misassembly [linear representation of circular genome]
4301851	4349904	103087	55035	NC_002945.4	NODE_12_length_103087_cov_42.265258	99.99		True
CONTIG	NODE_12_length_103087_cov_42.265258	103087	correct
3343594	3442410	98885	1	NC_002945.4	NODE_13_length_98885_cov_40.348579	99.92		True
CONTIG	NODE_13_length_98885_cov_40.348579	98885	correct
3897451	3979502	12	82063	NC_002945.4	NODE_14_length_82222_cov_44.273512	99.99		True
CONTIG	NODE_14_length_82222_cov_44.273512	82222	correct
1491934	1573356	1	81423	NC_002945.4	NODE_15_length_81652_cov_40.183514	99.93		True
CONTIG	NODE_15_length_81652_cov_40.183514	81652	correct
2693912	2772855	79553	611	NC_002945.4	NODE_16_length_79553_cov_38.267129	99.99		True
CONTIG	NODE_16_length_79553_cov_38.267129	79553	correct
2158914	2160444	2345	815	NC_002945.4	NODE_17_length_77709_cov_38.194839	95.49		True
fake: scaffold gap size wrong estimation (local)
2158655	2158913	2635	2377	NC_002945.4	NODE_17_length_77709_cov_38.194839	100.0		True
local misassembly
2083596	2158516	77556	2636	NC_002945.4	NODE_17_length_77709_cov_38.194839	99.98		True
CONTIG	NODE_17_length_77709_cov_38.194839	77709	correct
1779460	1854325	74866	1	NC_002945.4	NODE_18_length_74866_cov_41.753261	99.98		True
CONTIG	NODE_18_length_74866_cov_41.753261	74866	correct
3124603	3193870	69214	1	NC_002945.4	NODE_19_length_69216_cov_41.790111	99.91		True
CONTIG	NODE_19_length_69216_cov_41.790111	69216	correct
1096985	1165170	1	68175	NC_002945.4	NODE_20_length_68175_cov_41.896691	99.97		True
CONTIG	NODE_20_length_68175_cov_41.896691	68175	correct
2852106	2916695	22	64610	NC_002945.4	NODE_21_length_64610_cov_43.268427	99.98		True
CONTIG	NODE_21_length_64610_cov_43.268427	64610	correct
4194926	4259153	1	64228	NC_002945.4	NODE_22_length_64228_cov_39.831313	99.99		True
CONTIG	NODE_22_length_64228_cov_39.831313	64228	correct
1280097	1343223	1	63189	NC_002945.4	NODE_23_length_63189_cov_46.178507	99.89		True
CONTIG	NODE_23_length_63189_cov_46.178507	63189	correct
1219375	1278412	22	59059	NC_002945.4	NODE_24_length_59059_cov_40.322490	99.99		True
CONTIG	NODE_24_length_59059_cov_40.322490	59059	correct
3777400	3835785	58318	1	NC_002945.4	NODE_25_length_58318_cov_44.767163	99.87		True
CONTIG	NODE_25_length_58318_cov_44.767163	58318	correct
1413935	1470724	56733	1	NC_002945.4	NODE_26_length_56733_cov_38.118521	99.89		True
CONTIG	NODE_26_length_56733_cov_38.118521	56733	correct
4000854	4035740	35085	199	NC_002945.4	NODE_27_length_55608_cov_44.753321	99.98		True
local misassembly
3980209	4000742	55608	35086	NC_002945.4	NODE_27_length_55608_cov_44.753321	99.94		True
CONTIG	NODE_27_length_55608_cov_44.753321	55608	correct
4141978	4193715	1	51738	NC_002945.4	NODE_28_length_51738_cov_41.995389	99.98		True
CONTIG	NODE_28_length_51738_cov_41.995389	51738	correct
2801012	2852028	51017	1	NC_002945.4	NODE_29_length_51017_cov_44.434073	99.99		True
CONTIG	NODE_29_length_51017_cov_44.434073	51017	correct
1574013	1623827	1	49788	NC_002945.4	NODE_30_length_49788_cov_43.283683	99.93		True
CONTIG	NODE_30_length_49788_cov_43.283683	49788	correct
842470	891078	65	48673	NC_002945.4	NODE_31_length_48673_cov_39.639146	99.98		True
CONTIG	NODE_31_length_48673_cov_39.639146	48673	correct
55633	103918	6	48301	NC_002945.4	NODE_32_length_48301_cov_43.398555	99.96		True
CONTIG	NODE_32_length_48301_cov_43.398555	48301	correct
625359	673271	48004	92	NC_002945.4	NODE_33_length_48052_cov_45.129932	99.99		True
CONTIG	NODE_33_length_48052_cov_45.129932	48052	correct
1993335	2040928	1	47594	NC_002945.4	NODE_34_length_47594_cov_38.558114	99.98		True
CONTIG	NODE_34_length_47594_cov_38.558114	47594	correct
3836888	3880265	43408	39	NC_002945.4	NODE_35_length_43408_cov_38.939720	99.96		True
CONTIG	NODE_35_length_43408_cov_38.939720	43408	correct
1343879	1386662	42789	1	NC_002945.4	NODE_36_length_42789_cov_45.021471	99.98		True
CONTIG	NODE_36_length_42789_cov_45.021471	42789	correct
3445573	3488322	42750	1	NC_002945.4	NODE_37_length_42750_cov_37.872229	99.97		True
CONTIG	NODE_37_length_42750_cov_37.872229	42750	correct
928199	928975	1	786	NC_002945.4	NODE_38_length_42300_cov_40.464729	98.85		True
local misassembly
928970	970095	925	42290	NC_002945.4	NODE_38_length_42300_cov_40.464729	99.4		True
CONTIG	NODE_38_length_42300_cov_40.464729	42300	correct
363939	401308	37370	1	NC_002945.4	NODE_39_length_41134_cov_38.893384	99.99		True
local misassembly
362804	363076	37643	37371	NC_002945.4	NODE_39_length_41134_cov_38.893384	99.67		True
relocation, inconsistency = 1272124
1635201	1638240	37644	40659	NC_002945.4	NODE_39_length_41134_cov_38.893384	99.21		True
local misassembly
1638385	1638772	40660	41047	NC_002945.4	NODE_39_length_41134_cov_38.893384	99.75		True
CONTIG	NODE_39_length_41134_cov_38.893384	41134	misassembled
2246369	2283745	37379	1	NC_002945.4	NODE_40_length_37379_cov_38.785810	99.95		True
CONTIG	NODE_40_length_37379_cov_38.785810	37379	correct
3699703	3711403	11701	1	NC_002945.4	NODE_41_length_36737_cov_31.689839	99.79		True
local misassembly
3674358	3699411	36737	11702	NC_002945.4	NODE_41_length_36737_cov_31.689839	99.92		True
CONTIG	NODE_41_length_36737_cov_31.689839	36737	correct
2210050	2245161	1	35112	NC_002945.4	NODE_42_length_35112_cov_38.818036	100.0		True
CONTIG	NODE_42_length_35112_cov_38.818036	35112	correct
3724846	3737454	1	12609	NC_002945.4	NODE_43_length_33964_cov_42.590803	99.98		True
local misassembly
3737665	3759016	12610	33964	NC_002945.4	NODE_43_length_33964_cov_42.590803	99.98		True
CONTIG	NODE_43_length_33964_cov_42.590803	33964	correct
4259930	4293934	1	33931	NC_002945.4	NODE_44_length_33931_cov_34.315909	99.77		True
CONTIG	NODE_44_length_33931_cov_34.315909	33931	correct
2294650	2325834	31143	1	NC_002945.4	NODE_45_length_31143_cov_42.733460	99.86		True
CONTIG	NODE_45_length_31143_cov_42.733460	31143	correct
2161798	2192094	30298	1	NC_002945.4	NODE_46_length_30298_cov_34.998575	99.99		True
CONTIG	NODE_46_length_30298_cov_34.998575	30298	correct
2423267	2453624	30244	1	NC_002945.4	NODE_47_length_30244_cov_43.314972	99.61		True
CONTIG	NODE_47_length_30244_cov_43.314972	30244	correct
2343843	2371678	111	27946	NC_002945.4	NODE_48_length_27946_cov_38.349437	99.99		True
CONTIG	NODE_48_length_27946_cov_38.349437	27946	correct
105040	132219	27437	258	NC_002945.4	NODE_49_length_27437_cov_39.415672	99.97		True
CONTIG	NODE_49_length_27437_cov_39.415672	27437	correct
2666005	2693421	27416	1	NC_002945.4	NODE_50_length_27418_cov_43.763255	99.96		True
CONTIG	NODE_50_length_27418_cov_43.763255	27418	correct
132248	132649	88	489	NC_002945.4	NODE_51_length_27219_cov_39.158054	100.0		True
relocation, inconsistency = 1924396
2057046	2083604	27048	490	NC_002945.4	NODE_51_length_27219_cov_39.158054	99.98		True
CONTIG	NODE_51_length_27219_cov_39.158054	27219	misassembled
306725	333298	26594	126	NC_002945.4	NODE_52_length_26731_cov_43.054278	99.6		True
CONTIG	NODE_52_length_26731_cov_43.054278	26731	correct
581820	607788	1	25969	NC_002945.4	NODE_53_length_25969_cov_38.560560	99.99		True
CONTIG	NODE_53_length_25969_cov_38.560560	25969	correct
1387435	1412955	25521	1	NC_002945.4	NODE_54_length_25726_cov_43.575647	99.98		True
CONTIG	NODE_54_length_25726_cov_43.575647	25726	correct
338152	362774	8	24552	NC_002945.4	NODE_55_length_24669_cov_45.744275	99.58		True
CONTIG	NODE_55_length_24669_cov_45.744275	24669	correct
2386668	2408907	1	22240	NC_002945.4	NODE_56_length_22240_cov_37.915841	100.0		True
CONTIG	NODE_56_length_22240_cov_37.915841	22240	correct
1171083	1189860	1	18778	NC_002945.4	NODE_57_length_21423_cov_37.172755	99.99		True
local misassembly
1190092	1192702	18779	21386	NC_002945.4	NODE_57_length_21423_cov_37.172755	99.35		True
CONTIG	NODE_57_length_21423_cov_37.172755	21423	correct
1471935	1490429	1	18496	NC_002945.4	NODE_58_length_18551_cov_32.352421	99.98		True
CONTIG	NODE_58_length_18551_cov_32.352421	18551	correct
2192685	2210090	1	17406	NC_002945.4	NODE_59_length_17556_cov_33.888863	99.96		True
CONTIG	NODE_59_length_17556_cov_33.888863	17556	correct
892165	909508	17344	1	NC_002945.4	NODE_60_length_17344_cov_47.127142	99.99		True
CONTIG	NODE_60_length_17344_cov_47.127142	17344	correct
2326339	2343665	17327	1	NC_002945.4	NODE_61_length_17340_cov_45.566955	99.99		True
CONTIG	NODE_61_length_17340_cov_45.566955	17340	correct
132658	149959	17302	1	NC_002945.4	NODE_62_length_17302_cov_45.118777	99.97		True
CONTIG	NODE_62_length_17302_cov_45.118777	17302	correct
3760295	3777383	4	17094	NC_002945.4	NODE_63_length_17094_cov_44.989450	99.93		True
CONTIG	NODE_63_length_17094_cov_44.989450	17094	correct
2776942	2793806	16903	39	NC_002945.4	NODE_64_length_16984_cov_42.259299	99.99		True
CONTIG	NODE_64_length_16984_cov_42.259299	16984	correct
910050	926280	16231	1	NC_002945.4	NODE_65_length_16231_cov_42.169088	99.99		True
CONTIG	NODE_65_length_16231_cov_42.169088	16231	correct
3193780	3209248	15680	112	NC_002945.4	NODE_66_length_15680_cov_39.578216	100.0		True
CONTIG	NODE_66_length_15680_cov_39.578216	15680	correct
2040997	2056268	172	15443	NC_002945.4	NODE_67_length_15665_cov_44.736646	99.99		True
CONTIG	NODE_67_length_15665_cov_44.736646	15665	correct
2916851	2932186	15455	120	NC_002945.4	NODE_68_length_15455_cov_48.183064	99.97		True
CONTIG	NODE_68_length_15455_cov_48.183064	15455	correct
609085	624460	15376	1	NC_002945.4	NODE_69_length_15376_cov_44.771198	99.99		True
CONTIG	NODE_69_length_15376_cov_44.771198	15376	correct
2372396	2386761	1	14366	NC_002945.4	NODE_70_length_14366_cov_43.999438	99.98		True
CONTIG	NODE_70_length_14366_cov_43.999438	14366	correct
2409061	2422776	13716	1	NC_002945.4	NODE_71_length_13716_cov_41.668997	99.98		True
CONTIG	NODE_71_length_13716_cov_41.668997	13716	correct
3712180	3724845	1	12666	NC_002945.4	NODE_72_length_12683_cov_33.477381	99.96		True
CONTIG	NODE_72_length_12683_cov_33.477381	12683	correct
1193002	1204737	1	11736	NC_002945.4	NODE_73_length_11736_cov_45.972952	99.97		True
CONTIG	NODE_73_length_11736_cov_45.972952	11736	correct
2933745	2943963	10219	1	NC_002945.4	NODE_74_length_10219_cov_41.203131	99.99		True
CONTIG	NODE_74_length_10219_cov_41.203131	10219	correct
3209340	3219347	10008	1	NC_002945.4	NODE_75_length_10100_cov_37.496140	100.0		True
CONTIG	NODE_75_length_10100_cov_37.496140	10100	correct
1623846	1633191	1	9289	NC_002945.4	NODE_76_length_9431_cov_40.362532	99.36		True
CONTIG	NODE_76_length_9431_cov_40.362532	9431	correct
1204716	1213474	8963	205	NC_002945.4	NODE_77_length_8963_cov_47.167383	99.83		True
CONTIG	NODE_77_length_8963_cov_47.167383	8963	correct
3890969	3892951	2112	130	NC_002945.4	NODE_78_length_7740_cov_25.777617	99.83		True
local misassembly
3884660	3890278	7740	2113	NC_002945.4	NODE_78_length_7740_cov_25.777617	99.79		True
CONTIG	NODE_78_length_7740_cov_25.777617	7740	correct
4294638	4301847	70	7279	NC_002945.4	NODE_79_length_7326_cov_43.936797	99.99		True
CONTIG	NODE_79_length_7326_cov_43.936797	7326	correct
2793832	2799828	1	5997	NC_002945.4	NODE_80_length_5997_cov_34.455026	99.98		True
CONTIG	NODE_80_length_5997_cov_34.455026	5997	correct
1987184	1992127	4945	1	NC_002945.4	NODE_81_length_5130_cov_48.426144	99.96		True
CONTIG	NODE_81_length_5130_cov_48.426144	5130	correct
1213923	1214774	1	852	NC_002945.4	NODE_82_length_4740_cov_40.591806	99.77		True
local misassembly
1214750	1218370	972	4592	NC_002945.4	NODE_82_length_4740_cov_40.591806	99.89		True
CONTIG	NODE_82_length_4740_cov_40.591806	4740	correct
1165899	1169900	4002	1	NC_002945.4	NODE_83_length_4002_cov_42.019355	99.98		True
CONTIG	NODE_83_length_4002_cov_42.019355	4002	correct
3882139	3884154	2064	1	NC_002945.4	NODE_84_length_3263_cov_17.333865	97.67		True
local misassembly
3881829	3882155	2542	2216	NC_002945.4	NODE_84_length_3263_cov_17.333865	100.0		True
relocation, inconsistency = -13483
3894591	3895311	3263	2543	NC_002945.4	NODE_84_length_3263_cov_17.333865	100.0		True
CONTIG	NODE_84_length_3263_cov_17.333865	3263	misassembled
2284620	2287647	3028	1	NC_002945.4	NODE_85_length_3028_cov_35.604274	99.77		True
CONTIG	NODE_85_length_3028_cov_35.604274	3028	correct
2290710	2293716	1	3007	NC_002945.4	NODE_86_length_3007_cov_32.806250	100.0		True
CONTIG	NODE_86_length_3007_cov_32.806250	3007	correct
1092564	1094668	2105	1	NC_002945.4	NODE_87_length_2793_cov_27.858965	99.9		True
local misassembly
1091889	1092109	2333	2113	NC_002945.4	NODE_87_length_2793_cov_27.858965	100.0		True
local misassembly
1091359	1091795	2770	2334	NC_002945.4	NODE_87_length_2793_cov_27.858965	100.0		True
CONTIG	NODE_87_length_2793_cov_27.858965	2793	correct
675052	676307	1275	20	NC_002945.4	NODE_88_length_2065_cov_4.396285	99.92		True
local misassembly
673558	673969	1962	1551	NC_002945.4	NODE_88_length_2065_cov_4.396285	98.3		True
CONTIG	NODE_88_length_2065_cov_4.396285	2065	correct
401182	402731	1550	1	NC_002945.4	NODE_89_length_1550_cov_68.028812	99.94		True
CONTIG	NODE_89_length_1550_cov_68.028812	1550	correct
336693	338162	74	1543	NC_002945.4	NODE_90_length_1543_cov_19.243644	100.0		True
CONTIG	NODE_90_length_1543_cov_19.243644	1543	correct
4193589	4195052	1	1464	NC_002945.4	NODE_91_length_1464_cov_76.977562	100.0		True
CONTIG	NODE_91_length_1464_cov_76.977562	1464	correct
1992001	1993461	1	1461	NC_002945.4	NODE_92_length_1461_cov_55.427286	100.0		True
CONTIG	NODE_92_length_1461_cov_55.427286	1461	correct
3443593	3445031	1439	1	NC_002945.4	NODE_93_length_1439_cov_29.836890	100.0		True
CONTIG	NODE_93_length_1439_cov_29.836890	1439	correct
3673145	3674484	1340	1	NC_002945.4	NODE_94_length_1340_cov_68.128607	100.0		True
CONTIG	NODE_94_length_1340_cov_68.128607	1340	correct
3339137	3340461	1	1325	NC_002945.4	NODE_95_length_1325_cov_48.274624	100.0		True
CONTIG	NODE_95_length_1325_cov_48.274624	1325	correct
3835659	3836979	1	1321	NC_002945.4	NODE_96_length_1321_cov_89.361809	99.7		True
CONTIG	NODE_96_length_1321_cov_89.361809	1321	correct
839578	840811	40	1273	NC_002945.4	NODE_97_length_1293_cov_14.687822	100.0		True
CONTIG	NODE_97_length_1293_cov_14.687822	1293	correct
2288581	2289835	1	1255	NC_002945.4	NODE_98_length_1255_cov_43.973404	100.0		True
CONTIG	NODE_98_length_1255_cov_43.973404	1255	correct
2287521	2288707	1187	1	NC_002945.4	NODE_99_length_1187_cov_35.042453	100.0		True
CONTIG	NODE_99_length_1187_cov_35.042453	1187	correct
2283619	2284746	1128	1	NC_002945.4	NODE_100_length_1128_cov_80.111888	99.91		True
CONTIG	NODE_100_length_1128_cov_80.111888	1128	correct
3711277	3712306	1030	1	NC_002945.4	NODE_101_length_1030_cov_88.547065	100.0		True
CONTIG	NODE_101_length_1030_cov_88.547065	1030	correct
1165044	1166025	982	1	NC_002945.4	NODE_102_length_982_cov_78.170760	100.0		True
CONTIG	NODE_102_length_982_cov_78.170760	982	correct
334077	335022	946	1	NC_002945.4	NODE_103_length_946_cov_18.978022	99.79		True
CONTIG	NODE_103_length_946_cov_18.978022	946	correct
2943837	2944745	909	1	NC_002945.4	NODE_104_length_909_cov_259.172634	100.0		True
CONTIG	NODE_104_length_909_cov_259.172634	909	correct
3341521	3342410	890	1	NC_002945.4	NODE_105_length_890_cov_35.444299	100.0		True
CONTIG	NODE_105_length_890_cov_35.444299	890	correct
1278286	1279129	1	844	NC_002945.4	NODE_106_length_844_cov_71.956764	100.0		True
CONTIG	NODE_106_length_844_cov_71.956764	844	correct
2774898	2775597	112	811	NC_002945.4	NODE_107_length_811_cov_10.323099	99.86		True
CONTIG	NODE_107_length_811_cov_10.323099	811	correct
3444905	3445699	1	795	NC_002945.4	NODE_108_length_795_cov_78.869760	100.0		True
CONTIG	NODE_108_length_795_cov_78.869760	795	correct
335615	336407	766	1	NC_002945.4	NODE_109_length_766_cov_9.414710	95.96		True
CONTIG	NODE_109_length_766_cov_9.414710	766	correct
1985758	1986508	2	752	NC_002945.4	NODE_110_length_752_cov_3.832000	99.47		True
CONTIG	NODE_110_length_752_cov_3.832000	752	correct
2774161	2774819	1	659	NC_002945.4	NODE_111_length_749_cov_6.001608	98.63		True
CONTIG	NODE_111_length_749_cov_6.001608	749	correct
2693295	2694038	744	1	NC_002945.4	NODE_112_length_744_cov_72.763371	100.0		True
CONTIG	NODE_112_length_744_cov_72.763371	744	correct
842194	842344	151	1	NC_002945.4	NODE_113_length_728_cov_1.755408	100.0		True
indel: indel (> 5bp)
841715	842154	591	152	NC_002945.4	NODE_113_length_728_cov_1.755408	98.41		True
CONTIG	NODE_113_length_728_cov_1.755408	728	correct
3880566	3881088	191	713	NC_002945.4	NODE_114_length_713_cov_22.616041	100.0		True
CONTIG	NODE_114_length_713_cov_22.616041	713	correct
3884045	3884769	707	1	NC_002945.4	NODE_115_length_707_cov_21.177586	97.38		True
CONTIG	NODE_115_length_707_cov_21.177586	707	correct
3340552	3341186	1	635	NC_002945.4	NODE_116_length_635_cov_38.561024	100.0		True
CONTIG	NODE_116_length_635_cov_38.561024	635	correct
3341060	3341647	588	1	NC_002945.4	NODE_117_length_588_cov_69.856833	100.0		True
CONTIG	NODE_117_length_588_cov_69.856833	588	correct
3892853	3893294	10	451	NC_002945.4	NODE_118_length_575_cov_0.870536	96.38		True
CONTIG	NODE_118_length_575_cov_0.870536	575	correct
4294092	4294572	481	1	NC_002945.4	NODE_119_length_560_cov_3.113164	98.96		True
CONTIG	NODE_119_length_560_cov_3.113164	560	correct
3758990	3759276	93	379	NC_002945.4	NODE_120_length_543_cov_0.836538	99.3		True
CONTIG	NODE_120_length_543_cov_0.836538	543	correct
927015	927441	515	89	NC_002945.4	NODE_121_length_515_cov_1.476804	100.0		True
CONTIG	NODE_121_length_515_cov_1.476804	515	correct
1386904	1387334	513	83	NC_002945.4	NODE_122_length_513_cov_4.080311	99.77		True
CONTIG	NODE_122_length_513_cov_4.080311	513	correct
CONTIG	NODE_123_length_506_cov_0.973615	506	unaligned
1218490	1218875	118	503	NC_002945.4	NODE_124_length_503_cov_2.191489	100.0		True
CONTIG	NODE_124_length_503_cov_2.191489	503	correct
