S1	E1	S2	E2	Reference	Contig	IDY	Ambiguous	Best_group
3488378	3673271	184786	1	NC_002945.4	NODE_1_length_184786_cov_44.358910	99.93		True
CONTIG	NODE_1_length_184786_cov_44.358910	184786	correct
402605	581801	179082	1	NC_002945.4	NODE_2_length_179082_cov_43.718108	99.92		True
CONTIG	NODE_2_length_179082_cov_43.718108	179082	correct
3015725	3124440	108439	360	NC_002945.4	NODE_3_length_166973_cov_44.072696	99.2		True
local misassembly
2957039	3015625	166973	108440	NC_002945.4	NODE_3_length_166973_cov_44.072696	99.9		True
CONTIG	NODE_3_length_166973_cov_44.072696	166973	correct
676731	824045	133	147448	NC_002945.4	NODE_4_length_160964_cov_44.266860	99.99		True
local misassembly
824601	838046	147449	160894	NC_002945.4	NODE_4_length_160964_cov_44.266860	99.97		True
CONTIG	NODE_4_length_160964_cov_44.266860	160964	correct
150200	306671	120	156564	NC_002945.4	NODE_5_length_156637_cov_44.054508	99.97		True
CONTIG	NODE_5_length_156637_cov_44.054508	156637	correct
2453603	2609246	1	155645	NC_002945.4	NODE_6_length_155654_cov_44.237579	99.99		True
CONTIG	NODE_6_length_155654_cov_44.237579	155654	correct
30083	103918	73849	1	NC_002945.4	NODE_7_length_142881_cov_45.378995	99.96		True
local misassembly
1	29469	103319	73851	NC_002945.4	NODE_7_length_142881_cov_45.378995	99.99		True
fake: not a misassembly [linear representation of circular genome]
4310369	4349904	142854	103320	NC_002945.4	NODE_7_length_142881_cov_45.378995	99.99		True
CONTIG	NODE_7_length_142881_cov_45.378995	142881	correct
1638900	1769053	130245	93	NC_002945.4	NODE_8_length_133236_cov_45.799871	99.99		True
local misassembly
1638385	1638740	130601	130246	NC_002945.4	NODE_8_length_133236_cov_45.799871	100.0		True
local misassembly
1635657	1638240	133236	130602	NC_002945.4	NODE_8_length_133236_cov_45.799871	98.06		True
CONTIG	NODE_8_length_133236_cov_45.799871	133236	correct
1010930	1091888	81077	116	NC_002945.4	NODE_9_length_120365_cov_44.167451	99.98		True
relocation, inconsistency = 1457
970184	1009472	120365	81078	NC_002945.4	NODE_9_length_120365_cov_44.167451	99.98		True
CONTIG	NODE_9_length_120365_cov_44.167451	120365	misassembled
3219363	3338802	1	119666	NC_002945.4	NODE_10_length_119666_cov_44.241871	99.88		True
CONTIG	NODE_10_length_119666_cov_44.241871	119666	correct
1869365	1985599	115769	1	NC_002945.4	NODE_11_length_115769_cov_43.754700	99.58		True
CONTIG	NODE_11_length_115769_cov_43.754700	115769	correct
3984646	4000631	1	15986	NC_002945.4	NODE_12_length_112635_cov_42.570297	99.99		True
fake: scaffold gap size wrong estimation (local)
4000854	4097403	16087	112635	NC_002945.4	NODE_12_length_112635_cov_42.570297	99.99		True
CONTIG	NODE_12_length_112635_cov_42.570297	112635	correct
3343594	3442410	1	98885	NC_002945.4	NODE_13_length_98885_cov_45.261255	99.92		True
CONTIG	NODE_13_length_98885_cov_45.261255	98885	correct
4097387	4193715	1	96329	NC_002945.4	NODE_14_length_96329_cov_44.726212	99.99		True
CONTIG	NODE_14_length_96329_cov_44.726212	96329	correct
1779460	1869346	89890	4	NC_002945.4	NODE_15_length_89890_cov_41.605082	99.99		True
CONTIG	NODE_15_length_89890_cov_41.605082	89890	correct
2083596	2140714	57139	21	NC_002945.4	NODE_16_length_84020_cov_44.317440	99.99		True
local misassembly
2057038	2083604	83844	57278	NC_002945.4	NODE_16_length_84020_cov_44.317440	99.98		True
CONTIG	NODE_16_length_84020_cov_44.317440	84020	correct
3897145	3979611	1	82440	NC_002945.4	NODE_17_length_82440_cov_44.310886	99.96		True
CONTIG	NODE_17_length_82440_cov_44.310886	82440	correct
1492014	1573663	81650	1	NC_002945.4	NODE_18_length_81836_cov_46.201275	99.93		True
CONTIG	NODE_18_length_81836_cov_46.201275	81836	correct
2693912	2772971	79185	127	NC_002945.4	NODE_19_length_79185_cov_43.265691	99.99		True
CONTIG	NODE_19_length_79185_cov_43.265691	79185	correct
3124629	3193870	69188	1	NC_002945.4	NODE_20_length_69188_cov_44.112669	99.91		True
CONTIG	NODE_20_length_69188_cov_44.112669	69188	correct
1096985	1165170	1	68186	NC_002945.4	NODE_21_length_68186_cov_43.451858	99.99		True
CONTIG	NODE_21_length_68186_cov_43.451858	68186	correct
2852103	2916393	64291	1	NC_002945.4	NODE_22_length_64291_cov_42.022209	99.98		True
CONTIG	NODE_22_length_64291_cov_42.022209	64291	correct
4194926	4259153	1	64228	NC_002945.4	NODE_23_length_64228_cov_46.278498	99.98		True
CONTIG	NODE_23_length_64228_cov_46.278498	64228	correct
1280097	1342059	62025	1	NC_002945.4	NODE_24_length_62025_cov_45.493586	99.89		True
CONTIG	NODE_24_length_62025_cov_45.493586	62025	correct
1574011	1633158	59142	60	NC_002945.4	NODE_25_length_59142_cov_41.896399	99.87		True
CONTIG	NODE_25_length_59142_cov_41.896399	59142	correct
1219758	1278412	259	58913	NC_002945.4	NODE_26_length_58913_cov_44.412054	99.99		True
CONTIG	NODE_26_length_58913_cov_44.412054	58913	correct
3777400	3835785	1	58318	NC_002945.4	NODE_27_length_58318_cov_44.334691	99.87		True
CONTIG	NODE_27_length_58318_cov_44.334691	58318	correct
1413935	1470724	56733	1	NC_002945.4	NODE_28_length_56733_cov_45.763594	99.89		True
CONTIG	NODE_28_length_56733_cov_45.763594	56733	correct
2611729	2665719	54107	63	NC_002945.4	NODE_29_length_54201_cov_42.369623	99.88		True
CONTIG	NODE_29_length_54201_cov_42.369623	54201	correct
2801012	2851926	51038	124	NC_002945.4	NODE_30_length_51038_cov_44.705486	99.99		True
CONTIG	NODE_30_length_51038_cov_44.705486	51038	correct
2141156	2158516	1	17361	NC_002945.4	NODE_31_length_50126_cov_45.717454	99.96		True
local misassembly
2158655	2159088	17362	17795	NC_002945.4	NODE_31_length_50126_cov_45.717454	100.0		True
fake: scaffold gap size wrong estimation (local)
2160645	2160846	19158	19359	NC_002945.4	NODE_31_length_50126_cov_45.717454	100.0		True
fake: scaffold gap size wrong estimation (local)
2160997	2192094	19460	50126	NC_002945.4	NODE_31_length_50126_cov_45.717454	98.6		True
CONTIG	NODE_31_length_50126_cov_45.717454	50126	correct
842792	891078	1	48287	NC_002945.4	NODE_32_length_48287_cov_44.299543	99.99		True
CONTIG	NODE_32_length_48287_cov_44.299543	48287	correct
625507	673262	1	47756	NC_002945.4	NODE_33_length_48202_cov_43.074945	99.99		True
CONTIG	NODE_33_length_48202_cov_43.074945	48202	correct
1387040	1412955	25916	1	NC_002945.4	NODE_34_length_45212_cov_44.861927	99.98		True
relocation, inconsistency = 197187
1170557	1189848	45212	25921	NC_002945.4	NODE_34_length_45212_cov_44.861927	99.99		True
CONTIG	NODE_34_length_45212_cov_44.861927	45212	misassembled
1997173	2040646	43474	1	NC_002945.4	NODE_35_length_44068_cov_43.371475	99.98		True
local misassembly
1996408	1997001	44068	43475	NC_002945.4	NODE_35_length_44068_cov_43.371475	100.0		True
CONTIG	NODE_35_length_44068_cov_43.371475	44068	correct
3445573	3488322	42750	1	NC_002945.4	NODE_36_length_42750_cov_45.546278	99.97		True
CONTIG	NODE_36_length_42750_cov_45.546278	42750	correct
1343879	1386483	1	42610	NC_002945.4	NODE_37_length_42610_cov_43.582633	99.99		True
CONTIG	NODE_37_length_42610_cov_43.582633	42610	correct
3836888	3878179	41285	2	NC_002945.4	NODE_38_length_41285_cov_41.898926	99.96		True
CONTIG	NODE_38_length_41285_cov_41.898926	41285	correct
930620	970082	39583	1	NC_002945.4	NODE_39_length_39594_cov_44.800010	99.67		True
CONTIG	NODE_39_length_39594_cov_44.800010	39594	correct
2246100	2283745	204	37851	NC_002945.4	NODE_40_length_37851_cov_46.641130	99.95		True
CONTIG	NODE_40_length_37851_cov_46.641130	37851	correct
363916	401308	1	37393	NC_002945.4	NODE_41_length_37393_cov_42.018140	99.99		True
CONTIG	NODE_41_length_37393_cov_42.018140	37393	correct
2210167	2246087	212	36132	NC_002945.4	NODE_42_length_36132_cov_49.715901	100.0		True
CONTIG	NODE_42_length_36132_cov_49.715901	36132	correct
3737665	3758817	21461	309	NC_002945.4	NODE_43_length_34070_cov_44.332145	99.99		True
local misassembly
3724846	3737454	34070	21462	NC_002945.4	NODE_43_length_34070_cov_44.332145	99.98		True
CONTIG	NODE_43_length_34070_cov_44.332145	34070	correct
4259930	4293955	1	34024	NC_002945.4	NODE_44_length_34054_cov_45.181714	99.98		True
CONTIG	NODE_44_length_34054_cov_45.181714	34054	correct
2294650	2324482	1	29833	NC_002945.4	NODE_45_length_29833_cov_41.052784	99.99		True
CONTIG	NODE_45_length_29833_cov_41.052784	29833	correct
2343828	2371678	1	27851	NC_002945.4	NODE_46_length_27851_cov_42.577622	99.99		True
CONTIG	NODE_46_length_27851_cov_42.577622	27851	correct
105040	132650	1	27611	NC_002945.4	NODE_47_length_27788_cov_42.525758	99.98		True
CONTIG	NODE_47_length_27788_cov_42.525758	27788	correct
2666008	2693421	1	27413	NC_002945.4	NODE_48_length_27413_cov_43.654475	99.99		True
CONTIG	NODE_48_length_27413_cov_43.654475	27413	correct
306705	333298	1	26489	NC_002945.4	NODE_49_length_26584_cov_41.853914	99.6		True
CONTIG	NODE_49_length_26584_cov_41.853914	26584	correct
581820	607788	25969	1	NC_002945.4	NODE_50_length_25969_cov_44.070428	99.99		True
CONTIG	NODE_50_length_25969_cov_44.070428	25969	correct
3674358	3699898	1	25523	NC_002945.4	NODE_51_length_25648_cov_34.295286	99.93		True
CONTIG	NODE_51_length_25648_cov_34.295286	25648	correct
339034	363719	24717	119	NC_002945.4	NODE_52_length_25519_cov_39.227828	99.62		True
local misassembly
338165	338937	25490	24718	NC_002945.4	NODE_52_length_25519_cov_39.227828	100.0		True
CONTIG	NODE_52_length_25519_cov_39.227828	25519	correct
2776963	2799828	22866	1	NC_002945.4	NODE_53_length_23041_cov_45.897006	99.99		True
CONTIG	NODE_53_length_23041_cov_45.897006	23041	correct
2386668	2408706	1	22039	NC_002945.4	NODE_54_length_22039_cov_37.346157	100.0		True
CONTIG	NODE_54_length_22039_cov_37.346157	22039	correct
2423267	2444953	1	21687	NC_002945.4	NODE_55_length_21687_cov_44.101113	99.99		True
CONTIG	NODE_55_length_21687_cov_44.101113	21687	correct
1471935	1490747	1	18814	NC_002945.4	NODE_56_length_19386_cov_49.652734	99.98		True
local misassembly
1490961	1491532	18815	19386	NC_002945.4	NODE_56_length_19386_cov_49.652734	100.0		True
CONTIG	NODE_56_length_19386_cov_49.652734	19386	correct
2326308	2343742	1	17435	NC_002945.4	NODE_57_length_17435_cov_41.001444	99.99		True
CONTIG	NODE_57_length_17435_cov_41.001444	17435	correct
892165	909508	17344	1	NC_002945.4	NODE_58_length_17344_cov_43.146774	99.99		True
CONTIG	NODE_58_length_17344_cov_43.146774	17344	correct
2192685	2210024	1	17340	NC_002945.4	NODE_59_length_17340_cov_50.236101	99.99		True
CONTIG	NODE_59_length_17340_cov_50.236101	17340	correct
132664	149968	17305	1	NC_002945.4	NODE_60_length_17305_cov_47.927465	99.96		True
CONTIG	NODE_60_length_17305_cov_47.927465	17305	correct
3760107	3777383	8	17286	NC_002945.4	NODE_61_length_17286_cov_40.877965	99.97		True
CONTIG	NODE_61_length_17286_cov_40.877965	17286	correct
910050	926183	16153	20	NC_002945.4	NODE_62_length_16153_cov_47.313054	99.99		True
CONTIG	NODE_62_length_16153_cov_47.313054	16153	correct
2916851	2932753	15903	1	NC_002945.4	NODE_63_length_15903_cov_46.646678	99.96		True
CONTIG	NODE_63_length_15903_cov_46.646678	15903	correct
4294631	4310356	28	15753	NC_002945.4	NODE_64_length_15753_cov_40.558684	99.99		True
CONTIG	NODE_64_length_15753_cov_40.558684	15753	correct
3193780	3209295	15616	1	NC_002945.4	NODE_65_length_15616_cov_46.368132	100.0		True
CONTIG	NODE_65_length_15616_cov_46.368132	15616	correct
2041008	2056322	1	15315	NC_002945.4	NODE_66_length_15567_cov_45.782448	99.98		True
CONTIG	NODE_66_length_15567_cov_45.782448	15567	correct
609085	624364	15402	123	NC_002945.4	NODE_67_length_15402_cov_42.499051	99.99		True
CONTIG	NODE_67_length_15402_cov_42.499051	15402	correct
1190378	1204730	14570	218	NC_002945.4	NODE_68_length_14570_cov_41.603199	99.96		True
CONTIG	NODE_68_length_14570_cov_41.603199	14570	correct
2372436	2386761	1	14326	NC_002945.4	NODE_69_length_14326_cov_45.933657	99.98		True
CONTIG	NODE_69_length_14326_cov_45.933657	14326	correct
2409056	2422776	21	13741	NC_002945.4	NODE_70_length_13741_cov_41.625753	99.98		True
CONTIG	NODE_70_length_13741_cov_41.625753	13741	correct
3712180	3724845	12686	21	NC_002945.4	NODE_71_length_12686_cov_31.587706	99.96		True
CONTIG	NODE_71_length_12686_cov_31.587706	12686	correct
2944619	2957076	12458	1	NC_002945.4	NODE_72_length_12458_cov_41.075825	99.98		True
CONTIG	NODE_72_length_12458_cov_41.075825	12458	correct
3884660	3890278	1	5628	NC_002945.4	NODE_73_length_11989_cov_19.765891	99.79		True
local misassembly
3890969	3895303	5629	9963	NC_002945.4	NODE_73_length_11989_cov_19.765891	99.85		True
relocation, inconsistency = -13474
3881830	3882155	9964	10289	NC_002945.4	NODE_73_length_11989_cov_19.765891	100.0		True
local misassembly
3882139	3883639	10441	11989	NC_002945.4	NODE_73_length_11989_cov_19.765891	96.9		True
CONTIG	NODE_73_length_11989_cov_19.765891	11989	misassembled
3700383	3711403	11021	1	NC_002945.4	NODE_74_length_11192_cov_31.343696	99.99		True
CONTIG	NODE_74_length_11192_cov_31.343696	11192	correct
2933724	2943963	219	10458	NC_002945.4	NODE_75_length_10458_cov_43.029620	99.99		True
CONTIG	NODE_75_length_10458_cov_43.029620	10458	correct
3209296	3219354	10059	1	NC_002945.4	NODE_76_length_10059_cov_43.327628	100.0		True
CONTIG	NODE_76_length_10059_cov_43.327628	10059	correct
1204731	1213474	8919	176	NC_002945.4	NODE_77_length_8919_cov_42.995337	99.98		True
CONTIG	NODE_77_length_8919_cov_42.995337	8919	correct
2444936	2453612	1	8677	NC_002945.4	NODE_78_length_8677_cov_42.178713	100.0		True
CONTIG	NODE_78_length_8677_cov_42.178713	8677	correct
1987025	1992127	5104	1	NC_002945.4	NODE_79_length_5315_cov_43.583655	99.96		True
CONTIG	NODE_79_length_5315_cov_43.583655	5315	correct
1214750	1218428	3678	1	NC_002945.4	NODE_80_length_4638_cov_31.347373	99.97		True
local misassembly
1213934	1214774	4638	3798	NC_002945.4	NODE_80_length_4638_cov_31.347373	99.41		True
CONTIG	NODE_80_length_4638_cov_31.347373	4638	correct
3980155	3984495	1	4341	NC_002945.4	NODE_81_length_4341_cov_36.006645	100.0		True
CONTIG	NODE_81_length_4341_cov_36.006645	4341	correct
1165899	1169900	4002	1	NC_002945.4	NODE_82_length_4002_cov_42.662710	99.98		True
CONTIG	NODE_82_length_4002_cov_42.662710	4002	correct
1092982	1096461	3480	1	NC_002945.4	NODE_83_length_3480_cov_42.081718	99.97		True
CONTIG	NODE_83_length_3480_cov_42.081718	3480	correct
2284620	2287647	3028	1	NC_002945.4	NODE_84_length_3028_cov_33.143054	99.77		True
CONTIG	NODE_84_length_3028_cov_33.143054	3028	correct
2290710	2293716	1	3007	NC_002945.4	NODE_85_length_3007_cov_31.380903	100.0		True
CONTIG	NODE_85_length_3007_cov_31.380903	3007	correct
1993335	1996061	1	2727	NC_002945.4	NODE_86_length_2881_cov_45.772694	100.0		True
CONTIG	NODE_86_length_2881_cov_45.772694	2881	correct
3878211	3881088	2878	1	NC_002945.4	NODE_87_length_2878_cov_7.788804	100.0		True
CONTIG	NODE_87_length_2878_cov_7.788804	2878	correct
928327	928975	1	658	NC_002945.4	NODE_88_length_2391_cov_11.082597	98.33		True
local misassembly
928970	930459	797	2286	NC_002945.4	NODE_88_length_2391_cov_11.082597	100.0		True
local misassembly
929820	929924	2287	2391	NC_002945.4	NODE_88_length_2391_cov_11.082597	99.06		True
CONTIG	NODE_88_length_2391_cov_11.082597	2391	correct
2609387	2611609	2223	1	NC_002945.4	NODE_89_length_2223_cov_28.635973	100.0		True
CONTIG	NODE_89_length_2223_cov_28.635973	2223	correct
674749	676188	182	1621	NC_002945.4	NODE_90_length_1621_cov_5.196118	100.0		True
CONTIG	NODE_90_length_1621_cov_5.196118	1621	correct
607662	609211	1550	1	NC_002945.4	NODE_91_length_1550_cov_70.296557	99.94		True
CONTIG	NODE_91_length_1550_cov_70.296557	1550	correct
4193589	4195052	1	1464	NC_002945.4	NODE_92_length_1464_cov_104.657442	100.0		True
CONTIG	NODE_92_length_1464_cov_104.657442	1464	correct
2774132	2775594	1	1463	NC_002945.4	NODE_93_length_1463_cov_7.712575	100.0		True
CONTIG	NODE_93_length_1463_cov_7.712575	1463	correct
3443593	3445031	1	1439	NC_002945.4	NODE_94_length_1439_cov_53.349848	100.0		True
CONTIG	NODE_94_length_1439_cov_53.349848	1439	correct
336693	337944	1252	1	NC_002945.4	NODE_95_length_1384_cov_17.712013	100.0		True
CONTIG	NODE_95_length_1384_cov_17.712013	1384	correct
2324645	2325840	1196	1	NC_002945.4	NODE_96_length_1345_cov_34.569787	100.0		True
CONTIG	NODE_96_length_1345_cov_34.569787	1345	correct
890952	892291	1340	1	NC_002945.4	NODE_97_length_1340_cov_84.399835	100.0		True
CONTIG	NODE_97_length_1340_cov_84.399835	1340	correct
3339137	3340461	1325	1	NC_002945.4	NODE_98_length_1325_cov_42.034224	100.0		True
CONTIG	NODE_98_length_1325_cov_42.034224	1325	correct
3835659	3836979	1	1321	NC_002945.4	NODE_99_length_1321_cov_95.502513	99.77		True
CONTIG	NODE_99_length_1321_cov_95.502513	1321	correct
2288581	2289835	1255	1	NC_002945.4	NODE_100_length_1255_cov_44.580674	100.0		True
CONTIG	NODE_100_length_1255_cov_44.580674	1255	correct
2287521	2288707	1	1187	NC_002945.4	NODE_101_length_1187_cov_32.852830	100.0		True
CONTIG	NODE_101_length_1187_cov_32.852830	1187	correct
2283619	2284746	1	1128	NC_002945.4	NODE_102_length_1128_cov_82.130869	99.91		True
CONTIG	NODE_102_length_1128_cov_82.130869	1128	correct
839747	840862	1	1116	NC_002945.4	NODE_103_length_1116_cov_18.479272	99.91		True
CONTIG	NODE_103_length_1116_cov_18.479272	1116	correct
3711277	3712306	1	1030	NC_002945.4	NODE_104_length_1030_cov_89.590255	100.0		True
CONTIG	NODE_104_length_1030_cov_89.590255	1030	correct
1165044	1166025	1	982	NC_002945.4	NODE_105_length_982_cov_97.842105	99.9		True
CONTIG	NODE_105_length_982_cov_97.842105	982	correct
1169775	1170683	909	1	NC_002945.4	NODE_106_length_909_cov_275.537084	100.0		True
CONTIG	NODE_106_length_909_cov_275.537084	909	correct
3341521	3342410	890	1	NC_002945.4	NODE_107_length_890_cov_34.209699	100.0		True
CONTIG	NODE_107_length_890_cov_34.209699	890	correct
1633357	1634231	875	1	NC_002945.4	NODE_108_length_875_cov_5.550802	100.0		True
CONTIG	NODE_108_length_875_cov_5.550802	875	correct
1278286	1279129	844	1	NC_002945.4	NODE_109_length_844_cov_95.581590	100.0		True
CONTIG	NODE_109_length_844_cov_95.581590	844	correct
909382	910176	795	1	NC_002945.4	NODE_110_length_795_cov_97.814371	100.0		True
CONTIG	NODE_110_length_795_cov_97.814371	795	correct
2422650	2423393	1	744	NC_002945.4	NODE_111_length_744_cov_78.299838	100.0		True
CONTIG	NODE_111_length_744_cov_78.299838	744	correct
3884045	3884786	724	1	NC_002945.4	NODE_112_length_724_cov_19.664992	97.44		True
CONTIG	NODE_112_length_724_cov_19.664992	724	correct
1985790	1986460	671	1	NC_002945.4	NODE_113_length_678_cov_2.607985	100.0		True
CONTIG	NODE_113_length_678_cov_2.607985	678	correct
3340552	3341186	635	1	NC_002945.4	NODE_114_length_635_cov_30.529528	100.0		True
CONTIG	NODE_114_length_635_cov_30.529528	635	correct
1342064	1342697	634	1	NC_002945.4	NODE_115_length_634_cov_66.390533	100.0		True
CONTIG	NODE_115_length_634_cov_66.390533	634	correct
3883513	3883985	1	473	NC_002945.4	NODE_116_length_592_cov_6.591398	100.0		True
local misassembly
3883521	3883639	474	592	NC_002945.4	NODE_116_length_592_cov_6.591398	100.0		True
CONTIG	NODE_116_length_592_cov_6.591398	592	correct
3341060	3341647	588	1	NC_002945.4	NODE_117_length_588_cov_67.544469	100.0		True
CONTIG	NODE_117_length_588_cov_67.544469	588	correct
4294083	4294528	1	446	NC_002945.4	NODE_118_length_564_cov_4.588101	100.0		True
local misassembly
4295249	4295366	447	564	NC_002945.4	NODE_118_length_564_cov_4.588101	100.0		True
CONTIG	NODE_118_length_564_cov_4.588101	564	correct
3759392	3759761	1	370	NC_002945.4	NODE_119_length_562_cov_1.680460	100.0		True
indel: indel (> 5bp)
3759843	3760034	371	562	NC_002945.4	NODE_119_length_562_cov_1.680460	100.0		True
CONTIG	NODE_119_length_562_cov_1.680460	562	correct
2773487	2774036	550	1	NC_002945.4	NODE_120_length_550_cov_6.153664	100.0		True
CONTIG	NODE_120_length_550_cov_6.153664	550	correct
841736	842098	363	1	NC_002945.4	NODE_121_length_543_cov_1.168269	99.72		True
CONTIG	NODE_121_length_543_cov_1.168269	543	correct
1573677	1573987	311	1	NC_002945.4	NODE_122_length_533_cov_0.642857	100.0		True
CONTIG	NODE_122_length_533_cov_0.642857	533	correct
674135	674648	514	1	NC_002945.4	NODE_123_length_525_cov_4.464824	100.0		True
CONTIG	NODE_123_length_525_cov_4.464824	525	correct
