S1	E1	S2	E2	Reference	Contig	IDY	Ambiguous	Best_group
2444879	2665719	1	220899	NC_002945.4	NODE_1_length_220939_cov_48.824203	99.96		True
CONTIG	NODE_1_length_220939_cov_48.824203	220939	correct
402605	607788	1	204915	NC_002945.4	NODE_2_length_204915_cov_48.500806	99.86		True
CONTIG	NODE_2_length_204915_cov_48.500806	204915	correct
3510801	3673271	162360	1	NC_002945.4	NODE_3_length_162486_cov_49.145671	99.92		True
CONTIG	NODE_3_length_162486_cov_49.145671	162486	correct
824601	838029	13490	62	NC_002945.4	NODE_4_length_162434_cov_48.773325	99.98		True
local misassembly
676561	824045	160976	13491	NC_002945.4	NODE_4_length_162434_cov_48.773325	99.99		True
local misassembly
675195	675807	161589	160977	NC_002945.4	NODE_4_length_162434_cov_48.773325	100.0		True
local misassembly
673480	673989	162434	161925	NC_002945.4	NODE_4_length_162434_cov_48.773325	99.8		True
CONTIG	NODE_4_length_162434_cov_48.773325	162434	correct
930732	970147	109	39644	NC_002945.4	NODE_5_length_160046_cov_48.946542	99.67		True
local misassembly
970286	1009472	39645	78830	NC_002945.4	NODE_5_length_160046_cov_48.946542	99.98		True
relocation, inconsistency = 1457
1010930	1092131	78831	160035	NC_002945.4	NODE_5_length_160046_cov_48.946542	99.99		True
CONTIG	NODE_5_length_160046_cov_48.946542	160046	misassembled
150052	306702	156624	1	NC_002945.4	NODE_6_length_156624_cov_48.838578	99.97		True
CONTIG	NODE_6_length_156624_cov_48.838578	156624	correct
30083	103918	73849	1	NC_002945.4	NODE_7_length_143820_cov_49.421433	99.96		True
local misassembly
1	29469	103319	73851	NC_002945.4	NODE_7_length_143820_cov_49.421433	99.99		True
fake: not a misassembly [linear representation of circular genome]
4309403	4349904	143820	103320	NC_002945.4	NODE_7_length_143820_cov_49.421433	99.99		True
CONTIG	NODE_7_length_143820_cov_49.421433	143820	correct
2944619	3081542	136867	1	NC_002945.4	NODE_8_length_136867_cov_47.739674	99.8		True
CONTIG	NODE_8_length_136867_cov_47.739674	136867	correct
1854199	1985490	326	131151	NC_002945.4	NODE_9_length_131726_cov_46.858624	99.63		True
CONTIG	NODE_9_length_131726_cov_46.858624	131726	correct
1638889	1769053	130255	93	NC_002945.4	NODE_10_length_130255_cov_50.403533	99.99		True
CONTIG	NODE_10_length_130255_cov_50.403533	130255	correct
3082645	3193870	110438	1	NC_002945.4	NODE_11_length_110438_cov_48.180580	99.26		True
CONTIG	NODE_11_length_110438_cov_48.180580	110438	correct
336609	340108	1	3488	NC_002945.4	NODE_12_length_108734_cov_47.985756	95.36		True
relocation, inconsistency = -5642
334467	335289	3489	4311	NC_002945.4	NODE_12_length_108734_cov_47.985756	99.61		True
relocation, inconsistency = 1721339
2056629	2056887	4312	4570	NC_002945.4	NODE_12_length_108734_cov_47.985756	100.0		True
local misassembly
2057038	2083604	4571	31137	NC_002945.4	NODE_12_length_108734_cov_47.985756	99.98		True
local misassembly
2083596	2160846	31276	108025	NC_002945.4	NODE_12_length_108734_cov_47.985756	99.34		True
fake: scaffold gap size wrong estimation (local)
2160997	2161605	108126	108734	NC_002945.4	NODE_12_length_108734_cov_47.985756	99.84		True
CONTIG	NODE_12_length_108734_cov_47.985756	108734	misassembled
3343594	3442410	98885	1	NC_002945.4	NODE_13_length_98885_cov_49.680046	99.92		True
CONTIG	NODE_13_length_98885_cov_49.680046	98885	correct
4097330	4193715	96386	1	NC_002945.4	NODE_14_length_96386_cov_50.091327	99.99		True
CONTIG	NODE_14_length_96386_cov_50.091327	96386	correct
3897531	3980049	82519	1	NC_002945.4	NODE_15_length_82630_cov_49.468880	99.99		True
CONTIG	NODE_15_length_82630_cov_49.468880	82630	correct
1491980	1573904	89	82013	NC_002945.4	NODE_16_length_82265_cov_50.695999	99.93		True
CONTIG	NODE_16_length_82265_cov_50.695999	82265	correct
2693912	2773148	79366	131	NC_002945.4	NODE_17_length_79366_cov_47.433171	99.98		True
CONTIG	NODE_17_length_79366_cov_47.433171	79366	correct
1779460	1853840	1	74381	NC_002945.4	NODE_18_length_74381_cov_49.232701	99.99		True
CONTIG	NODE_18_length_74381_cov_49.232701	74381	correct
1096919	1165170	1	68241	NC_002945.4	NODE_19_length_68241_cov_49.306413	99.97		True
CONTIG	NODE_19_length_68241_cov_49.306413	68241	correct
3297493	3338802	41479	1	NC_002945.4	NODE_20_length_67084_cov_48.423884	99.81		True
indel: stretch of mismatches
3271888	3297478	67084	41494	NC_002945.4	NODE_20_length_67084_cov_48.423884	99.99		True
CONTIG	NODE_20_length_67084_cov_48.423884	67084	correct
2852097	2916393	64296	1	NC_002945.4	NODE_21_length_64296_cov_47.043572	99.98		True
CONTIG	NODE_21_length_64296_cov_47.043572	64296	correct
4194926	4259153	64228	1	NC_002945.4	NODE_22_length_64228_cov_50.795479	99.99		True
CONTIG	NODE_22_length_64228_cov_50.795479	64228	correct
1280097	1343223	63189	1	NC_002945.4	NODE_23_length_63189_cov_51.967381	99.89		True
CONTIG	NODE_23_length_63189_cov_51.967381	63189	correct
4035845	4097346	61501	1	NC_002945.4	NODE_24_length_61501_cov_46.960146	99.99		True
CONTIG	NODE_24_length_61501_cov_46.960146	61501	correct
1219468	1278412	171	59115	NC_002945.4	NODE_25_length_59115_cov_48.792466	99.99		True
CONTIG	NODE_25_length_59115_cov_48.792466	59115	correct
3777400	3835785	58318	1	NC_002945.4	NODE_26_length_58318_cov_49.780361	99.87		True
CONTIG	NODE_26_length_58318_cov_49.780361	58318	correct
1413935	1470724	1	56733	NC_002945.4	NODE_27_length_56733_cov_49.515634	99.89		True
CONTIG	NODE_27_length_56733_cov_49.515634	56733	correct
3980181	4000631	173	20623	NC_002945.4	NODE_28_length_55692_cov_48.906254	100.0		True
fake: scaffold gap size wrong estimation (local)
4000854	4035717	20724	55587	NC_002945.4	NODE_28_length_55692_cov_48.906254	99.97		True
CONTIG	NODE_28_length_55692_cov_48.906254	55692	correct
3219429	3271887	52516	1	NC_002945.4	NODE_29_length_52516_cov_49.900671	99.88		True
CONTIG	NODE_29_length_52516_cov_49.900671	52516	correct
1574070	1623829	49955	196	NC_002945.4	NODE_30_length_51796_cov_47.686156	99.95		True
relocation, inconsistency = 479753
1092496	1094316	51776	49956	NC_002945.4	NODE_30_length_51796_cov_47.686156	99.85		True
CONTIG	NODE_30_length_51796_cov_47.686156	51796	misassembled
2801012	2852056	1	51045	NC_002945.4	NODE_31_length_51045_cov_48.647256	99.99		True
CONTIG	NODE_31_length_51045_cov_48.647256	51045	correct
842559	891078	48520	1	NC_002945.4	NODE_32_length_48520_cov_48.467568	99.99		True
CONTIG	NODE_32_length_48520_cov_48.467568	48520	correct
625566	673421	181	48036	NC_002945.4	NODE_33_length_48036_cov_47.554092	99.99		True
CONTIG	NODE_33_length_48036_cov_47.554092	48036	correct
3445573	3490468	44896	1	NC_002945.4	NODE_34_length_44896_cov_49.107775	99.98		True
CONTIG	NODE_34_length_44896_cov_49.107775	44896	correct
1996156	2040922	1	44767	NC_002945.4	NODE_35_length_44767_cov_46.081071	99.98		True
CONTIG	NODE_35_length_44767_cov_46.081071	44767	correct
3836888	3880421	43540	60	NC_002945.4	NODE_36_length_43540_cov_45.739156	99.86		True
CONTIG	NODE_36_length_43540_cov_45.739156	43540	correct
1343879	1386471	1	42598	NC_002945.4	NODE_37_length_42986_cov_47.973961	99.99		True
CONTIG	NODE_37_length_42986_cov_47.973961	42986	correct
1190085	1213474	23567	178	NC_002945.4	NODE_38_length_42338_cov_46.507996	99.97		True
local misassembly
1171083	1189853	42338	23568	NC_002945.4	NODE_38_length_42338_cov_46.507996	99.99		True
CONTIG	NODE_38_length_42338_cov_46.507996	42338	correct
2246092	2283745	94	37749	NC_002945.4	NODE_39_length_37749_cov_50.256472	99.95		True
CONTIG	NODE_39_length_37749_cov_50.256472	37749	correct
363949	401308	37360	1	NC_002945.4	NODE_40_length_37435_cov_47.037257	99.99		True
CONTIG	NODE_40_length_37435_cov_47.037257	37435	correct
2372369	2408615	214	36402	NC_002945.4	NODE_41_length_36402_cov_44.578057	99.83		True
CONTIG	NODE_41_length_36402_cov_44.578057	36402	correct
2210167	2246088	277	36198	NC_002945.4	NODE_42_length_36198_cov_53.226248	100.0		True
CONTIG	NODE_42_length_36198_cov_53.226248	36198	correct
4259930	4293950	34236	218	NC_002945.4	NODE_43_length_34236_cov_48.091765	99.99		True
CONTIG	NODE_43_length_34236_cov_48.091765	34236	correct
3737665	3758842	21264	87	NC_002945.4	NODE_44_length_33873_cov_48.733805	100.0		True
local misassembly
3724846	3737454	33873	21265	NC_002945.4	NODE_44_length_33873_cov_48.733805	99.98		True
CONTIG	NODE_44_length_33873_cov_48.733805	33873	correct
2161870	2192094	1	30226	NC_002945.4	NODE_45_length_30226_cov_49.697698	99.99		True
CONTIG	NODE_45_length_30226_cov_49.697698	30226	correct
2294650	2324497	29848	1	NC_002945.4	NODE_46_length_29848_cov_47.112143	99.99		True
CONTIG	NODE_46_length_29848_cov_47.112143	29848	correct
2343904	2372355	28452	1	NC_002945.4	NODE_47_length_28718_cov_47.337134	99.96		True
CONTIG	NODE_47_length_28718_cov_47.337134	28718	correct
2665974	2693421	27447	1	NC_002945.4	NODE_48_length_27628_cov_49.878477	99.98		True
CONTIG	NODE_48_length_27628_cov_49.878477	27628	correct
105040	131913	1	26874	NC_002945.4	NODE_49_length_26985_cov_47.983618	99.98		True
CONTIG	NODE_49_length_26985_cov_47.983618	26985	correct
306710	333298	1	26484	NC_002945.4	NODE_50_length_26725_cov_48.204188	99.6		True
CONTIG	NODE_50_length_26725_cov_48.204188	26725	correct
3674358	3700209	1	25834	NC_002945.4	NODE_51_length_25834_cov_37.513012	99.84		True
CONTIG	NODE_51_length_25834_cov_37.513012	25834	correct
1387342	1412955	136	25749	NC_002945.4	NODE_52_length_25749_cov_47.375342	99.98		True
CONTIG	NODE_52_length_25749_cov_47.375342	25749	correct
339719	362774	23236	181	NC_002945.4	NODE_53_length_23236_cov_46.848327	99.97		True
CONTIG	NODE_53_length_23236_cov_46.848327	23236	correct
2423267	2444896	1	21630	NC_002945.4	NODE_54_length_21630_cov_49.010975	99.99		True
CONTIG	NODE_54_length_21630_cov_49.010975	21630	correct
3490524	3510803	20410	128	NC_002945.4	NODE_55_length_20410_cov_48.403786	99.97		True
CONTIG	NODE_55_length_20410_cov_48.403786	20410	correct
1471935	1490731	1	18798	NC_002945.4	NODE_56_length_18798_cov_53.817632	99.98		True
CONTIG	NODE_56_length_18798_cov_53.817632	18798	correct
3759654	3777383	17732	1	NC_002945.4	NODE_57_length_17742_cov_46.098836	99.9		True
CONTIG	NODE_57_length_17742_cov_46.098836	17742	correct
2326364	2343792	17429	1	NC_002945.4	NODE_58_length_17547_cov_44.855224	99.99		True
CONTIG	NODE_58_length_17547_cov_44.855224	17547	correct
2192685	2209982	17439	142	NC_002945.4	NODE_59_length_17439_cov_54.132914	99.99		True
CONTIG	NODE_59_length_17439_cov_54.132914	17439	correct
892165	909508	17344	1	NC_002945.4	NODE_60_length_17344_cov_49.267352	99.99		True
CONTIG	NODE_60_length_17344_cov_49.267352	17344	correct
132727	149986	17260	1	NC_002945.4	NODE_61_length_17260_cov_52.147026	99.97		True
CONTIG	NODE_61_length_17260_cov_52.147026	17260	correct
2776902	2793840	191	17129	NC_002945.4	NODE_62_length_17129_cov_51.413951	99.99		True
CONTIG	NODE_62_length_17129_cov_51.413951	17129	correct
910050	926206	1	16157	NC_002945.4	NODE_63_length_16157_cov_52.866625	99.99		True
CONTIG	NODE_63_length_16157_cov_52.866625	16157	correct
2916851	2932866	1	16016	NC_002945.4	NODE_64_length_16016_cov_52.875637	99.97		True
CONTIG	NODE_64_length_16016_cov_52.875637	16016	correct
3193780	3209296	15617	1	NC_002945.4	NODE_65_length_15617_cov_48.830148	100.0		True
CONTIG	NODE_65_length_15617_cov_48.830148	15617	correct
2041011	2056483	1	15473	NC_002945.4	NODE_66_length_15473_cov_51.747035	99.96		True
CONTIG	NODE_66_length_15473_cov_51.747035	15473	correct
609085	624364	1	15280	NC_002945.4	NODE_67_length_15333_cov_48.614034	99.97		True
CONTIG	NODE_67_length_15333_cov_48.614034	15333	correct
4294614	4309320	1	14707	NC_002945.4	NODE_68_length_14940_cov_45.788294	99.99		True
CONTIG	NODE_68_length_14940_cov_45.788294	14940	correct
2409215	2422776	13562	1	NC_002945.4	NODE_69_length_13833_cov_46.047060	99.97		True
CONTIG	NODE_69_length_13833_cov_46.047060	13833	correct
3712180	3724845	12693	28	NC_002945.4	NODE_70_length_12693_cov_36.018463	99.96		True
CONTIG	NODE_70_length_12693_cov_36.018463	12693	correct
3890969	3895447	4487	9	NC_002945.4	NODE_71_length_12576_cov_23.791871	99.9		True
local misassembly
3884643	3890278	10132	4488	NC_002945.4	NODE_71_length_12576_cov_23.791871	99.79		True
local misassembly
3882139	3884027	12069	10133	NC_002945.4	NODE_71_length_12576_cov_23.791871	97.69		True
local misassembly
3881804	3882155	12572	12221	NC_002945.4	NODE_71_length_12576_cov_23.791871	100.0		True
CONTIG	NODE_71_length_12576_cov_23.791871	12576	correct
3700306	3711403	1	11098	NC_002945.4	NODE_72_length_11098_cov_36.537235	100.0		True
CONTIG	NODE_72_length_11098_cov_36.537235	11098	correct
2933603	2943963	10361	1	NC_002945.4	NODE_73_length_10361_cov_48.449775	99.99		True
CONTIG	NODE_73_length_10361_cov_48.449775	10361	correct
3209318	3219347	10030	1	NC_002945.4	NODE_74_length_10088_cov_48.144363	100.0		True
CONTIG	NODE_74_length_10088_cov_48.144363	10088	correct
1633544	1634224	681	1	NC_002945.4	NODE_75_length_10072_cov_39.531322	100.0		True
local misassembly
1623844	1633291	10072	682	NC_002945.4	NODE_75_length_10072_cov_39.531322	99.36		True
CONTIG	NODE_75_length_10072_cov_39.531322	10072	correct
2793822	2799828	6007	1	NC_002945.4	NODE_76_length_6007_cov_45.381293	99.98		True
CONTIG	NODE_76_length_6007_cov_45.381293	6007	correct
1986969	1992127	1	5160	NC_002945.4	NODE_77_length_5160_cov_49.079475	99.98		True
CONTIG	NODE_77_length_5160_cov_49.079475	5160	correct
1214750	1218484	3735	1	NC_002945.4	NODE_78_length_4759_cov_35.145509	99.97		True
local misassembly
1213896	1214774	4733	3855	NC_002945.4	NODE_78_length_4759_cov_35.145509	99.66		True
CONTIG	NODE_78_length_4759_cov_35.145509	4759	correct
1165899	1169900	1	4002	NC_002945.4	NODE_79_length_4002_cov_48.322839	99.98		True
CONTIG	NODE_79_length_4002_cov_48.322839	4002	correct
1635657	1638240	1	2533	NC_002945.4	NODE_80_length_3082_cov_26.120135	98.03		True
local misassembly
1638385	1638821	2534	2970	NC_002945.4	NODE_80_length_3082_cov_26.120135	100.0		True
CONTIG	NODE_80_length_3082_cov_26.120135	3082	correct
1993335	1996181	3030	184	NC_002945.4	NODE_81_length_3030_cov_51.477093	99.89		True
CONTIG	NODE_81_length_3030_cov_51.477093	3030	correct
2284620	2287647	3028	1	NC_002945.4	NODE_82_length_3028_cov_34.308859	99.77		True
CONTIG	NODE_82_length_3028_cov_34.308859	3028	correct
2290710	2293716	3007	1	NC_002945.4	NODE_83_length_3007_cov_35.869097	100.0		True
CONTIG	NODE_83_length_3007_cov_35.869097	3007	correct
928970	930628	1659	1	NC_002945.4	NODE_84_length_1860_cov_7.983843	100.0		True
CONTIG	NODE_84_length_1860_cov_7.983843	1860	correct
1094890	1096461	1	1572	NC_002945.4	NODE_85_length_1572_cov_37.665744	100.0		True
CONTIG	NODE_85_length_1572_cov_37.665744	1572	correct
401182	402731	1550	1	NC_002945.4	NODE_86_length_1550_cov_76.744905	99.94		True
CONTIG	NODE_86_length_1550_cov_76.744905	1550	correct
4193589	4195052	1464	1	NC_002945.4	NODE_87_length_1464_cov_111.385939	100.0		True
CONTIG	NODE_87_length_1464_cov_111.385939	1464	correct
2774198	2775505	1463	156	NC_002945.4	NODE_88_length_1463_cov_8.560629	100.0		True
CONTIG	NODE_88_length_1463_cov_8.560629	1463	correct
3443593	3445031	1439	1	NC_002945.4	NODE_89_length_1439_cov_60.016768	100.0		True
CONTIG	NODE_89_length_1439_cov_60.016768	1439	correct
3081416	3082771	1356	1	NC_002945.4	NODE_90_length_1356_cov_118.113100	100.0		True
CONTIG	NODE_90_length_1356_cov_118.113100	1356	correct
3673145	3674484	1340	1	NC_002945.4	NODE_91_length_1340_cov_101.370157	100.0		True
CONTIG	NODE_91_length_1340_cov_101.370157	1340	correct
2324555	2325833	1279	1	NC_002945.4	NODE_92_length_1335_cov_37.294702	100.0		True
CONTIG	NODE_92_length_1335_cov_37.294702	1335	correct
3339137	3340461	1325	1	NC_002945.4	NODE_93_length_1325_cov_50.093489	100.0		True
CONTIG	NODE_93_length_1325_cov_50.093489	1325	correct
3835659	3836979	1	1321	NC_002945.4	NODE_94_length_1321_cov_107.408710	99.7		True
CONTIG	NODE_94_length_1321_cov_107.408710	1321	correct
2288581	2289835	1255	1	NC_002945.4	NODE_95_length_1255_cov_48.705674	100.0		True
CONTIG	NODE_95_length_1255_cov_48.705674	1255	correct
2287521	2288707	1187	1	NC_002945.4	NODE_96_length_1187_cov_39.041509	100.0		True
CONTIG	NODE_96_length_1187_cov_39.041509	1187	correct
839662	840807	1146	1	NC_002945.4	NODE_97_length_1146_cov_15.679097	100.0		True
CONTIG	NODE_97_length_1146_cov_15.679097	1146	correct
2289709	2290836	1128	1	NC_002945.4	NODE_98_length_1128_cov_98.184815	99.91		True
CONTIG	NODE_98_length_1128_cov_98.184815	1128	correct
3711277	3712306	1030	1	NC_002945.4	NODE_99_length_1030_cov_98.664452	100.0		True
CONTIG	NODE_99_length_1030_cov_98.664452	1030	correct
1165044	1166025	1	982	NC_002945.4	NODE_100_length_982_cov_104.652632	99.9		True
CONTIG	NODE_100_length_982_cov_104.652632	982	correct
362856	363814	959	1	NC_002945.4	NODE_101_length_959_cov_3.927885	100.0		True
CONTIG	NODE_101_length_959_cov_3.927885	959	correct
3442285	3443193	909	1	NC_002945.4	NODE_102_length_909_cov_316.638107	100.0		True
CONTIG	NODE_102_length_909_cov_316.638107	909	correct
3341521	3342410	890	1	NC_002945.4	NODE_103_length_890_cov_40.727392	100.0		True
CONTIG	NODE_103_length_890_cov_40.727392	890	correct
1278286	1279129	1	844	NC_002945.4	NODE_104_length_844_cov_84.542538	100.0		True
CONTIG	NODE_104_length_844_cov_84.542538	844	correct
3444905	3445699	1	795	NC_002945.4	NODE_105_length_795_cov_104.152695	100.0		True
CONTIG	NODE_105_length_795_cov_104.152695	795	correct
841599	842207	7	615	NC_002945.4	NODE_106_length_789_cov_1.484894	99.34		True
CONTIG	NODE_106_length_789_cov_1.484894	789	correct
335766	336373	608	1	NC_002945.4	NODE_107_length_757_cov_10.776190	100.0		True
local misassembly
336247	336395	757	609	NC_002945.4	NODE_107_length_757_cov_10.776190	100.0		True
CONTIG	NODE_107_length_757_cov_10.776190	757	correct
2422650	2423393	1	744	NC_002945.4	NODE_108_length_744_cov_90.614263	100.0		True
CONTIG	NODE_108_length_744_cov_90.614263	744	correct
2916267	2916977	1	711	NC_002945.4	NODE_109_length_711_cov_68.955479	100.0		True
CONTIG	NODE_109_length_711_cov_68.955479	711	correct
CONTIG	NODE_110_length_690_cov_1.344583	690	unaligned
2773509	2774153	645	1	NC_002945.4	NODE_111_length_645_cov_3.764479	100.0		True
CONTIG	NODE_111_length_645_cov_3.764479	645	correct
3340552	3341186	1	635	NC_002945.4	NODE_112_length_635_cov_36.616142	100.0		True
CONTIG	NODE_112_length_635_cov_36.616142	635	correct
3341060	3341647	588	1	NC_002945.4	NODE_113_length_588_cov_78.698482	100.0		True
CONTIG	NODE_113_length_588_cov_78.698482	588	correct
CONTIG	NODE_114_length_552_cov_1.030588	552	unaligned
CONTIG	NODE_115_length_521_cov_1.065990	521	unaligned
132028	132387	1	360	NC_002945.4	NODE_116_length_518_cov_1.365729	100.0		True
CONTIG	NODE_116_length_518_cov_1.365729	518	correct
