S1	E1	S2	E2	Reference	Contig	IDY	Ambiguous	Best_group
3124829	3193906	69044	21	NC_002945.4	NODE_1_length_235872_cov_47.182082	99.91		True
local misassembly
2957039	3124555	235872	69045	NC_002945.4	NODE_1_length_235872_cov_47.182082	99.45		True
CONTIG	NODE_1_length_235872_cov_47.182082	235872	correct
3445573	3673271	1	227591	NC_002945.4	NODE_2_length_227591_cov_48.314379	99.93		True
CONTIG	NODE_2_length_227591_cov_48.314379	227591	correct
2453752	2665719	212061	42	NC_002945.4	NODE_3_length_212181_cov_46.866836	99.96		True
CONTIG	NODE_3_length_212181_cov_46.866836	212181	correct
402605	607788	1	204915	NC_002945.4	NODE_4_length_204915_cov_47.964309	99.86		True
CONTIG	NODE_4_length_204915_cov_47.964309	204915	correct
824601	838029	13615	187	NC_002945.4	NODE_5_length_161074_cov_47.211647	99.98		True
local misassembly
676588	824045	161074	13616	NC_002945.4	NODE_5_length_161074_cov_47.211647	99.99		True
CONTIG	NODE_5_length_161074_cov_47.211647	161074	correct
150065	306666	156575	1	NC_002945.4	NODE_6_length_156687_cov_46.236101	99.97		True
CONTIG	NODE_6_length_156687_cov_46.236101	156687	correct
1854051	1985585	131144	1	NC_002945.4	NODE_7_length_131366_cov_45.670525	99.69		True
CONTIG	NODE_7_length_131366_cov_45.670525	131366	correct
1638858	1769053	130287	93	NC_002945.4	NODE_8_length_130287_cov_50.203542	99.99		True
CONTIG	NODE_8_length_130287_cov_50.203542	130287	correct
970257	1009472	209	39423	NC_002945.4	NODE_9_length_119902_cov_47.432302	99.98		True
relocation, inconsistency = 1457
1010930	1091276	39424	119773	NC_002945.4	NODE_9_length_119902_cov_47.432302	99.99		True
CONTIG	NODE_9_length_119902_cov_47.432302	119902	misassembled
3297493	3338802	41479	1	NC_002945.4	NODE_10_length_119666_cov_47.549210	99.81		True
indel: stretch of mismatches
3219363	3297478	119666	41494	NC_002945.4	NODE_10_length_119666_cov_47.549210	99.92		True
CONTIG	NODE_10_length_119666_cov_47.549210	119666	correct
4000854	4097403	96549	1	NC_002945.4	NODE_11_length_112285_cov_45.819968	99.98		True
fake: scaffold gap size wrong estimation (local)
3984996	4000631	112285	96650	NC_002945.4	NODE_11_length_112285_cov_45.819968	100.0		True
CONTIG	NODE_11_length_112285_cov_45.819968	112285	correct
3343594	3442410	98885	1	NC_002945.4	NODE_12_length_98885_cov_48.142054	99.92		True
CONTIG	NODE_12_length_98885_cov_48.142054	98885	correct
30083	55523	25624	184	NC_002945.4	NODE_13_length_94738_cov_49.451533	99.98		True
local misassembly
1	29469	55094	25626	NC_002945.4	NODE_13_length_94738_cov_49.451533	99.99		True
fake: not a misassembly [linear representation of circular genome]
4310316	4349904	94682	55095	NC_002945.4	NODE_13_length_94738_cov_49.451533	99.99		True
CONTIG	NODE_13_length_94738_cov_49.451533	94738	correct
2057111	2083604	184	26677	NC_002945.4	NODE_14_length_83978_cov_47.828004	99.98		True
local misassembly
2083596	2140742	26816	83962	NC_002945.4	NODE_14_length_83978_cov_47.828004	99.99		True
CONTIG	NODE_14_length_83978_cov_47.828004	83978	correct
1386997	1470724	80	83750	NC_002945.4	NODE_15_length_83750_cov_48.876613	99.92		True
CONTIG	NODE_15_length_83750_cov_48.876613	83750	correct
3898832	3979396	1	80565	NC_002945.4	NODE_16_length_80565_cov_47.313919	99.99		True
CONTIG	NODE_16_length_80565_cov_47.313919	80565	correct
2693912	2773061	1	79149	NC_002945.4	NODE_17_length_79149_cov_45.940637	99.99		True
CONTIG	NODE_17_length_79149_cov_45.940637	79149	correct
1779460	1853568	1	74109	NC_002945.4	NODE_18_length_74185_cov_46.925126	99.99		True
CONTIG	NODE_18_length_74185_cov_46.925126	74185	correct
1096985	1165170	1	68175	NC_002945.4	NODE_19_length_68175_cov_47.314939	99.97		True
CONTIG	NODE_19_length_68175_cov_47.314939	68175	correct
2852104	2916393	64289	1	NC_002945.4	NODE_20_length_64368_cov_44.790881	99.98		True
CONTIG	NODE_20_length_64368_cov_44.790881	64368	correct
4194926	4259153	1	64228	NC_002945.4	NODE_21_length_64228_cov_50.145957	99.99		True
CONTIG	NODE_21_length_64228_cov_50.145957	64228	correct
1280097	1340762	60728	1	NC_002945.4	NODE_22_length_60728_cov_49.014340	99.89		True
CONTIG	NODE_22_length_60728_cov_49.014340	60728	correct
1219716	1278412	58697	1	NC_002945.4	NODE_23_length_58710_cov_47.359934	99.99		True
CONTIG	NODE_23_length_58710_cov_47.359934	58710	correct
3777400	3835785	58318	1	NC_002945.4	NODE_24_length_58318_cov_47.708168	99.87		True
CONTIG	NODE_24_length_58318_cov_47.708168	58318	correct
2192685	2246087	1	53403	NC_002945.4	NODE_25_length_53403_cov_53.112208	99.99		True
CONTIG	NODE_25_length_53403_cov_53.112208	53403	correct
4141988	4193715	51728	1	NC_002945.4	NODE_26_length_51728_cov_48.380981	99.98		True
CONTIG	NODE_26_length_51728_cov_48.380981	51728	correct
2801012	2852068	1	51057	NC_002945.4	NODE_27_length_51057_cov_48.605949	99.99		True
CONTIG	NODE_27_length_51057_cov_48.605949	51057	correct
1574149	1623796	49692	45	NC_002945.4	NODE_28_length_49815_cov_45.829053	99.98		True
CONTIG	NODE_28_length_49815_cov_45.829053	49815	correct
55645	103918	48284	1	NC_002945.4	NODE_29_length_48385_cov_47.695035	99.96		True
CONTIG	NODE_29_length_48385_cov_47.695035	48385	correct
842772	891078	68	48374	NC_002945.4	NODE_30_length_48374_cov_48.503223	99.99		True
CONTIG	NODE_30_length_48374_cov_48.503223	48374	correct
625468	673257	1	47790	NC_002945.4	NODE_31_length_47834_cov_46.674262	99.99		True
CONTIG	NODE_31_length_47834_cov_46.674262	47834	correct
4097387	4141989	44603	1	NC_002945.4	NODE_32_length_44603_cov_46.429513	100.0		True
CONTIG	NODE_32_length_44603_cov_46.429513	44603	correct
3836888	3881088	1	44067	NC_002945.4	NODE_33_length_44067_cov_43.469640	99.6		True
CONTIG	NODE_33_length_44067_cov_43.469640	44067	correct
1997089	2040829	43741	1	NC_002945.4	NODE_34_length_43759_cov_47.730863	99.97		True
CONTIG	NODE_34_length_43759_cov_47.730863	43759	correct
1491915	1535110	43196	1	NC_002945.4	NODE_35_length_43196_cov_51.210453	99.98		True
CONTIG	NODE_35_length_43196_cov_51.210453	43196	correct
1343879	1386639	42786	21	NC_002945.4	NODE_36_length_42786_cov_47.081765	99.99		True
CONTIG	NODE_36_length_42786_cov_47.081765	42786	correct
930668	970019	39472	1	NC_002945.4	NODE_37_length_39628_cov_46.001671	99.67		True
CONTIG	NODE_37_length_39628_cov_46.001671	39628	correct
1535942	1573931	1	37990	NC_002945.4	NODE_38_length_38011_cov_47.389874	99.99		True
CONTIG	NODE_38_length_38011_cov_47.389874	38011	correct
2246080	2283745	131	37798	NC_002945.4	NODE_39_length_37798_cov_50.711529	99.95		True
CONTIG	NODE_39_length_37798_cov_50.711529	37798	correct
363938	401308	37371	1	NC_002945.4	NODE_40_length_37404_cov_46.195214	99.99		True
CONTIG	NODE_40_length_37404_cov_46.195214	37404	correct
2372627	2408681	291	36287	NC_002945.4	NODE_41_length_36301_cov_42.571875	99.83		True
CONTIG	NODE_41_length_36301_cov_42.571875	36301	correct
1170557	1189860	1	19304	NC_002945.4	NODE_42_length_33971_cov_49.952813	99.99		True
local misassembly
1190092	1204758	19305	33971	NC_002945.4	NODE_42_length_33971_cov_49.952813	99.97		True
CONTIG	NODE_42_length_33971_cov_49.952813	33971	correct
3724846	3737454	1	12609	NC_002945.4	NODE_43_length_33971_cov_47.696490	99.98		True
local misassembly
3737665	3758851	12610	33796	NC_002945.4	NODE_43_length_33971_cov_47.696490	100.0		True
CONTIG	NODE_43_length_33971_cov_47.696490	33971	correct
2161798	2192094	30298	1	NC_002945.4	NODE_44_length_30298_cov_49.091711	99.99		True
CONTIG	NODE_44_length_30298_cov_49.091711	30298	correct
2294650	2324490	29853	13	NC_002945.4	NODE_45_length_29853_cov_44.135807	99.99		True
CONTIG	NODE_45_length_29853_cov_44.135807	29853	correct
2343827	2372028	113	28314	NC_002945.4	NODE_46_length_28441_cov_45.912376	99.99		True
CONTIG	NODE_46_length_28441_cov_45.912376	28441	correct
2666021	2693421	27400	1	NC_002945.4	NODE_47_length_27400_cov_47.120082	99.99		True
CONTIG	NODE_47_length_27400_cov_47.120082	27400	correct
105040	131924	1	26885	NC_002945.4	NODE_48_length_27036_cov_45.365305	99.98		True
CONTIG	NODE_48_length_27036_cov_45.365305	27036	correct
306751	333298	26637	195	NC_002945.4	NODE_49_length_26708_cov_46.457244	99.59		True
CONTIG	NODE_49_length_26708_cov_46.457244	26708	correct
3674358	3700296	1	25921	NC_002945.4	NODE_50_length_25921_cov_35.170233	99.91		True
CONTIG	NODE_50_length_25921_cov_35.170233	25921	correct
338720	363787	25110	130	NC_002945.4	NODE_51_length_25334_cov_42.168921	99.61		True
CONTIG	NODE_51_length_25334_cov_42.168921	25334	correct
4259930	4281667	21736	1	NC_002945.4	NODE_52_length_21736_cov_49.053450	99.98		True
CONTIG	NODE_52_length_21736_cov_49.053450	21736	correct
2423267	2444953	1	21687	NC_002945.4	NODE_53_length_21687_cov_47.902922	99.99		True
CONTIG	NODE_53_length_21687_cov_47.902922	21687	correct
2140805	2161533	20485	1	NC_002945.4	NODE_54_length_20485_cov_49.029865	98.63		True
CONTIG	NODE_54_length_20485_cov_49.029865	20485	correct
1490961	1491667	707	1	NC_002945.4	NODE_55_length_19521_cov_54.857997	100.0		True
local misassembly
1471935	1490747	19521	708	NC_002945.4	NODE_55_length_19521_cov_54.857997	99.98		True
CONTIG	NODE_55_length_19521_cov_54.857997	19521	correct
2326272	2343782	17511	1	NC_002945.4	NODE_56_length_17511_cov_43.237000	99.98		True
CONTIG	NODE_56_length_17511_cov_43.237000	17511	correct
3760004	3777383	17382	1	NC_002945.4	NODE_57_length_17382_cov_43.734164	99.96		True
CONTIG	NODE_57_length_17382_cov_43.734164	17382	correct
892165	909508	17344	1	NC_002945.4	NODE_58_length_17344_cov_46.640588	99.99		True
CONTIG	NODE_58_length_17344_cov_46.640588	17344	correct
2776959	2793835	17051	175	NC_002945.4	NODE_59_length_17130_cov_51.619538	100.0		True
CONTIG	NODE_59_length_17130_cov_51.619538	17130	correct
910050	926324	16463	189	NC_002945.4	NODE_60_length_16463_cov_50.545727	99.99		True
CONTIG	NODE_60_length_16463_cov_50.545727	16463	correct
133163	149547	1	16385	NC_002945.4	NODE_61_length_16385_cov_52.473982	99.96		True
CONTIG	NODE_61_length_16385_cov_52.473982	16385	correct
4294608	4310329	1	15722	NC_002945.4	NODE_62_length_15847_cov_43.621120	99.99		True
CONTIG	NODE_62_length_15847_cov_43.621120	15847	correct
3193780	3209297	15618	1	NC_002945.4	NODE_63_length_15618_cov_48.520560	100.0		True
CONTIG	NODE_63_length_15618_cov_48.520560	15618	correct
2040937	2056354	15418	1	NC_002945.4	NODE_64_length_15478_cov_49.591232	99.94		True
CONTIG	NODE_64_length_15478_cov_49.591232	15478	correct
2916851	2932238	1	15388	NC_002945.4	NODE_65_length_15411_cov_52.452826	99.95		True
CONTIG	NODE_65_length_15411_cov_52.452826	15411	correct
609085	624472	1	15388	NC_002945.4	NODE_66_length_15388_cov_45.135705	99.99		True
CONTIG	NODE_66_length_15388_cov_45.135705	15388	correct
2409065	2422776	13712	1	NC_002945.4	NODE_67_length_13712_cov_46.058152	99.98		True
CONTIG	NODE_67_length_13712_cov_46.058152	13712	correct
3712180	3724845	12721	56	NC_002945.4	NODE_68_length_12721_cov_31.448785	99.96		True
CONTIG	NODE_68_length_12721_cov_31.448785	12721	correct
2944619	2957076	12458	1	NC_002945.4	NODE_69_length_12458_cov_44.333063	99.98		True
CONTIG	NODE_69_length_12458_cov_44.333063	12458	correct
4281730	4293954	12225	1	NC_002945.4	NODE_70_length_12274_cov_49.470569	99.99		True
CONTIG	NODE_70_length_12274_cov_49.470569	12274	correct
3880962	3881350	1	389	NC_002945.4	NODE_71_length_11700_cov_18.987298	100.0		True
local misassembly
3881750	3882155	390	795	NC_002945.4	NODE_71_length_11700_cov_18.987298	99.75		True
local misassembly
3882139	3884027	947	2883	NC_002945.4	NODE_71_length_11700_cov_18.987298	97.69		True
local misassembly
3884643	3890278	2884	8528	NC_002945.4	NODE_71_length_11700_cov_18.987298	99.79		True
local misassembly
3890969	3893414	8529	10974	NC_002945.4	NODE_71_length_11700_cov_18.987298	99.93		True
local misassembly
3893619	3894344	10975	11700	NC_002945.4	NODE_71_length_11700_cov_18.987298	100.0		True
CONTIG	NODE_71_length_11700_cov_18.987298	11700	correct
2933872	2943963	215	10306	NC_002945.4	NODE_72_length_10306_cov_47.492386	99.99		True
CONTIG	NODE_72_length_10306_cov_47.492386	10306	correct
3209302	3219350	1	10049	NC_002945.4	NODE_73_length_10049_cov_45.863334	100.0		True
CONTIG	NODE_73_length_10049_cov_45.863334	10049	correct
1623854	1633313	9403	1	NC_002945.4	NODE_74_length_9439_cov_38.924506	99.34		True
CONTIG	NODE_74_length_9439_cov_38.924506	9439	correct
1204760	1213474	1	8715	NC_002945.4	NODE_75_length_8846_cov_44.955270	99.98		True
CONTIG	NODE_75_length_8846_cov_44.955270	8846	correct
2444936	2453612	1	8677	NC_002945.4	NODE_76_length_8677_cov_47.049708	100.0		True
CONTIG	NODE_76_length_8677_cov_47.049708	8677	correct
3703671	3711403	7733	1	NC_002945.4	NODE_77_length_7733_cov_32.747962	100.0		True
CONTIG	NODE_77_length_7733_cov_32.747962	7733	correct
2794238	2799828	5591	1	NC_002945.4	NODE_78_length_5713_cov_43.018439	99.98		True
CONTIG	NODE_78_length_5713_cov_43.018439	5713	correct
1987018	1992127	1	5111	NC_002945.4	NODE_79_length_5111_cov_46.801164	99.98		True
CONTIG	NODE_79_length_5111_cov_46.801164	5111	correct
1214750	1218395	3646	1	NC_002945.4	NODE_80_length_4620_cov_37.117294	99.92		True
local misassembly
1213920	1214774	4620	3766	NC_002945.4	NODE_80_length_4620_cov_37.117294	99.77		True
CONTIG	NODE_80_length_4620_cov_37.117294	4620	correct
3980265	3984332	1	4068	NC_002945.4	NODE_81_length_4187_cov_38.885222	100.0		True
CONTIG	NODE_81_length_4187_cov_38.885222	4187	correct
1165899	1169900	1	4002	NC_002945.4	NODE_82_length_4002_cov_50.421677	99.98		True
CONTIG	NODE_82_length_4002_cov_50.421677	4002	correct
1094398	1096461	2064	1	NC_002945.4	NODE_83_length_3669_cov_45.464992	99.95		True
inversion
1092670	1094213	2065	3608	NC_002945.4	NODE_83_length_3669_cov_45.464992	100.0		True
CONTIG	NODE_83_length_3669_cov_45.464992	3669	misassembled
3700306	3703676	1	3371	NC_002945.4	NODE_84_length_3371_cov_40.175709	100.0		True
CONTIG	NODE_84_length_3371_cov_40.175709	3371	correct
1638385	1638807	423	1	NC_002945.4	NODE_85_length_3058_cov_22.039236	99.54		True
local misassembly
1635657	1638240	3058	424	NC_002945.4	NODE_85_length_3058_cov_22.039236	98.06		True
CONTIG	NODE_85_length_3058_cov_22.039236	3058	correct
2284620	2287647	3028	1	NC_002945.4	NODE_86_length_3028_cov_38.138573	99.77		True
CONTIG	NODE_86_length_3028_cov_38.138573	3028	correct
2290710	2293716	3007	1	NC_002945.4	NODE_87_length_3007_cov_37.264931	100.0		True
CONTIG	NODE_87_length_3007_cov_37.264931	3007	correct
1993335	1995974	2774	135	NC_002945.4	NODE_88_length_2774_cov_56.015489	100.0		True
CONTIG	NODE_88_length_2774_cov_56.015489	2774	correct
928370	928975	1	615	NC_002945.4	NODE_89_length_2433_cov_13.636600	98.54		True
local misassembly
928970	930627	754	2411	NC_002945.4	NODE_89_length_2433_cov_13.636600	100.0		True
CONTIG	NODE_89_length_2433_cov_13.636600	2433	correct
401182	402731	1550	1	NC_002945.4	NODE_90_length_1550_cov_75.790583	100.0		True
CONTIG	NODE_90_length_1550_cov_75.790583	1550	correct
674732	676278	1547	1	NC_002945.4	NODE_91_length_1547_cov_8.002113	100.0		True
CONTIG	NODE_91_length_1547_cov_8.002113	1547	correct
336693	338068	121	1496	NC_002945.4	NODE_92_length_1496_cov_19.579255	100.0		True
CONTIG	NODE_92_length_1496_cov_19.579255	1496	correct
4193589	4195052	1	1464	NC_002945.4	NODE_93_length_1464_cov_107.607330	100.0		True
CONTIG	NODE_93_length_1464_cov_107.607330	1464	correct
3443593	3445031	1439	1	NC_002945.4	NODE_94_length_1439_cov_66.035061	100.0		True
CONTIG	NODE_94_length_1439_cov_66.035061	1439	correct
3897145	3898585	1	1432	NC_002945.4	NODE_95_length_1432_cov_26.863602	99.38		True
CONTIG	NODE_95_length_1432_cov_26.863602	1432	correct
2774205	2775598	1394	1	NC_002945.4	NODE_96_length_1408_cov_8.355972	100.0		True
CONTIG	NODE_96_length_1408_cov_8.355972	1408	correct
3673145	3674484	1	1340	NC_002945.4	NODE_97_length_1340_cov_93.330585	100.0		True
CONTIG	NODE_97_length_1340_cov_93.330585	1340	correct
3339137	3340461	1	1325	NC_002945.4	NODE_98_length_1325_cov_50.328047	100.0		True
CONTIG	NODE_98_length_1325_cov_50.328047	1325	correct
3835659	3836979	1	1321	NC_002945.4	NODE_99_length_1321_cov_100.928811	99.7		True
CONTIG	NODE_99_length_1321_cov_100.928811	1321	correct
2288581	2289835	1	1255	NC_002945.4	NODE_100_length_1255_cov_51.471631	100.0		True
CONTIG	NODE_100_length_1255_cov_51.471631	1255	correct
CONTIG	NODE_101_length_1244_cov_0.248881	1244	unaligned
2287521	2288707	1187	1	NC_002945.4	NODE_102_length_1187_cov_38.407547	100.0		True
CONTIG	NODE_102_length_1187_cov_38.407547	1187	correct
839640	840709	1	1070	NC_002945.4	NODE_103_length_1180_cov_16.167142	99.81		True
CONTIG	NODE_103_length_1180_cov_16.167142	1180	correct
2289709	2290836	1	1128	NC_002945.4	NODE_104_length_1128_cov_88.749251	99.91		True
CONTIG	NODE_104_length_1128_cov_88.749251	1128	correct
CONTIG	NODE_105_length_1113_cov_0.307302	1113	unaligned
1340970	1342059	1090	1	NC_002945.4	NODE_106_length_1090_cov_40.087227	99.91		True
CONTIG	NODE_106_length_1090_cov_40.087227	1090	correct
3758831	3759674	1072	225	NC_002945.4	NODE_107_length_1084_cov_1.039707	98.94		True
CONTIG	NODE_107_length_1084_cov_1.039707	1084	correct
1996341	1997030	1066	377	NC_002945.4	NODE_108_length_1066_cov_4.209798	100.0		True
CONTIG	NODE_108_length_1066_cov_4.209798	1066	correct
3711277	3712306	1030	1	NC_002945.4	NODE_109_length_1030_cov_94.116279	100.0		True
CONTIG	NODE_109_length_1030_cov_94.116279	1030	correct
2324623	2325370	748	1	NC_002945.4	NODE_110_length_1008_cov_24.871737	100.0		True
relocation, inconsistency = -843345
3167708	3167811	1008	905	NC_002945.4	NODE_110_length_1008_cov_24.871737	100.0		True
CONTIG	NODE_110_length_1008_cov_24.871737	1008	misassembled
1165044	1166025	1	982	NC_002945.4	NODE_111_length_982_cov_108.539181	99.9		True
CONTIG	NODE_111_length_982_cov_108.539181	982	correct
338173	338755	169	751	NC_002945.4	NODE_112_length_915_cov_4.228426	100.0		True
CONTIG	NODE_112_length_915_cov_4.228426	915	correct
1169775	1170683	909	1	NC_002945.4	NODE_113_length_909_cov_314.011509	100.0		True
CONTIG	NODE_113_length_909_cov_314.011509	909	correct
3341521	3342410	890	1	NC_002945.4	NODE_114_length_890_cov_38.938401	100.0		True
CONTIG	NODE_114_length_890_cov_38.938401	890	correct
CONTIG	NODE_115_length_882_cov_0.396026	882	unaligned
CONTIG	NODE_116_length_849_cov_0.164820	849	unaligned
1278286	1279129	844	1	NC_002945.4	NODE_117_length_844_cov_94.136681	100.0		True
CONTIG	NODE_117_length_844_cov_94.136681	844	correct
1091289	1092117	829	1	NC_002945.4	NODE_118_length_835_cov_1.901130	100.0		True
CONTIG	NODE_118_length_835_cov_1.901130	835	correct
CONTIG	NODE_119_length_798_cov_0.918033	798	unaligned
3444905	3445699	1	795	NC_002945.4	NODE_120_length_795_cov_107.278443	100.0		True
CONTIG	NODE_120_length_795_cov_107.278443	795	correct
2693295	2694038	1	744	NC_002945.4	NODE_121_length_744_cov_82.661264	100.0		True
CONTIG	NODE_121_length_744_cov_82.661264	744	correct
335709	336444	736	1	NC_002945.4	NODE_122_length_736_cov_7.607553	100.0		True
CONTIG	NODE_122_length_736_cov_7.607553	736	correct
CONTIG	NODE_123_length_728_cov_0.377704	728	unaligned
674152	674713	562	1	NC_002945.4	NODE_124_length_726_cov_2.948247	100.0		True
CONTIG	NODE_124_length_726_cov_2.948247	726	correct
1985769	1986470	702	1	NC_002945.4	NODE_125_length_702_cov_4.093913	99.72		True
CONTIG	NODE_125_length_702_cov_4.093913	702	correct
673511	674068	558	1	NC_002945.4	NODE_126_length_642_cov_2.594175	99.82		True
CONTIG	NODE_126_length_642_cov_2.594175	642	correct
3340552	3341186	635	1	NC_002945.4	NODE_127_length_635_cov_38.175197	100.0		True
CONTIG	NODE_127_length_635_cov_38.175197	635	correct
1342064	1342697	1	634	NC_002945.4	NODE_128_length_634_cov_59.037475	100.0		True
CONTIG	NODE_128_length_634_cov_59.037475	634	correct
CONTIG	NODE_129_length_611_cov_0.316116	611	unaligned
CONTIG	NODE_130_length_598_cov_0.878981	598	unaligned
3338676	3339263	588	1	NC_002945.4	NODE_131_length_588_cov_69.809111	100.0		True
CONTIG	NODE_131_length_588_cov_69.809111	588	correct
CONTIG	NODE_132_length_584_cov_1.396061	584	unaligned
CONTIG	NODE_133_length_578_cov_0.545455	578	unaligned
CONTIG	NODE_134_length_574_cov_0.489933	574	unaligned
2932885	2933307	423	1	NC_002945.4	NODE_135_length_560_cov_0.792148	99.05		True
CONTIG	NODE_135_length_560_cov_0.792148	560	correct
CONTIG	NODE_136_length_546_cov_0.501193	546	unaligned
2775671	2776137	467	1	NC_002945.4	NODE_137_length_542_cov_1.812048	100.0		True
local misassembly
2775887	2775961	542	468	NC_002945.4	NODE_137_length_542_cov_1.812048	100.0		True
CONTIG	NODE_137_length_542_cov_1.812048	542	correct
CONTIG	NODE_138_length_533_cov_0.472906	533	unaligned
1535045	1535408	1	364	NC_002945.4	NODE_139_length_531_cov_38.002475	96.98		True
relocation, inconsistency = 2310255
3845679	3845830	531	380	NC_002945.4	NODE_139_length_531_cov_38.002475	95.39		True
CONTIG	NODE_139_length_531_cov_38.002475	531	misassembled
CONTIG	NODE_140_length_526_cov_0.716792	526	unaligned
CONTIG	NODE_141_length_520_cov_0.366412	520	unaligned
CONTIG	NODE_142_length_520_cov_0.343511	520	unaligned
2773502	2773976	475	1	NC_002945.4	NODE_143_length_513_cov_4.971503	99.16		True
CONTIG	NODE_143_length_513_cov_4.971503	513	correct
2932306	2932814	509	1	NC_002945.4	NODE_144_length_509_cov_2.921466	100.0		True
CONTIG	NODE_144_length_509_cov_2.921466	509	correct
3898459	3898958	1	500	NC_002945.4	NODE_145_length_500_cov_92.860590	100.0		True
CONTIG	NODE_145_length_500_cov_92.860590	500	correct
