S1	E1	S2	E2	Reference	Contig	IDY	Ambiguous	Best_group
3445573	3673271	227591	1	NC_002945.4	NODE_1_length_227591_cov_43.741748	99.93		True
CONTIG	NODE_1_length_227591_cov_43.741748	227591	correct
2444879	2665743	1	220917	NC_002945.4	NODE_2_length_220917_cov_42.260664	99.96		True
CONTIG	NODE_2_length_220917_cov_42.260664	220917	correct
402605	607788	1	204915	NC_002945.4	NODE_3_length_204915_cov_42.628455	99.86		True
CONTIG	NODE_3_length_204915_cov_42.628455	204915	correct
2957039	3124582	166855	1	NC_002945.4	NODE_4_length_166855_cov_42.716928	99.45		True
CONTIG	NODE_4_length_166855_cov_42.716928	166855	correct
824601	838024	13543	120	NC_002945.4	NODE_5_length_161002_cov_43.484078	99.98		True
local misassembly
676588	824045	161002	13544	NC_002945.4	NODE_5_length_161002_cov_43.484078	99.99		True
CONTIG	NODE_5_length_161002_cov_43.484078	161002	correct
30083	103918	73849	1	NC_002945.4	NODE_6_length_158630_cov_43.724194	99.96		True
local misassembly
1	29469	103319	73851	NC_002945.4	NODE_6_length_158630_cov_43.724194	99.99		True
fake: not a misassembly [linear representation of circular genome]
4294593	4349904	158630	103320	NC_002945.4	NODE_6_length_158630_cov_43.724194	99.99		True
CONTIG	NODE_6_length_158630_cov_43.724194	158630	correct
4000854	4141973	141005	1	NC_002945.4	NODE_7_length_157145_cov_43.208785	99.91		True
local misassembly
3984793	4000742	156944	141006	NC_002945.4	NODE_7_length_157145_cov_43.208785	99.93		True
CONTIG	NODE_7_length_157145_cov_43.208785	157145	correct
1853844	1985621	131312	1	NC_002945.4	NODE_8_length_156703_cov_40.683930	99.63		True
relocation, inconsistency = -1845923
3674358	3699766	156703	131313	NC_002945.4	NODE_8_length_156703_cov_40.683930	99.93		True
CONTIG	NODE_8_length_156703_cov_40.683930	156703	misassembled
150077	306650	1	156547	NC_002945.4	NODE_9_length_156626_cov_44.158729	99.97		True
CONTIG	NODE_9_length_156626_cov_44.158729	156626	correct
1638965	1769053	130180	93	NC_002945.4	NODE_10_length_130298_cov_41.677624	99.99		True
CONTIG	NODE_10_length_130298_cov_41.677624	130298	correct
1010930	1091818	80944	53	NC_002945.4	NODE_11_length_120214_cov_43.059548	99.99		True
relocation, inconsistency = 1457
970202	1009472	120214	80945	NC_002945.4	NODE_11_length_120214_cov_43.059548	99.98		True
CONTIG	NODE_11_length_120214_cov_43.059548	120214	misassembled
3219373	3338802	15	119670	NC_002945.4	NODE_12_length_119670_cov_41.817313	99.88		True
CONTIG	NODE_12_length_119670_cov_41.817313	119670	correct
2083596	2140726	57221	91	NC_002945.4	NODE_13_length_84056_cov_42.963219	99.99		True
local misassembly
2056908	2083604	84056	57360	NC_002945.4	NODE_13_length_84056_cov_42.963219	99.98		True
CONTIG	NODE_13_length_84056_cov_42.963219	84056	correct
3897145	3979445	1	82292	NC_002945.4	NODE_14_length_82421_cov_44.147483	99.98		True
CONTIG	NODE_14_length_82421_cov_44.147483	82421	correct
1491972	1573377	52	81457	NC_002945.4	NODE_15_length_81457_cov_43.411681	99.92		True
CONTIG	NODE_15_length_81457_cov_43.411681	81457	correct
3343593	3424519	80995	1	NC_002945.4	NODE_16_length_80995_cov_43.580007	99.9		True
CONTIG	NODE_16_length_80995_cov_43.580007	80995	correct
2693912	2773039	79127	1	NC_002945.4	NODE_17_length_79127_cov_41.416747	99.99		True
CONTIG	NODE_17_length_79127_cov_41.416747	79127	correct
1779460	1853803	74344	1	NC_002945.4	NODE_18_length_74344_cov_43.321436	99.99		True
CONTIG	NODE_18_length_74344_cov_43.321436	74344	correct
3124741	3193870	69076	1	NC_002945.4	NODE_19_length_69076_cov_43.531697	99.91		True
CONTIG	NODE_19_length_69076_cov_43.531697	69076	correct
1096985	1165170	1	68175	NC_002945.4	NODE_20_length_68175_cov_43.088482	99.97		True
CONTIG	NODE_20_length_68175_cov_43.088482	68175	correct
2852121	2916695	64574	1	NC_002945.4	NODE_21_length_64758_cov_42.478099	99.98		True
CONTIG	NODE_21_length_64758_cov_42.478099	64758	correct
4194926	4259153	64228	1	NC_002945.4	NODE_22_length_64228_cov_43.708741	99.99		True
CONTIG	NODE_22_length_64228_cov_43.708741	64228	correct
1280097	1343223	63189	1	NC_002945.4	NODE_23_length_63189_cov_46.355491	99.89		True
CONTIG	NODE_23_length_63189_cov_46.355491	63189	correct
1220030	1278412	148	58530	NC_002945.4	NODE_24_length_58530_cov_42.888345	99.99		True
CONTIG	NODE_24_length_58530_cov_42.888345	58530	correct
3777400	3835785	1	58318	NC_002945.4	NODE_25_length_58318_cov_45.175354	99.87		True
CONTIG	NODE_25_length_58318_cov_45.175354	58318	correct
1413935	1470724	1	56733	NC_002945.4	NODE_26_length_56733_cov_43.453786	99.89		True
CONTIG	NODE_26_length_56733_cov_43.453786	56733	correct
4141989	4193715	1	51727	NC_002945.4	NODE_27_length_51727_cov_46.009244	99.99		True
CONTIG	NODE_27_length_51727_cov_46.009244	51727	correct
2801012	2852018	1	51007	NC_002945.4	NODE_28_length_51054_cov_43.677931	99.99		True
CONTIG	NODE_28_length_51054_cov_43.677931	51054	correct
1574039	1623828	49790	1	NC_002945.4	NODE_29_length_49822_cov_43.563759	99.98		True
CONTIG	NODE_29_length_49822_cov_43.563759	49822	correct
842470	891078	2	48571	NC_002945.4	NODE_30_length_48571_cov_42.373256	99.88		True
CONTIG	NODE_30_length_48571_cov_42.373256	48571	correct
625302	673257	47982	27	NC_002945.4	NODE_31_length_47982_cov_44.484317	99.99		True
CONTIG	NODE_31_length_47982_cov_44.484317	47982	correct
1997122	2041132	248	44258	NC_002945.4	NODE_32_length_44281_cov_40.859311	99.95		True
CONTIG	NODE_32_length_44281_cov_40.859311	44281	correct
1343879	1386565	42752	61	NC_002945.4	NODE_33_length_42752_cov_42.890956	99.99		True
CONTIG	NODE_33_length_42752_cov_42.890956	42752	correct
3836888	3878143	1	41248	NC_002945.4	NODE_34_length_41277_cov_44.381677	99.91		True
CONTIG	NODE_34_length_41277_cov_44.381677	41277	correct
930668	970113	39720	35	NC_002945.4	NODE_35_length_39919_cov_43.610223	99.38		True
CONTIG	NODE_35_length_39919_cov_43.610223	39919	correct
363927	401308	37382	1	NC_002945.4	NODE_36_length_37382_cov_40.509918	99.99		True
CONTIG	NODE_36_length_37382_cov_40.509918	37382	correct
2246369	2283745	37379	1	NC_002945.4	NODE_37_length_37379_cov_43.835982	99.95		True
CONTIG	NODE_37_length_37379_cov_43.835982	37379	correct
2372584	2408643	36106	105	NC_002945.4	NODE_38_length_36271_cov_39.778054	99.83		True
CONTIG	NODE_38_length_36271_cov_39.778054	36271	correct
2210167	2245161	139	35133	NC_002945.4	NODE_39_length_35133_cov_44.520054	100.0		True
CONTIG	NODE_39_length_35133_cov_44.520054	35133	correct
3737665	3759346	21685	1	NC_002945.4	NODE_40_length_34294_cov_39.801153	99.98		True
local misassembly
3724846	3737454	34294	21686	NC_002945.4	NODE_40_length_34294_cov_39.801153	99.98		True
CONTIG	NODE_40_length_34294_cov_39.801153	34294	correct
4259930	4293949	34018	1	NC_002945.4	NODE_41_length_34018_cov_42.173173	99.99		True
CONTIG	NODE_41_length_34018_cov_42.173173	34018	correct
1190085	1204735	14651	1	NC_002945.4	NODE_42_length_33422_cov_40.449617	99.97		True
local misassembly
1171083	1189848	33422	14657	NC_002945.4	NODE_42_length_33422_cov_40.449617	99.99		True
CONTIG	NODE_42_length_33422_cov_40.449617	33422	correct
2294650	2325841	31149	1	NC_002945.4	NODE_43_length_31149_cov_41.054735	99.86		True
CONTIG	NODE_43_length_31149_cov_41.054735	31149	correct
2161798	2192094	1	30298	NC_002945.4	NODE_44_length_30298_cov_42.265884	99.99		True
CONTIG	NODE_44_length_30298_cov_42.265884	30298	correct
2343827	2371541	27715	1	NC_002945.4	NODE_45_length_27715_cov_38.147818	99.99		True
CONTIG	NODE_45_length_27715_cov_38.147818	27715	correct
105040	132600	1	27561	NC_002945.4	NODE_46_length_27561_cov_41.827440	99.97		True
CONTIG	NODE_46_length_27561_cov_41.827440	27561	correct
2666008	2693421	1	27413	NC_002945.4	NODE_47_length_27413_cov_43.833614	99.99		True
CONTIG	NODE_47_length_27413_cov_43.833614	27413	correct
333299	333426	275	148	NC_002945.4	NODE_48_length_26753_cov_42.938669	99.76		True
indel: stretch of mismatches
306728	333298	26741	276	NC_002945.4	NODE_48_length_26753_cov_42.938669	99.58		True
CONTIG	NODE_48_length_26753_cov_42.938669	26753	correct
1387423	1412955	172	25704	NC_002945.4	NODE_49_length_25704_cov_42.447511	99.98		True
CONTIG	NODE_49_length_25704_cov_42.447511	25704	correct
338115	363563	25640	270	NC_002945.4	NODE_50_length_25673_cov_39.199483	99.6		True
CONTIG	NODE_50_length_25673_cov_39.199483	25673	correct
2423267	2444896	1	21630	NC_002945.4	NODE_51_length_21630_cov_42.033205	99.99		True
CONTIG	NODE_51_length_21630_cov_42.033205	21630	correct
1490961	1491456	687	192	NC_002945.4	NODE_52_length_19501_cov_38.099928	100.0		True
local misassembly
1471935	1490747	19501	688	NC_002945.4	NODE_52_length_19501_cov_38.099928	99.98		True
CONTIG	NODE_52_length_19501_cov_38.099928	19501	correct
3424511	3442410	17900	1	NC_002945.4	NODE_53_length_18083_cov_45.157162	99.99		True
CONTIG	NODE_53_length_18083_cov_45.157162	18083	correct
2325846	2343793	37	17984	NC_002945.4	NODE_54_length_17984_cov_39.548916	99.99		True
CONTIG	NODE_54_length_17984_cov_39.548916	17984	correct
2140776	2158365	1	17555	NC_002945.4	NODE_55_length_17555_cov_41.479344	99.77		True
CONTIG	NODE_55_length_17555_cov_41.479344	17555	correct
3759848	3777383	17538	1	NC_002945.4	NODE_56_length_17549_cov_41.706750	99.97		True
CONTIG	NODE_56_length_17549_cov_41.706750	17549	correct
2192685	2209982	1	17298	NC_002945.4	NODE_57_length_17390_cov_43.371314	99.99		True
CONTIG	NODE_57_length_17390_cov_43.371314	17390	correct
892165	909508	17344	1	NC_002945.4	NODE_58_length_17344_cov_45.259685	99.99		True
CONTIG	NODE_58_length_17344_cov_45.259685	17344	correct
2776965	2793839	16875	1	NC_002945.4	NODE_59_length_17016_cov_44.985790	99.99		True
CONTIG	NODE_59_length_17016_cov_44.985790	17016	correct
133106	149969	16934	71	NC_002945.4	NODE_60_length_16934_cov_47.008746	99.96		True
CONTIG	NODE_60_length_16934_cov_47.008746	16934	correct
910050	926318	1	16269	NC_002945.4	NODE_61_length_16269_cov_46.457069	99.99		True
CONTIG	NODE_61_length_16269_cov_46.457069	16269	correct
2041125	2056402	169	15446	NC_002945.4	NODE_62_length_15679_cov_45.197016	99.99		True
CONTIG	NODE_62_length_15679_cov_45.197016	15679	correct
3193780	3209314	15635	1	NC_002945.4	NODE_63_length_15635_cov_42.845370	100.0		True
CONTIG	NODE_63_length_15635_cov_42.845370	15635	correct
609085	624503	1	15419	NC_002945.4	NODE_64_length_15419_cov_43.229663	99.99		True
CONTIG	NODE_64_length_15419_cov_43.229663	15419	correct
2916851	2932243	15397	5	NC_002945.4	NODE_65_length_15397_cov_46.140799	99.93		True
CONTIG	NODE_65_length_15397_cov_46.140799	15397	correct
2409031	2422776	1	13746	NC_002945.4	NODE_66_length_13746_cov_43.487260	99.98		True
CONTIG	NODE_66_length_13746_cov_43.487260	13746	correct
3881702	3882155	1	454	NC_002945.4	NODE_67_length_12887_cov_19.757837	100.0		True
local misassembly
3882139	3884027	606	2542	NC_002945.4	NODE_67_length_12887_cov_19.757837	97.69		True
local misassembly
3884643	3890278	2543	8187	NC_002945.4	NODE_67_length_12887_cov_19.757837	99.79		True
local misassembly
3890969	3895378	8188	12597	NC_002945.4	NODE_67_length_12887_cov_19.757837	99.88		True
CONTIG	NODE_67_length_12887_cov_19.757837	12887	correct
3712180	3724866	1	12687	NC_002945.4	NODE_68_length_12687_cov_29.257166	99.96		True
CONTIG	NODE_68_length_12687_cov_29.257166	12687	correct
2944619	2957076	12458	1	NC_002945.4	NODE_69_length_12458_cov_43.953856	99.98		True
CONTIG	NODE_69_length_12458_cov_43.953856	12458	correct
3700350	3711403	11054	1	NC_002945.4	NODE_70_length_11394_cov_31.629981	100.0		True
CONTIG	NODE_70_length_11394_cov_31.629981	11394	correct
2933886	2943963	157	10234	NC_002945.4	NODE_71_length_10234_cov_41.915207	99.99		True
CONTIG	NODE_71_length_10234_cov_41.915207	10234	correct
3209296	3219347	10052	1	NC_002945.4	NODE_72_length_10052_cov_41.358589	100.0		True
CONTIG	NODE_72_length_10052_cov_41.358589	10052	correct
1623849	1633299	171	9564	NC_002945.4	NODE_73_length_9564_cov_37.132457	99.37		True
CONTIG	NODE_73_length_9564_cov_37.132457	9564	correct
1204827	1213474	8659	12	NC_002945.4	NODE_74_length_8822_cov_41.535595	99.98		True
CONTIG	NODE_74_length_8822_cov_41.535595	8822	correct
2793821	2799828	1	6008	NC_002945.4	NODE_75_length_6008_cov_38.712974	99.98		True
CONTIG	NODE_75_length_6008_cov_38.712974	6008	correct
1987013	1992127	1	5116	NC_002945.4	NODE_76_length_5116_cov_46.741231	99.98		True
CONTIG	NODE_76_length_5116_cov_46.741231	5116	correct
3980336	3984724	4389	1	NC_002945.4	NODE_77_length_4663_cov_37.359568	100.0		True
CONTIG	NODE_77_length_4663_cov_37.359568	4663	correct
1214750	1218404	3666	12	NC_002945.4	NODE_78_length_4630_cov_29.919165	99.7		True
local misassembly
1213930	1214774	4630	3786	NC_002945.4	NODE_78_length_4630_cov_29.919165	99.64		True
CONTIG	NODE_78_length_4630_cov_29.919165	4630	correct
1165899	1169900	4002	1	NC_002945.4	NODE_79_length_4002_cov_41.768516	99.98		True
CONTIG	NODE_79_length_4002_cov_41.768516	4002	correct
1635657	1638240	1	2533	NC_002945.4	NODE_80_length_3184_cov_23.739614	98.03		True
local misassembly
1638385	1638847	2534	2996	NC_002945.4	NODE_80_length_3184_cov_23.739614	100.0		True
CONTIG	NODE_80_length_3184_cov_23.739614	3184	correct
2284620	2287647	1	3028	NC_002945.4	NODE_81_length_3028_cov_29.771113	99.77		True
CONTIG	NODE_81_length_3028_cov_29.771113	3028	correct
2158134	2158325	1	192	NC_002945.4	NODE_82_length_3018_cov_32.421653	98.96		True
local misassembly
2158464	2158913	193	642	NC_002945.4	NODE_82_length_3018_cov_32.421653	100.0		True
fake: scaffold gap size wrong estimation (local)
2158914	2160444	674	2204	NC_002945.4	NODE_82_length_3018_cov_32.421653	95.49		True
CONTIG	NODE_82_length_3018_cov_32.421653	3018	correct
2290710	2293716	1	3007	NC_002945.4	NODE_83_length_3007_cov_33.264236	100.0		True
CONTIG	NODE_83_length_3007_cov_33.264236	3007	correct
673511	676238	2728	1	NC_002945.4	NODE_84_length_2900_cov_4.077533	99.96		True
CONTIG	NODE_84_length_2900_cov_4.077533	2900	correct
3700072	3700286	302	88	NC_002945.4	NODE_85_length_2806_cov_10.033968	100.0		True
relocation, inconsistency = 2769430
928970	930641	1974	303	NC_002945.4	NODE_85_length_2806_cov_10.033968	100.0		True
local misassembly
928384	928975	2713	2113	NC_002945.4	NODE_85_length_2806_cov_10.033968	98.5		True
CONTIG	NODE_85_length_2806_cov_10.033968	2806	misassembled
1993335	1996117	1	2783	NC_002945.4	NODE_86_length_2783_cov_51.484187	100.0		True
CONTIG	NODE_86_length_2783_cov_51.484187	2783	correct
3878316	3880509	2381	188	NC_002945.4	NODE_87_length_2402_cov_4.499341	99.95		True
CONTIG	NODE_87_length_2402_cov_4.499341	2402	correct
1092436	1094208	1	1773	NC_002945.4	NODE_88_length_1891_cov_32.110544	100.0		True
CONTIG	NODE_88_length_1891_cov_32.110544	1891	correct
1094325	1094668	344	1	NC_002945.4	NODE_89_length_1664_cov_35.831490	97.83		True
relocation, inconsistency = -1885
1094890	1096209	1664	345	NC_002945.4	NODE_89_length_1664_cov_35.831490	99.62		True
CONTIG	NODE_89_length_1664_cov_35.831490	1664	misassembled
607662	609211	1550	1	NC_002945.4	NODE_90_length_1550_cov_77.827829	100.0		True
CONTIG	NODE_90_length_1550_cov_77.827829	1550	correct
4193589	4195052	1464	1	NC_002945.4	NODE_91_length_1464_cov_92.154824	100.0		True
CONTIG	NODE_91_length_1464_cov_92.154824	1464	correct
1992001	1993461	1	1461	NC_002945.4	NODE_92_length_1461_cov_60.062219	100.0		True
CONTIG	NODE_92_length_1461_cov_60.062219	1461	correct
3443593	3445031	1439	1	NC_002945.4	NODE_93_length_1439_cov_47.292683	100.0		True
CONTIG	NODE_93_length_1439_cov_47.292683	1439	correct
334077	335336	1	1260	NC_002945.4	NODE_94_length_1438_cov_11.581998	99.84		True
indel: indel (> 5bp)
335418	335595	1261	1438	NC_002945.4	NODE_94_length_1438_cov_11.581998	99.44		True
CONTIG	NODE_94_length_1438_cov_11.581998	1438	correct
336693	337812	149	1268	NC_002945.4	NODE_95_length_1364_cov_19.026677	100.0		True
CONTIG	NODE_95_length_1364_cov_19.026677	1364	correct
3673145	3674484	1340	1	NC_002945.4	NODE_96_length_1340_cov_86.470734	100.0		True
CONTIG	NODE_96_length_1340_cov_86.470734	1340	correct
3339137	3340461	1	1325	NC_002945.4	NODE_97_length_1325_cov_45.961603	100.0		True
CONTIG	NODE_97_length_1325_cov_45.961603	1325	correct
2932266	2933285	1110	91	NC_002945.4	NODE_98_length_1323_cov_1.240803	99.31		True
CONTIG	NODE_98_length_1323_cov_1.240803	1323	correct
3835659	3836979	1	1321	NC_002945.4	NODE_99_length_1321_cov_98.291457	99.7		True
CONTIG	NODE_99_length_1321_cov_98.291457	1321	correct
2288581	2289835	1255	1	NC_002945.4	NODE_100_length_1255_cov_47.089539	100.0		True
CONTIG	NODE_100_length_1255_cov_47.089539	1255	correct
2287521	2288707	1187	1	NC_002945.4	NODE_101_length_1187_cov_32.455660	100.0		True
CONTIG	NODE_101_length_1187_cov_32.455660	1187	correct
839658	840804	1147	1	NC_002945.4	NODE_102_length_1168_cov_19.449568	99.83		True
CONTIG	NODE_102_length_1168_cov_19.449568	1168	correct
2289709	2290836	1128	1	NC_002945.4	NODE_103_length_1128_cov_85.288711	99.91		True
CONTIG	NODE_103_length_1128_cov_85.288711	1128	correct
3711277	3712306	1030	1	NC_002945.4	NODE_104_length_1030_cov_95.488372	100.0		True
CONTIG	NODE_104_length_1030_cov_95.488372	1030	correct
335570	336374	991	187	NC_002945.4	NODE_105_length_991_cov_6.828704	99.88		True
CONTIG	NODE_105_length_991_cov_6.828704	991	correct
1165044	1166025	1	982	NC_002945.4	NODE_106_length_982_cov_92.346199	100.0		True
CONTIG	NODE_106_length_982_cov_92.346199	982	correct
1219242	1219943	43	744	NC_002945.4	NODE_107_length_945_cov_1.224939	98.86		True
CONTIG	NODE_107_length_945_cov_1.224939	945	correct
1169775	1170683	1	909	NC_002945.4	NODE_108_length_909_cov_288.540921	100.0		True
CONTIG	NODE_108_length_909_cov_288.540921	909	correct
2774863	2775596	168	901	NC_002945.4	NODE_109_length_901_cov_9.838501	100.0		True
CONTIG	NODE_109_length_901_cov_9.838501	901	correct
3341521	3342410	890	1	NC_002945.4	NODE_110_length_890_cov_33.480996	100.0		True
CONTIG	NODE_110_length_890_cov_33.480996	890	correct
1278286	1279129	844	1	NC_002945.4	NODE_111_length_844_cov_74.492329	100.0		True
CONTIG	NODE_111_length_844_cov_74.492329	844	correct
909382	910176	795	1	NC_002945.4	NODE_112_length_795_cov_100.101796	100.0		True
CONTIG	NODE_112_length_795_cov_100.101796	795	correct
2774298	2774861	114	677	NC_002945.4	NODE_113_length_794_cov_4.212894	99.47		True
CONTIG	NODE_113_length_794_cov_4.212894	794	correct
3979380	3980052	673	1	NC_002945.4	NODE_114_length_757_cov_1.733333	99.26		True
CONTIG	NODE_114_length_757_cov_1.733333	757	correct
2693295	2694038	1	744	NC_002945.4	NODE_115_length_744_cov_73.243112	100.0		True
CONTIG	NODE_115_length_744_cov_73.243112	744	correct
1996351	1997071	1	721	NC_002945.4	NODE_116_length_721_cov_4.336700	100.0		True
CONTIG	NODE_116_length_721_cov_4.336700	721	correct
1491502	1491812	1	311	NC_002945.4	NODE_117_length_653_cov_0.887833	100.0		True
CONTIG	NODE_117_length_653_cov_0.887833	653	correct
3340552	3341186	635	1	NC_002945.4	NODE_118_length_635_cov_38.163386	100.0		True
CONTIG	NODE_118_length_635_cov_38.163386	635	correct
2371542	2372173	632	1	NC_002945.4	NODE_119_length_632_cov_28.241107	100.0		True
CONTIG	NODE_119_length_632_cov_28.241107	632	correct
3880511	3881088	578	1	NC_002945.4	NODE_120_length_600_cov_20.890063	100.0		True
CONTIG	NODE_120_length_600_cov_20.890063	600	correct
1573717	1573904	388	201	NC_002945.4	NODE_121_length_590_cov_0.539957	98.94		True
CONTIG	NODE_121_length_590_cov_0.539957	590	correct
3338676	3339263	1	588	NC_002945.4	NODE_122_length_588_cov_68.203905	100.0		True
CONTIG	NODE_122_length_588_cov_68.203905	588	correct
1573357	1573581	166	390	NC_002945.4	NODE_123_length_577_cov_0.928889	97.78		True
CONTIG	NODE_123_length_577_cov_0.928889	577	correct
1091846	1092213	572	205	NC_002945.4	NODE_124_length_572_cov_0.826966	100.0		True
CONTIG	NODE_124_length_572_cov_0.826966	572	correct
1218765	1218832	68	1	NC_002945.4	NODE_125_length_517_cov_2.476923	98.86		True
local misassembly
1218559	1219007	517	69	NC_002945.4	NODE_125_length_517_cov_2.476923	99.78		True
CONTIG	NODE_125_length_517_cov_2.476923	517	correct
