S1	E1	S2	E2	Reference	Contig	IDY	Ambiguous	Best_group
2423267	2665719	242491	101	NC_002945.4	NODE_1_length_242491_cov_50.425996	99.92		True
CONTIG	NODE_1_length_242491_cov_50.425996	242491	correct
2957039	3124427	1	166700	NC_002945.4	NODE_2_length_227978_cov_49.726690	99.45		True
relocation, inconsistency = 911640
4036068	4097346	166701	227978	NC_002945.4	NODE_2_length_227978_cov_49.726690	99.99		True
CONTIG	NODE_2_length_227978_cov_49.726690	227978	misassembled
3445573	3673271	1	227591	NC_002945.4	NODE_3_length_227591_cov_51.147716	99.93		True
CONTIG	NODE_3_length_227591_cov_51.147716	227591	correct
1854145	1985256	130690	12	NC_002945.4	NODE_4_length_204985_cov_49.648347	99.65		True
local misassembly
1779460	1853754	204985	130691	NC_002945.4	NODE_4_length_204985_cov_49.648347	99.99		True
CONTIG	NODE_4_length_204985_cov_49.648347	204985	correct
402605	607788	204915	1	NC_002945.4	NODE_5_length_204915_cov_50.074580	99.86		True
CONTIG	NODE_5_length_204915_cov_50.074580	204915	correct
4294606	4349904	1	55298	NC_002945.4	NODE_6_length_158617_cov_50.869985	99.99		True
fake: not a misassembly [linear representation of circular genome]
1	29469	55299	84767	NC_002945.4	NODE_6_length_158617_cov_50.869985	99.99		True
local misassembly
30083	103918	84769	158617	NC_002945.4	NODE_6_length_158617_cov_50.869985	99.96		True
CONTIG	NODE_6_length_158617_cov_50.869985	158617	correct
150017	306669	156626	1	NC_002945.4	NODE_7_length_156626_cov_50.547614	99.97		True
CONTIG	NODE_7_length_156626_cov_50.547614	156626	correct
1638966	1769053	130179	93	NC_002945.4	NODE_8_length_132696_cov_52.622778	99.99		True
local misassembly
1635657	1638224	132696	130180	NC_002945.4	NODE_8_length_132696_cov_52.622778	98.03		True
CONTIG	NODE_8_length_132696_cov_52.622778	132696	correct
3297493	3341186	43863	1	NC_002945.4	NODE_9_length_122050_cov_50.915701	99.82		True
indel: stretch of mismatches
3219373	3297478	122040	43878	NC_002945.4	NODE_9_length_122050_cov_50.915701	99.92		True
CONTIG	NODE_9_length_122050_cov_50.915701	122050	correct
970273	1009472	114	39312	NC_002945.4	NODE_10_length_120563_cov_50.738782	99.98		True
relocation, inconsistency = 1457
1010930	1091912	39313	120298	NC_002945.4	NODE_10_length_120563_cov_50.738782	99.99		True
CONTIG	NODE_10_length_120563_cov_50.738782	120563	misassembled
824601	838006	13501	96	NC_002945.4	NODE_11_length_111079_cov_51.616970	99.98		True
local misassembly
726469	824045	111079	13502	NC_002945.4	NODE_11_length_111079_cov_51.616970	99.99		True
CONTIG	NODE_11_length_111079_cov_51.616970	111079	correct
4097330	4193715	1	96386	NC_002945.4	NODE_12_length_96386_cov_51.709170	99.99		True
CONTIG	NODE_12_length_96386_cov_51.709170	96386	correct
2083596	2140714	57119	1	NC_002945.4	NODE_13_length_83904_cov_51.733769	99.99		True
local misassembly
2056960	2083604	83902	57258	NC_002945.4	NODE_13_length_83904_cov_51.733769	99.98		True
CONTIG	NODE_13_length_83904_cov_51.733769	83904	correct
3897145	3979551	1	82398	NC_002945.4	NODE_14_length_82398_cov_50.608501	99.98		True
CONTIG	NODE_14_length_82398_cov_50.608501	82398	correct
1491904	1573873	1	81970	NC_002945.4	NODE_15_length_81970_cov_52.572523	99.93		True
CONTIG	NODE_15_length_81970_cov_52.572523	81970	correct
3343593	3424525	1	81001	NC_002945.4	NODE_16_length_81001_cov_51.691520	99.9		True
CONTIG	NODE_16_length_81001_cov_51.691520	81001	correct
2693912	2773112	1	79200	NC_002945.4	NODE_17_length_79200_cov_49.078661	99.99		True
CONTIG	NODE_17_length_79200_cov_49.078661	79200	correct
3124745	3193870	69072	1	NC_002945.4	NODE_18_length_69072_cov_49.761564	99.91		True
CONTIG	NODE_18_length_69072_cov_49.761564	69072	correct
1096985	1165170	1	68175	NC_002945.4	NODE_19_length_68175_cov_50.372649	99.97		True
CONTIG	NODE_19_length_68175_cov_50.372649	68175	correct
2852146	2916393	64247	1	NC_002945.4	NODE_20_length_64343_cov_49.347265	99.98		True
CONTIG	NODE_20_length_64343_cov_49.347265	64343	correct
4194926	4259153	64228	1	NC_002945.4	NODE_21_length_64228_cov_53.343739	99.99		True
CONTIG	NODE_21_length_64228_cov_53.343739	64228	correct
1280097	1343223	63189	1	NC_002945.4	NODE_22_length_63189_cov_54.104976	99.89		True
CONTIG	NODE_22_length_63189_cov_54.104976	63189	correct
1996675	2056409	59735	1	NC_002945.4	NODE_23_length_59857_cov_49.963368	99.98		True
CONTIG	NODE_23_length_59857_cov_49.963368	59857	correct
1219462	1278412	1	58951	NC_002945.4	NODE_24_length_58951_cov_50.234887	99.99		True
CONTIG	NODE_24_length_58951_cov_50.234887	58951	correct
3777400	3835785	58318	1	NC_002945.4	NODE_25_length_58318_cov_51.215429	99.87		True
CONTIG	NODE_25_length_58318_cov_51.215429	58318	correct
3724846	3737454	1	12609	NC_002945.4	NODE_26_length_52333_cov_48.702908	99.98		True
local misassembly
3737665	3777383	12610	52333	NC_002945.4	NODE_26_length_52333_cov_48.702908	99.97		True
CONTIG	NODE_26_length_52333_cov_48.702908	52333	correct
3984620	4000631	1	16012	NC_002945.4	NODE_27_length_51152_cov_50.310652	100.0		True
fake: scaffold gap size wrong estimation (local)
4000854	4035712	16113	50971	NC_002945.4	NODE_27_length_51152_cov_50.310652	99.97		True
CONTIG	NODE_27_length_51152_cov_50.310652	51152	correct
2801012	2852055	1	51044	NC_002945.4	NODE_28_length_51044_cov_50.037473	99.99		True
CONTIG	NODE_28_length_51044_cov_50.037473	51044	correct
676515	726479	1	49965	NC_002945.4	NODE_29_length_49965_cov_47.631205	99.99		True
CONTIG	NODE_29_length_49965_cov_47.631205	49965	correct
1573978	1623827	49850	1	NC_002945.4	NODE_30_length_49850_cov_49.483257	99.98		True
CONTIG	NODE_30_length_49850_cov_49.483257	49850	correct
2372436	2408277	1	35784	NC_002945.4	NODE_31_length_49398_cov_46.852368	99.83		True
local misassembly
2409163	2422776	35785	49398	NC_002945.4	NODE_31_length_49398_cov_46.852368	99.98		True
CONTIG	NODE_31_length_49398_cov_46.852368	49398	correct
842404	891078	25	48699	NC_002945.4	NODE_32_length_48699_cov_49.397225	99.98		True
CONTIG	NODE_32_length_48699_cov_49.397225	48699	correct
625206	673257	1	48052	NC_002945.4	NODE_33_length_48080_cov_48.076950	99.99		True
CONTIG	NODE_33_length_48080_cov_48.076950	48080	correct
3836888	3881088	44067	1	NC_002945.4	NODE_34_length_44067_cov_47.200728	99.64		True
CONTIG	NODE_34_length_44067_cov_47.200728	44067	correct
1343879	1386826	42953	1	NC_002945.4	NODE_35_length_42953_cov_49.733596	99.99		True
CONTIG	NODE_35_length_42953_cov_49.733596	42953	correct
928970	970024	41208	1	NC_002945.4	NODE_36_length_41961_cov_47.648563	99.19		True
local misassembly
928370	928975	41961	41347	NC_002945.4	NODE_36_length_41961_cov_47.648563	98.54		True
CONTIG	NODE_36_length_41961_cov_47.648563	41961	correct
2246140	2283745	151	37758	NC_002945.4	NODE_37_length_37758_cov_54.335335	99.95		True
CONTIG	NODE_37_length_37758_cov_54.335335	37758	correct
363866	401308	37443	1	NC_002945.4	NODE_38_length_37443_cov_49.756190	99.99		True
CONTIG	NODE_38_length_37443_cov_49.756190	37443	correct
2210028	2246066	2	36040	NC_002945.4	NODE_39_length_36040_cov_55.755576	100.0		True
CONTIG	NODE_39_length_36040_cov_55.755576	36040	correct
4259930	4293949	1	33946	NC_002945.4	NODE_40_length_33946_cov_51.567817	99.77		True
CONTIG	NODE_40_length_33946_cov_51.567817	33946	correct
1413935	1447567	33633	1	NC_002945.4	NODE_41_length_33633_cov_51.281024	99.99		True
CONTIG	NODE_41_length_33633_cov_51.281024	33633	correct
2161798	2192094	1	30298	NC_002945.4	NODE_42_length_30298_cov_53.076530	99.99		True
CONTIG	NODE_42_length_30298_cov_53.076530	30298	correct
2294650	2324396	1	29747	NC_002945.4	NODE_43_length_29926_cov_47.874593	99.99		True
CONTIG	NODE_43_length_29926_cov_47.874593	29926	correct
2343781	2372315	28535	1	NC_002945.4	NODE_44_length_28537_cov_47.932594	99.98		True
CONTIG	NODE_44_length_28537_cov_47.932594	28537	correct
2665900	2693421	27521	1	NC_002945.4	NODE_45_length_27521_cov_50.126342	99.98		True
CONTIG	NODE_45_length_27521_cov_50.126342	27521	correct
105040	131937	27211	314	NC_002945.4	NODE_46_length_27211_cov_48.346404	99.98		True
CONTIG	NODE_46_length_27211_cov_48.346404	27211	correct
333299	333426	398	271	NC_002945.4	NODE_47_length_26869_cov_47.487548	99.76		True
indel: stretch of mismatches
306723	333298	26869	399	NC_002945.4	NODE_47_length_26869_cov_47.487548	99.6		True
CONTIG	NODE_47_length_26869_cov_47.487548	26869	correct
1387030	1412955	25926	1	NC_002945.4	NODE_48_length_26017_cov_48.396562	99.98		True
CONTIG	NODE_48_length_26017_cov_48.396562	26017	correct
3674358	3700317	25942	1	NC_002945.4	NODE_49_length_25942_cov_38.260856	99.93		True
CONTIG	NODE_49_length_25942_cov_38.260856	25942	correct
338626	363695	6	24988	NC_002945.4	NODE_50_length_25184_cov_45.010576	99.57		True
CONTIG	NODE_50_length_25184_cov_45.010576	25184	correct
1447560	1470724	23108	1	NC_002945.4	NODE_51_length_23108_cov_53.901440	99.74		True
CONTIG	NODE_51_length_23108_cov_53.901440	23108	correct
1190092	1193012	2921	1	NC_002945.4	NODE_52_length_21699_cov_45.976729	99.97		True
local misassembly
1171083	1189860	21699	2922	NC_002945.4	NODE_52_length_21699_cov_45.976729	99.99		True
CONTIG	NODE_52_length_21699_cov_45.976729	21699	correct
2140781	2158516	1	17736	NC_002945.4	NODE_53_length_20371_cov_53.303448	99.96		True
local misassembly
2158655	2158913	17737	17995	NC_002945.4	NODE_53_length_20371_cov_53.303448	100.0		True
fake: scaffold gap size wrong estimation (local)
2158914	2160444	18027	19557	NC_002945.4	NODE_53_length_20371_cov_53.303448	95.49		True
CONTIG	NODE_53_length_20371_cov_53.303448	20371	correct
1471935	1490747	1	18814	NC_002945.4	NODE_54_length_19233_cov_57.969172	99.98		True
local misassembly
1490961	1491379	18815	19233	NC_002945.4	NODE_54_length_19233_cov_57.969172	100.0		True
CONTIG	NODE_54_length_19233_cov_57.969172	19233	correct
3424514	3442410	27	17923	NC_002945.4	NODE_55_length_17923_cov_56.354855	99.99		True
CONTIG	NODE_55_length_17923_cov_56.354855	17923	correct
2192685	2209982	17426	129	NC_002945.4	NODE_56_length_17426_cov_58.334355	99.99		True
CONTIG	NODE_56_length_17426_cov_58.334355	17426	correct
132718	149923	17376	171	NC_002945.4	NODE_57_length_17376_cov_53.084063	99.96		True
CONTIG	NODE_57_length_17376_cov_53.084063	17376	correct
892165	909508	1	17344	NC_002945.4	NODE_58_length_17344_cov_51.192136	99.99		True
CONTIG	NODE_58_length_17344_cov_51.192136	17344	correct
2777000	2793835	16985	150	NC_002945.4	NODE_59_length_17131_cov_53.114385	100.0		True
CONTIG	NODE_59_length_17131_cov_53.114385	17131	correct
910050	926209	1	16160	NC_002945.4	NODE_60_length_16288_cov_54.627003	99.99		True
CONTIG	NODE_60_length_16288_cov_54.627003	16288	correct
3193780	3209290	15611	1	NC_002945.4	NODE_61_length_15611_cov_51.782356	100.0		True
CONTIG	NODE_61_length_15611_cov_51.782356	15611	correct
2916851	2932420	15570	1	NC_002945.4	NODE_62_length_15570_cov_57.414492	99.97		True
CONTIG	NODE_62_length_15570_cov_57.414492	15570	correct
609085	624436	15544	193	NC_002945.4	NODE_63_length_15544_cov_47.701952	99.98		True
CONTIG	NODE_63_length_15544_cov_47.701952	15544	correct
2329306	2343771	1	14466	NC_002945.4	NODE_64_length_14596_cov_48.238786	99.97		True
CONTIG	NODE_64_length_14596_cov_48.238786	14596	correct
3712180	3724812	12633	1	NC_002945.4	NODE_65_length_12633_cov_40.006957	99.96		True
CONTIG	NODE_65_length_12633_cov_40.006957	12633	correct
2944619	2957076	1	12458	NC_002945.4	NODE_66_length_12458_cov_48.417728	99.98		True
CONTIG	NODE_66_length_12458_cov_48.417728	12458	correct
1193002	1204727	11807	82	NC_002945.4	NODE_67_length_11807_cov_53.050856	99.97		True
CONTIG	NODE_67_length_11807_cov_53.050856	11807	correct
3890969	3893479	2631	121	NC_002945.4	NODE_68_length_11403_cov_21.283168	99.9		True
local misassembly
3884643	3890278	8276	2632	NC_002945.4	NODE_68_length_11403_cov_21.283168	99.79		True
local misassembly
3882139	3884027	10213	8277	NC_002945.4	NODE_68_length_11403_cov_21.283168	97.69		True
local misassembly
3881830	3882155	10690	10365	NC_002945.4	NODE_68_length_11403_cov_21.283168	100.0		True
relocation, inconsistency = -13474
3894591	3895303	11403	10691	NC_002945.4	NODE_68_length_11403_cov_21.283168	100.0		True
CONTIG	NODE_68_length_11403_cov_21.283168	11403	misassembled
3700330	3711403	25	11098	NC_002945.4	NODE_69_length_11098_cov_39.591742	100.0		True
CONTIG	NODE_69_length_11098_cov_39.591742	11098	correct
2933601	2943963	10363	1	NC_002945.4	NODE_70_length_10421_cov_49.042743	99.99		True
CONTIG	NODE_70_length_10421_cov_49.042743	10421	correct
3209301	3219349	5	10053	NC_002945.4	NODE_71_length_10053_cov_49.073645	100.0		True
CONTIG	NODE_71_length_10053_cov_49.073645	10053	correct
1623859	1633302	1	9387	NC_002945.4	NODE_72_length_9387_cov_42.353456	99.36		True
CONTIG	NODE_72_length_9387_cov_42.353456	9387	correct
1204752	1213719	219	9111	NC_002945.4	NODE_73_length_9111_cov_44.981523	99.14		True
CONTIG	NODE_73_length_9111_cov_44.981523	9111	correct
2793838	2799828	5991	1	NC_002945.4	NODE_74_length_5991_cov_46.795532	99.98		True
CONTIG	NODE_74_length_5991_cov_46.795532	5991	correct
1987278	1992127	366	5216	NC_002945.4	NODE_75_length_5216_cov_47.597760	99.98		True
CONTIG	NODE_75_length_5216_cov_47.597760	5216	correct
1213965	1214774	1	810	NC_002945.4	NODE_76_length_5046_cov_35.299248	99.75		True
local misassembly
1214750	1218866	930	5046	NC_002945.4	NODE_76_length_5046_cov_35.299248	100.0		True
CONTIG	NODE_76_length_5046_cov_35.299248	5046	correct
3980114	3984573	4472	13	NC_002945.4	NODE_77_length_4500_cov_41.567802	99.93		True
CONTIG	NODE_77_length_4500_cov_41.567802	4500	correct
1092431	1096461	1	4031	NC_002945.4	NODE_78_length_4031_cov_44.211834	99.98		True
CONTIG	NODE_78_length_4031_cov_44.211834	4031	correct
1165899	1169900	4002	1	NC_002945.4	NODE_79_length_4002_cov_54.060903	99.98		True
CONTIG	NODE_79_length_4002_cov_54.060903	4002	correct
1993335	1996281	3118	172	NC_002945.4	NODE_80_length_3118_cov_51.838516	99.9		True
CONTIG	NODE_80_length_3118_cov_51.838516	3118	correct
2284620	2287647	3028	1	NC_002945.4	NODE_81_length_3028_cov_37.587728	99.77		True
CONTIG	NODE_81_length_3028_cov_37.587728	3028	correct
2290710	2293716	3007	1	NC_002945.4	NODE_82_length_3007_cov_36.667361	100.0		True
CONTIG	NODE_82_length_3007_cov_36.667361	3007	correct
2326500	2329305	1	2806	NC_002945.4	NODE_83_length_2806_cov_42.943062	100.0		True
CONTIG	NODE_83_length_2806_cov_42.943062	2806	correct
674730	676294	1601	37	NC_002945.4	NODE_84_length_1760_cov_5.775260	99.87		True
CONTIG	NODE_84_length_1760_cov_5.775260	1760	correct
607662	609211	1550	1	NC_002945.4	NODE_85_length_1550_cov_80.332396	100.0		True
CONTIG	NODE_85_length_1550_cov_80.332396	1550	correct
336693	338073	133	1513	NC_002945.4	NODE_86_length_1513_cov_17.686869	100.0		True
CONTIG	NODE_86_length_1513_cov_17.686869	1513	correct
4193589	4195052	1	1464	NC_002945.4	NODE_87_length_1464_cov_116.222887	100.0		True
CONTIG	NODE_87_length_1464_cov_116.222887	1464	correct
3443593	3445031	1439	1	NC_002945.4	NODE_88_length_1439_cov_62.512957	100.0		True
CONTIG	NODE_88_length_1439_cov_62.512957	1439	correct
2774161	2775599	1439	1	NC_002945.4	NODE_89_length_1439_cov_7.680640	100.0		True
CONTIG	NODE_89_length_1439_cov_7.680640	1439	correct
2324533	2325833	1301	1	NC_002945.4	NODE_90_length_1432_cov_35.013027	100.0		True
CONTIG	NODE_90_length_1432_cov_35.013027	1432	correct
890952	892291	1	1340	NC_002945.4	NODE_91_length_1340_cov_101.947238	100.0		True
CONTIG	NODE_91_length_1340_cov_101.947238	1340	correct
3835659	3836979	1	1321	NC_002945.4	NODE_92_length_1321_cov_116.699330	99.7		True
CONTIG	NODE_92_length_1321_cov_116.699330	1321	correct
839570	840835	1	1266	NC_002945.4	NODE_93_length_1317_cov_14.296639	100.0		True
CONTIG	NODE_93_length_1317_cov_14.296639	1317	correct
2288581	2289835	1	1255	NC_002945.4	NODE_94_length_1255_cov_55.660461	100.0		True
CONTIG	NODE_94_length_1255_cov_55.660461	1255	correct
2287521	2288707	1	1187	NC_002945.4	NODE_95_length_1187_cov_42.326415	100.0		True
CONTIG	NODE_95_length_1187_cov_42.326415	1187	correct
2283619	2284746	1	1128	NC_002945.4	NODE_96_length_1128_cov_102.336663	99.91		True
CONTIG	NODE_96_length_1128_cov_102.336663	1128	correct
3711277	3712306	1030	1	NC_002945.4	NODE_97_length_1030_cov_109.530454	100.0		True
CONTIG	NODE_97_length_1030_cov_109.530454	1030	correct
1165044	1166025	1	982	NC_002945.4	NODE_98_length_982_cov_101.106433	100.0		True
CONTIG	NODE_98_length_982_cov_101.106433	982	correct
1169775	1170683	1	909	NC_002945.4	NODE_99_length_909_cov_319.349105	100.0		True
CONTIG	NODE_99_length_909_cov_319.349105	909	correct
3341521	3342410	1	890	NC_002945.4	NODE_100_length_890_cov_41.038008	100.0		True
CONTIG	NODE_100_length_890_cov_41.038008	890	correct
2191968	2192811	844	1	NC_002945.4	NODE_101_length_844_cov_108.948396	100.0		True
CONTIG	NODE_101_length_844_cov_108.948396	844	correct
338140	338927	828	32	NC_002945.4	NODE_102_length_828_cov_3.445078	96.74		True
CONTIG	NODE_102_length_828_cov_3.445078	828	correct
909382	910176	795	1	NC_002945.4	NODE_103_length_795_cov_122.321856	100.0		True
CONTIG	NODE_103_length_795_cov_122.321856	795	correct
335667	336418	784	33	NC_002945.4	NODE_104_length_784_cov_9.357686	100.0		True
CONTIG	NODE_104_length_784_cov_9.357686	784	correct
2422650	2423393	1	744	NC_002945.4	NODE_105_length_744_cov_90.534846	100.0		True
CONTIG	NODE_105_length_744_cov_90.534846	744	correct
1985805	1986526	1	722	NC_002945.4	NODE_106_length_736_cov_4.221675	100.0		True
CONTIG	NODE_106_length_736_cov_4.221675	736	correct
674111	674689	135	713	NC_002945.4	NODE_107_length_713_cov_3.718430	100.0		True
CONTIG	NODE_107_length_713_cov_3.718430	713	correct
131945	132612	668	1	NC_002945.4	NODE_108_length_668_cov_2.423290	99.7		True
CONTIG	NODE_108_length_668_cov_2.423290	668	correct
2773524	2774139	616	1	NC_002945.4	NODE_109_length_626_cov_2.545090	100.0		True
CONTIG	NODE_109_length_626_cov_2.545090	626	correct
2408221	2408732	1	512	NC_002945.4	NODE_110_length_625_cov_2.305221	100.0		True
local misassembly
2408235	2408347	513	625	NC_002945.4	NODE_110_length_625_cov_2.305221	100.0		True
CONTIG	NODE_110_length_625_cov_2.305221	625	correct
2932498	2932930	433	1	NC_002945.4	NODE_111_length_617_cov_1.906122	99.08		True
CONTIG	NODE_111_length_617_cov_1.906122	617	correct
673452	673728	1	277	NC_002945.4	NODE_112_length_594_cov_3.432548	100.0		True
indel: indel (> 5bp)
673774	673985	278	489	NC_002945.4	NODE_112_length_594_cov_3.432548	99.53		True
inversion
673969	674066	587	490	NC_002945.4	NODE_112_length_594_cov_3.432548	100.0		True
CONTIG	NODE_112_length_594_cov_3.432548	594	misassembled
838609	838988	571	192	NC_002945.4	NODE_113_length_571_cov_1.443694	99.74		True
CONTIG	NODE_113_length_571_cov_1.443694	571	correct
1638435	1638814	380	1	NC_002945.4	NODE_114_length_510_cov_2.120104	100.0		True
CONTIG	NODE_114_length_510_cov_2.120104	510	correct
