S1	E1	S2	E2	Reference	Contig	IDY	Ambiguous	Best_group
2444879	2665719	1	220893	NC_002945.4	NODE_1_length_221039_cov_57.447368	99.96		True
CONTIG	NODE_1_length_221039_cov_57.447368	221039	correct
402605	607788	204915	1	NC_002945.4	NODE_2_length_204915_cov_62.334424	99.86		True
CONTIG	NODE_2_length_204915_cov_62.334424	204915	correct
3674358	3695560	1	21203	NC_002945.4	NODE_3_length_182814_cov_63.186965	100.0		True
relocation, inconsistency = -3021997
673564	674391	21204	22031	NC_002945.4	NODE_3_length_182814_cov_63.186965	99.89		True
relocation, inconsistency = 2340
676732	824045	22032	169346	NC_002945.4	NODE_3_length_182814_cov_63.186965	99.99		True
local misassembly
824601	838013	169347	182759	NC_002945.4	NODE_3_length_182814_cov_63.186965	99.98		True
CONTIG	NODE_3_length_182814_cov_63.186965	182814	misassembled
3510801	3673271	127	162486	NC_002945.4	NODE_4_length_162486_cov_61.776970	99.92		True
CONTIG	NODE_4_length_162486_cov_61.776970	162486	correct
4294199	4294425	118	344	NC_002945.4	NODE_5_length_158982_cov_65.063064	100.0		True
local misassembly
4294673	4349904	433	55663	NC_002945.4	NODE_5_length_158982_cov_65.063064	99.99		True
fake: not a misassembly [linear representation of circular genome]
1	29469	55664	85132	NC_002945.4	NODE_5_length_158982_cov_65.063064	99.99		True
local misassembly
30083	103918	85134	158982	NC_002945.4	NODE_5_length_158982_cov_65.063064	99.96		True
CONTIG	NODE_5_length_158982_cov_65.063064	158982	correct
150052	306632	156638	85	NC_002945.4	NODE_6_length_156638_cov_62.042642	99.97		True
CONTIG	NODE_6_length_156638_cov_62.042642	156638	correct
2083596	2140743	57148	1	NC_002945.4	NODE_7_length_147193_cov_58.613983	99.99		True
local misassembly
2057038	2083604	83853	57287	NC_002945.4	NODE_7_length_147193_cov_58.613983	99.98		True
local misassembly
1993335	2056368	147193	84160	NC_002945.4	NODE_7_length_147193_cov_58.613983	99.98		True
CONTIG	NODE_7_length_147193_cov_58.613983	147193	correct
1623844	1633290	1	9390	NC_002945.4	NODE_8_length_141038_cov_55.452704	99.36		True
local misassembly
1633561	1634433	9391	10263	NC_002945.4	NODE_8_length_141038_cov_55.452704	100.0		True
relocation, inconsistency = 3935
1638369	1769053	10264	140946	NC_002945.4	NODE_8_length_141038_cov_55.452704	99.99		True
CONTIG	NODE_8_length_141038_cov_55.452704	141038	misassembled
2957039	3081542	1	124549	NC_002945.4	NODE_9_length_124549_cov_61.060865	99.87		True
CONTIG	NODE_9_length_124549_cov_61.060865	124549	correct
970273	1009472	184	39382	NC_002945.4	NODE_10_length_120646_cov_59.550544	99.98		True
relocation, inconsistency = 1457
1010930	1091983	39383	120439	NC_002945.4	NODE_10_length_120646_cov_59.550544	99.99		True
CONTIG	NODE_10_length_120646_cov_59.550544	120646	misassembled
3297493	3338802	41479	1	NC_002945.4	NODE_11_length_119671_cov_57.482458	99.81		True
indel: stretch of mismatches
3219358	3297478	119671	41494	NC_002945.4	NODE_11_length_119671_cov_57.482458	99.92		True
CONTIG	NODE_11_length_119671_cov_57.482458	119671	correct
1869420	1985754	116068	200	NC_002945.4	NODE_12_length_116068_cov_58.056374	99.58		True
CONTIG	NODE_12_length_116068_cov_58.056374	116068	correct
3082645	3193870	110438	1	NC_002945.4	NODE_13_length_110438_cov_64.649074	99.26		True
CONTIG	NODE_13_length_110438_cov_64.649074	110438	correct
4035911	4141989	20	105983	NC_002945.4	NODE_14_length_105983_cov_64.107051	99.88		True
CONTIG	NODE_14_length_105983_cov_64.107051	105983	correct
1471935	1490747	1	18814	NC_002945.4	NODE_15_length_101615_cov_57.407477	99.97		True
local misassembly
1490961	1491835	18815	19689	NC_002945.4	NODE_15_length_101615_cov_57.407477	99.78		True
local misassembly
1491995	1573920	19690	101615	NC_002945.4	NODE_15_length_101615_cov_57.407477	99.93		True
CONTIG	NODE_15_length_101615_cov_57.407477	101615	correct
3343594	3442410	1	98885	NC_002945.4	NODE_16_length_98885_cov_60.169607	99.92		True
CONTIG	NODE_16_length_98885_cov_60.169607	98885	correct
1779460	1869173	89803	90	NC_002945.4	NODE_17_length_89803_cov_60.970628	99.99		True
CONTIG	NODE_17_length_89803_cov_60.970628	89803	correct
3897145	3979622	1	82469	NC_002945.4	NODE_18_length_82469_cov_69.826747	99.98		True
CONTIG	NODE_18_length_82469_cov_69.826747	82469	correct
2693912	2773255	1	79346	NC_002945.4	NODE_19_length_79383_cov_57.773064	99.97		True
CONTIG	NODE_19_length_79383_cov_57.773064	79383	correct
1343879	1417336	73463	1	NC_002945.4	NODE_20_length_73463_cov_66.773454	99.99		True
CONTIG	NODE_20_length_73463_cov_66.773454	73463	correct
1096985	1165170	1	68175	NC_002945.4	NODE_21_length_68175_cov_63.506275	99.97		True
CONTIG	NODE_21_length_68175_cov_63.506275	68175	correct
336577	401308	64720	1	NC_002945.4	NODE_22_length_64720_cov_64.420882	99.73		True
CONTIG	NODE_22_length_64720_cov_64.420882	64720	correct
2852103	2916393	1	64290	NC_002945.4	NODE_23_length_64290_cov_64.657186	99.98		True
CONTIG	NODE_23_length_64290_cov_64.657186	64290	correct
4194926	4259153	1	64228	NC_002945.4	NODE_24_length_64228_cov_59.853341	99.99		True
CONTIG	NODE_24_length_64228_cov_59.853341	64228	correct
1280097	1343223	63189	1	NC_002945.4	NODE_25_length_63189_cov_66.649742	99.89		True
CONTIG	NODE_25_length_63189_cov_66.649742	63189	correct
1219473	1278412	125	59064	NC_002945.4	NODE_26_length_59064_cov_62.286832	99.99		True
CONTIG	NODE_26_length_59064_cov_62.286832	59064	correct
3777400	3835785	1	58318	NC_002945.4	NODE_27_length_58318_cov_68.643330	99.87		True
CONTIG	NODE_27_length_58318_cov_68.643330	58318	correct
4000854	4035727	34968	95	NC_002945.4	NODE_28_length_55627_cov_69.123171	99.98		True
local misassembly
3980257	4000742	55443	34969	NC_002945.4	NODE_28_length_55627_cov_69.123171	99.94		True
CONTIG	NODE_28_length_55627_cov_69.123171	55627	correct
1418316	1470724	52352	1	NC_002945.4	NODE_29_length_52352_cov_56.291967	99.88		True
CONTIG	NODE_29_length_52352_cov_56.291967	52352	correct
3724846	3737454	1	12609	NC_002945.4	NODE_30_length_52252_cov_68.674801	99.98		True
local misassembly
3737665	3777383	12610	52252	NC_002945.4	NODE_30_length_52252_cov_68.674801	99.78		True
CONTIG	NODE_30_length_52252_cov_68.674801	52252	correct
4141989	4193715	1	51727	NC_002945.4	NODE_31_length_51727_cov_65.933605	99.99		True
CONTIG	NODE_31_length_51727_cov_65.933605	51727	correct
1574070	1623784	49814	100	NC_002945.4	NODE_32_length_49984_cov_62.773572	99.98		True
CONTIG	NODE_32_length_49984_cov_62.773572	49984	correct
2801012	2850557	49546	1	NC_002945.4	NODE_33_length_49546_cov_66.731804	99.99		True
CONTIG	NODE_33_length_49546_cov_66.731804	49546	correct
625105	673257	9	48161	NC_002945.4	NODE_34_length_48189_cov_70.950002	99.98		True
CONTIG	NODE_34_length_48189_cov_70.950002	48189	correct
2294650	2324391	1	29742	NC_002945.4	NODE_35_length_46557_cov_63.928085	99.99		True
relocation, inconsistency = 2596
2326988	2343802	29743	46557	NC_002945.4	NODE_35_length_46557_cov_63.928085	99.98		True
CONTIG	NODE_35_length_46557_cov_63.928085	46557	misassembled
3445573	3490468	44896	1	NC_002945.4	NODE_36_length_44896_cov_55.677567	99.98		True
CONTIG	NODE_36_length_44896_cov_55.677567	44896	correct
3836888	3878042	1	41147	NC_002945.4	NODE_37_length_43047_cov_63.286440	99.91		True
local misassembly
3878250	3880021	41148	42919	NC_002945.4	NODE_37_length_43047_cov_63.286440	99.78		True
CONTIG	NODE_37_length_43047_cov_63.286440	43047	correct
850914	891078	1	40165	NC_002945.4	NODE_38_length_40165_cov_58.236900	99.99		True
CONTIG	NODE_38_length_40165_cov_58.236900	40165	correct
930640	970128	39964	236	NC_002945.4	NODE_39_length_39964_cov_67.158094	99.38		True
CONTIG	NODE_39_length_39964_cov_67.158094	39964	correct
2246369	2283745	1	37379	NC_002945.4	NODE_40_length_37379_cov_55.154676	99.95		True
CONTIG	NODE_40_length_37379_cov_55.154676	37379	correct
4259930	4293902	34025	55	NC_002945.4	NODE_41_length_34025_cov_50.474040	99.99		True
CONTIG	NODE_41_length_34025_cov_50.474040	34025	correct
2211322	2245161	1	33840	NC_002945.4	NODE_42_length_33840_cov_55.307211	100.0		True
CONTIG	NODE_42_length_33840_cov_55.307211	33840	correct
2161798	2192094	1	30298	NC_002945.4	NODE_43_length_30298_cov_51.525538	99.99		True
CONTIG	NODE_43_length_30298_cov_51.525538	30298	correct
2343764	2372345	142	28723	NC_002945.4	NODE_44_length_28723_cov_57.083823	99.98		True
CONTIG	NODE_44_length_28723_cov_57.083823	28723	correct
2665887	2693421	27534	1	NC_002945.4	NODE_45_length_27640_cov_64.671355	99.99		True
CONTIG	NODE_45_length_27640_cov_64.671355	27640	correct
105040	132201	27479	318	NC_002945.4	NODE_46_length_27479_cov_60.613959	99.97		True
CONTIG	NODE_46_length_27479_cov_60.613959	27479	correct
306724	333298	1	26470	NC_002945.4	NODE_47_length_26605_cov_69.789410	99.6		True
CONTIG	NODE_47_length_26605_cov_69.789410	26605	correct
2386668	2408607	1	21940	NC_002945.4	NODE_48_length_26371_cov_52.796830	100.0		True
relocation, inconsistency = 1287214
3695822	3700270	21941	26371	NC_002945.4	NODE_48_length_26371_cov_52.796830	99.58		True
CONTIG	NODE_48_length_26371_cov_52.796830	26371	misassembled
2776908	2799828	22921	1	NC_002945.4	NODE_49_length_22921_cov_62.616039	100.0		True
CONTIG	NODE_49_length_22921_cov_62.616039	22921	correct
2423267	2444896	1	21630	NC_002945.4	NODE_50_length_21630_cov_60.121053	99.99		True
CONTIG	NODE_50_length_21630_cov_60.121053	21630	correct
3490524	3510803	20410	128	NC_002945.4	NODE_51_length_20410_cov_71.861707	99.97		True
CONTIG	NODE_51_length_20410_cov_71.861707	20410	correct
2140776	2158516	1	17741	NC_002945.4	NODE_52_length_20376_cov_50.641217	99.96		True
local misassembly
2158655	2158913	17742	18000	NC_002945.4	NODE_52_length_20376_cov_50.641217	100.0		True
fake: scaffold gap size wrong estimation (local)
2158914	2160444	18032	19562	NC_002945.4	NODE_52_length_20376_cov_50.641217	95.49		True
CONTIG	NODE_52_length_20376_cov_50.641217	20376	correct
1171083	1189861	1	18779	NC_002945.4	NODE_53_length_18884_cov_60.129872	99.96		True
CONTIG	NODE_53_length_18884_cov_60.129872	18884	correct
2192685	2209982	1	17298	NC_002945.4	NODE_54_length_17458_cov_45.151982	99.99		True
CONTIG	NODE_54_length_17458_cov_45.151982	17458	correct
892165	909508	1	17344	NC_002945.4	NODE_55_length_17344_cov_66.391415	99.99		True
CONTIG	NODE_55_length_17344_cov_66.391415	17344	correct
133106	149980	16875	1	NC_002945.4	NODE_56_length_16875_cov_71.412109	99.96		True
CONTIG	NODE_56_length_16875_cov_71.412109	16875	correct
910050	926356	1	16307	NC_002945.4	NODE_57_length_16307_cov_62.610816	99.99		True
CONTIG	NODE_57_length_16307_cov_62.610816	16307	correct
927201	927569	369	1	NC_002945.4	NODE_58_length_15721_cov_70.375978	99.27		True
relocation, inconsistency = 302764
609085	624436	15721	370	NC_002945.4	NODE_58_length_15721_cov_70.375978	99.98		True
CONTIG	NODE_58_length_15721_cov_70.375978	15721	misassembled
3193780	3209290	15611	1	NC_002945.4	NODE_59_length_15611_cov_60.617605	100.0		True
CONTIG	NODE_59_length_15611_cov_60.617605	15611	correct
2916851	2931532	1	14682	NC_002945.4	NODE_60_length_14682_cov_74.317692	99.97		True
CONTIG	NODE_60_length_14682_cov_74.317692	14682	correct
2372427	2386761	95	14429	NC_002945.4	NODE_61_length_14429_cov_64.905887	99.98		True
CONTIG	NODE_61_length_14429_cov_64.905887	14429	correct
1190378	1204738	14361	1	NC_002945.4	NODE_62_length_14361_cov_63.916327	99.97		True
CONTIG	NODE_62_length_14361_cov_63.916327	14361	correct
2409151	2422776	13626	1	NC_002945.4	NODE_63_length_13821_cov_62.631664	99.97		True
CONTIG	NODE_63_length_13821_cov_62.631664	13821	correct
3712180	3724845	1	12666	NC_002945.4	NODE_64_length_12708_cov_51.764327	99.96		True
CONTIG	NODE_64_length_12708_cov_51.764327	12708	correct
3884643	3890278	1	5645	NC_002945.4	NODE_65_length_12530_cov_43.216802	99.79		True
local misassembly
3890969	3895311	5646	9988	NC_002945.4	NODE_65_length_12530_cov_43.216802	99.96		True
relocation, inconsistency = -13483
3881829	3882155	9989	10315	NC_002945.4	NODE_65_length_12530_cov_43.216802	100.0		True
local misassembly
3882139	3884154	10467	12530	NC_002945.4	NODE_65_length_12530_cov_43.216802	97.67		True
CONTIG	NODE_65_length_12530_cov_43.216802	12530	misassembled
2944619	2957076	1	12458	NC_002945.4	NODE_66_length_12458_cov_70.797664	99.98		True
CONTIG	NODE_66_length_12458_cov_70.797664	12458	correct
3700309	3711403	11095	1	NC_002945.4	NODE_67_length_11095_cov_52.729395	100.0		True
CONTIG	NODE_67_length_11095_cov_52.729395	11095	correct
2933646	2943963	10318	1	NC_002945.4	NODE_68_length_10318_cov_63.941615	99.99		True
CONTIG	NODE_68_length_10318_cov_63.941615	10318	correct
3209316	3219355	60	10099	NC_002945.4	NODE_69_length_10099_cov_57.715503	100.0		True
CONTIG	NODE_69_length_10099_cov_57.715503	10099	correct
1204814	1213474	8857	197	NC_002945.4	NODE_70_length_9023_cov_74.002810	99.98		True
CONTIG	NODE_70_length_9023_cov_74.002810	9023	correct
842504	849106	6805	203	NC_002945.4	NODE_71_length_6990_cov_59.552674	99.98		True
local misassembly
842052	842236	6990	6806	NC_002945.4	NODE_71_length_6990_cov_59.552674	100.0		True
CONTIG	NODE_71_length_6990_cov_59.552674	6990	correct
1986979	1992127	1	5150	NC_002945.4	NODE_72_length_5150_cov_84.289468	99.98		True
CONTIG	NODE_72_length_5150_cov_84.289468	5150	correct
1214750	1218404	3666	12	NC_002945.4	NODE_73_length_4630_cov_66.844548	99.7		True
local misassembly
1213930	1214774	4630	3786	NC_002945.4	NODE_73_length_4630_cov_66.844548	99.76		True
CONTIG	NODE_73_length_4630_cov_66.844548	4630	correct
1092465	1096461	3997	1	NC_002945.4	NODE_74_length_4415_cov_69.775886	100.0		True
local misassembly
1092049	1092365	4314	3998	NC_002945.4	NODE_74_length_4415_cov_69.775886	100.0		True
CONTIG	NODE_74_length_4415_cov_69.775886	4415	correct
1165899	1169900	4002	1	NC_002945.4	NODE_75_length_4002_cov_59.659613	99.98		True
CONTIG	NODE_75_length_4002_cov_59.659613	4002	correct
2284620	2287647	3028	1	NC_002945.4	NODE_76_length_3028_cov_55.320234	99.77		True
CONTIG	NODE_76_length_3028_cov_55.320234	3028	correct
2290710	2293716	3007	1	NC_002945.4	NODE_77_length_3007_cov_52.268403	100.0		True
CONTIG	NODE_77_length_3007_cov_52.268403	3007	correct
927969	928975	1	1016	NC_002945.4	NODE_78_length_2802_cov_19.998131	99.02		True
local misassembly
928970	930617	1155	2802	NC_002945.4	NODE_78_length_2802_cov_19.998131	100.0		True
CONTIG	NODE_78_length_2802_cov_19.998131	2802	correct
1635657	1638030	1	2425	NC_002945.4	NODE_79_length_2425_cov_54.242385	97.9		True
CONTIG	NODE_79_length_2425_cov_54.242385	2425	correct
334077	336542	2376	1	NC_002945.4	NODE_80_length_2376_cov_22.282792	96.23		True
CONTIG	NODE_80_length_2376_cov_22.282792	2376	correct
674854	676305	149	1600	NC_002945.4	NODE_81_length_1749_cov_10.543157	100.0		True
CONTIG	NODE_81_length_1749_cov_10.543157	1749	correct
849298	850913	1	1616	NC_002945.4	NODE_82_length_1616_cov_49.897303	100.0		True
CONTIG	NODE_82_length_1616_cov_49.897303	1616	correct
401182	402731	1550	1	NC_002945.4	NODE_83_length_1550_cov_106.723823	99.94		True
CONTIG	NODE_83_length_1550_cov_106.723823	1550	correct
2774150	2775623	1474	1	NC_002945.4	NODE_84_length_1474_cov_19.352635	100.0		True
CONTIG	NODE_84_length_1474_cov_19.352635	1474	correct
4193589	4195052	1	1464	NC_002945.4	NODE_85_length_1464_cov_120.144353	100.0		True
CONTIG	NODE_85_length_1464_cov_120.144353	1464	correct
1992001	1993461	1	1461	NC_002945.4	NODE_86_length_1461_cov_84.368816	100.0		True
CONTIG	NODE_86_length_1461_cov_84.368816	1461	correct
3443593	3445031	1439	1	NC_002945.4	NODE_87_length_1439_cov_47.162348	100.0		True
CONTIG	NODE_87_length_1439_cov_47.162348	1439	correct
2850558	2851962	1405	1	NC_002945.4	NODE_88_length_1405_cov_39.501305	100.0		True
CONTIG	NODE_88_length_1405_cov_39.501305	1405	correct
839479	840842	10	1373	NC_002945.4	NODE_89_length_1373_cov_31.162921	99.41		True
CONTIG	NODE_89_length_1373_cov_31.162921	1373	correct
3081416	3082771	1	1356	NC_002945.4	NODE_90_length_1356_cov_107.296176	100.0		True
CONTIG	NODE_90_length_1356_cov_107.296176	1356	correct
3673145	3674484	1	1340	NC_002945.4	NODE_91_length_1340_cov_114.535862	100.0		True
CONTIG	NODE_91_length_1340_cov_114.535862	1340	correct
3339137	3340461	1	1325	NC_002945.4	NODE_92_length_1325_cov_66.106010	100.0		True
CONTIG	NODE_92_length_1325_cov_66.106010	1325	correct
3835659	3836979	1	1321	NC_002945.4	NODE_93_length_1321_cov_140.202680	99.7		True
CONTIG	NODE_93_length_1321_cov_140.202680	1321	correct
2068361	2068483	1	123	NC_002945.4	NODE_94_length_1280_cov_51.308760	100.0		True
relocation, inconsistency = 256208
2324692	2325848	124	1280	NC_002945.4	NODE_94_length_1280_cov_51.308760	100.0		True
CONTIG	NODE_94_length_1280_cov_51.308760	1280	misassembled
2931533	2932812	1	1280	NC_002945.4	NODE_95_length_1280_cov_33.197584	100.0		True
CONTIG	NODE_95_length_1280_cov_33.197584	1280	correct
2288581	2289835	1255	1	NC_002945.4	NODE_96_length_1255_cov_75.049645	100.0		True
CONTIG	NODE_96_length_1255_cov_75.049645	1255	correct
2210130	2211321	1	1192	NC_002945.4	NODE_97_length_1192_cov_40.216831	100.0		True
CONTIG	NODE_97_length_1192_cov_40.216831	1192	correct
2287521	2288707	1	1187	NC_002945.4	NODE_98_length_1187_cov_64.366038	100.0		True
CONTIG	NODE_98_length_1187_cov_64.366038	1187	correct
2283619	2284746	1128	1	NC_002945.4	NODE_99_length_1128_cov_138.098901	99.91		True
CONTIG	NODE_99_length_1128_cov_138.098901	1128	correct
3711277	3712306	1	1030	NC_002945.4	NODE_100_length_1030_cov_133.462901	100.0		True
CONTIG	NODE_100_length_1030_cov_133.462901	1030	correct
1165044	1166025	1	982	NC_002945.4	NODE_101_length_982_cov_135.997661	99.9		True
CONTIG	NODE_101_length_982_cov_135.997661	982	correct
3442285	3443193	1	909	NC_002945.4	NODE_102_length_909_cov_349.433504	100.0		True
CONTIG	NODE_102_length_909_cov_349.433504	909	correct
3341521	3342410	890	1	NC_002945.4	NODE_103_length_890_cov_56.429882	100.0		True
CONTIG	NODE_103_length_890_cov_56.429882	890	correct
2191968	2192811	1	844	NC_002945.4	NODE_104_length_844_cov_110.059972	100.0		True
CONTIG	NODE_104_length_844_cov_110.059972	844	correct
1985839	1986470	632	1	NC_002945.4	NODE_105_length_799_cov_11.605655	100.0		True
CONTIG	NODE_105_length_799_cov_11.605655	799	correct
3444905	3445699	795	1	NC_002945.4	NODE_106_length_795_cov_115.675150	100.0		True
CONTIG	NODE_106_length_795_cov_115.675150	795	correct
2693295	2694038	1	744	NC_002945.4	NODE_107_length_744_cov_108.163695	100.0		True
CONTIG	NODE_107_length_744_cov_108.163695	744	correct
3884045	3884769	707	1	NC_002945.4	NODE_108_length_707_cov_34.267241	97.38		True
CONTIG	NODE_108_length_707_cov_34.267241	707	correct
2773501	2774149	649	1	NC_002945.4	NODE_109_length_677_cov_6.494545	99.85		True
CONTIG	NODE_109_length_677_cov_6.494545	677	correct
3340552	3341186	1	635	NC_002945.4	NODE_110_length_635_cov_57.980315	100.0		True
CONTIG	NODE_110_length_635_cov_57.980315	635	correct
3341060	3341647	588	1	NC_002945.4	NODE_111_length_588_cov_102.616052	100.0		True
CONTIG	NODE_111_length_588_cov_102.616052	588	correct
CONTIG	NODE_112_length_578_cov_0.620843	578	unaligned
CONTIG	NODE_113_length_565_cov_0.646119	565	unaligned
CONTIG	NODE_114_length_564_cov_1.130435	564	unaligned
841600	841979	495	116	NC_002945.4	NODE_115_length_561_cov_1.891705	96.84		True
CONTIG	NODE_115_length_561_cov_1.891705	561	correct
3979598	3980067	70	539	NC_002945.4	NODE_116_length_539_cov_5.660194	99.36		True
CONTIG	NODE_116_length_539_cov_5.660194	539	correct
CONTIG	NODE_117_length_511_cov_0.963542	511	unaligned
CONTIG	NODE_118_length_500_cov_0.997319	500	unaligned
