S1	E1	S2	E2	Reference	Contig	IDY	Ambiguous	Best_group
2444879	2665668	1	220848	NC_002945.4	NODE_1_length_248479_cov_53.305119	99.96		True
local misassembly
2665806	2693421	220865	248479	NC_002945.4	NODE_1_length_248479_cov_53.305119	99.99		True
CONTIG	NODE_1_length_248479_cov_53.305119	248479	correct
2944619	3193870	248407	1	NC_002945.4	NODE_2_length_248407_cov_52.960097	99.56		True
CONTIG	NODE_2_length_248407_cov_52.960097	248407	correct
402605	607788	204915	1	NC_002945.4	NODE_3_length_204915_cov_52.337056	99.86		True
CONTIG	NODE_3_length_204915_cov_52.337056	204915	correct
3488378	3673271	1	184786	NC_002945.4	NODE_4_length_184786_cov_54.230836	99.93		True
CONTIG	NODE_4_length_184786_cov_54.230836	184786	correct
676731	824045	188	147503	NC_002945.4	NODE_5_length_161067_cov_53.117056	99.99		True
local misassembly
824601	838029	147504	160932	NC_002945.4	NODE_5_length_161067_cov_53.117056	99.98		True
CONTIG	NODE_5_length_161067_cov_53.117056	161067	correct
1853844	1985613	131304	1	NC_002945.4	NODE_6_length_156695_cov_50.022891	99.63		True
relocation, inconsistency = -1845923
3674358	3699766	156695	131305	NC_002945.4	NODE_6_length_156695_cov_50.022891	99.93		True
CONTIG	NODE_6_length_156695_cov_50.022891	156695	misassembled
150152	306692	1	156514	NC_002945.4	NODE_7_length_156514_cov_52.973188	99.97		True
CONTIG	NODE_7_length_156514_cov_52.973188	156514	correct
30083	103918	73849	1	NC_002945.4	NODE_8_length_143857_cov_52.844368	99.96		True
local misassembly
1	29469	103319	73851	NC_002945.4	NODE_8_length_143857_cov_52.844368	99.99		True
fake: not a misassembly [linear representation of circular genome]
4309411	4349904	143812	103320	NC_002945.4	NODE_8_length_143857_cov_52.844368	99.99		True
CONTIG	NODE_8_length_143857_cov_52.844368	143857	correct
2056950	2083604	10	26664	NC_002945.4	NODE_9_length_134488_cov_53.699243	99.98		True
local misassembly
2083596	2158516	26803	101723	NC_002945.4	NODE_9_length_134488_cov_53.699243	99.98		True
local misassembly
2158655	2159088	101724	102157	NC_002945.4	NODE_9_length_134488_cov_53.699243	100.0		True
fake: scaffold gap size wrong estimation (local)
2160645	2160846	103520	103721	NC_002945.4	NODE_9_length_134488_cov_53.699243	100.0		True
fake: scaffold gap size wrong estimation (local)
2160997	2192094	103822	134488	NC_002945.4	NODE_9_length_134488_cov_53.699243	98.6		True
CONTIG	NODE_9_length_134488_cov_53.699243	134488	correct
1638822	1769053	130323	93	NC_002945.4	NODE_10_length_130323_cov_53.238763	99.99		True
CONTIG	NODE_10_length_130323_cov_53.238763	130323	correct
1010930	1092290	81620	257	NC_002945.4	NODE_11_length_120957_cov_53.231855	99.99		True
relocation, inconsistency = 1457
970264	1009472	120828	81621	NC_002945.4	NODE_11_length_120957_cov_53.231855	99.98		True
CONTIG	NODE_11_length_120957_cov_53.231855	120957	misassembled
3297603	3338802	41251	1	NC_002945.4	NODE_12_length_119610_cov_51.970808	99.96		True
local misassembly
3219533	3297478	119496	41494	NC_002945.4	NODE_12_length_119610_cov_51.970808	99.92		True
CONTIG	NODE_12_length_119610_cov_51.970808	119610	correct
3343594	3442410	1	98885	NC_002945.4	NODE_13_length_98885_cov_53.644130	99.92		True
CONTIG	NODE_13_length_98885_cov_53.644130	98885	correct
4097330	4193715	96386	1	NC_002945.4	NODE_14_length_96386_cov_54.242897	99.99		True
CONTIG	NODE_14_length_96386_cov_54.242897	96386	correct
3897372	3979446	75	82140	NC_002945.4	NODE_15_length_82148_cov_53.220882	99.97		True
CONTIG	NODE_15_length_82148_cov_53.220882	82148	correct
1491995	1573745	81752	2	NC_002945.4	NODE_16_length_82082_cov_53.779916	99.93		True
CONTIG	NODE_16_length_82082_cov_53.779916	82082	correct
2693912	2773105	79291	99	NC_002945.4	NODE_17_length_79291_cov_52.089637	99.99		True
CONTIG	NODE_17_length_79291_cov_52.089637	79291	correct
1779460	1853791	1	74332	NC_002945.4	NODE_18_length_74332_cov_54.544519	99.99		True
CONTIG	NODE_18_length_74332_cov_54.544519	74332	correct
1096985	1165170	1	68186	NC_002945.4	NODE_19_length_68186_cov_52.464538	99.99		True
CONTIG	NODE_19_length_68186_cov_52.464538	68186	correct
2852117	2916393	202	64478	NC_002945.4	NODE_20_length_64478_cov_53.173129	99.98		True
CONTIG	NODE_20_length_64478_cov_53.173129	64478	correct
2343821	2372129	137	28445	NC_002945.4	NODE_21_length_64475_cov_50.089109	99.98		True
local misassembly
2372625	2408712	28446	64475	NC_002945.4	NODE_21_length_64475_cov_50.089109	99.83		True
CONTIG	NODE_21_length_64475_cov_50.089109	64475	correct
4194926	4259153	1	64228	NC_002945.4	NODE_22_length_64228_cov_53.980312	99.99		True
CONTIG	NODE_22_length_64228_cov_53.980312	64228	correct
1993076	2056402	63340	14	NC_002945.4	NODE_23_length_63373_cov_52.178826	99.98		True
CONTIG	NODE_23_length_63373_cov_52.178826	63373	correct
1280097	1343223	63189	1	NC_002945.4	NODE_24_length_63189_cov_57.502616	99.89		True
CONTIG	NODE_24_length_63189_cov_57.502616	63189	correct
4035774	4097346	61572	1	NC_002945.4	NODE_25_length_61572_cov_51.391179	99.99		True
CONTIG	NODE_25_length_61572_cov_51.391179	61572	correct
1219508	1278412	1	58905	NC_002945.4	NODE_26_length_58905_cov_53.128569	99.99		True
CONTIG	NODE_26_length_58905_cov_53.128569	58905	correct
3777400	3835785	1	58318	NC_002945.4	NODE_27_length_58318_cov_53.719785	99.87		True
CONTIG	NODE_27_length_58318_cov_53.719785	58318	correct
1413935	1470724	56733	1	NC_002945.4	NODE_28_length_56733_cov_54.416263	99.89		True
CONTIG	NODE_28_length_56733_cov_54.416263	56733	correct
2801012	2852066	1	51055	NC_002945.4	NODE_29_length_51055_cov_54.384013	99.99		True
CONTIG	NODE_29_length_51055_cov_54.384013	51055	correct
4000854	4035787	34934	1	NC_002945.4	NODE_30_length_50836_cov_53.510896	99.98		True
fake: scaffold gap size wrong estimation (local)
3984830	4000631	50836	35035	NC_002945.4	NODE_30_length_50836_cov_53.510896	100.0		True
CONTIG	NODE_30_length_50836_cov_53.510896	50836	correct
1574142	1623827	131	49816	NC_002945.4	NODE_31_length_49816_cov_52.785365	99.98		True
CONTIG	NODE_31_length_49816_cov_52.785365	49816	correct
842489	891078	1	48590	NC_002945.4	NODE_32_length_48590_cov_51.726142	99.99		True
CONTIG	NODE_32_length_48590_cov_51.726142	48590	correct
625359	673257	18	47916	NC_002945.4	NODE_33_length_47960_cov_53.562039	99.99		True
CONTIG	NODE_33_length_47960_cov_53.562039	47960	correct
2294650	2324391	1	29742	NC_002945.4	NODE_34_length_47149_cov_53.380822	99.99		True
relocation, inconsistency = 2596
2326988	2343681	29743	46436	NC_002945.4	NODE_34_length_47149_cov_53.380822	99.98		True
relocation, inconsistency = 1550909
3894591	3895303	47149	46437	NC_002945.4	NODE_34_length_47149_cov_53.380822	99.73		True
CONTIG	NODE_34_length_47149_cov_53.380822	47149	misassembled
3712180	3737477	1	25298	NC_002945.4	NODE_35_length_46583_cov_47.251787	99.97		True
local misassembly
3737688	3758844	25299	46455	NC_002945.4	NODE_35_length_46583_cov_47.251787	100.0		True
CONTIG	NODE_35_length_46583_cov_47.251787	46583	correct
1343879	1386522	1	42649	NC_002945.4	NODE_36_length_42893_cov_53.007646	99.98		True
CONTIG	NODE_36_length_42893_cov_53.007646	42893	correct
3445573	3488322	1	42750	NC_002945.4	NODE_37_length_42750_cov_52.689909	99.97		True
CONTIG	NODE_37_length_42750_cov_52.689909	42750	correct
928601	928975	1	384	NC_002945.4	NODE_38_length_41940_cov_50.313850	97.66		True
local misassembly
928970	970128	523	41921	NC_002945.4	NODE_38_length_41940_cov_50.313850	99.4		True
CONTIG	NODE_38_length_41940_cov_50.313850	41940	correct
3836888	3878220	41325	1	NC_002945.4	NODE_39_length_41325_cov_51.937012	99.96		True
CONTIG	NODE_39_length_41325_cov_51.937012	41325	correct
363785	401308	3	37526	NC_002945.4	NODE_40_length_37526_cov_50.297388	99.99		True
CONTIG	NODE_40_length_37526_cov_50.297388	37526	correct
2246369	2283745	37379	1	NC_002945.4	NODE_41_length_37379_cov_53.997960	99.95		True
CONTIG	NODE_41_length_37379_cov_53.997960	37379	correct
2210167	2246088	224	36145	NC_002945.4	NODE_42_length_36145_cov_57.159226	100.0		True
CONTIG	NODE_42_length_36145_cov_57.159226	36145	correct
4259930	4293948	1	34017	NC_002945.4	NODE_43_length_34017_cov_50.952139	99.98		True
CONTIG	NODE_43_length_34017_cov_50.952139	34017	correct
1171083	1189860	1	18778	NC_002945.4	NODE_44_length_30793_cov_52.999576	99.99		True
relocation, inconsistency = 2858
1192719	1204730	18779	30793	NC_002945.4	NODE_44_length_30793_cov_52.999576	99.83		True
CONTIG	NODE_44_length_30793_cov_52.999576	30793	misassembled
105040	132035	1	26996	NC_002945.4	NODE_45_length_27179_cov_51.678656	99.97		True
CONTIG	NODE_45_length_27179_cov_51.678656	27179	correct
306718	333298	1	26476	NC_002945.4	NODE_46_length_26642_cov_52.644239	99.6		True
CONTIG	NODE_46_length_26642_cov_52.644239	26642	correct
1386985	1412955	25971	1	NC_002945.4	NODE_47_length_25971_cov_50.636047	99.98		True
CONTIG	NODE_47_length_25971_cov_50.636047	25971	correct
338972	363695	24948	312	NC_002945.4	NODE_48_length_24948_cov_50.084727	99.62		True
CONTIG	NODE_48_length_24948_cov_50.084727	24948	correct
2776928	2799828	153	23053	NC_002945.4	NODE_49_length_23053_cov_53.618381	100.0		True
CONTIG	NODE_49_length_23053_cov_53.618381	23053	correct
2423267	2444896	1	21630	NC_002945.4	NODE_50_length_21630_cov_54.345952	99.99		True
CONTIG	NODE_50_length_21630_cov_54.345952	21630	correct
1490961	1491382	422	1	NC_002945.4	NODE_51_length_19236_cov_51.598566	100.0		True
local misassembly
1471935	1490747	19236	423	NC_002945.4	NODE_51_length_19236_cov_51.598566	99.98		True
CONTIG	NODE_51_length_19236_cov_51.598566	19236	correct
3759412	3777383	25	17998	NC_002945.4	NODE_52_length_17998_cov_50.640591	99.96		True
CONTIG	NODE_52_length_17998_cov_50.640591	17998	correct
2192685	2210040	1	17356	NC_002945.4	NODE_53_length_17356_cov_53.152940	99.99		True
CONTIG	NODE_53_length_17356_cov_53.152940	17356	correct
892165	909508	1	17344	NC_002945.4	NODE_54_length_17344_cov_55.727246	99.99		True
CONTIG	NODE_54_length_17344_cov_55.727246	17344	correct
132713	149549	1	16837	NC_002945.4	NODE_55_length_16837_cov_56.857032	99.96		True
CONTIG	NODE_55_length_16837_cov_56.857032	16837	correct
910050	926152	1	16103	NC_002945.4	NODE_56_length_16609_cov_54.536403	99.99		True
relocation, inconsistency = 571468
338085	338581	16609	16104	NC_002945.4	NODE_56_length_16609_cov_54.536403	98.16		True
CONTIG	NODE_56_length_16609_cov_54.536403	16609	misassembled
3193780	3209295	15616	1	NC_002945.4	NODE_57_length_15616_cov_53.477888	100.0		True
CONTIG	NODE_57_length_15616_cov_53.477888	15616	correct
2916851	2932273	15424	2	NC_002945.4	NODE_58_length_15424_cov_60.021246	99.96		True
CONTIG	NODE_58_length_15424_cov_60.021246	15424	correct
609085	624302	15324	107	NC_002945.4	NODE_59_length_15324_cov_53.576166	99.99		True
CONTIG	NODE_59_length_15324_cov_53.576166	15324	correct
4294644	4309395	14784	33	NC_002945.4	NODE_60_length_15171_cov_49.486307	99.98		True
inversion
4294232	4294618	14785	15171	NC_002945.4	NODE_60_length_15171_cov_49.486307	100.0		True
CONTIG	NODE_60_length_15171_cov_49.486307	15171	misassembled
2409230	2422776	124	13670	NC_002945.4	NODE_61_length_13670_cov_54.623496	99.98		True
CONTIG	NODE_61_length_13670_cov_54.623496	13670	correct
3881820	3882155	173	508	NC_002945.4	NODE_62_length_11617_cov_21.435683	100.0		True
local misassembly
3882139	3884027	660	2596	NC_002945.4	NODE_62_length_11617_cov_21.435683	97.69		True
local misassembly
3884643	3890278	2597	8241	NC_002945.4	NODE_62_length_11617_cov_21.435683	99.79		True
local misassembly
3890969	3894344	8242	11617	NC_002945.4	NODE_62_length_11617_cov_21.435683	99.89		True
CONTIG	NODE_62_length_11617_cov_21.435683	11617	correct
3700330	3711048	147	10865	NC_002945.4	NODE_63_length_10865_cov_39.594431	100.0		True
CONTIG	NODE_63_length_10865_cov_39.594431	10865	correct
2933646	2943963	1	10318	NC_002945.4	NODE_64_length_10318_cov_54.574821	99.99		True
CONTIG	NODE_64_length_10318_cov_54.574821	10318	correct
3209307	3219347	1	10041	NC_002945.4	NODE_65_length_10041_cov_51.630522	100.0		True
CONTIG	NODE_65_length_10041_cov_51.630522	10041	correct
1623848	1633328	9433	1	NC_002945.4	NODE_66_length_9594_cov_45.434351	99.42		True
CONTIG	NODE_66_length_9594_cov_45.434351	9594	correct
1204745	1213902	9088	6	NC_002945.4	NODE_67_length_9296_cov_49.611517	99.15		True
CONTIG	NODE_67_length_9296_cov_49.611517	9296	correct
1987055	1992127	1	5074	NC_002945.4	NODE_68_length_5074_cov_60.198908	99.96		True
CONTIG	NODE_68_length_5074_cov_60.198908	5074	correct
3980257	3984662	4406	1	NC_002945.4	NODE_69_length_4676_cov_44.128820	100.0		True
CONTIG	NODE_69_length_4676_cov_44.128820	4676	correct
1214750	1218317	3672	105	NC_002945.4	NODE_70_length_4632_cov_42.549834	100.0		True
local misassembly
1213934	1214774	4632	3792	NC_002945.4	NODE_70_length_4632_cov_42.549834	99.64		True
CONTIG	NODE_70_length_4632_cov_42.549834	4632	correct
1092440	1096461	1	4022	NC_002945.4	NODE_71_length_4022_cov_48.459820	99.98		True
CONTIG	NODE_71_length_4022_cov_48.459820	4022	correct
1165899	1169900	1	4002	NC_002945.4	NODE_72_length_4002_cov_55.526452	99.98		True
CONTIG	NODE_72_length_4002_cov_55.526452	4002	correct
2284620	2287647	1	3028	NC_002945.4	NODE_73_length_3028_cov_40.702861	99.77		True
CONTIG	NODE_73_length_3028_cov_40.702861	3028	correct
2290710	2293716	1	3007	NC_002945.4	NODE_74_length_3007_cov_43.848958	100.0		True
CONTIG	NODE_74_length_3007_cov_43.848958	3007	correct
1638385	1638822	438	1	NC_002945.4	NODE_75_length_2971_cov_30.890295	99.78		True
local misassembly
1635657	1638240	2971	439	NC_002945.4	NODE_75_length_2971_cov_30.890295	98.03		True
CONTIG	NODE_75_length_2971_cov_30.890295	2971	correct
3878330	3881088	2759	1	NC_002945.4	NODE_76_length_2786_cov_10.914630	99.96		True
CONTIG	NODE_76_length_2786_cov_10.914630	2786	correct
1190378	1193012	1	2635	NC_002945.4	NODE_77_length_2635_cov_21.778708	99.96		True
CONTIG	NODE_77_length_2635_cov_21.778708	2635	correct
336693	338039	1347	1	NC_002945.4	NODE_78_length_2312_cov_16.610984	100.0		True
local misassembly
335617	336497	2312	1432	NC_002945.4	NODE_78_length_2312_cov_16.610984	99.66		True
CONTIG	NODE_78_length_2312_cov_16.610984	2312	correct
2325840	2326009	202	371	NC_002945.4	NODE_79_length_1695_cov_34.423469	100.0		True
inversion
2324572	2325766	1566	372	NC_002945.4	NODE_79_length_1695_cov_34.423469	100.0		True
CONTIG	NODE_79_length_1695_cov_34.423469	1695	misassembled
CONTIG	NODE_80_length_1688_cov_1.690583	1688	unaligned
401182	402731	1550	1	NC_002945.4	NODE_81_length_1550_cov_87.132818	99.94		True
CONTIG	NODE_81_length_1550_cov_87.132818	1550	correct
4193589	4195052	1464	1	NC_002945.4	NODE_82_length_1464_cov_111.439043	100.0		True
CONTIG	NODE_82_length_1464_cov_111.439043	1464	correct
3443593	3445031	1439	1	NC_002945.4	NODE_83_length_1439_cov_61.707317	100.0		True
CONTIG	NODE_83_length_1439_cov_61.707317	1439	correct
CONTIG	NODE_84_length_1436_cov_4.860963	1436	unaligned
2774318	2775585	1268	1	NC_002945.4	NODE_85_length_1421_cov_8.353168	99.84		True
CONTIG	NODE_85_length_1421_cov_8.353168	1421	correct
3673145	3674484	1	1340	NC_002945.4	NODE_86_length_1340_cov_102.945589	100.0		True
CONTIG	NODE_86_length_1340_cov_102.945589	1340	correct
3339137	3340461	1325	1	NC_002945.4	NODE_87_length_1325_cov_54.504174	100.0		True
CONTIG	NODE_87_length_1325_cov_54.504174	1325	correct
3835659	3836979	1	1321	NC_002945.4	NODE_88_length_1321_cov_119.824121	99.77		True
CONTIG	NODE_88_length_1321_cov_119.824121	1321	correct
2288581	2289835	1	1255	NC_002945.4	NODE_89_length_1255_cov_60.951241	100.0		True
CONTIG	NODE_89_length_1255_cov_60.951241	1255	correct
2287521	2288707	1	1187	NC_002945.4	NODE_90_length_1187_cov_47.175472	100.0		True
CONTIG	NODE_90_length_1187_cov_47.175472	1187	correct
2283619	2284746	1128	1	NC_002945.4	NODE_91_length_1128_cov_103.563437	99.91		True
CONTIG	NODE_91_length_1128_cov_103.563437	1128	correct
3711277	3712306	1	1030	NC_002945.4	NODE_92_length_1030_cov_111.719823	100.0		True
CONTIG	NODE_92_length_1030_cov_111.719823	1030	correct
CONTIG	NODE_93_length_1013_cov_16.012415	1013	unaligned
1165044	1166025	1	982	NC_002945.4	NODE_94_length_982_cov_108.761404	100.0		True
CONTIG	NODE_94_length_982_cov_108.761404	982	correct
3442285	3443193	909	1	NC_002945.4	NODE_95_length_909_cov_339.122762	100.0		True
CONTIG	NODE_95_length_909_cov_339.122762	909	correct
CONTIG	NODE_96_length_903_cov_2.722938	903	unaligned
3341521	3342410	890	1	NC_002945.4	NODE_97_length_890_cov_45.855832	100.0		True
CONTIG	NODE_97_length_890_cov_45.855832	890	correct
CONTIG	NODE_98_length_865_cov_1.998645	865	unaligned
1278286	1279129	844	1	NC_002945.4	NODE_99_length_844_cov_99.259414	100.0		True
CONTIG	NODE_99_length_844_cov_99.259414	844	correct
CONTIG	NODE_100_length_811_cov_0.902047	811	unaligned
3444905	3445699	1	795	NC_002945.4	NODE_101_length_795_cov_110.983533	100.0		True
CONTIG	NODE_101_length_795_cov_110.983533	795	correct
CONTIG	NODE_102_length_757_cov_1.230159	757	unaligned
1985764	1986514	751	1	NC_002945.4	NODE_103_length_751_cov_2.891026	100.0		True
CONTIG	NODE_103_length_751_cov_2.891026	751	correct
CONTIG	NODE_104_length_747_cov_3.724194	747	unaligned
2422650	2423393	1	744	NC_002945.4	NODE_105_length_744_cov_101.371151	100.0		True
CONTIG	NODE_105_length_744_cov_101.371151	744	correct
CONTIG	NODE_106_length_730_cov_1.744610	730	unaligned
2932254	2932852	599	1	NC_002945.4	NODE_107_length_728_cov_1.429285	99.67		True
CONTIG	NODE_107_length_728_cov_1.429285	728	correct
674119	674386	268	1	NC_002945.4	NODE_108_length_727_cov_2.773333	100.0		True
local misassembly
674260	674718	727	269	NC_002945.4	NODE_108_length_727_cov_2.773333	100.0		True
CONTIG	NODE_108_length_727_cov_2.773333	727	correct
2773489	2774149	661	1	NC_002945.4	NODE_109_length_662_cov_6.343925	100.0		True
CONTIG	NODE_109_length_662_cov_6.343925	662	correct
CONTIG	NODE_110_length_655_cov_1.871212	655	unaligned
3340552	3341186	1	635	NC_002945.4	NODE_111_length_635_cov_46.535433	100.0		True
CONTIG	NODE_111_length_635_cov_46.535433	635	correct
CONTIG	NODE_112_length_635_cov_1.275591	635	unaligned
673511	674058	84	631	NC_002945.4	NODE_113_length_631_cov_4.003968	99.64		True
CONTIG	NODE_113_length_631_cov_4.003968	631	correct
CONTIG	NODE_114_length_614_cov_6.422998	614	unaligned
CONTIG	NODE_115_length_589_cov_0.798701	589	unaligned
3341060	3341647	588	1	NC_002945.4	NODE_116_length_588_cov_87.661605	100.0		True
CONTIG	NODE_116_length_588_cov_87.661605	588	correct
CONTIG	NODE_117_length_565_cov_0.737443	565	unaligned
1218462	1219020	559	1	NC_002945.4	NODE_118_length_559_cov_1.692130	100.0		True
CONTIG	NODE_118_length_559_cov_1.692130	559	correct
CONTIG	NODE_119_length_555_cov_0.922897	555	unaligned
675255	675380	1	126	NC_002945.4	NODE_120_length_536_cov_8.877751	100.0		True
local misassembly
674972	675381	127	536	NC_002945.4	NODE_120_length_536_cov_8.877751	100.0		True
CONTIG	NODE_120_length_536_cov_8.877751	536	correct
CONTIG	NODE_121_length_529_cov_1.440299	529	unaligned
