S1	E1	S2	E2	Reference	Contig	IDY	Ambiguous	Best_group
3445573	3673271	227591	1	NC_002945.4	NODE_1_length_227591_cov_39.102583	99.93		True
CONTIG	NODE_1_length_227591_cov_39.102583	227591	correct
402605	607788	1	204916	NC_002945.4	NODE_2_length_204916_cov_38.474806	99.86		True
CONTIG	NODE_2_length_204916_cov_38.474806	204916	correct
676570	824045	1	147477	NC_002945.4	NODE_3_length_160967_cov_38.857162	99.99		True
local misassembly
824601	838020	147478	160897	NC_002945.4	NODE_3_length_160967_cov_38.857162	99.96		True
CONTIG	NODE_3_length_160967_cov_38.857162	160967	correct
150085	306653	156746	205	NC_002945.4	NODE_4_length_156746_cov_38.390962	99.97		True
CONTIG	NODE_4_length_156746_cov_38.390962	156746	correct
2453674	2609245	155573	1	NC_002945.4	NODE_5_length_155631_cov_38.848139	99.98		True
CONTIG	NODE_5_length_155631_cov_38.848139	155631	correct
2957039	3108451	150791	68	NC_002945.4	NODE_6_length_150791_cov_38.464072	99.39		True
CONTIG	NODE_6_length_150791_cov_38.464072	150791	correct
4309413	4349904	11	40501	NC_002945.4	NODE_7_length_143820_cov_39.923309	99.99		True
fake: not a misassembly [linear representation of circular genome]
1	29469	40502	69970	NC_002945.4	NODE_7_length_143820_cov_39.923309	99.99		True
local misassembly
30083	103918	69972	143820	NC_002945.4	NODE_7_length_143820_cov_39.923309	99.96		True
CONTIG	NODE_7_length_143820_cov_39.923309	143820	correct
1853872	1985614	131296	20	NC_002945.4	NODE_8_length_131296_cov_36.720704	99.63		True
CONTIG	NODE_8_length_131296_cov_36.720704	131296	correct
1638948	1769053	193	130297	NC_002945.4	NODE_9_length_130389_cov_40.454599	99.99		True
CONTIG	NODE_9_length_130389_cov_40.454599	130389	correct
1010930	1091530	80604	1	NC_002945.4	NODE_10_length_119899_cov_38.919931	99.99		True
relocation, inconsistency = 1457
970177	1009472	119899	80605	NC_002945.4	NODE_10_length_119899_cov_38.919931	99.98		True
CONTIG	NODE_10_length_119899_cov_38.919931	119899	misassembled
3219383	3338080	31	118954	NC_002945.4	NODE_11_length_118954_cov_38.275493	99.88		True
CONTIG	NODE_11_length_118954_cov_38.275493	118954	correct
3343594	3442410	98885	1	NC_002945.4	NODE_12_length_98885_cov_39.819387	99.92		True
CONTIG	NODE_12_length_98885_cov_39.819387	98885	correct
2056597	2056887	1	291	NC_002945.4	NODE_13_length_84056_cov_38.362890	99.67		True
local misassembly
2057110	2083604	292	26786	NC_002945.4	NODE_13_length_84056_cov_38.362890	99.98		True
local misassembly
2083596	2140727	26925	84056	NC_002945.4	NODE_13_length_84056_cov_38.362890	99.99		True
CONTIG	NODE_13_length_84056_cov_38.362890	84056	correct
3897145	3979446	1	82293	NC_002945.4	NODE_14_length_82327_cov_38.807628	99.98		True
CONTIG	NODE_14_length_82327_cov_38.807628	82327	correct
2693912	2773057	1	79145	NC_002945.4	NODE_15_length_79313_cov_37.723360	99.99		True
CONTIG	NODE_15_length_79313_cov_37.723360	79313	correct
1779460	1853808	74349	1	NC_002945.4	NODE_16_length_74349_cov_38.499286	99.99		True
CONTIG	NODE_16_length_74349_cov_38.499286	74349	correct
3124584	3193870	69233	1	NC_002945.4	NODE_17_length_69233_cov_38.862052	99.91		True
CONTIG	NODE_17_length_69233_cov_38.862052	69233	correct
1096985	1165170	1	68175	NC_002945.4	NODE_18_length_68175_cov_38.432239	99.97		True
CONTIG	NODE_18_length_68175_cov_38.432239	68175	correct
2852149	2916393	64244	1	NC_002945.4	NODE_19_length_64395_cov_36.882757	99.98		True
CONTIG	NODE_19_length_64395_cov_36.882757	64395	correct
4194926	4259153	1	64228	NC_002945.4	NODE_20_length_64228_cov_41.127486	99.99		True
CONTIG	NODE_20_length_64228_cov_41.127486	64228	correct
1280097	1343223	63189	1	NC_002945.4	NODE_21_length_63189_cov_42.937363	99.89		True
CONTIG	NODE_21_length_63189_cov_42.937363	63189	correct
4035911	4097403	1	61492	NC_002945.4	NODE_22_length_61492_cov_36.360140	99.99		True
CONTIG	NODE_22_length_61492_cov_36.360140	61492	correct
1387438	1447560	60123	1	NC_002945.4	NODE_23_length_60422_cov_38.695763	99.98		True
CONTIG	NODE_23_length_60422_cov_38.695763	60422	correct
1997170	2056440	1	59271	NC_002945.4	NODE_24_length_59271_cov_38.435243	99.98		True
CONTIG	NODE_24_length_59271_cov_38.435243	59271	correct
1219661	1278412	58752	1	NC_002945.4	NODE_25_length_58752_cov_38.140213	99.99		True
CONTIG	NODE_25_length_58752_cov_38.140213	58752	correct
3777400	3835785	58318	1	NC_002945.4	NODE_26_length_58318_cov_39.427145	99.87		True
CONTIG	NODE_26_length_58318_cov_39.427145	58318	correct
2611920	2665748	53883	1	NC_002945.4	NODE_27_length_53975_cov_37.181399	99.89		True
CONTIG	NODE_27_length_53975_cov_37.181399	53975	correct
2192685	2245161	1	52477	NC_002945.4	NODE_28_length_52477_cov_42.823649	99.99		True
CONTIG	NODE_28_length_52477_cov_42.823649	52477	correct
4141989	4193715	5	51731	NC_002945.4	NODE_29_length_51731_cov_39.799822	99.99		True
CONTIG	NODE_29_length_51731_cov_39.799822	51731	correct
338377	363586	25383	261	NC_002945.4	NODE_30_length_51466_cov_36.532402	99.61		True
relocation, inconsistency = 5633
306728	332743	51294	25384	NC_002945.4	NODE_30_length_51466_cov_36.532402	99.59		True
CONTIG	NODE_30_length_51466_cov_36.532402	51466	misassembled
2801012	2852054	1	51043	NC_002945.4	NODE_31_length_51043_cov_38.580309	99.99		True
CONTIG	NODE_31_length_51043_cov_38.580309	51043	correct
4000854	4035809	34956	1	NC_002945.4	NODE_32_length_50966_cov_37.482012	99.98		True
fake: scaffold gap size wrong estimation (local)
3984850	4000631	50838	35057	NC_002945.4	NODE_32_length_50966_cov_37.482012	100.0		True
CONTIG	NODE_32_length_50966_cov_37.482012	50966	correct
1574064	1623828	49765	1	NC_002945.4	NODE_33_length_49765_cov_37.481526	99.98		True
CONTIG	NODE_33_length_49765_cov_37.481526	49765	correct
842765	891078	209	48522	NC_002945.4	NODE_34_length_48522_cov_38.482612	99.99		True
CONTIG	NODE_34_length_48522_cov_38.482612	48522	correct
625427	673257	1	47831	NC_002945.4	NODE_35_length_47859_cov_37.499267	99.99		True
CONTIG	NODE_35_length_47859_cov_37.499267	47859	correct
4097387	4141986	1	44600	NC_002945.4	NODE_36_length_44763_cov_38.172103	100.0		True
CONTIG	NODE_36_length_44763_cov_38.172103	44763	correct
1492134	1535110	42977	1	NC_002945.4	NODE_37_length_43103_cov_42.454905	99.98		True
CONTIG	NODE_37_length_43103_cov_42.454905	43103	correct
1343879	1386550	42994	318	NC_002945.4	NODE_38_length_42994_cov_38.285581	99.99		True
CONTIG	NODE_38_length_42994_cov_38.285581	42994	correct
928970	970123	41274	1	NC_002945.4	NODE_39_length_42204_cov_35.902607	99.69		True
local misassembly
928257	928975	42140	41413	NC_002945.4	NODE_39_length_42204_cov_35.902607	98.76		True
CONTIG	NODE_39_length_42204_cov_35.902607	42204	correct
3836888	3878177	41282	1	NC_002945.4	NODE_40_length_41282_cov_38.216353	99.91		True
CONTIG	NODE_40_length_41282_cov_38.216353	41282	correct
1535942	1573427	37486	1	NC_002945.4	NODE_41_length_37486_cov_38.180813	99.99		True
CONTIG	NODE_41_length_37486_cov_38.180813	37486	correct
2246369	2283745	1	37379	NC_002945.4	NODE_42_length_37379_cov_40.689547	99.95		True
CONTIG	NODE_42_length_37379_cov_40.689547	37379	correct
363936	401308	1	37373	NC_002945.4	NODE_43_length_37373_cov_36.519599	99.99		True
CONTIG	NODE_43_length_37373_cov_36.519599	37373	correct
3737665	3759800	22139	1	NC_002945.4	NODE_44_length_34748_cov_38.699806	99.98		True
local misassembly
3724846	3737454	34748	22140	NC_002945.4	NODE_44_length_34748_cov_38.699806	99.98		True
CONTIG	NODE_44_length_34748_cov_38.699806	34748	correct
4259930	4293935	34152	149	NC_002945.4	NODE_45_length_34152_cov_38.978575	99.99		True
CONTIG	NODE_45_length_34152_cov_38.978575	34152	correct
1171083	1189860	1	18778	NC_002945.4	NODE_46_length_33445_cov_36.791374	99.99		True
local misassembly
1190092	1204758	18779	33445	NC_002945.4	NODE_46_length_33445_cov_36.791374	99.97		True
CONTIG	NODE_46_length_33445_cov_36.791374	33445	correct
2294650	2325829	1	31141	NC_002945.4	NODE_47_length_31141_cov_35.544818	99.87		True
CONTIG	NODE_47_length_31141_cov_35.544818	31141	correct
2161798	2192094	30298	1	NC_002945.4	NODE_48_length_30298_cov_40.291803	99.99		True
CONTIG	NODE_48_length_30298_cov_40.291803	30298	correct
2343843	2372170	1	28328	NC_002945.4	NODE_49_length_28520_cov_36.976684	99.98		True
CONTIG	NODE_49_length_28520_cov_36.976684	28520	correct
105040	132448	1	27409	NC_002945.4	NODE_50_length_27600_cov_37.705820	99.98		True
CONTIG	NODE_50_length_27600_cov_37.705820	27600	correct
2666024	2693421	1	27397	NC_002945.4	NODE_51_length_27397_cov_37.902750	99.98		True
CONTIG	NODE_51_length_27397_cov_37.902750	27397	correct
3674358	3699859	25484	1	NC_002945.4	NODE_52_length_25484_cov_28.586110	99.92		True
CONTIG	NODE_52_length_25484_cov_28.586110	25484	correct
1447555	1470724	23113	1	NC_002945.4	NODE_53_length_23119_cov_41.900792	99.74		True
CONTIG	NODE_53_length_23119_cov_41.900792	23119	correct
2386668	2408792	22126	2	NC_002945.4	NODE_54_length_22126_cov_31.852039	100.0		True
CONTIG	NODE_54_length_22126_cov_31.852039	22126	correct
2423267	2444953	1	21687	NC_002945.4	NODE_55_length_21687_cov_38.978757	99.99		True
CONTIG	NODE_55_length_21687_cov_38.978757	21687	correct
1471935	1490429	1	18496	NC_002945.4	NODE_56_length_18551_cov_43.976661	99.98		True
CONTIG	NODE_56_length_18551_cov_43.976661	18551	correct
3759774	3777383	17612	1	NC_002945.4	NODE_57_length_17612_cov_35.258164	99.96		True
CONTIG	NODE_57_length_17612_cov_35.258164	17612	correct
2326383	2343771	121	17509	NC_002945.4	NODE_58_length_17509_cov_34.881429	99.97		True
CONTIG	NODE_58_length_17509_cov_34.881429	17509	correct
892165	909508	17344	1	NC_002945.4	NODE_59_length_17344_cov_42.169600	99.99		True
CONTIG	NODE_59_length_17344_cov_42.169600	17344	correct
3881775	3882155	1	381	NC_002945.4	NODE_60_length_17333_cov_38.578229	99.74		True
local misassembly
3882139	3883662	533	2104	NC_002945.4	NODE_60_length_17333_cov_38.578229	96.99		True
relocation, inconsistency = 950059
2916851	2932079	17333	2105	NC_002945.4	NODE_60_length_17333_cov_38.578229	99.97		True
CONTIG	NODE_60_length_17333_cov_38.578229	17333	misassembled
2776940	2793841	17034	133	NC_002945.4	NODE_61_length_17154_cov_41.963705	100.0		True
CONTIG	NODE_61_length_17154_cov_41.963705	17154	correct
2141351	2158365	17015	1	NC_002945.4	NODE_62_length_17015_cov_39.831300	99.96		True
CONTIG	NODE_62_length_17015_cov_39.831300	17015	correct
132536	149547	1	17012	NC_002945.4	NODE_63_length_17012_cov_43.591709	99.96		True
CONTIG	NODE_63_length_17012_cov_43.591709	17012	correct
910050	926209	1	16160	NC_002945.4	NODE_64_length_16316_cov_40.525604	99.99		True
CONTIG	NODE_64_length_16316_cov_40.525604	16316	correct
3108515	3124607	1	16093	NC_002945.4	NODE_65_length_16093_cov_37.671364	99.99		True
CONTIG	NODE_65_length_16093_cov_37.671364	16093	correct
3193780	3209295	15616	1	NC_002945.4	NODE_66_length_15616_cov_39.863064	100.0		True
CONTIG	NODE_66_length_15616_cov_39.863064	15616	correct
4294092	4309398	1	15307	NC_002945.4	NODE_67_length_15356_cov_36.707794	99.99		True
CONTIG	NODE_67_length_15356_cov_36.707794	15356	correct
609085	624430	15346	1	NC_002945.4	NODE_68_length_15346_cov_37.312241	99.99		True
CONTIG	NODE_68_length_15346_cov_37.312241	15346	correct
2372490	2386761	14272	1	NC_002945.4	NODE_69_length_14387_cov_38.572230	99.97		True
CONTIG	NODE_69_length_14387_cov_38.572230	14387	correct
2409067	2422776	1	13710	NC_002945.4	NODE_70_length_13710_cov_36.464846	99.98		True
CONTIG	NODE_70_length_13710_cov_36.464846	13710	correct
3712180	3724770	12591	1	NC_002945.4	NODE_71_length_12591_cov_26.190469	99.96		True
CONTIG	NODE_71_length_12591_cov_26.190469	12591	correct
2944619	2957076	12458	1	NC_002945.4	NODE_72_length_12458_cov_36.375314	99.98		True
CONTIG	NODE_72_length_12458_cov_36.375314	12458	correct
3700303	3711403	175	11275	NC_002945.4	NODE_73_length_11275_cov_26.916398	100.0		True
CONTIG	NODE_73_length_11275_cov_26.916398	11275	correct
2933714	2943963	164	10413	NC_002945.4	NODE_74_length_10413_cov_37.267062	99.98		True
CONTIG	NODE_74_length_10413_cov_37.267062	10413	correct
3209305	3219347	1	10043	NC_002945.4	NODE_75_length_10043_cov_37.968132	100.0		True
CONTIG	NODE_75_length_10043_cov_37.968132	10043	correct
1634190	1634295	106	1	NC_002945.4	NODE_76_length_9472_cov_32.463242	100.0		True
local misassembly
1623846	1633268	9472	107	NC_002945.4	NODE_76_length_9472_cov_32.463242	99.36		True
CONTIG	NODE_76_length_9472_cov_32.463242	9472	correct
1204819	1213474	8741	86	NC_002945.4	NODE_77_length_8829_cov_36.647667	99.98		True
CONTIG	NODE_77_length_8829_cov_36.647667	8829	correct
2446129	2453611	122	7604	NC_002945.4	NODE_78_length_7604_cov_36.604788	100.0		True
CONTIG	NODE_78_length_7604_cov_36.604788	7604	correct
3890969	3892093	1304	180	NC_002945.4	NODE_79_length_6932_cov_19.841881	99.87		True
local misassembly
3884660	3890278	6932	1305	NC_002945.4	NODE_79_length_6932_cov_19.841881	99.79		True
CONTIG	NODE_79_length_6932_cov_19.841881	6932	correct
2793842	2799828	5987	1	NC_002945.4	NODE_80_length_5987_cov_35.048464	99.98		True
CONTIG	NODE_80_length_5987_cov_35.048464	5987	correct
1987007	1992127	215	5336	NC_002945.4	NODE_81_length_5336_cov_39.176425	99.98		True
CONTIG	NODE_81_length_5336_cov_39.176425	5336	correct
1214750	1218413	3671	8	NC_002945.4	NODE_82_length_4350_cov_27.142789	99.95		True
local misassembly
1214508	1214774	4057	3791	NC_002945.4	NODE_82_length_4350_cov_27.142789	97.38		True
CONTIG	NODE_82_length_4350_cov_27.142789	4350	correct
3980336	3984504	4169	1	NC_002945.4	NODE_83_length_4327_cov_32.640476	100.0		True
CONTIG	NODE_83_length_4327_cov_32.640476	4327	correct
1165899	1169900	4002	1	NC_002945.4	NODE_84_length_4002_cov_37.782194	99.98		True
CONTIG	NODE_84_length_4002_cov_37.782194	4002	correct
2284620	2287647	1	3028	NC_002945.4	NODE_85_length_3028_cov_30.139262	99.77		True
CONTIG	NODE_85_length_3028_cov_30.139262	3028	correct
2290710	2293716	1	3007	NC_002945.4	NODE_86_length_3007_cov_29.355556	100.0		True
CONTIG	NODE_86_length_3007_cov_29.355556	3007	correct
2158914	2160444	2345	815	NC_002945.4	NODE_87_length_2949_cov_39.163714	95.49		True
fake: scaffold gap size wrong estimation (local)
2158341	2158913	2949	2377	NC_002945.4	NODE_87_length_2949_cov_39.163714	100.0		True
CONTIG	NODE_87_length_2949_cov_39.163714	2949	correct
3878296	3880428	7	2139	NC_002945.4	NODE_88_length_2844_cov_12.210894	99.95		True
relocation, inconsistency = 14162
3894591	3895295	2844	2140	NC_002945.4	NODE_88_length_2844_cov_12.210894	100.0		True
CONTIG	NODE_88_length_2844_cov_12.210894	2844	misassembled
1993335	1996010	2832	157	NC_002945.4	NODE_89_length_2832_cov_42.261738	99.81		True
CONTIG	NODE_89_length_2832_cov_42.261738	2832	correct
1635657	1638086	2430	1	NC_002945.4	NODE_90_length_2430_cov_24.862788	100.0		True
CONTIG	NODE_90_length_2430_cov_24.862788	2430	correct
2609387	2611609	2223	1	NC_002945.4	NODE_91_length_2223_cov_26.568702	100.0		True
CONTIG	NODE_91_length_2223_cov_26.568702	2223	correct
1092483	1094668	2186	1	NC_002945.4	NODE_92_length_2186_cov_25.630889	100.0		True
CONTIG	NODE_92_length_2186_cov_25.630889	2186	correct
1094890	1096461	1	1572	NC_002945.4	NODE_93_length_1572_cov_29.448443	100.0		True
CONTIG	NODE_93_length_1572_cov_29.448443	1572	correct
401182	402731	1	1550	NC_002945.4	NODE_94_length_1550_cov_66.039353	99.94		True
CONTIG	NODE_94_length_1550_cov_66.039353	1550	correct
674728	676229	1	1502	NC_002945.4	NODE_95_length_1528_cov_7.176303	99.93		True
CONTIG	NODE_95_length_1528_cov_7.176303	1528	correct
4193589	4195052	1	1464	NC_002945.4	NODE_96_length_1464_cov_89.386687	100.0		True
CONTIG	NODE_96_length_1464_cov_89.386687	1464	correct
1992001	1993461	1	1461	NC_002945.4	NODE_97_length_1461_cov_51.938531	100.0		True
CONTIG	NODE_97_length_1461_cov_51.938531	1461	correct
336693	338060	82	1449	NC_002945.4	NODE_98_length_1449_cov_13.760968	100.0		True
CONTIG	NODE_98_length_1449_cov_13.760968	1449	correct
3443593	3445031	1439	1	NC_002945.4	NODE_99_length_1439_cov_52.424543	100.0		True
CONTIG	NODE_99_length_1439_cov_52.424543	1439	correct
2774156	2775585	1	1430	NC_002945.4	NODE_100_length_1430_cov_6.491174	100.0		True
CONTIG	NODE_100_length_1430_cov_6.491174	1430	correct
890952	892291	1340	1	NC_002945.4	NODE_101_length_1340_cov_80.660346	100.0		True
CONTIG	NODE_101_length_1340_cov_80.660346	1340	correct
3339137	3340461	1325	1	NC_002945.4	NODE_102_length_1325_cov_35.312187	100.0		True
CONTIG	NODE_102_length_1325_cov_35.312187	1325	correct
3835659	3836979	1321	1	NC_002945.4	NODE_103_length_1321_cov_82.981575	99.7		True
CONTIG	NODE_103_length_1321_cov_82.981575	1321	correct
2288581	2289835	1	1255	NC_002945.4	NODE_104_length_1255_cov_39.287234	100.0		True
CONTIG	NODE_104_length_1255_cov_39.287234	1255	correct
3892121	3893114	1172	179	NC_002945.4	NODE_105_length_1206_cov_2.854495	98.89		True
CONTIG	NODE_105_length_1206_cov_2.854495	1206	correct
2444936	2446126	1	1191	NC_002945.4	NODE_106_length_1191_cov_37.916353	100.0		True
CONTIG	NODE_106_length_1191_cov_37.916353	1191	correct
2293590	2294776	1	1187	NC_002945.4	NODE_107_length_1187_cov_28.108491	98.82		True
CONTIG	NODE_107_length_1187_cov_28.108491	1187	correct
839674	840851	1	1178	NC_002945.4	NODE_108_length_1178_cov_15.847764	100.0		True
CONTIG	NODE_108_length_1178_cov_15.847764	1178	correct
2289709	2290836	1	1128	NC_002945.4	NODE_109_length_1128_cov_78.952048	99.82		True
CONTIG	NODE_109_length_1128_cov_78.952048	1128	correct
674298	674708	411	1	NC_002945.4	NODE_110_length_1106_cov_2.440245	100.0		True
local misassembly
673353	673910	969	412	NC_002945.4	NODE_110_length_1106_cov_2.440245	99.64		True
CONTIG	NODE_110_length_1106_cov_2.440245	1106	correct
335458	336487	1	1030	NC_002945.4	NODE_111_length_1044_cov_4.694656	100.0		True
CONTIG	NODE_111_length_1044_cov_4.694656	1044	correct
3711277	3712306	1	1030	NC_002945.4	NODE_112_length_1030_cov_91.156146	100.0		True
CONTIG	NODE_112_length_1030_cov_91.156146	1030	correct
1165044	1166025	1	982	NC_002945.4	NODE_113_length_982_cov_80.338012	100.0		True
CONTIG	NODE_113_length_982_cov_80.338012	982	correct
332727	333388	228	889	NC_002945.4	NODE_114_length_934_cov_4.278810	99.24		True
CONTIG	NODE_114_length_934_cov_4.278810	934	correct
3442285	3443193	909	1	NC_002945.4	NODE_115_length_909_cov_258.491049	100.0		True
CONTIG	NODE_115_length_909_cov_258.491049	909	correct
3341521	3342410	890	1	NC_002945.4	NODE_116_length_890_cov_21.539974	100.0		True
CONTIG	NODE_116_length_890_cov_21.539974	890	correct
1278286	1279129	844	1	NC_002945.4	NODE_117_length_844_cov_78.359833	100.0		True
CONTIG	NODE_117_length_844_cov_78.359833	844	correct
909382	910176	795	1	NC_002945.4	NODE_118_length_795_cov_88.824850	100.0		True
CONTIG	NODE_118_length_795_cov_88.824850	795	correct
1091508	1092122	1	615	NC_002945.4	NODE_119_length_768_cov_1.413417	100.0		True
CONTIG	NODE_119_length_768_cov_1.413417	768	correct
2693295	2694038	1	744	NC_002945.4	NODE_120_length_744_cov_79.063209	100.0		True
CONTIG	NODE_120_length_744_cov_79.063209	744	correct
1996339	1997071	733	1	NC_002945.4	NODE_121_length_733_cov_4.034653	100.0		True
CONTIG	NODE_121_length_733_cov_4.034653	733	correct
1213947	1214539	1	593	NC_002945.4	NODE_122_length_719_cov_1.562500	98.65		True
CONTIG	NODE_122_length_719_cov_1.562500	719	correct
1985758	1986470	1	713	NC_002945.4	NODE_123_length_713_cov_3.556314	100.0		True
CONTIG	NODE_123_length_713_cov_3.556314	713	correct
2916267	2916977	1	711	NC_002945.4	NODE_124_length_711_cov_52.522260	100.0		True
CONTIG	NODE_124_length_711_cov_52.522260	711	correct
838315	838518	1	204	NC_002945.4	NODE_125_length_710_cov_0.873070	100.0		True
indel: indel (> 5bp)
838603	838988	205	590	NC_002945.4	NODE_125_length_710_cov_0.873070	99.74		True
CONTIG	NODE_125_length_710_cov_0.873070	710	correct
3340552	3341186	1	635	NC_002945.4	NODE_126_length_635_cov_27.958661	100.0		True
CONTIG	NODE_126_length_635_cov_27.958661	635	correct
3338171	3338802	1	632	NC_002945.4	NODE_127_length_632_cov_35.772277	99.84		True
CONTIG	NODE_127_length_632_cov_35.772277	632	correct
1638369	1638725	357	1	NC_002945.4	NODE_128_length_622_cov_2.567677	98.6		True
local misassembly
1637960	1638224	622	358	NC_002945.4	NODE_128_length_622_cov_2.567677	100.0		True
CONTIG	NODE_128_length_622_cov_2.567677	622	correct
CONTIG	NODE_129_length_590_cov_0.971922	590	unaligned
3338676	3339263	588	1	NC_002945.4	NODE_130_length_588_cov_53.039046	100.0		True
CONTIG	NODE_130_length_588_cov_53.039046	588	correct
2773722	2774151	430	1	NC_002945.4	NODE_131_length_579_cov_2.033186	100.0		True
CONTIG	NODE_131_length_579_cov_2.033186	579	correct
CONTIG	NODE_132_length_544_cov_0.757794	544	unaligned
1535045	1535408	1	364	NC_002945.4	NODE_133_length_531_cov_28.457921	96.98		True
relocation, inconsistency = 2310255
3845679	3845830	531	380	NC_002945.4	NODE_133_length_531_cov_28.457921	95.39		True
CONTIG	NODE_133_length_531_cov_28.457921	531	misassembled
CONTIG	NODE_134_length_518_cov_1.544757	518	unaligned
