S1	E1	S2	E2	Reference	Contig	IDY	Ambiguous	Best_group
CONTIG	NODE_1_length_503300_cov_16.508096	503300	unaligned
CONTIG	NODE_2_length_479473_cov_14.896261	479473	unaligned
CONTIG	NODE_3_length_439886_cov_17.281932	439886	unaligned
CONTIG	NODE_4_length_301903_cov_16.736311	301903	unaligned
CONTIG	NODE_5_length_297040_cov_15.654619	297040	unaligned
CONTIG	NODE_6_length_296669_cov_16.998951	296669	unaligned
CONTIG	NODE_7_length_296495_cov_16.011162	296495	unaligned
CONTIG	NODE_8_length_273475_cov_15.100769	273475	unaligned
CONTIG	NODE_9_length_272870_cov_16.180309	272870	unaligned
CONTIG	NODE_10_length_264923_cov_15.187733	264923	unaligned
CONTIG	NODE_11_length_262273_cov_15.640612	262273	unaligned
CONTIG	NODE_12_length_258856_cov_16.293206	258856	unaligned
CONTIG	NODE_13_length_248451_cov_16.640196	248451	unaligned
2957039	3193870	1	236242	NC_002945.4	NODE_14_length_236242_cov_38.323283	99.58		True
CONTIG	NODE_14_length_236242_cov_38.323283	236242	correct
CONTIG	NODE_15_length_228353_cov_15.107897	228353	unaligned
3445573	3673271	1	227594	NC_002945.4	NODE_16_length_227594_cov_39.884990	99.93		True
CONTIG	NODE_16_length_227594_cov_39.884990	227594	correct
CONTIG	NODE_17_length_217206_cov_15.880486	217206	unaligned
CONTIG	NODE_18_length_215527_cov_16.639517	215527	unaligned
2453647	2665718	212230	92	NC_002945.4	NODE_19_length_212376_cov_37.985541	99.96		True
CONTIG	NODE_19_length_212376_cov_37.985541	212376	correct
402605	607788	204915	1	NC_002945.4	NODE_20_length_204915_cov_38.346480	99.86		True
CONTIG	NODE_20_length_204915_cov_38.346480	204915	correct
CONTIG	NODE_21_length_189084_cov_16.219362	189084	unaligned
CONTIG	NODE_22_length_187539_cov_15.697735	187539	unaligned
CONTIG	NODE_23_length_181312_cov_16.052112	181312	unaligned
CONTIG	NODE_24_length_170277_cov_18.234135	170277	unaligned
824601	838063	13463	1	NC_002945.4	NODE_25_length_160927_cov_38.852593	99.98		True
local misassembly
676731	824045	160779	13464	NC_002945.4	NODE_25_length_160927_cov_38.852593	99.99		True
CONTIG	NODE_25_length_160927_cov_38.852593	160927	correct
150029	306642	156667	81	NC_002945.4	NODE_26_length_156762_cov_38.887994	99.97		True
CONTIG	NODE_26_length_156762_cov_38.887994	156762	correct
1853844	1985591	131282	1	NC_002945.4	NODE_27_length_156673_cov_37.130454	99.63		True
relocation, inconsistency = -1845923
3674358	3699766	156673	131283	NC_002945.4	NODE_27_length_156673_cov_37.130454	99.91		True
CONTIG	NODE_27_length_156673_cov_37.130454	156673	misassembled
30083	103918	73849	1	NC_002945.4	NODE_28_length_142879_cov_40.906075	99.96		True
local misassembly
1	29469	103319	73851	NC_002945.4	NODE_28_length_142879_cov_40.906075	99.99		True
fake: not a misassembly [linear representation of circular genome]
4310469	4349904	142754	103320	NC_002945.4	NODE_28_length_142879_cov_40.906075	99.99		True
local misassembly
4311037	4311161	142879	142755	NC_002945.4	NODE_28_length_142879_cov_40.906075	100.0		True
CONTIG	NODE_28_length_142879_cov_40.906075	142879	correct
CONTIG	NODE_29_length_141898_cov_15.902730	141898	unaligned
CONTIG	NODE_30_length_140097_cov_17.346803	140097	unaligned
CONTIG	NODE_31_length_138443_cov_17.174600	138443	unaligned
CONTIG	NODE_32_length_137340_cov_17.361839	137340	unaligned
CONTIG	NODE_33_length_137042_cov_16.032078	137042	unaligned
CONTIG	NODE_34_length_127226_cov_17.449225	127226	unaligned
CONTIG	NODE_35_length_124351_cov_16.899158	124351	unaligned
CONTIG	NODE_36_length_121073_cov_17.075248	121073	unaligned
1010930	1091465	80649	111	NC_002945.4	NODE_37_length_119962_cov_38.937873	99.99		True
relocation, inconsistency = 1457
970273	1009472	119848	80650	NC_002945.4	NODE_37_length_119962_cov_38.937873	99.98		True
CONTIG	NODE_37_length_119962_cov_38.937873	119962	misassembled
3219367	3338802	25	119686	NC_002945.4	NODE_38_length_119686_cov_39.338645	99.88		True
CONTIG	NODE_38_length_119686_cov_39.338645	119686	correct
CONTIG	NODE_39_length_100229_cov_18.645092	100229	unaligned
CONTIG	NODE_40_length_100229_cov_17.616371	100229	unaligned
3343594	3442410	1	98885	NC_002945.4	NODE_41_length_98885_cov_38.852194	99.92		True
CONTIG	NODE_41_length_98885_cov_38.852194	98885	correct
CONTIG	NODE_42_length_98092_cov_16.984607	98092	unaligned
CONTIG	NODE_43_length_98071_cov_17.131841	98071	unaligned
CONTIG	NODE_44_length_97630_cov_16.102161	97630	unaligned
CONTIG	NODE_45_length_89373_cov_16.505031	89373	unaligned
3696571	3696641	85708	85778	NC_002945.4	NODE_46_length_85798_cov_18.708536	100.0		True
CONTIG	NODE_46_length_85798_cov_18.708536	85798	correct_unaligned
2083596	2140719	57243	120	NC_002945.4	NODE_47_length_84379_cov_36.918471	99.99		True
local misassembly
2056679	2083604	84208	57382	NC_002945.4	NODE_47_length_84379_cov_36.918471	99.61		True
indel: stretch of mismatches
2056508	2056678	84379	84209	NC_002945.4	NODE_47_length_84379_cov_36.918471	98.05		True
CONTIG	NODE_47_length_84379_cov_36.918471	84379	correct
CONTIG	NODE_48_length_83420_cov_18.016256	83420	unaligned
1492116	1573920	1	81805	NC_002945.4	NODE_49_length_81809_cov_39.643324	99.93		True
CONTIG	NODE_49_length_81809_cov_39.643324	81809	correct
3898832	3979593	1	80762	NC_002945.4	NODE_50_length_80811_cov_39.669972	99.99		True
CONTIG	NODE_50_length_80811_cov_39.669972	80811	correct
2693912	2773168	1	79256	NC_002945.4	NODE_51_length_79256_cov_37.777060	99.99		True
CONTIG	NODE_51_length_79256_cov_37.777060	79256	correct
1779460	1853843	74406	23	NC_002945.4	NODE_52_length_74406_cov_37.863932	99.99		True
CONTIG	NODE_52_length_74406_cov_37.863932	74406	correct
CONTIG	NODE_53_length_72047_cov_15.575097	72047	unaligned
1096461	1165170	68645	1	NC_002945.4	NODE_54_length_70738_cov_38.472972	99.81		True
relocation, inconsistency = 2041
1092410	1094419	70655	68646	NC_002945.4	NODE_54_length_70738_cov_38.472972	99.96		True
CONTIG	NODE_54_length_70738_cov_38.472972	70738	misassembled
CONTIG	NODE_55_length_70602_cov_16.401731	70602	unaligned
1638965	1707468	68624	119	NC_002945.4	NODE_56_length_68791_cov_40.212091	99.99		True
CONTIG	NODE_56_length_68791_cov_40.212091	68791	correct
CONTIG	NODE_57_length_66625_cov_17.576679	66625	unaligned
CONTIG	NODE_58_length_65690_cov_18.187408	65690	unaligned
2852106	2916393	64287	1	NC_002945.4	NODE_59_length_64308_cov_38.061404	99.98		True
CONTIG	NODE_59_length_64308_cov_38.061404	64308	correct
4194926	4259153	64228	1	NC_002945.4	NODE_60_length_64228_cov_40.667119	99.99		True
CONTIG	NODE_60_length_64228_cov_40.667119	64228	correct
CONTIG	NODE_61_length_64173_cov_16.904709	64173	unaligned
4035928	4097403	60	61534	NC_002945.4	NODE_62_length_61534_cov_37.417965	99.99		True
CONTIG	NODE_62_length_61534_cov_37.417965	61534	correct
1280097	1340762	60728	1	NC_002945.4	NODE_63_length_60728_cov_41.285012	99.89		True
CONTIG	NODE_63_length_60728_cov_41.285012	60728	correct
1218992	1278412	1	59421	NC_002945.4	NODE_64_length_59421_cov_37.662495	99.99		True
CONTIG	NODE_64_length_59421_cov_37.662495	59421	correct
1997112	2056402	59372	82	NC_002945.4	NODE_65_length_59394_cov_38.835625	99.98		True
CONTIG	NODE_65_length_59394_cov_38.835625	59394	correct
1574038	1633172	4	59065	NC_002945.4	NODE_66_length_59183_cov_40.257772	99.86		True
CONTIG	NODE_66_length_59183_cov_40.257772	59183	correct
CONTIG	NODE_67_length_59128_cov_16.517754	59128	unaligned
1710041	1769053	1	59010	NC_002945.4	NODE_68_length_59102_cov_40.307317	99.99		True
CONTIG	NODE_68_length_59102_cov_40.307317	59102	correct
CONTIG	NODE_69_length_58546_cov_15.874681	58546	unaligned
CONTIG	NODE_70_length_58022_cov_16.318508	58022	unaligned
CONTIG	NODE_71_length_56421_cov_15.617579	56421	unaligned
2192685	2246058	53405	32	NC_002945.4	NODE_72_length_53405_cov_42.306055	99.99		True
CONTIG	NODE_72_length_53405_cov_42.306055	53405	correct
3777373	3830690	53338	21	NC_002945.4	NODE_73_length_53338_cov_39.346752	99.99		True
CONTIG	NODE_73_length_53338_cov_39.346752	53338	correct
CONTIG	NODE_74_length_52140_cov_16.512103	52140	unaligned
4141986	4193715	51730	1	NC_002945.4	NODE_75_length_51730_cov_39.739492	99.98		True
CONTIG	NODE_75_length_51730_cov_39.739492	51730	correct
625225	676373	101	51216	NC_002945.4	NODE_76_length_51216_cov_36.152479	99.92		True
CONTIG	NODE_76_length_51216_cov_36.152479	51216	correct
CONTIG	NODE_77_length_51051_cov_15.181840	51051	unaligned
2801012	2852054	1	51043	NC_002945.4	NODE_78_length_51043_cov_39.197934	99.99		True
CONTIG	NODE_78_length_51043_cov_39.197934	51043	correct
3984850	4000631	159	15940	NC_002945.4	NODE_79_length_50945_cov_39.366406	100.0		True
fake: scaffold gap size wrong estimation (local)
4000854	4035758	16041	50945	NC_002945.4	NODE_79_length_50945_cov_39.366406	99.98		True
CONTIG	NODE_79_length_50945_cov_39.366406	50945	correct
CONTIG	NODE_80_length_50311_cov_15.896501	50311	unaligned
CONTIG	NODE_81_length_50252_cov_18.501845	50252	unaligned
CONTIG	NODE_82_length_50144_cov_15.695763	50144	unaligned
842683	891078	48396	1	NC_002945.4	NODE_83_length_48402_cov_39.930047	99.98		True
CONTIG	NODE_83_length_48402_cov_39.930047	48402	correct
3836888	3881584	45009	321	NC_002945.4	NODE_84_length_45009_cov_36.631679	99.96		True
CONTIG	NODE_84_length_45009_cov_36.631679	45009	correct
105040	149949	44910	1	NC_002945.4	NODE_85_length_44910_cov_39.360360	99.97		True
CONTIG	NODE_85_length_44910_cov_39.360360	44910	correct
4097387	4141962	1	44576	NC_002945.4	NODE_86_length_44662_cov_38.146514	100.0		True
CONTIG	NODE_86_length_44662_cov_38.146514	44662	correct
1343879	1386920	1	43047	NC_002945.4	NODE_87_length_43055_cov_37.916814	99.98		True
CONTIG	NODE_87_length_43055_cov_37.916814	43055	correct
928877	928975	1	99	NC_002945.4	NODE_88_length_41830_cov_37.105820	100.0		True
local misassembly
928970	970128	238	41636	NC_002945.4	NODE_88_length_41830_cov_37.105820	99.4		True
CONTIG	NODE_88_length_41830_cov_37.105820	41830	correct
CONTIG	NODE_89_length_41268_cov_15.877810	41268	unaligned
362760	401308	38549	1	NC_002945.4	NODE_90_length_38570_cov_37.324012	99.98		True
CONTIG	NODE_90_length_38570_cov_37.324012	38570	correct
CONTIG	NODE_91_length_37992_cov_16.823927	37992	unaligned
2246080	2283745	116	37783	NC_002945.4	NODE_92_length_37783_cov_40.938947	99.95		True
CONTIG	NODE_92_length_37783_cov_40.938947	37783	correct
2372472	2408979	1	36450	NC_002945.4	NODE_93_length_36560_cov_33.521203	99.83		True
CONTIG	NODE_93_length_36560_cov_33.521203	36560	correct
CONTIG	NODE_94_length_35833_cov_16.143169	35833	unaligned
CONTIG	NODE_95_length_34515_cov_17.298971	34515	unaligned
3724846	3737454	1	12609	NC_002945.4	NODE_96_length_34396_cov_38.621436	99.98		True
local misassembly
3737665	3759280	12610	34228	NC_002945.4	NODE_96_length_34396_cov_38.621436	99.98		True
CONTIG	NODE_96_length_34396_cov_38.621436	34396	correct
4259930	4293950	34257	239	NC_002945.4	NODE_97_length_34257_cov_39.606915	99.98		True
CONTIG	NODE_97_length_34257_cov_39.606915	34257	correct
CONTIG	NODE_98_length_33769_cov_17.267344	33769	unaligned
CONTIG	NODE_99_length_31710_cov_17.149479	31710	unaligned
CONTIG	NODE_100_length_31656_cov_17.926798	31656	unaligned
CONTIG	NODE_101_length_31647_cov_16.679600	31647	unaligned
CONTIG	NODE_102_length_31572_cov_18.770902	31572	unaligned
CONTIG	NODE_103_length_31083_cov_18.225288	31083	unaligned
1192719	1204488	11773	1	NC_002945.4	NODE_104_length_31077_cov_41.865654	99.81		True
relocation, inconsistency = 2858
1170557	1189860	31077	11774	NC_002945.4	NODE_104_length_31077_cov_41.865654	99.99		True
CONTIG	NODE_104_length_31077_cov_41.865654	31077	misassembled
2161623	2192094	1	30473	NC_002945.4	NODE_105_length_30473_cov_39.086272	99.99		True
CONTIG	NODE_105_length_30473_cov_39.086272	30473	correct
2294650	2324482	1	29833	NC_002945.4	NODE_106_length_29833_cov_37.533259	99.99		True
CONTIG	NODE_106_length_29833_cov_37.533259	29833	correct
1418039	1447561	1	29523	NC_002945.4	NODE_107_length_29614_cov_37.585614	99.99		True
CONTIG	NODE_107_length_29614_cov_37.585614	29614	correct
2343824	2372186	28486	124	NC_002945.4	NODE_108_length_28580_cov_35.562507	99.99		True
CONTIG	NODE_108_length_28580_cov_35.562507	28580	correct
2665977	2693421	27444	1	NC_002945.4	NODE_109_length_27499_cov_38.165023	99.99		True
CONTIG	NODE_109_length_27499_cov_38.165023	27499	correct
306767	333298	50	26476	NC_002945.4	NODE_110_length_26808_cov_35.423897	99.59		True
indel: stretch of mismatches
333299	333426	26477	26604	NC_002945.4	NODE_110_length_26808_cov_35.423897	99.76		True
CONTIG	NODE_110_length_26808_cov_35.423897	26808	correct
336478	362768	26503	225	NC_002945.4	NODE_111_length_26735_cov_36.291078	99.37		True
CONTIG	NODE_111_length_26735_cov_36.291078	26735	correct
1386909	1412955	1	26047	NC_002945.4	NODE_112_length_26047_cov_36.102199	99.98		True
CONTIG	NODE_112_length_26047_cov_36.102199	26047	correct
1447579	1470724	48	23136	NC_002945.4	NODE_113_length_23136_cov_40.141597	99.75		True
CONTIG	NODE_113_length_23136_cov_40.141597	23136	correct
2776939	2799828	171	23060	NC_002945.4	NODE_114_length_23060_cov_40.594078	100.0		True
CONTIG	NODE_114_length_23060_cov_40.594078	23060	correct
CONTIG	NODE_115_length_22616_cov_18.252835	22616	unaligned
2423267	2444953	21687	1	NC_002945.4	NODE_116_length_21687_cov_38.835482	99.99		True
CONTIG	NODE_116_length_21687_cov_38.835482	21687	correct
1490961	1491782	958	137	NC_002945.4	NODE_117_length_19772_cov_38.706948	100.0		True
local misassembly
1471935	1490747	19772	959	NC_002945.4	NODE_117_length_19772_cov_38.706948	99.98		True
CONTIG	NODE_117_length_19772_cov_38.706948	19772	correct
CONTIG	NODE_118_length_19702_cov_17.042963	19702	unaligned
CONTIG	NODE_119_length_18292_cov_16.603909	18292	unaligned
1094890	1096334	1	1445	NC_002945.4	NODE_120_length_18277_cov_41.841928	99.61		True
relocation, inconsistency = 1819932
2916267	2932889	1446	18068	NC_002945.4	NODE_120_length_18277_cov_41.841928	99.96		True
CONTIG	NODE_120_length_18277_cov_41.841928	18277	misassembled
CONTIG	NODE_121_length_17767_cov_17.678571	17767	unaligned
2326308	2343827	1	17520	NC_002945.4	NODE_122_length_17520_cov_36.723222	99.99		True
CONTIG	NODE_122_length_17520_cov_36.723222	17520	correct
2140976	2158430	1	17455	NC_002945.4	NODE_123_length_17455_cov_37.216644	99.97		True
CONTIG	NODE_123_length_17455_cov_37.216644	17455	correct
892165	909508	1	17344	NC_002945.4	NODE_124_length_17344_cov_39.402858	99.99		True
CONTIG	NODE_124_length_17344_cov_39.402858	17344	correct
CONTIG	NODE_125_length_17012_cov_16.482381	17012	unaligned
3760526	3777558	16974	1	NC_002945.4	NODE_126_length_16974_cov_39.282484	99.62		True
CONTIG	NODE_126_length_16974_cov_39.282484	16974	correct
910050	926176	1	16127	NC_002945.4	NODE_127_length_16170_cov_39.426977	99.99		True
CONTIG	NODE_127_length_16170_cov_39.426977	16170	correct
3193780	3209296	1	15617	NC_002945.4	NODE_128_length_15617_cov_39.006068	100.0		True
CONTIG	NODE_128_length_15617_cov_39.006068	15617	correct
4294631	4310160	15530	1	NC_002945.4	NODE_129_length_15557_cov_39.991121	99.99		True
CONTIG	NODE_129_length_15557_cov_39.991121	15557	correct
609085	624444	1	15360	NC_002945.4	NODE_130_length_15471_cov_38.986053	99.99		True
CONTIG	NODE_130_length_15471_cov_38.986053	15471	correct
2409042	2422776	2	13736	NC_002945.4	NODE_131_length_13736_cov_36.800353	99.98		True
CONTIG	NODE_131_length_13736_cov_36.800353	13736	correct
2944619	2957076	1	12458	NC_002945.4	NODE_132_length_12458_cov_36.727597	99.98		True
CONTIG	NODE_132_length_12458_cov_36.727597	12458	correct
3712180	3723815	1	11636	NC_002945.4	NODE_133_length_11636_cov_32.139977	99.96		True
CONTIG	NODE_133_length_11636_cov_32.139977	11636	correct
CONTIG	NODE_134_length_11497_cov_16.324099	11497	unaligned
CONTIG	NODE_135_length_10438_cov_20.495975	10438	unaligned
CONTIG	NODE_136_length_10435_cov_16.517947	10435	unaligned
2933814	2943963	10150	1	NC_002945.4	NODE_137_length_10416_cov_36.011760	99.98		True
CONTIG	NODE_137_length_10416_cov_36.011760	10416	correct
3209297	3219347	128	10178	NC_002945.4	NODE_138_length_10178_cov_38.349716	100.0		True
CONTIG	NODE_138_length_10178_cov_38.349716	10178	correct
1204733	1213474	8932	191	NC_002945.4	NODE_139_length_8975_cov_38.063743	99.98		True
CONTIG	NODE_139_length_8975_cov_38.063743	8975	correct
CONTIG	NODE_140_length_8953_cov_21.182416	8953	unaligned
2444936	2453571	8787	152	NC_002945.4	NODE_141_length_8787_cov_36.638684	99.97		True
CONTIG	NODE_141_length_8787_cov_36.638684	8787	correct
3890969	3893585	2617	1	NC_002945.4	NODE_142_length_8590_cov_25.885856	99.85		True
local misassembly
3884660	3890623	8590	2618	NC_002945.4	NODE_142_length_8590_cov_25.885856	99.75		True
CONTIG	NODE_142_length_8590_cov_25.885856	8590	correct
CONTIG	NODE_143_length_8412_cov_17.701147	8412	unaligned
3703671	3711403	7733	1	NC_002945.4	NODE_144_length_7737_cov_32.301183	100.0		True
CONTIG	NODE_144_length_7737_cov_32.301183	7737	correct
CONTIG	NODE_145_length_6972_cov_14.946530	6972	unaligned
CONTIG	NODE_146_length_5823_cov_41.433989	5823	unaligned
CONTIG	NODE_147_length_5521_cov_18.501669	5521	unaligned
1986961	1992127	5168	1	NC_002945.4	NODE_148_length_5168_cov_40.226939	99.98		True
CONTIG	NODE_148_length_5168_cov_40.226939	5168	correct
3830741	3835785	5045	1	NC_002945.4	NODE_149_length_5069_cov_46.657021	100.0		True
CONTIG	NODE_149_length_5069_cov_46.657021	5069	correct
CONTIG	NODE_150_length_4893_cov_13.823542	4893	unaligned
CONTIG	NODE_151_length_4757_cov_16.322030	4757	unaligned
1214750	1218431	3682	1	NC_002945.4	NODE_152_length_4710_cov_37.617063	100.0		True
local misassembly
1213942	1214774	4634	3802	NC_002945.4	NODE_152_length_4710_cov_37.617063	99.76		True
CONTIG	NODE_152_length_4710_cov_37.617063	4710	correct
3980129	3984645	4639	123	NC_002945.4	NODE_153_length_4639_cov_38.127881	100.0		True
CONTIG	NODE_153_length_4639_cov_38.127881	4639	correct
CONTIG	NODE_154_length_4051_cov_20.630989	4051	unaligned
1165899	1169900	4002	1	NC_002945.4	NODE_155_length_4002_cov_37.438710	99.98		True
CONTIG	NODE_155_length_4002_cov_37.438710	4002	correct
CONTIG	NODE_156_length_3826_cov_19.825899	3826	unaligned
CONTIG	NODE_157_length_3557_cov_20.876676	3557	unaligned
3700278	3703684	35	3441	NC_002945.4	NODE_158_length_3490_cov_34.069878	99.97		True
CONTIG	NODE_158_length_3490_cov_34.069878	3490	correct
CONTIG	NODE_159_length_3404_cov_18.541959	3404	unaligned
1413935	1417336	3402	1	NC_002945.4	NODE_160_length_3402_cov_38.334351	100.0		True
CONTIG	NODE_160_length_3402_cov_38.334351	3402	correct
CONTIG	NODE_161_length_3038_cov_19.286156	3038	unaligned
2284620	2287647	1	3028	NC_002945.4	NODE_162_length_3028_cov_31.668390	99.77		True
CONTIG	NODE_162_length_3028_cov_31.668390	3028	correct
2290710	2293716	3007	1	NC_002945.4	NODE_163_length_3007_cov_31.270833	100.0		True
CONTIG	NODE_163_length_3007_cov_31.270833	3007	correct
CONTIG	NODE_164_length_2994_cov_16.672829	2994	unaligned
1993335	1996095	1	2761	NC_002945.4	NODE_165_length_2765_cov_45.876422	99.89		True
CONTIG	NODE_165_length_2765_cov_45.876422	2765	correct
CONTIG	NODE_166_length_2513_cov_32.835708	2513	unaligned
334077	336420	1	2344	NC_002945.4	NODE_167_length_2448_cov_13.783283	99.66		True
CONTIG	NODE_167_length_2448_cov_13.783283	2448	correct
CONTIG	NODE_168_length_2432_cov_18.689805	2432	unaligned
1190504	1192901	1	2398	NC_002945.4	NODE_169_length_2431_cov_21.892361	99.79		True
CONTIG	NODE_169_length_2431_cov_21.892361	2431	correct
1635657	1638030	1	2425	NC_002945.4	NODE_170_length_2425_cov_36.914708	97.9		True
CONTIG	NODE_170_length_2425_cov_36.914708	2425	correct
2158479	2160796	1	2349	NC_002945.4	NODE_171_length_2349_cov_57.660666	100.0		True
CONTIG	NODE_171_length_2349_cov_57.660666	2349	correct
CONTIG	NODE_172_length_2342_cov_21.129120	2342	unaligned
3882139	3883639	1549	1	NC_002945.4	NODE_173_length_2266_cov_10.512389	96.9		True
local misassembly
3881662	3882155	2194	1701	NC_002945.4	NODE_173_length_2266_cov_10.512389	99.8		True
CONTIG	NODE_173_length_2266_cov_10.512389	2266	correct
1707415	1709650	1	2236	NC_002945.4	NODE_174_length_2236_cov_61.669512	100.0		True
CONTIG	NODE_174_length_2236_cov_61.669512	2236	correct
CONTIG	NODE_175_length_2151_cov_27.759387	2151	unaligned
CONTIG	NODE_176_length_2042_cov_16.298172	2042	unaligned
CONTIG	NODE_177_length_1997_cov_45.696791	1997	unaligned
CONTIG	NODE_178_length_1928_cov_21.282621	1928	unaligned
CONTIG	NODE_179_length_1779_cov_17.815981	1779	unaligned
CONTIG	NODE_180_length_1727_cov_43.426250	1727	unaligned
CONTIG	NODE_181_length_1690_cov_18.270633	1690	unaligned
CONTIG	NODE_182_length_1690_cov_18.111324	1690	unaligned
401182	402731	1550	1	NC_002945.4	NODE_183_length_1550_cov_74.434996	99.94		True
CONTIG	NODE_183_length_1550_cov_74.434996	1550	correct
2774163	2775622	1516	57	NC_002945.4	NODE_184_length_1516_cov_10.467243	99.93		True
CONTIG	NODE_184_length_1516_cov_10.467243	1516	correct
CONTIG	NODE_185_length_1499_cov_31.352770	1499	unaligned
4193589	4195052	1464	1	NC_002945.4	NODE_186_length_1464_cov_85.088257	100.0		True
CONTIG	NODE_186_length_1464_cov_85.088257	1464	correct
3443593	3445031	1	1439	NC_002945.4	NODE_187_length_1439_cov_51.909299	100.0		True
CONTIG	NODE_187_length_1439_cov_51.909299	1439	correct
CONTIG	NODE_188_length_1435_cov_38.308104	1435	unaligned
3897145	3898585	1432	1	NC_002945.4	NODE_189_length_1432_cov_23.024521	99.38		True
CONTIG	NODE_189_length_1432_cov_23.024521	1432	correct
CONTIG	NODE_190_length_1427_cov_205.841538	1427	unaligned
CONTIG	NODE_191_length_1411_cov_1.304517	1411	unaligned
2324503	2325792	1	1290	NC_002945.4	NODE_192_length_1394_cov_44.307024	100.0		True
relocation, inconsistency = 1535
2327328	2327429	1392	1291	NC_002945.4	NODE_192_length_1394_cov_44.307024	100.0		True
CONTIG	NODE_192_length_1394_cov_44.307024	1394	misassembled
CONTIG	NODE_193_length_1364_cov_18.679062	1364	unaligned
890952	892291	1340	1	NC_002945.4	NODE_194_length_1340_cov_75.392415	100.0		True
CONTIG	NODE_194_length_1340_cov_75.392415	1340	correct
3339137	3340461	1	1325	NC_002945.4	NODE_195_length_1325_cov_42.942404	100.0		True
CONTIG	NODE_195_length_1325_cov_42.942404	1325	correct
3835659	3836979	1	1321	NC_002945.4	NODE_196_length_1321_cov_94.967337	99.7		True
CONTIG	NODE_196_length_1321_cov_94.967337	1321	correct
CONTIG	NODE_197_length_1304_cov_57.496177	1304	unaligned
CONTIG	NODE_198_length_1278_cov_13.029540	1278	unaligned
CONTIG	NODE_199_length_1269_cov_60.572680	1269	unaligned
2288581	2289835	1255	1	NC_002945.4	NODE_200_length_1255_cov_40.645390	100.0		True
CONTIG	NODE_200_length_1255_cov_40.645390	1255	correct
CONTIG	NODE_201_length_1253_cov_508.964476	1253	unaligned
840599	840680	95	14	NC_002945.4	NODE_202_length_1217_cov_28.777064	98.88		True
inversion
839736	840820	96	1180	NC_002945.4	NODE_202_length_1217_cov_28.777064	100.0		True
CONTIG	NODE_202_length_1217_cov_28.777064	1217	misassembled
2293590	2294776	1	1187	NC_002945.4	NODE_203_length_1187_cov_39.542453	100.0		True
CONTIG	NODE_203_length_1187_cov_39.542453	1187	correct
CONTIG	NODE_204_length_1185_cov_0.511342	1185	unaligned
2283619	2284746	1	1128	NC_002945.4	NODE_205_length_1128_cov_75.696304	99.91		True
CONTIG	NODE_205_length_1128_cov_75.696304	1128	correct
CONTIG	NODE_206_length_1095_cov_22.208678	1095	unaligned
CONTIG	NODE_207_length_1094_cov_22.972079	1094	unaligned
1340970	1342059	1090	1	NC_002945.4	NODE_208_length_1090_cov_34.126687	99.91		True
CONTIG	NODE_208_length_1090_cov_34.126687	1090	correct
1996188	1997000	967	155	NC_002945.4	NODE_209_length_1056_cov_3.607104	99.63		True
CONTIG	NODE_209_length_1056_cov_3.607104	1056	correct
3711277	3712306	1030	1	NC_002945.4	NODE_210_length_1030_cov_89.790698	100.0		True
CONTIG	NODE_210_length_1030_cov_89.790698	1030	correct
CONTIG	NODE_211_length_1022_cov_27.482682	1022	unaligned
CONTIG	NODE_212_length_988_cov_17.173055	988	unaligned
1165044	1166025	982	1	NC_002945.4	NODE_213_length_982_cov_65.525146	100.0		True
CONTIG	NODE_213_length_982_cov_65.525146	982	correct
CONTIG	NODE_214_length_971_cov_57.970379	971	unaligned
CONTIG	NODE_215_length_960_cov_1.421369	960	unaligned
1412829	1413784	1	956	NC_002945.4	NODE_216_length_956_cov_58.162847	99.79		True
CONTIG	NODE_216_length_956_cov_58.162847	956	correct
CONTIG	NODE_217_length_935_cov_37.746287	935	unaligned
3723816	3724735	1	920	NC_002945.4	NODE_218_length_920_cov_22.161414	100.0		True
CONTIG	NODE_218_length_920_cov_22.161414	920	correct
2800228	2801136	909	1	NC_002945.4	NODE_219_length_909_cov_236.491049	100.0		True
CONTIG	NODE_219_length_909_cov_236.491049	909	correct
CONTIG	NODE_220_length_894_cov_36.895698	894	unaligned
3341521	3342410	1	890	NC_002945.4	NODE_221_length_890_cov_39.301442	100.0		True
CONTIG	NODE_221_length_890_cov_39.301442	890	correct
1638369	1638847	560	82	NC_002945.4	NODE_222_length_881_cov_4.059682	100.0		True
local misassembly
1637904	1638224	881	561	NC_002945.4	NODE_222_length_881_cov_4.059682	100.0		True
CONTIG	NODE_222_length_881_cov_4.059682	881	correct
CONTIG	NODE_223_length_846_cov_76.981919	846	unaligned
1278286	1279129	1	844	NC_002945.4	NODE_224_length_844_cov_70.627615	100.0		True
CONTIG	NODE_224_length_844_cov_70.627615	844	correct
3893572	3894344	773	1	NC_002945.4	NODE_225_length_831_cov_16.221591	99.74		True
CONTIG	NODE_225_length_831_cov_16.221591	831	correct
3444905	3445699	1	795	NC_002945.4	NODE_226_length_795_cov_84.044910	100.0		True
CONTIG	NODE_226_length_795_cov_84.044910	795	correct
CONTIG	NODE_227_length_786_cov_21.139605	786	unaligned
CONTIG	NODE_228_length_767_cov_18.656250	767	unaligned
1985768	1986517	762	13	NC_002945.4	NODE_229_length_765_cov_4.178683	99.73		True
CONTIG	NODE_229_length_765_cov_4.178683	765	correct
CONTIG	NODE_230_length_762_cov_29.437795	762	unaligned
2693295	2694038	1	744	NC_002945.4	NODE_231_length_744_cov_67.944895	100.0		True
CONTIG	NODE_231_length_744_cov_67.944895	744	correct
CONTIG	NODE_232_length_716_cov_25.870968	716	unaligned
CONTIG	NODE_233_length_700_cov_31.518325	700	unaligned
CONTIG	NODE_234_length_671_cov_28.237132	671	unaligned
1709524	1710167	1	644	NC_002945.4	NODE_235_length_644_cov_103.183752	100.0		True
CONTIG	NODE_235_length_644_cov_103.183752	644	correct
4294093	4294562	592	123	NC_002945.4	NODE_236_length_644_cov_4.234043	100.0		True
CONTIG	NODE_236_length_644_cov_4.234043	644	correct
CONTIG	NODE_237_length_641_cov_15.367704	641	unaligned
3340552	3341186	1	635	NC_002945.4	NODE_238_length_635_cov_36.588583	100.0		True
CONTIG	NODE_238_length_635_cov_36.588583	635	correct
1342064	1342697	1	634	NC_002945.4	NODE_239_length_634_cov_50.670611	100.0		True
CONTIG	NODE_239_length_634_cov_50.670611	634	correct
CONTIG	NODE_240_length_627_cov_13.784000	627	unaligned
2773582	2774149	568	1	NC_002945.4	NODE_241_length_622_cov_3.961616	100.0		True
CONTIG	NODE_241_length_622_cov_3.961616	622	correct
CONTIG	NODE_242_length_593_cov_71.875536	593	unaligned
3341060	3341647	1	588	NC_002945.4	NODE_243_length_588_cov_68.297180	100.0		True
CONTIG	NODE_243_length_588_cov_68.297180	588	correct
CONTIG	NODE_244_length_588_cov_34.867679	588	unaligned
CONTIG	NODE_245_length_571_cov_22.272523	571	unaligned
CONTIG	NODE_246_length_569_cov_16.936652	569	unaligned
1218600	1218875	153	428	NC_002945.4	NODE_247_length_565_cov_3.511416	99.64		True
CONTIG	NODE_247_length_565_cov_3.511416	565	correct
3884167	3884745	561	1	NC_002945.4	NODE_248_length_561_cov_32.758065	96.72		True
CONTIG	NODE_248_length_561_cov_32.758065	561	correct
CONTIG	NODE_249_length_561_cov_16.764977	561	unaligned
CONTIG	NODE_250_length_558_cov_15.023202	558	unaligned
CONTIG	NODE_251_length_558_cov_9.976798	558	unaligned
CONTIG	NODE_252_length_555_cov_31.621495	555	unaligned
CONTIG	NODE_253_length_555_cov_20.282710	555	unaligned
CONTIG	NODE_254_length_555_cov_18.504673	555	unaligned
838577	838957	1	381	NC_002945.4	NODE_255_length_548_cov_2.551069	99.74		True
CONTIG	NODE_255_length_548_cov_2.551069	548	correct
2160916	2161461	546	1	NC_002945.4	NODE_256_length_546_cov_46.646778	100.0		True
CONTIG	NODE_256_length_546_cov_46.646778	546	correct
CONTIG	NODE_257_length_527_cov_14.520000	527	unaligned
838170	838548	1	379	NC_002945.4	NODE_258_length_526_cov_0.586466	98.94		True
CONTIG	NODE_258_length_526_cov_0.586466	526	correct
839271	839553	93	375	NC_002945.4	NODE_259_length_518_cov_0.769821	98.23		True
CONTIG	NODE_259_length_518_cov_0.769821	518	correct
CONTIG	NODE_260_length_509_cov_42.395288	509	unaligned
CONTIG	NODE_261_length_501_cov_44.109626	501	unaligned
3894218	3894717	1	500	NC_002945.4	NODE_262_length_500_cov_93.190349	100.0		True
CONTIG	NODE_262_length_500_cov_93.190349	500	correct
