S1	E1	S2	E2	Reference	Contig	IDY	Ambiguous	Best_group
2453623	2665748	212178	1	NC_002945.4	NODE_1_length_212178_cov_36.537107	99.96		True
CONTIG	NODE_1_length_212178_cov_36.537107	212178	correct
402605	607788	1	204915	NC_002945.4	NODE_2_length_204915_cov_36.233388	99.86		True
CONTIG	NODE_2_length_204915_cov_36.233388	204915	correct
3488378	3673271	1	184786	NC_002945.4	NODE_3_length_184786_cov_37.143096	99.93		True
CONTIG	NODE_3_length_184786_cov_37.143096	184786	correct
824601	838021	13576	156	NC_002945.4	NODE_4_length_161054_cov_36.984260	99.98		True
local misassembly
676569	824045	161054	13577	NC_002945.4	NODE_4_length_161054_cov_36.984260	99.99		True
CONTIG	NODE_4_length_161054_cov_36.984260	161054	correct
150414	306694	156254	1	NC_002945.4	NODE_5_length_156473_cov_36.067958	99.97		True
CONTIG	NODE_5_length_156473_cov_36.067958	156473	correct
30083	103918	73849	1	NC_002945.4	NODE_6_length_142795_cov_37.068866	99.96		True
local misassembly
1	29469	103319	73851	NC_002945.4	NODE_6_length_142795_cov_37.068866	99.99		True
fake: not a misassembly [linear representation of circular genome]
4310428	4349904	142795	103320	NC_002945.4	NODE_6_length_142795_cov_37.068866	99.97		True
CONTIG	NODE_6_length_142795_cov_37.068866	142795	correct
1638921	1769053	68	130199	NC_002945.4	NODE_7_length_130291_cov_38.185236	99.99		True
CONTIG	NODE_7_length_130291_cov_38.185236	130291	correct
1010930	1091276	80444	95	NC_002945.4	NODE_8_length_119777_cov_37.239407	99.99		True
relocation, inconsistency = 1457
970268	1009472	119648	80445	NC_002945.4	NODE_8_length_119777_cov_37.239407	99.98		True
CONTIG	NODE_8_length_119777_cov_37.239407	119777	misassembled
3297493	3338080	40757	1	NC_002945.4	NODE_9_length_119003_cov_36.186379	99.81		True
indel: stretch of mismatches
3219380	3297478	118927	40772	NC_002945.4	NODE_9_length_119003_cov_36.186379	99.92		True
CONTIG	NODE_9_length_119003_cov_36.186379	119003	correct
1869370	1985555	1	115720	NC_002945.4	NODE_10_length_115799_cov_36.271129	99.58		True
CONTIG	NODE_10_length_115799_cov_36.271129	115799	correct
3015716	3124799	108499	127	NC_002945.4	NODE_11_length_108499_cov_37.082863	99.09		True
CONTIG	NODE_11_length_108499_cov_37.082863	108499	correct
4036006	4141907	84	105870	NC_002945.4	NODE_12_length_105982_cov_35.159312	99.88		True
CONTIG	NODE_12_length_105982_cov_35.159312	105982	correct
3343594	3442410	98885	1	NC_002945.4	NODE_13_length_98885_cov_37.852215	99.92		True
CONTIG	NODE_13_length_98885_cov_37.852215	98885	correct
4194926	4281667	86740	1	NC_002945.4	NODE_14_length_86740_cov_37.875769	99.98		True
CONTIG	NODE_14_length_86740_cov_37.875769	86740	correct
3897330	3979606	82268	1	NC_002945.4	NODE_15_length_82296_cov_36.976025	99.98		True
CONTIG	NODE_15_length_82296_cov_36.976025	82296	correct
1491980	1573863	81884	1	NC_002945.4	NODE_16_length_82005_cov_38.542124	99.93		True
CONTIG	NODE_16_length_82005_cov_38.542124	82005	correct
1779460	1853589	1	74130	NC_002945.4	NODE_17_length_74253_cov_36.621320	99.99		True
CONTIG	NODE_17_length_74253_cov_36.621320	74253	correct
2693912	2766944	73036	4	NC_002945.4	NODE_18_length_73036_cov_37.038500	99.99		True
CONTIG	NODE_18_length_73036_cov_37.038500	73036	correct
3124819	3193761	68889	1	NC_002945.4	NODE_19_length_68955_cov_36.842477	99.91		True
CONTIG	NODE_19_length_68955_cov_36.842477	68955	correct
1098509	1165170	1	66651	NC_002945.4	NODE_20_length_66651_cov_36.110547	99.97		True
CONTIG	NODE_20_length_66651_cov_36.110547	66651	correct
2852106	2916695	64589	1	NC_002945.4	NODE_21_length_64608_cov_35.084242	99.98		True
CONTIG	NODE_21_length_64608_cov_35.084242	64608	correct
1280097	1343223	1	63189	NC_002945.4	NODE_22_length_63189_cov_39.475564	99.89		True
CONTIG	NODE_22_length_63189_cov_39.475564	63189	correct
1219423	1278412	47	59036	NC_002945.4	NODE_23_length_59036_cov_35.891528	99.98		True
CONTIG	NODE_23_length_59036_cov_35.891528	59036	correct
2957039	3015723	58937	153	NC_002945.4	NODE_24_length_58937_cov_35.885445	99.99		True
CONTIG	NODE_24_length_58937_cov_35.885445	58937	correct
1997183	2040596	1	43414	NC_002945.4	NODE_25_length_58528_cov_36.021866	99.98		True
local misassembly
2041230	2056343	43415	58528	NC_002945.4	NODE_25_length_58528_cov_36.021866	99.99		True
CONTIG	NODE_25_length_58528_cov_36.021866	58528	correct
3777400	3835785	1	58318	NC_002945.4	NODE_26_length_58318_cov_35.533313	99.87		True
CONTIG	NODE_26_length_58318_cov_35.533313	58318	correct
2083596	2140803	314	57521	NC_002945.4	NODE_27_length_57521_cov_36.636077	99.99		True
CONTIG	NODE_27_length_57521_cov_36.636077	57521	correct
4141990	4193715	1	51726	NC_002945.4	NODE_28_length_51726_cov_38.195004	99.98		True
CONTIG	NODE_28_length_51726_cov_38.195004	51726	correct
2801012	2852092	1	51081	NC_002945.4	NODE_29_length_51081_cov_36.002041	99.99		True
CONTIG	NODE_29_length_51081_cov_36.002041	51081	correct
4000854	4035763	34910	1	NC_002945.4	NODE_30_length_50631_cov_36.228655	99.98		True
fake: scaffold gap size wrong estimation (local)
3985011	4000631	50631	35011	NC_002945.4	NODE_30_length_50631_cov_36.228655	100.0		True
CONTIG	NODE_30_length_50631_cov_36.228655	50631	correct
1574018	1623836	49991	173	NC_002945.4	NODE_31_length_49991_cov_34.073520	99.97		True
CONTIG	NODE_31_length_49991_cov_34.073520	49991	correct
842596	891078	48483	1	NC_002945.4	NODE_32_length_48502_cov_35.330026	99.97		True
CONTIG	NODE_32_length_48502_cov_35.330026	48502	correct
625372	673391	48300	407	NC_002945.4	NODE_33_length_48316_cov_35.546743	99.73		True
CONTIG	NODE_33_length_48316_cov_35.546743	48316	correct
1343879	1386555	1	42682	NC_002945.4	NODE_34_length_42923_cov_34.670179	99.98		True
CONTIG	NODE_34_length_42923_cov_34.670179	42923	correct
3445573	3488322	1	42750	NC_002945.4	NODE_35_length_42750_cov_37.386998	99.97		True
CONTIG	NODE_35_length_42750_cov_37.386998	42750	correct
3836888	3878073	1	41178	NC_002945.4	NODE_36_length_41354_cov_36.666990	99.91		True
CONTIG	NODE_36_length_41354_cov_36.666990	41354	correct
3703671	3709840	23	6192	NC_002945.4	NODE_37_length_41294_cov_33.278816	99.99		True
relocation, inconsistency = 13908
3723749	3737454	6193	19895	NC_002945.4	NODE_37_length_41294_cov_33.278816	98.91		True
local misassembly
3737665	3758820	19896	41051	NC_002945.4	NODE_37_length_41294_cov_33.278816	100.0		True
local misassembly
3759076	3759318	41052	41294	NC_002945.4	NODE_37_length_41294_cov_33.278816	100.0		True
CONTIG	NODE_37_length_41294_cov_33.278816	41294	misassembled
930610	970093	1	39604	NC_002945.4	NODE_38_length_39604_cov_34.404565	99.68		True
CONTIG	NODE_38_length_39604_cov_34.404565	39604	correct
2246094	2283745	37654	1	NC_002945.4	NODE_39_length_37681_cov_39.386350	99.95		True
CONTIG	NODE_39_length_37681_cov_39.386350	37681	correct
363916	401308	1	37393	NC_002945.4	NODE_40_length_37393_cov_35.496565	99.99		True
CONTIG	NODE_40_length_37393_cov_35.496565	37393	correct
2210057	2246098	36042	1	NC_002945.4	NODE_41_length_36042_cov_41.271502	99.99		True
CONTIG	NODE_41_length_36042_cov_41.271502	36042	correct
1413935	1447570	1	33636	NC_002945.4	NODE_42_length_33636_cov_37.632009	99.99		True
CONTIG	NODE_42_length_33636_cov_37.632009	33636	correct
2161798	2192094	30298	1	NC_002945.4	NODE_43_length_30298_cov_37.060290	99.99		True
CONTIG	NODE_43_length_30298_cov_37.060290	30298	correct
2294650	2324497	29848	1	NC_002945.4	NODE_44_length_29848_cov_34.688671	99.99		True
CONTIG	NODE_44_length_29848_cov_34.688671	29848	correct
2343884	2372293	1	28410	NC_002945.4	NODE_45_length_28469_cov_35.297050	99.95		True
CONTIG	NODE_45_length_28469_cov_35.297050	28469	correct
105040	131958	1	26919	NC_002945.4	NODE_46_length_27592_cov_35.726379	99.97		True
local misassembly
132142	132641	26920	27419	NC_002945.4	NODE_46_length_27592_cov_35.726379	99.22		True
CONTIG	NODE_46_length_27592_cov_35.726379	27592	correct
2665977	2693421	27444	1	NC_002945.4	NODE_47_length_27455_cov_36.626793	99.99		True
CONTIG	NODE_47_length_27455_cov_36.626793	27455	correct
2056988	2083574	1	26587	NC_002945.4	NODE_48_length_26748_cov_36.160212	99.96		True
CONTIG	NODE_48_length_26748_cov_36.160212	26748	correct
306734	332143	1	25410	NC_002945.4	NODE_49_length_25959_cov_36.478089	99.99		True
local misassembly
332249	332797	25411	25959	NC_002945.4	NODE_49_length_25959_cov_36.478089	99.67		True
CONTIG	NODE_49_length_25959_cov_36.478089	25959	correct
1387324	1412955	73	25704	NC_002945.4	NODE_50_length_25704_cov_35.133636	99.98		True
CONTIG	NODE_50_length_25704_cov_35.133636	25704	correct
332747	333340	1	594	NC_002945.4	NODE_51_length_25480_cov_31.222262	99.83		True
relocation, inconsistency = 5501
338849	363814	602	25480	NC_002945.4	NODE_51_length_25480_cov_31.222262	99.62		True
CONTIG	NODE_51_length_25480_cov_31.222262	25480	misassembled
3674358	3698322	1	23947	NC_002945.4	NODE_52_length_24053_cov_27.067249	99.87		True
CONTIG	NODE_52_length_24053_cov_27.067249	24053	correct
1447552	1470724	23116	1	NC_002945.4	NODE_53_length_23116_cov_40.879682	99.75		True
CONTIG	NODE_53_length_23116_cov_40.879682	23116	correct
2423267	2444953	21687	1	NC_002945.4	NODE_54_length_21687_cov_35.859647	99.99		True
CONTIG	NODE_54_length_21687_cov_35.859647	21687	correct
2386668	2408345	1	21678	NC_002945.4	NODE_55_length_21678_cov_30.598627	100.0		True
CONTIG	NODE_55_length_21678_cov_30.598627	21678	correct
1471935	1490747	1	18814	NC_002945.4	NODE_56_length_19198_cov_37.143988	99.98		True
local misassembly
1490961	1491344	18815	19198	NC_002945.4	NODE_56_length_19198_cov_37.143988	100.0		True
CONTIG	NODE_56_length_19198_cov_37.143988	19198	correct
1171083	1189289	1	18207	NC_002945.4	NODE_57_length_18373_cov_38.558095	99.99		True
CONTIG	NODE_57_length_18373_cov_38.558095	18373	correct
3759811	3777501	17691	1	NC_002945.4	NODE_58_length_18078_cov_33.326500	99.93		True
local misassembly
3759387	3759579	17884	17692	NC_002945.4	NODE_58_length_18078_cov_33.326500	100.0		True
CONTIG	NODE_58_length_18078_cov_33.326500	18078	correct
2140858	2158365	17508	1	NC_002945.4	NODE_59_length_17667_cov_37.176739	99.97		True
CONTIG	NODE_59_length_17667_cov_37.176739	17667	correct
2326479	2343652	17174	1	NC_002945.4	NODE_60_length_17358_cov_31.972608	99.96		True
CONTIG	NODE_60_length_17358_cov_31.972608	17358	correct
2192685	2210026	17344	3	NC_002945.4	NODE_61_length_17344_cov_40.578091	99.99		True
CONTIG	NODE_61_length_17344_cov_40.578091	17344	correct
892165	909508	17344	1	NC_002945.4	NODE_62_length_17344_cov_38.564733	99.99		True
CONTIG	NODE_62_length_17344_cov_38.564733	17344	correct
132680	149944	3	17267	NC_002945.4	NODE_63_length_17267_cov_40.172579	99.95		True
CONTIG	NODE_63_length_17267_cov_40.172579	17267	correct
2776943	2793824	11	16892	NC_002945.4	NODE_64_length_16970_cov_38.871816	100.0		True
CONTIG	NODE_64_length_16970_cov_38.871816	16970	correct
910050	926201	16152	1	NC_002945.4	NODE_65_length_16152_cov_37.264462	99.99		True
CONTIG	NODE_65_length_16152_cov_37.264462	16152	correct
2916851	2932857	16007	1	NC_002945.4	NODE_66_length_16007_cov_38.027960	99.96		True
CONTIG	NODE_66_length_16007_cov_38.027960	16007	correct
3193724	3209288	15486	1	NC_002945.4	NODE_67_length_15486_cov_39.355948	99.49		True
CONTIG	NODE_67_length_15486_cov_39.355948	15486	correct
609085	624344	1	15260	NC_002945.4	NODE_68_length_15436_cov_32.612189	99.98		True
CONTIG	NODE_68_length_15436_cov_32.612189	15436	correct
1854174	1869219	15148	103	NC_002945.4	NODE_69_length_15342_cov_25.780611	99.98		True
CONTIG	NODE_69_length_15342_cov_25.780611	15342	correct
1190378	1204741	1	14364	NC_002945.4	NODE_70_length_14364_cov_34.294233	99.97		True
CONTIG	NODE_70_length_14364_cov_34.294233	14364	correct
2372406	2386761	1	14356	NC_002945.4	NODE_71_length_14356_cov_36.762316	99.98		True
CONTIG	NODE_71_length_14356_cov_36.762316	14356	correct
2409067	2422776	1	13710	NC_002945.4	NODE_72_length_13710_cov_34.135169	99.98		True
CONTIG	NODE_72_length_13710_cov_34.135169	13710	correct
3712180	3724639	1	12459	NC_002945.4	NODE_73_length_12574_cov_20.042420	99.95		True
CONTIG	NODE_73_length_12574_cov_20.042420	12574	correct
2944619	2957076	12458	1	NC_002945.4	NODE_74_length_12458_cov_34.349120	99.98		True
CONTIG	NODE_74_length_12458_cov_34.349120	12458	correct
4281683	4293935	12313	61	NC_002945.4	NODE_75_length_12313_cov_35.620794	99.99		True
CONTIG	NODE_75_length_12313_cov_35.620794	12313	correct
2933733	2943963	10231	1	NC_002945.4	NODE_76_length_10231_cov_33.141627	99.99		True
CONTIG	NODE_76_length_10231_cov_33.141627	10231	correct
3209298	3219347	1	10050	NC_002945.4	NODE_77_length_10050_cov_37.274514	100.0		True
CONTIG	NODE_77_length_10050_cov_37.274514	10050	correct
1623823	1633228	110	9458	NC_002945.4	NODE_78_length_9501_cov_29.764775	99.34		True
CONTIG	NODE_78_length_9501_cov_29.764775	9501	correct
1204744	1213687	8869	1	NC_002945.4	NODE_79_length_8869_cov_32.662434	99.14		True
CONTIG	NODE_79_length_8869_cov_32.662434	8869	correct
3894591	3895286	1	696	NC_002945.4	NODE_80_length_8537_cov_16.912485	100.0		True
relocation, inconsistency = -10855
3884432	3890278	697	6552	NC_002945.4	NODE_80_length_8537_cov_16.912485	99.81		True
local misassembly
3890969	3892553	6553	8137	NC_002945.4	NODE_80_length_8537_cov_16.912485	99.95		True
relocation, inconsistency = 2036814
1853853	1854152	8440	8140	NC_002945.4	NODE_80_length_8537_cov_16.912485	98.01		True
CONTIG	NODE_80_length_8537_cov_16.912485	8537	misassembled
2446088	2453598	7633	123	NC_002945.4	NODE_81_length_7633_cov_34.675593	100.0		True
CONTIG	NODE_81_length_7633_cov_34.675593	7633	correct
4301851	4309411	1	7561	NC_002945.4	NODE_82_length_7561_cov_35.212268	99.99		True
CONTIG	NODE_82_length_7561_cov_35.212268	7561	correct
4294618	4301854	183	7419	NC_002945.4	NODE_83_length_7419_cov_31.646599	99.99		True
CONTIG	NODE_83_length_7419_cov_31.646599	7419	correct
2766903	2773105	6218	17	NC_002945.4	NODE_84_length_6361_cov_23.693616	99.85		True
CONTIG	NODE_84_length_6361_cov_23.693616	6361	correct
2793930	2799828	5899	1	NC_002945.4	NODE_85_length_6035_cov_33.034868	99.98		True
CONTIG	NODE_85_length_6035_cov_33.034868	6035	correct
1987034	1992127	5095	1	NC_002945.4	NODE_86_length_5097_cov_33.413883	99.96		True
CONTIG	NODE_86_length_5097_cov_33.413883	5097	correct
3980219	3984433	1	4215	NC_002945.4	NODE_87_length_4355_cov_30.470908	100.0		True
CONTIG	NODE_87_length_4355_cov_30.470908	4355	correct
1214750	1218320	3726	156	NC_002945.4	NODE_88_length_4197_cov_25.772973	99.97		True
local misassembly
1214516	1214774	4104	3846	NC_002945.4	NODE_88_length_4197_cov_25.772973	98.84		True
CONTIG	NODE_88_length_4197_cov_25.772973	4197	correct
1165899	1169900	4002	1	NC_002945.4	NODE_89_length_4002_cov_39.861419	99.98		True
CONTIG	NODE_89_length_4002_cov_39.861419	4002	correct
1092436	1096267	3839	8	NC_002945.4	NODE_90_length_3839_cov_27.595097	99.95		True
CONTIG	NODE_90_length_3839_cov_27.595097	3839	correct
3700303	3703658	132	3487	NC_002945.4	NODE_91_length_3487_cov_25.243452	99.97		True
CONTIG	NODE_91_length_3487_cov_25.243452	3487	correct
2284620	2287647	1	3028	NC_002945.4	NODE_92_length_3028_cov_25.999311	99.77		True
CONTIG	NODE_92_length_3028_cov_25.999311	3028	correct
2290710	2293716	1	3007	NC_002945.4	NODE_93_length_3007_cov_23.110764	100.0		True
CONTIG	NODE_93_length_3007_cov_23.110764	3007	correct
1638450	1638738	289	1	NC_002945.4	NODE_94_length_2971_cov_16.799226	100.0		True
local misassembly
1635657	1638338	2971	290	NC_002945.4	NODE_94_length_2971_cov_16.799226	100.0		True
CONTIG	NODE_94_length_2971_cov_16.799226	2971	correct
2158914	2160444	2345	815	NC_002945.4	NODE_95_length_2949_cov_34.414600	95.49		True
fake: scaffold gap size wrong estimation (local)
2158341	2158913	2949	2377	NC_002945.4	NODE_95_length_2949_cov_34.414600	100.0		True
CONTIG	NODE_95_length_2949_cov_34.414600	2949	correct
928970	930608	1639	1	NC_002945.4	NODE_96_length_2419_cov_7.402269	100.0		True
local misassembly
928451	928975	2311	1778	NC_002945.4	NODE_96_length_2419_cov_7.402269	98.31		True
CONTIG	NODE_96_length_2419_cov_7.402269	2419	correct
1993335	1995596	1	2262	NC_002945.4	NODE_97_length_2262_cov_38.904918	100.0		True
CONTIG	NODE_97_length_2262_cov_38.904918	2262	correct
3878190	3880015	86	1911	NC_002945.4	NODE_98_length_2105_cov_3.369565	99.84		True
CONTIG	NODE_98_length_2105_cov_3.369565	2105	correct
336693	337791	87	1185	NC_002945.4	NODE_99_length_2033_cov_10.807975	99.27		True
relocation, inconsistency = 503393
841631	841989	1990	1632	NC_002945.4	NODE_99_length_2033_cov_10.807975	95.26		True
CONTIG	NODE_99_length_2033_cov_10.807975	2033	misassembled
3698318	3699738	1442	22	NC_002945.4	NODE_100_length_1714_cov_4.545054	99.86		True
CONTIG	NODE_100_length_1714_cov_4.545054	1714	correct
3882139	3883503	264	1676	NC_002945.4	NODE_101_length_1686_cov_3.169339	96.6		True
CONTIG	NODE_101_length_1686_cov_3.169339	1686	correct
2776621	2776834	202	415	NC_002945.4	NODE_102_length_1665_cov_3.584525	100.0		True
relocation, inconsistency = 1148
2774223	2775472	1665	416	NC_002945.4	NODE_102_length_1665_cov_3.584525	99.6		True
CONTIG	NODE_102_length_1665_cov_3.584525	1665	misassembled
674732	676359	1658	31	NC_002945.4	NODE_103_length_1658_cov_3.498367	99.51		True
CONTIG	NODE_103_length_1658_cov_3.498367	1658	correct
1096985	1098506	1	1522	NC_002945.4	NODE_104_length_1601_cov_30.421303	99.93		True
CONTIG	NODE_104_length_1601_cov_30.421303	1601	correct
401182	402731	1	1550	NC_002945.4	NODE_105_length_1550_cov_58.096978	99.94		True
CONTIG	NODE_105_length_1550_cov_58.096978	1550	correct
4193589	4195052	1	1464	NC_002945.4	NODE_106_length_1464_cov_85.229619	100.0		True
CONTIG	NODE_106_length_1464_cov_85.229619	1464	correct
3443593	3445031	1439	1	NC_002945.4	NODE_107_length_1439_cov_48.153963	100.0		True
CONTIG	NODE_107_length_1439_cov_48.153963	1439	correct
3673145	3674484	1340	1	NC_002945.4	NODE_108_length_1340_cov_69.319044	100.0		True
CONTIG	NODE_108_length_1340_cov_69.319044	1340	correct
3339137	3340461	1325	1	NC_002945.4	NODE_109_length_1325_cov_26.131052	100.0		True
CONTIG	NODE_109_length_1325_cov_26.131052	1325	correct
3835659	3836979	1	1321	NC_002945.4	NODE_110_length_1321_cov_68.498325	99.7		True
CONTIG	NODE_110_length_1321_cov_68.498325	1321	correct
2324640	2325814	143	1317	NC_002945.4	NODE_111_length_1317_cov_21.891597	100.0		True
CONTIG	NODE_111_length_1317_cov_21.891597	1317	correct
2288581	2289835	1255	1	NC_002945.4	NODE_112_length_1255_cov_32.754433	100.0		True
CONTIG	NODE_112_length_1255_cov_32.754433	1255	correct
2287521	2288707	1187	1	NC_002945.4	NODE_113_length_1187_cov_21.649057	100.0		True
CONTIG	NODE_113_length_1187_cov_21.649057	1187	correct
2444936	2446017	1174	93	NC_002945.4	NODE_114_length_1174_cov_28.221585	100.0		True
CONTIG	NODE_114_length_1174_cov_28.221585	1174	correct
2283619	2284746	1128	1	NC_002945.4	NODE_115_length_1128_cov_61.141858	99.91		True
CONTIG	NODE_115_length_1128_cov_61.141858	1128	correct
338120	338755	204	848	NC_002945.4	NODE_116_length_1021_cov_1.757271	98.6		True
CONTIG	NODE_116_length_1021_cov_1.757271	1021	correct
1091536	1092428	102	994	NC_002945.4	NODE_117_length_994_cov_0.722030	99.55		True
CONTIG	NODE_117_length_994_cov_0.722030	994	correct
1165044	1166025	982	1	NC_002945.4	NODE_118_length_982_cov_64.345029	99.9		True
CONTIG	NODE_118_length_982_cov_64.345029	982	correct
2943837	2944745	909	1	NC_002945.4	NODE_119_length_909_cov_237.016624	100.0		True
CONTIG	NODE_119_length_909_cov_237.016624	909	correct
3341521	3342410	890	1	NC_002945.4	NODE_120_length_890_cov_24.879423	100.0		True
CONTIG	NODE_120_length_890_cov_24.879423	890	correct
2191968	2192811	844	1	NC_002945.4	NODE_121_length_844_cov_69.319386	100.0		True
CONTIG	NODE_121_length_844_cov_69.319386	844	correct
CONTIG	NODE_122_length_825_cov_1.510029	825	unaligned
673547	674074	666	139	NC_002945.4	NODE_123_length_803_cov_2.436391	99.81		True
CONTIG	NODE_123_length_803_cov_2.436391	803	correct
909382	910176	795	1	NC_002945.4	NODE_124_length_795_cov_85.705090	100.0		True
CONTIG	NODE_124_length_795_cov_85.705090	795	correct
1213935	1214563	777	149	NC_002945.4	NODE_125_length_777_cov_1.652308	99.68		True
CONTIG	NODE_125_length_777_cov_1.652308	777	correct
335647	336377	6	736	NC_002945.4	NODE_126_length_766_cov_6.594679	100.0		True
CONTIG	NODE_126_length_766_cov_6.594679	766	correct
2693295	2694038	744	1	NC_002945.4	NODE_127_length_744_cov_66.063209	100.0		True
CONTIG	NODE_127_length_744_cov_66.063209	744	correct
1985747	1986441	728	34	NC_002945.4	NODE_128_length_728_cov_2.261231	99.28		True
CONTIG	NODE_128_length_728_cov_2.261231	728	correct
3892547	3893059	695	183	NC_002945.4	NODE_129_length_722_cov_0.788235	98.83		True
CONTIG	NODE_129_length_722_cov_0.788235	722	correct
674111	674648	149	686	NC_002945.4	NODE_130_length_715_cov_1.695578	98.51		True
CONTIG	NODE_130_length_715_cov_1.695578	715	correct
2773574	2774131	150	707	NC_002945.4	NODE_131_length_707_cov_2.531034	99.64		True
CONTIG	NODE_131_length_707_cov_2.531034	707	correct
1189367	1189847	534	54	NC_002945.4	NODE_132_length_681_cov_3.223827	99.58		True
CONTIG	NODE_132_length_681_cov_3.223827	681	correct
3340552	3341186	635	1	NC_002945.4	NODE_133_length_635_cov_26.125984	100.0		True
CONTIG	NODE_133_length_635_cov_26.125984	635	correct
3338171	3338802	632	1	NC_002945.4	NODE_134_length_632_cov_24.912871	99.84		True
CONTIG	NODE_134_length_632_cov_24.912871	632	correct
1996451	1997079	629	1	NC_002945.4	NODE_135_length_629_cov_2.159363	99.21		True
CONTIG	NODE_135_length_629_cov_2.159363	629	correct
4294097	4294610	80	593	NC_002945.4	NODE_136_length_598_cov_2.726115	99.81		True
CONTIG	NODE_136_length_598_cov_2.726115	598	correct
3883513	3883985	473	1	NC_002945.4	NODE_137_length_592_cov_5.303226	100.0		True
local misassembly
3883859	3883977	592	474	NC_002945.4	NODE_137_length_592_cov_5.303226	100.0		True
CONTIG	NODE_137_length_592_cov_5.303226	592	correct
3341060	3341647	588	1	NC_002945.4	NODE_138_length_588_cov_49.292842	100.0		True
CONTIG	NODE_138_length_588_cov_49.292842	588	correct
3881813	3882081	108	376	NC_002945.4	NODE_139_length_584_cov_0.704595	100.0		True
CONTIG	NODE_139_length_584_cov_0.704595	584	correct
2325855	2326206	196	547	NC_002945.4	NODE_140_length_547_cov_1.800000	99.72		True
CONTIG	NODE_140_length_547_cov_1.800000	547	correct
3699695	3699941	368	122	NC_002945.4	NODE_141_length_524_cov_1.045340	98.38		True
CONTIG	NODE_141_length_524_cov_1.045340	524	correct
