S1	E1	S2	E2	Reference	Contig	IDY	Ambiguous	Best_group
2453642	2665704	212234	114	NC_002945.4	NODE_1_length_212234_cov_37.813250	99.96		True
CONTIG	NODE_1_length_212234_cov_37.813250	212234	correct
1779460	1985614	205794	49	NC_002945.4	NODE_2_length_205794_cov_36.871939	99.79		True
CONTIG	NODE_2_length_205794_cov_36.871939	205794	correct
402605	607788	204915	1	NC_002945.4	NODE_3_length_204915_cov_37.428507	99.86		True
CONTIG	NODE_3_length_204915_cov_37.428507	204915	correct
3488378	3673271	184786	1	NC_002945.4	NODE_4_length_184786_cov_38.012921	99.93		True
CONTIG	NODE_4_length_184786_cov_38.012921	184786	correct
2957039	3124552	166947	123	NC_002945.4	NODE_5_length_166947_cov_36.718385	99.45		True
CONTIG	NODE_5_length_166947_cov_36.718385	166947	correct
150038	306663	1	156599	NC_002945.4	NODE_6_length_156757_cov_37.185341	99.97		True
CONTIG	NODE_6_length_156757_cov_37.185341	156757	correct
30083	103918	73849	1	NC_002945.4	NODE_7_length_143825_cov_38.528824	99.96		True
local misassembly
1	29469	103319	73851	NC_002945.4	NODE_7_length_143825_cov_38.528824	99.99		True
fake: not a misassembly [linear representation of circular genome]
4309398	4349904	143825	103320	NC_002945.4	NODE_7_length_143825_cov_38.528824	99.99		True
CONTIG	NODE_7_length_143825_cov_38.528824	143825	correct
1638907	1769053	130238	93	NC_002945.4	NODE_8_length_130319_cov_39.806033	99.99		True
CONTIG	NODE_8_length_130319_cov_39.806033	130319	correct
970265	1009472	94	39300	NC_002945.4	NODE_9_length_119858_cov_37.926009	99.97		True
relocation, inconsistency = 1457
1010930	1091484	39301	119858	NC_002945.4	NODE_9_length_119858_cov_37.926009	99.99		True
CONTIG	NODE_9_length_119858_cov_37.926009	119858	misassembled
3297521	3338802	41451	1	NC_002945.4	NODE_10_length_119768_cov_38.132338	99.81		True
indel: stretch of mismatches
3219422	3297520	119605	41452	NC_002945.4	NODE_10_length_119768_cov_38.132338	99.92		True
CONTIG	NODE_10_length_119768_cov_38.132338	119768	correct
726455	824045	1	97592	NC_002945.4	NODE_11_length_111065_cov_37.856605	99.99		True
local misassembly
824601	838029	97593	111021	NC_002945.4	NODE_11_length_111065_cov_37.856605	99.97		True
CONTIG	NODE_11_length_111065_cov_37.856605	111065	correct
3343594	3442410	98885	1	NC_002945.4	NODE_12_length_98885_cov_38.480123	99.92		True
CONTIG	NODE_12_length_98885_cov_38.480123	98885	correct
2083596	2140730	57239	105	NC_002945.4	NODE_13_length_84090_cov_38.400950	99.99		True
local misassembly
2057111	2083604	83871	57378	NC_002945.4	NODE_13_length_84090_cov_38.400950	99.98		True
CONTIG	NODE_13_length_84090_cov_38.400950	84090	correct
335650	336295	276	921	NC_002945.4	NODE_14_length_84071_cov_38.526494	100.0		True
relocation, inconsistency = 1051222
1387518	1470724	922	84071	NC_002945.4	NODE_14_length_84071_cov_38.526494	99.92		True
CONTIG	NODE_14_length_84071_cov_38.526494	84071	misassembled
3897223	3979446	86	82300	NC_002945.4	NODE_15_length_82321_cov_37.897900	99.98		True
CONTIG	NODE_15_length_82321_cov_37.897900	82321	correct
1491980	1573746	81767	1	NC_002945.4	NODE_16_length_81880_cov_38.975805	99.93		True
CONTIG	NODE_16_length_81880_cov_38.975805	81880	correct
2372451	2408737	36229	1	NC_002945.4	NODE_17_length_81631_cov_35.122841	99.83		True
local misassembly
2344022	2372129	64337	36230	NC_002945.4	NODE_17_length_81631_cov_35.122841	99.99		True
local misassembly
2326329	2343622	81631	64338	NC_002945.4	NODE_17_length_81631_cov_35.122841	99.99		True
CONTIG	NODE_17_length_81631_cov_35.122841	81631	correct
2693912	2773145	1	79233	NC_002945.4	NODE_18_length_79398_cov_36.899837	99.98		True
CONTIG	NODE_18_length_79398_cov_36.899837	79398	correct
3124626	3193870	69191	1	NC_002945.4	NODE_19_length_69307_cov_36.594608	99.91		True
CONTIG	NODE_19_length_69307_cov_36.594608	69307	correct
1096985	1165170	1	68175	NC_002945.4	NODE_20_length_68175_cov_37.190454	99.97		True
CONTIG	NODE_20_length_68175_cov_37.190454	68175	correct
2852106	2916393	64287	1	NC_002945.4	NODE_21_length_64325_cov_36.119396	99.98		True
CONTIG	NODE_21_length_64325_cov_36.119396	64325	correct
4194926	4259153	1	64228	NC_002945.4	NODE_22_length_64228_cov_39.405875	99.99		True
CONTIG	NODE_22_length_64228_cov_39.405875	64228	correct
1993044	1996773	115	3844	NC_002945.4	NODE_23_length_63347_cov_37.051550	99.97		True
local misassembly
1996993	2056495	3845	63347	NC_002945.4	NODE_23_length_63347_cov_37.051550	99.97		True
CONTIG	NODE_23_length_63347_cov_37.051550	63347	correct
4035784	4097403	1	61620	NC_002945.4	NODE_24_length_61620_cov_36.397525	99.99		True
CONTIG	NODE_24_length_61620_cov_36.397525	61620	correct
1280097	1340762	60728	1	NC_002945.4	NODE_25_length_60728_cov_39.585023	99.89		True
CONTIG	NODE_25_length_60728_cov_39.585023	60728	correct
1219589	1278412	202	59025	NC_002945.4	NODE_26_length_59025_cov_36.510238	99.99		True
CONTIG	NODE_26_length_59025_cov_36.510238	59025	correct
3777400	3835785	1	58318	NC_002945.4	NODE_27_length_58318_cov_38.327525	99.87		True
CONTIG	NODE_27_length_58318_cov_38.327525	58318	correct
2192685	2246063	53379	1	NC_002945.4	NODE_28_length_53379_cov_42.702340	99.99		True
CONTIG	NODE_28_length_53379_cov_42.702340	53379	correct
4141981	4193715	51735	1	NC_002945.4	NODE_29_length_51735_cov_39.212021	99.99		True
CONTIG	NODE_29_length_51735_cov_39.212021	51735	correct
2801012	2852028	1	51017	NC_002945.4	NODE_30_length_51017_cov_37.633346	99.99		True
CONTIG	NODE_30_length_51017_cov_37.633346	51017	correct
3984794	4000631	1	15838	NC_002945.4	NODE_31_length_50871_cov_37.248837	100.0		True
fake: scaffold gap size wrong estimation (local)
4000854	4035754	15939	50840	NC_002945.4	NODE_31_length_50871_cov_37.248837	99.97		True
CONTIG	NODE_31_length_50871_cov_37.248837	50871	correct
676461	726457	1	49997	NC_002945.4	NODE_32_length_49997_cov_36.154341	99.97		True
CONTIG	NODE_32_length_49997_cov_36.154341	49997	correct
1574014	1623823	49810	1	NC_002945.4	NODE_33_length_49810_cov_36.839764	99.98		True
CONTIG	NODE_33_length_49810_cov_36.839764	49810	correct
842602	891078	48477	1	NC_002945.4	NODE_34_length_48477_cov_36.049700	99.98		True
CONTIG	NODE_34_length_48477_cov_36.049700	48477	correct
625126	673257	1	48132	NC_002945.4	NODE_35_length_48176_cov_36.459323	99.99		True
CONTIG	NODE_35_length_48176_cov_36.459323	48176	correct
3882139	3882449	498	188	NC_002945.4	NODE_36_length_45276_cov_34.642362	100.0		True
local misassembly
3881830	3882155	975	650	NC_002945.4	NODE_36_length_45276_cov_34.642362	100.0		True
local misassembly
3836888	3881367	45276	976	NC_002945.4	NODE_36_length_45276_cov_34.642362	99.5		True
CONTIG	NODE_36_length_45276_cov_34.642362	45276	correct
4097387	4141979	1	44593	NC_002945.4	NODE_37_length_44593_cov_38.074619	99.99		True
CONTIG	NODE_37_length_44593_cov_38.074619	44593	correct
1170557	1189853	1	19297	NC_002945.4	NODE_38_length_43042_cov_36.380543	99.99		True
local misassembly
1190085	1213720	19298	42858	NC_002945.4	NODE_38_length_43042_cov_36.380543	99.65		True
CONTIG	NODE_38_length_43042_cov_36.380543	43042	correct
3445573	3488322	42750	1	NC_002945.4	NODE_39_length_42750_cov_39.653333	99.97		True
CONTIG	NODE_39_length_42750_cov_39.653333	42750	correct
1343879	1386445	42572	1	NC_002945.4	NODE_40_length_42572_cov_37.429214	99.99		True
CONTIG	NODE_40_length_42572_cov_37.429214	42572	correct
930645	970128	1	39724	NC_002945.4	NODE_41_length_39965_cov_36.726894	99.38		True
CONTIG	NODE_41_length_39965_cov_36.726894	39965	correct
363913	401308	55	37450	NC_002945.4	NODE_42_length_37450_cov_35.561825	99.99		True
CONTIG	NODE_42_length_37450_cov_35.561825	37450	correct
2246369	2283745	1	37379	NC_002945.4	NODE_43_length_37379_cov_40.584210	99.95		True
CONTIG	NODE_43_length_37379_cov_40.584210	37379	correct
4259930	4293947	34016	1	NC_002945.4	NODE_44_length_34016_cov_37.591195	99.99		True
CONTIG	NODE_44_length_34016_cov_37.591195	34016	correct
3737665	3758908	21251	8	NC_002945.4	NODE_45_length_33860_cov_36.835591	100.0		True
local misassembly
3724846	3737454	33860	21252	NC_002945.4	NODE_45_length_33860_cov_36.835591	99.98		True
CONTIG	NODE_45_length_33860_cov_36.835591	33860	correct
2161798	2192094	1	30298	NC_002945.4	NODE_46_length_30298_cov_39.491034	99.99		True
CONTIG	NODE_46_length_30298_cov_39.491034	30298	correct
2294650	2324482	29833	1	NC_002945.4	NODE_47_length_29833_cov_36.066317	99.99		True
CONTIG	NODE_47_length_29833_cov_36.066317	29833	correct
105040	132658	27816	198	NC_002945.4	NODE_48_length_27816_cov_33.517245	99.97		True
CONTIG	NODE_48_length_27816_cov_33.517245	27816	correct
2665954	2693421	27467	1	NC_002945.4	NODE_49_length_27467_cov_36.878018	99.98		True
CONTIG	NODE_49_length_27467_cov_36.878018	27467	correct
306711	333298	1	26483	NC_002945.4	NODE_50_length_26859_cov_36.084655	99.6		True
indel: stretch of mismatches
333299	333426	26484	26611	NC_002945.4	NODE_50_length_26859_cov_36.084655	99.76		True
CONTIG	NODE_50_length_26859_cov_36.084655	26859	correct
3674358	3700307	1	25932	NC_002945.4	NODE_51_length_25932_cov_28.642472	99.92		True
CONTIG	NODE_51_length_25932_cov_28.642472	25932	correct
338173	363835	219	25794	NC_002945.4	NODE_52_length_25794_cov_32.935248	99.64		True
CONTIG	NODE_52_length_25794_cov_32.935248	25794	correct
2423267	2446126	1	22746	NC_002945.4	NODE_53_length_22746_cov_39.295990	99.49		True
CONTIG	NODE_53_length_22746_cov_39.295990	22746	correct
1471935	1490747	1	18814	NC_002945.4	NODE_54_length_19147_cov_41.982387	99.98		True
local misassembly
1490961	1491293	18815	19147	NC_002945.4	NODE_54_length_19147_cov_41.982387	100.0		True
CONTIG	NODE_54_length_19147_cov_41.982387	19147	correct
2140796	2158365	1	17570	NC_002945.4	NODE_55_length_17570_cov_40.095568	99.97		True
CONTIG	NODE_55_length_17570_cov_40.095568	17570	correct
3760003	3777383	1	17383	NC_002945.4	NODE_56_length_17383_cov_35.948424	99.97		True
CONTIG	NODE_56_length_17383_cov_35.948424	17383	correct
892165	909508	1	17344	NC_002945.4	NODE_57_length_17344_cov_37.631062	99.99		True
CONTIG	NODE_57_length_17344_cov_37.631062	17344	correct
132712	149988	13	17289	NC_002945.4	NODE_58_length_17289_cov_41.536767	99.97		True
CONTIG	NODE_58_length_17289_cov_41.536767	17289	correct
2777012	2793359	115	16462	NC_002945.4	NODE_59_length_16462_cov_41.012182	100.0		True
CONTIG	NODE_59_length_16462_cov_41.012182	16462	correct
910050	926338	16289	1	NC_002945.4	NODE_60_length_16289_cov_38.553768	99.99		True
CONTIG	NODE_60_length_16289_cov_38.553768	16289	correct
2916851	2932851	16034	34	NC_002945.4	NODE_61_length_16034_cov_40.553781	99.97		True
CONTIG	NODE_61_length_16034_cov_40.553781	16034	correct
3193780	3209297	15618	1	NC_002945.4	NODE_62_length_15618_cov_38.182816	100.0		True
CONTIG	NODE_62_length_15618_cov_38.182816	15618	correct
609085	624364	15361	82	NC_002945.4	NODE_63_length_15361_cov_36.472890	99.99		True
CONTIG	NODE_63_length_15361_cov_36.472890	15361	correct
4294607	4309415	14809	1	NC_002945.4	NODE_64_length_14809_cov_36.659719	99.99		True
CONTIG	NODE_64_length_14809_cov_36.659719	14809	correct
2409168	2422776	206	13814	NC_002945.4	NODE_65_length_13814_cov_37.647622	99.98		True
CONTIG	NODE_65_length_13814_cov_37.647622	13814	correct
3712180	3724829	12650	1	NC_002945.4	NODE_66_length_12650_cov_27.380260	99.96		True
CONTIG	NODE_66_length_12650_cov_27.380260	12650	correct
2944619	2957076	12458	1	NC_002945.4	NODE_67_length_12458_cov_36.386019	99.98		True
CONTIG	NODE_67_length_12458_cov_36.386019	12458	correct
2933886	2943963	213	10290	NC_002945.4	NODE_68_length_10290_cov_38.131654	99.99		True
CONTIG	NODE_68_length_10290_cov_38.131654	10290	correct
3209297	3219347	1	10051	NC_002945.4	NODE_69_length_10051_cov_36.022672	99.99		True
CONTIG	NODE_69_length_10051_cov_36.022672	10051	correct
3890969	3893485	2675	159	NC_002945.4	NODE_70_length_9886_cov_15.161389	99.86		True
local misassembly
3884643	3890278	8320	2676	NC_002945.4	NODE_70_length_9886_cov_15.161389	99.82		True
local misassembly
3882510	3884027	9886	8321	NC_002945.4	NODE_70_length_9886_cov_15.161389	97.19		True
CONTIG	NODE_70_length_9886_cov_15.161389	9886	correct
1623913	1633327	73	9430	NC_002945.4	NODE_71_length_9430_cov_32.567881	99.35		True
CONTIG	NODE_71_length_9430_cov_32.567881	9430	correct
3703604	3711403	7800	1	NC_002945.4	NODE_72_length_7800_cov_24.346931	100.0		True
CONTIG	NODE_72_length_7800_cov_24.346931	7800	correct
2446120	2453558	1	7439	NC_002945.4	NODE_73_length_7556_cov_35.698479	100.0		True
CONTIG	NODE_73_length_7556_cov_35.698479	7556	correct
2793868	2799828	5961	1	NC_002945.4	NODE_74_length_5961_cov_34.673809	99.98		True
CONTIG	NODE_74_length_5961_cov_34.673809	5961	correct
1987184	1992127	183	5127	NC_002945.4	NODE_75_length_5127_cov_37.997600	99.98		True
CONTIG	NODE_75_length_5127_cov_37.997600	5127	correct
1213980	1214774	1	795	NC_002945.4	NODE_76_length_4584_cov_29.338120	99.62		True
local misassembly
1214750	1218320	915	4485	NC_002945.4	NODE_76_length_4584_cov_29.338120	99.94		True
CONTIG	NODE_76_length_4584_cov_29.338120	4584	correct
3980249	3984478	163	4392	NC_002945.4	NODE_77_length_4559_cov_33.052798	99.98		True
CONTIG	NODE_77_length_4559_cov_33.052798	4559	correct
1165899	1169900	1	4002	NC_002945.4	NODE_78_length_4002_cov_39.470194	99.98		True
CONTIG	NODE_78_length_4002_cov_39.470194	4002	correct
3700317	3703643	3327	1	NC_002945.4	NODE_79_length_3338_cov_31.602927	100.0		True
CONTIG	NODE_79_length_3338_cov_31.602927	3338	correct
1635657	1638240	1	2584	NC_002945.4	NODE_80_length_3099_cov_18.274226	99.96		True
local misassembly
1638385	1638707	2585	2907	NC_002945.4	NODE_80_length_3099_cov_18.274226	100.0		True
CONTIG	NODE_80_length_3099_cov_18.274226	3099	correct
2284620	2287647	3028	1	NC_002945.4	NODE_81_length_3028_cov_26.504654	99.77		True
CONTIG	NODE_81_length_3028_cov_26.504654	3028	correct
673574	676276	125	2827	NC_002945.4	NODE_82_length_3009_cov_3.963220	99.96		True
CONTIG	NODE_82_length_3009_cov_3.963220	3009	correct
2290710	2293716	1	3007	NC_002945.4	NODE_83_length_3007_cov_28.262847	100.0		True
CONTIG	NODE_83_length_3007_cov_28.262847	3007	correct
2158378	2158913	1	536	NC_002945.4	NODE_84_length_2912_cov_40.915260	99.07		True
fake: scaffold gap size wrong estimation (local)
2158914	2160444	568	2098	NC_002945.4	NODE_84_length_2912_cov_40.915260	95.49		True
CONTIG	NODE_84_length_2912_cov_40.915260	2912	correct
928259	928975	1	726	NC_002945.4	NODE_85_length_2513_cov_9.611484	98.76		True
local misassembly
928970	930618	865	2513	NC_002945.4	NODE_85_length_2513_cov_9.611484	100.0		True
CONTIG	NODE_85_length_2513_cov_9.611484	2513	correct
1092495	1094668	105	2278	NC_002945.4	NODE_86_length_2278_cov_24.784286	100.0		True
CONTIG	NODE_86_length_2278_cov_24.784286	2278	correct
1094890	1096461	1	1572	NC_002945.4	NODE_87_length_1572_cov_33.161938	100.0		True
CONTIG	NODE_87_length_1572_cov_33.161938	1572	correct
401182	402731	1550	1	NC_002945.4	NODE_88_length_1550_cov_63.436402	99.94		True
CONTIG	NODE_88_length_1550_cov_63.436402	1550	correct
2324543	2325838	1296	1	NC_002945.4	NODE_89_length_1481_cov_28.419498	100.0		True
CONTIG	NODE_89_length_1481_cov_28.419498	1481	correct
4193589	4195052	1	1464	NC_002945.4	NODE_90_length_1464_cov_84.876589	100.0		True
CONTIG	NODE_90_length_1464_cov_84.876589	1464	correct
3443593	3445031	1439	1	NC_002945.4	NODE_91_length_1439_cov_46.570884	100.0		True
CONTIG	NODE_91_length_1439_cov_46.570884	1439	correct
2774327	2775604	1278	1	NC_002945.4	NODE_92_length_1420_cov_5.504254	99.92		True
CONTIG	NODE_92_length_1420_cov_5.504254	1420	correct
839481	840843	1363	1	NC_002945.4	NODE_93_length_1378_cov_11.991207	99.19		True
CONTIG	NODE_93_length_1378_cov_11.991207	1378	correct
890952	892291	1340	1	NC_002945.4	NODE_94_length_1340_cov_73.606760	100.0		True
CONTIG	NODE_94_length_1340_cov_73.606760	1340	correct
3339137	3340461	1325	1	NC_002945.4	NODE_95_length_1325_cov_34.107679	100.0		True
CONTIG	NODE_95_length_1325_cov_34.107679	1325	correct
3835659	3836979	1	1321	NC_002945.4	NODE_96_length_1321_cov_81.438861	99.7		True
CONTIG	NODE_96_length_1321_cov_81.438861	1321	correct
2288581	2289835	1	1255	NC_002945.4	NODE_97_length_1255_cov_42.820035	100.0		True
CONTIG	NODE_97_length_1255_cov_42.820035	1255	correct
2287521	2288707	1187	1	NC_002945.4	NODE_98_length_1187_cov_31.953774	100.0		True
CONTIG	NODE_98_length_1187_cov_31.953774	1187	correct
336693	337793	1101	1	NC_002945.4	NODE_99_length_1143_cov_15.117126	100.0		True
CONTIG	NODE_99_length_1143_cov_15.117126	1143	correct
2283619	2284746	1	1128	NC_002945.4	NODE_100_length_1128_cov_70.441558	99.91		True
CONTIG	NODE_100_length_1128_cov_70.441558	1128	correct
1340970	1342059	1090	1	NC_002945.4	NODE_101_length_1090_cov_30.416407	99.91		True
CONTIG	NODE_101_length_1090_cov_30.416407	1090	correct
3711277	3712306	1030	1	NC_002945.4	NODE_102_length_1030_cov_70.434109	100.0		True
CONTIG	NODE_102_length_1030_cov_70.434109	1030	correct
1165044	1166025	1	982	NC_002945.4	NODE_103_length_982_cov_72.874854	100.0		True
CONTIG	NODE_103_length_982_cov_72.874854	982	correct
1169775	1170683	909	1	NC_002945.4	NODE_104_length_909_cov_240.993606	100.0		True
CONTIG	NODE_104_length_909_cov_240.993606	909	correct
3759088	3759985	898	1	NC_002945.4	NODE_105_length_898_cov_0.848249	99.78		True
CONTIG	NODE_105_length_898_cov_0.848249	898	correct
3341521	3342410	1	890	NC_002945.4	NODE_106_length_890_cov_29.588467	100.0		True
CONTIG	NODE_106_length_890_cov_29.588467	890	correct
2191968	2192811	844	1	NC_002945.4	NODE_107_length_844_cov_81.122734	100.0		True
CONTIG	NODE_107_length_844_cov_81.122734	844	correct
CONTIG	NODE_108_length_829_cov_0.830484	829	unaligned
CONTIG	NODE_109_length_808_cov_0.828194	808	unaligned
909382	910176	1	795	NC_002945.4	NODE_110_length_795_cov_78.181138	100.0		True
CONTIG	NODE_110_length_795_cov_78.181138	795	correct
CONTIG	NODE_111_length_790_cov_1.119155	790	unaligned
2422650	2423393	1	744	NC_002945.4	NODE_112_length_744_cov_67.768233	100.0		True
CONTIG	NODE_112_length_744_cov_67.768233	744	correct
1633365	1634108	744	1	NC_002945.4	NODE_113_length_744_cov_7.147488	100.0		True
CONTIG	NODE_113_length_744_cov_7.147488	744	correct
CONTIG	NODE_114_length_724_cov_1.118928	724	unaligned
2773545	2774110	583	18	NC_002945.4	NODE_115_length_674_cov_4.091408	100.0		True
local misassembly
2773355	2773445	674	584	NC_002945.4	NODE_115_length_674_cov_4.091408	100.0		True
CONTIG	NODE_115_length_674_cov_4.091408	674	correct
CONTIG	NODE_116_length_650_cov_0.646272	650	unaligned
3340552	3341186	1	635	NC_002945.4	NODE_117_length_635_cov_28.988189	100.0		True
CONTIG	NODE_117_length_635_cov_28.988189	635	correct
1342064	1342697	634	1	NC_002945.4	NODE_118_length_634_cov_54.996055	100.0		True
CONTIG	NODE_118_length_634_cov_54.996055	634	correct
CONTIG	NODE_119_length_625_cov_0.927711	625	unaligned
1985820	1986440	621	1	NC_002945.4	NODE_120_length_621_cov_4.366397	100.0		True
CONTIG	NODE_120_length_621_cov_4.366397	621	correct
3341060	3341647	588	1	NC_002945.4	NODE_121_length_588_cov_62.891540	100.0		True
CONTIG	NODE_121_length_588_cov_62.891540	588	correct
3979548	3980053	1	506	NC_002945.4	NODE_122_length_506_cov_3.456464	99.6		True
CONTIG	NODE_122_length_506_cov_3.456464	506	correct
1491326	1491759	1	434	NC_002945.4	NODE_123_length_502_cov_1.056000	98.85		True
CONTIG	NODE_123_length_502_cov_1.056000	502	correct
841649	841956	71	378	NC_002945.4	NODE_124_length_501_cov_1.566845	95.45		True
CONTIG	NODE_124_length_501_cov_1.566845	501	correct
