S1	E1	S2	E2	Reference	Contig	IDY	Ambiguous	Best_group
3445573	3673271	1	227591	NC_002945.4	NODE_1_length_227591_cov_13.758823	99.93		True
CONTIG	NODE_1_length_227591_cov_13.758823	227591	correct
3897145	3979247	1	82094	NC_002945.4	NODE_2_length_189709_cov_13.733123	99.98		True
relocation, inconsistency = 773023
3015871	3124121	189709	82095	NC_002945.4	NODE_2_length_189709_cov_13.733123	99.2		True
CONTIG	NODE_2_length_189709_cov_13.733123	189709	misassembled
2453705	2609165	173	155634	NC_002945.4	NODE_3_length_157685_cov_13.562510	99.99		True
inversion
2609229	2611279	157685	155635	NC_002945.4	NODE_3_length_157685_cov_13.562510	100.0		True
CONTIG	NODE_3_length_157685_cov_13.562510	157685	misassembled
150614	306687	156047	1	NC_002945.4	NODE_4_length_156253_cov_13.940016	99.97		True
CONTIG	NODE_4_length_156253_cov_13.940016	156253	correct
4309404	4310355	1	952	NC_002945.4	NODE_5_length_143600_cov_13.683794	100.0		True
local misassembly
4310603	4349904	981	40281	NC_002945.4	NODE_5_length_143600_cov_13.683794	99.99		True
fake: not a misassembly [linear representation of circular genome]
1	29469	40282	69750	NC_002945.4	NODE_5_length_143600_cov_13.683794	99.99		True
local misassembly
30083	103918	69752	143600	NC_002945.4	NODE_5_length_143600_cov_13.683794	99.96		True
CONTIG	NODE_5_length_143600_cov_13.683794	143600	correct
474859	607760	1	132632	NC_002945.4	NODE_6_length_132632_cov_13.235319	99.79		True
CONTIG	NODE_6_length_132632_cov_13.235319	132632	correct
1638967	1769053	130178	93	NC_002945.4	NODE_7_length_130178_cov_13.798656	99.99		True
CONTIG	NODE_7_length_130178_cov_13.798656	130178	correct
4036096	4162962	219	126970	NC_002945.4	NODE_8_length_126970_cov_13.668929	99.89		True
CONTIG	NODE_8_length_126970_cov_13.668929	126970	correct
970273	1009472	164	39362	NC_002945.4	NODE_9_length_119919_cov_13.987595	99.98		True
relocation, inconsistency = 1457
1010930	1091276	39363	119712	NC_002945.4	NODE_9_length_119919_cov_13.987595	99.99		True
CONTIG	NODE_9_length_119919_cov_13.987595	119919	misassembled
3220513	3338802	1	118516	NC_002945.4	NODE_10_length_118516_cov_13.353935	99.88		True
CONTIG	NODE_10_length_118516_cov_13.353935	118516	correct
824601	837994	13394	1	NC_002945.4	NODE_11_length_110945_cov_13.866421	99.98		True
local misassembly
726496	824045	110945	13395	NC_002945.4	NODE_11_length_110945_cov_13.866421	99.99		True
CONTIG	NODE_11_length_110945_cov_13.866421	110945	correct
3343594	3442410	1	98885	NC_002945.4	NODE_12_length_98885_cov_13.845552	99.92		True
CONTIG	NODE_12_length_98885_cov_13.845552	98885	correct
2056995	2083604	158	26767	NC_002945.4	NODE_13_length_84014_cov_13.913133	99.98		True
local misassembly
2083596	2140704	26906	84014	NC_002945.4	NODE_13_length_84014_cov_13.913133	99.99		True
CONTIG	NODE_13_length_84014_cov_13.913133	84014	correct
1491902	1573312	1	81411	NC_002945.4	NODE_14_length_81411_cov_14.094397	99.93		True
CONTIG	NODE_14_length_81411_cov_14.094397	81411	correct
1904724	1985754	1	80622	NC_002945.4	NODE_15_length_80664_cov_13.509828	99.48		True
CONTIG	NODE_15_length_80664_cov_13.509828	80664	correct
2693912	2773105	1	79193	NC_002945.4	NODE_16_length_79356_cov_13.464767	99.99		True
CONTIG	NODE_16_length_79356_cov_13.464767	79356	correct
1779460	1853788	1	74329	NC_002945.4	NODE_17_length_74329_cov_14.412388	99.99		True
CONTIG	NODE_17_length_74329_cov_14.412388	74329	correct
402605	474905	1	72302	NC_002945.4	NODE_18_length_72302_cov_13.527302	99.99		True
CONTIG	NODE_18_length_72302_cov_13.527302	72302	correct
3124683	3193870	12	69145	NC_002945.4	NODE_19_length_69145_cov_13.712785	99.91		True
CONTIG	NODE_19_length_69145_cov_13.712785	69145	correct
1096985	1165170	68175	1	NC_002945.4	NODE_20_length_68175_cov_14.175788	99.97		True
CONTIG	NODE_20_length_68175_cov_14.175788	68175	correct
4194926	4259153	1	64228	NC_002945.4	NODE_21_length_64228_cov_13.457949	99.99		True
CONTIG	NODE_21_length_64228_cov_13.457949	64228	correct
2852121	2915653	63538	7	NC_002945.4	NODE_22_length_63538_cov_14.328476	99.98		True
CONTIG	NODE_22_length_63538_cov_14.328476	63538	correct
1280097	1343223	63189	1	NC_002945.4	NODE_23_length_63189_cov_14.067632	99.89		True
CONTIG	NODE_23_length_63189_cov_14.067632	63189	correct
2957039	3015774	58901	219	NC_002945.4	NODE_24_length_58901_cov_13.637697	99.9		True
CONTIG	NODE_24_length_58901_cov_13.637697	58901	correct
1219841	1278412	1	58572	NC_002945.4	NODE_25_length_58572_cov_14.354350	99.99		True
CONTIG	NODE_25_length_58572_cov_14.354350	58572	correct
1413935	1470724	1	56733	NC_002945.4	NODE_26_length_56733_cov_14.383599	99.89		True
CONTIG	NODE_26_length_56733_cov_14.383599	56733	correct
363993	402731	205	38943	NC_002945.4	NODE_27_length_54252_cov_14.170845	99.99		True
relocation, inconsistency = 206480
609212	624364	38944	54096	NC_002945.4	NODE_27_length_54252_cov_14.170845	99.96		True
CONTIG	NODE_27_length_54252_cov_14.170845	54252	misassembled
2611969	2665767	53853	1	NC_002945.4	NODE_28_length_53853_cov_13.660648	99.89		True
CONTIG	NODE_28_length_53853_cov_13.660648	53853	correct
3777400	3830690	1	53291	NC_002945.4	NODE_29_length_53302_cov_13.912459	99.99		True
CONTIG	NODE_29_length_53302_cov_13.912459	53302	correct
1854220	1904741	1	50465	NC_002945.4	NODE_30_length_50465_cov_12.497477	99.88		True
CONTIG	NODE_30_length_50465_cov_12.497477	50465	correct
4000854	4035732	34880	2	NC_002945.4	NODE_31_length_50350_cov_14.220994	99.98		True
fake: scaffold gap size wrong estimation (local)
3985262	4000631	50350	34981	NC_002945.4	NODE_31_length_50350_cov_14.220994	100.0		True
CONTIG	NODE_31_length_50350_cov_14.220994	50350	correct
676730	726328	215	49813	NC_002945.4	NODE_32_length_50006_cov_13.745304	99.99		True
CONTIG	NODE_32_length_50006_cov_13.745304	50006	correct
1574081	1623827	49747	1	NC_002945.4	NODE_33_length_49747_cov_13.576119	99.98		True
CONTIG	NODE_33_length_49747_cov_13.576119	49747	correct
842746	891078	21	48353	NC_002945.4	NODE_34_length_48353_cov_13.625907	99.99		True
CONTIG	NODE_34_length_48353_cov_13.625907	48353	correct
625645	673271	47850	224	NC_002945.4	NODE_35_length_47850_cov_14.308530	99.99		True
CONTIG	NODE_35_length_47850_cov_14.308530	47850	correct
1343879	1386471	42879	282	NC_002945.4	NODE_36_length_42879_cov_14.072652	99.99		True
CONTIG	NODE_36_length_42879_cov_14.072652	42879	correct
3836888	3878073	41253	76	NC_002945.4	NODE_37_length_41253_cov_13.746632	99.96		True
CONTIG	NODE_37_length_41253_cov_13.746632	41253	correct
2372451	2408607	23	36121	NC_002945.4	NODE_38_length_40157_cov_11.632076	99.83		True
relocation, inconsistency = 1287214
3695822	3697552	36122	37834	NC_002945.4	NODE_38_length_40157_cov_11.632076	98.89		True
relocation, inconsistency = 193289
3890842	3893164	40157	37835	NC_002945.4	NODE_38_length_40157_cov_11.632076	100.0		True
CONTIG	NODE_38_length_40157_cov_11.632076	40157	misassembled
930786	970021	39356	1	NC_002945.4	NODE_39_length_39627_cov_14.122228	99.67		True
CONTIG	NODE_39_length_39627_cov_14.122228	39627	correct
2801012	2838873	1	37862	NC_002945.4	NODE_40_length_37862_cov_13.488247	99.98		True
CONTIG	NODE_40_length_37862_cov_13.488247	37862	correct
2246369	2283745	37379	1	NC_002945.4	NODE_41_length_37379_cov_14.541931	99.95		True
CONTIG	NODE_41_length_37379_cov_14.541931	37379	correct
2210077	2246087	1	36011	NC_002945.4	NODE_42_length_36011_cov_14.242336	99.99		True
CONTIG	NODE_42_length_36011_cov_14.242336	36011	correct
4259930	4293928	1	33997	NC_002945.4	NODE_43_length_33997_cov_13.143992	99.98		True
CONTIG	NODE_43_length_33997_cov_13.143992	33997	correct
3737665	3758844	21220	41	NC_002945.4	NODE_44_length_33753_cov_13.770505	99.99		True
local misassembly
3724922	3737454	33753	21221	NC_002945.4	NODE_44_length_33753_cov_13.770505	99.98		True
CONTIG	NODE_44_length_33753_cov_13.770505	33753	correct
4162947	4193715	1	30769	NC_002945.4	NODE_45_length_30769_cov_13.813785	100.0		True
CONTIG	NODE_45_length_30769_cov_13.813785	30769	correct
2161726	2192094	1	30370	NC_002945.4	NODE_46_length_30370_cov_13.932249	99.99		True
CONTIG	NODE_46_length_30370_cov_13.932249	30370	correct
2423267	2453558	1	30178	NC_002945.4	NODE_47_length_30178_cov_13.657649	99.61		True
CONTIG	NODE_47_length_30178_cov_13.657649	30178	correct
2294650	2324479	29830	1	NC_002945.4	NODE_48_length_29830_cov_14.146416	99.99		True
CONTIG	NODE_48_length_29830_cov_14.146416	29830	correct
1993073	1995855	1	2783	NC_002945.4	NODE_49_length_29159_cov_13.134679	100.0		True
relocation, inconsistency = 1104
1996960	2023416	2784	29159	NC_002945.4	NODE_49_length_29159_cov_13.134679	99.67		True
CONTIG	NODE_49_length_29159_cov_13.134679	29159	misassembled
2343465	2372322	15	28788	NC_002945.4	NODE_50_length_28788_cov_13.240815	99.65		True
CONTIG	NODE_50_length_28788_cov_13.240815	28788	correct
2666141	2693421	1	27280	NC_002945.4	NODE_51_length_27280_cov_14.336906	99.99		True
CONTIG	NODE_51_length_27280_cov_14.336906	27280	correct
105040	131976	1	26937	NC_002945.4	NODE_52_length_26937_cov_13.376240	99.98		True
CONTIG	NODE_52_length_26937_cov_13.376240	26937	correct
306756	333282	26422	1	NC_002945.4	NODE_53_length_26422_cov_14.464309	99.6		True
CONTIG	NODE_53_length_26422_cov_14.464309	26422	correct
1387402	1412955	182	25735	NC_002945.4	NODE_54_length_25735_cov_13.722470	99.98		True
CONTIG	NODE_54_length_25735_cov_13.722470	25735	correct
339034	362774	23772	119	NC_002945.4	NODE_55_length_23899_cov_14.092630	99.61		True
local misassembly
338853	338937	23857	23773	NC_002945.4	NODE_55_length_23899_cov_14.092630	96.12		True
CONTIG	NODE_55_length_23899_cov_14.092630	23899	correct
3674358	3695705	1	21348	NC_002945.4	NODE_56_length_21348_cov_12.142453	100.0		True
CONTIG	NODE_56_length_21348_cov_12.142453	21348	correct
1490961	1491318	358	1	NC_002945.4	NODE_57_length_19172_cov_12.479548	100.0		True
local misassembly
1471935	1490747	19172	359	NC_002945.4	NODE_57_length_19172_cov_12.479548	99.98		True
CONTIG	NODE_57_length_19172_cov_12.479548	19172	correct
1171083	1189614	1	18532	NC_002945.4	NODE_58_length_18944_cov_13.974385	99.99		True
CONTIG	NODE_58_length_18944_cov_13.974385	18944	correct
2140795	2158250	1	17456	NC_002945.4	NODE_59_length_17456_cov_13.210803	99.98		True
CONTIG	NODE_59_length_17456_cov_13.210803	17456	correct
892165	909508	17344	1	NC_002945.4	NODE_60_length_17344_cov_13.761689	99.99		True
CONTIG	NODE_60_length_17344_cov_13.761689	17344	correct
2192685	2209852	17286	119	NC_002945.4	NODE_61_length_17286_cov_13.458710	99.99		True
CONTIG	NODE_61_length_17286_cov_13.458710	17286	correct
2326368	2343502	17254	120	NC_002945.4	NODE_62_length_17254_cov_14.285748	99.98		True
CONTIG	NODE_62_length_17254_cov_14.285748	17254	correct
3760439	3777383	1	16947	NC_002945.4	NODE_63_length_16947_cov_12.865577	99.96		True
CONTIG	NODE_63_length_16947_cov_12.865577	16947	correct
132713	149547	16835	1	NC_002945.4	NODE_64_length_16835_cov_14.576011	99.96		True
CONTIG	NODE_64_length_16835_cov_14.576011	16835	correct
910050	926210	16161	1	NC_002945.4	NODE_65_length_16161_cov_14.667145	99.99		True
CONTIG	NODE_65_length_16161_cov_14.667145	16161	correct
2041215	2056564	15351	2	NC_002945.4	NODE_66_length_15535_cov_13.393627	99.97		True
CONTIG	NODE_66_length_15535_cov_13.393627	15535	correct
3193780	3209297	1	15518	NC_002945.4	NODE_67_length_15518_cov_13.567929	100.0		True
CONTIG	NODE_67_length_15518_cov_13.567929	15518	correct
2776962	2792430	15469	1	NC_002945.4	NODE_68_length_15469_cov_14.142420	100.0		True
CONTIG	NODE_68_length_15469_cov_14.142420	15469	correct
2916851	2932104	15254	1	NC_002945.4	NODE_69_length_15254_cov_15.073313	99.97		True
CONTIG	NODE_69_length_15254_cov_15.073313	15254	correct
4294625	4309389	1	14765	NC_002945.4	NODE_70_length_14870_cov_13.675846	99.99		True
CONTIG	NODE_70_length_14870_cov_13.675846	14870	correct
1190378	1204735	14358	1	NC_002945.4	NODE_71_length_14358_cov_13.046167	99.97		True
CONTIG	NODE_71_length_14358_cov_13.046167	14358	correct
2409102	2422776	13675	1	NC_002945.4	NODE_72_length_13675_cov_13.716268	99.98		True
CONTIG	NODE_72_length_13675_cov_13.716268	13675	correct
3712180	3724646	12467	1	NC_002945.4	NODE_73_length_12467_cov_9.168395	99.94		True
CONTIG	NODE_73_length_12467_cov_9.168395	12467	correct
2944619	2957076	12458	1	NC_002945.4	NODE_74_length_12458_cov_15.104939	99.98		True
CONTIG	NODE_74_length_12458_cov_15.104939	12458	correct
3700301	3711403	11103	1	NC_002945.4	NODE_75_length_11103_cov_11.079719	100.0		True
CONTIG	NODE_75_length_11103_cov_11.079719	11103	correct
3209318	3219305	10077	90	NC_002945.4	NODE_76_length_10077_cov_15.185628	100.0		True
CONTIG	NODE_76_length_10077_cov_15.185628	10077	correct
2023709	2033559	1	9851	NC_002945.4	NODE_77_length_9852_cov_12.923599	99.98		True
CONTIG	NODE_77_length_9852_cov_12.923599	9852	correct
1623858	1633320	1	9406	NC_002945.4	NODE_78_length_9406_cov_13.482164	99.37		True
CONTIG	NODE_78_length_9406_cov_13.482164	9406	correct
2934840	2943963	1	9124	NC_002945.4	NODE_79_length_9124_cov_14.031566	99.99		True
CONTIG	NODE_79_length_9124_cov_14.031566	9124	correct
1204769	1213474	8751	46	NC_002945.4	NODE_80_length_8751_cov_13.843460	99.98		True
CONTIG	NODE_80_length_8751_cov_13.843460	8751	correct
2843576	2851992	67	8483	NC_002945.4	NODE_81_length_8483_cov_15.086405	100.0		True
CONTIG	NODE_81_length_8483_cov_15.086405	8483	correct
2033825	2040720	1	6896	NC_002945.4	NODE_82_length_6986_cov_10.050445	99.97		True
CONTIG	NODE_82_length_6986_cov_10.050445	6986	correct
2793885	2799828	5944	1	NC_002945.4	NODE_83_length_5944_cov_12.315111	99.98		True
CONTIG	NODE_83_length_5944_cov_12.315111	5944	correct
1986985	1992127	12	5155	NC_002945.4	NODE_84_length_5155_cov_13.507160	99.98		True
CONTIG	NODE_84_length_5155_cov_13.507160	5155	correct
3830726	3835785	1	5060	NC_002945.4	NODE_85_length_5060_cov_15.614433	100.0		True
CONTIG	NODE_85_length_5060_cov_15.614433	5060	correct
2838944	2843523	1	4580	NC_002945.4	NODE_86_length_4580_cov_14.871547	99.98		True
CONTIG	NODE_86_length_4580_cov_14.871547	4580	correct
3884660	3888881	4527	297	NC_002945.4	NODE_87_length_4527_cov_10.152045	99.76		True
CONTIG	NODE_87_length_4527_cov_10.152045	4527	correct
3980155	3984600	1	4446	NC_002945.4	NODE_88_length_4450_cov_12.399028	99.98		True
CONTIG	NODE_88_length_4450_cov_12.399028	4450	correct
1214243	1214774	1	532	NC_002945.4	NODE_89_length_4291_cov_11.766090	99.62		True
local misassembly
1214750	1218389	652	4291	NC_002945.4	NODE_89_length_4291_cov_11.766090	100.0		True
CONTIG	NODE_89_length_4291_cov_11.766090	4291	correct
1165899	1169900	4002	1	NC_002945.4	NODE_90_length_4002_cov_14.516129	99.98		True
CONTIG	NODE_90_length_4002_cov_14.516129	4002	correct
2284620	2287647	3028	1	NC_002945.4	NODE_91_length_3028_cov_12.475353	99.77		True
CONTIG	NODE_91_length_3028_cov_12.475353	3028	correct
2290710	2293716	1	3007	NC_002945.4	NODE_92_length_3007_cov_11.683333	100.0		True
CONTIG	NODE_92_length_3007_cov_11.683333	3007	correct
2158377	2158892	1	516	NC_002945.4	NODE_93_length_2880_cov_12.463131	100.0		True
indel: indel (> 5bp)
2158962	2160419	517	1974	NC_002945.4	NODE_93_length_2880_cov_12.463131	100.0		True
local misassembly
2160645	2160846	1975	2176	NC_002945.4	NODE_93_length_2880_cov_12.463131	100.0		True
fake: scaffold gap size wrong estimation (local)
2160997	2161505	2277	2785	NC_002945.4	NODE_93_length_2880_cov_12.463131	100.0		True
CONTIG	NODE_93_length_2880_cov_12.463131	2880	correct
1635657	1638240	2533	7	NC_002945.4	NODE_94_length_2533_cov_8.566085	97.79		True
CONTIG	NODE_94_length_2533_cov_8.566085	2533	correct
336749	337618	870	1	NC_002945.4	NODE_95_length_2389_cov_4.428824	100.0		True
relocation, inconsistency = -2253
337492	339001	2389	871	NC_002945.4	NODE_95_length_2389_cov_4.428824	99.41		True
CONTIG	NODE_95_length_2389_cov_4.428824	2389	misassembled
3882139	3884154	2064	1	NC_002945.4	NODE_96_length_2163_cov_3.118369	97.67		True
CONTIG	NODE_96_length_2163_cov_3.118369	2163	correct
1094325	1094668	344	1	NC_002945.4	NODE_97_length_2012_cov_14.412732	97.15		True
relocation, inconsistency = -1885
1094542	1096209	2012	345	NC_002945.4	NODE_97_length_2012_cov_14.412732	99.94		True
CONTIG	NODE_97_length_2012_cov_14.412732	2012	misassembled
929925	930201	154	430	NC_002945.4	NODE_98_length_1900_cov_6.003948	99.65		True
inversion
928970	929639	1100	431	NC_002945.4	NODE_98_length_1900_cov_6.003948	100.0		True
local misassembly
928405	928975	1818	1239	NC_002945.4	NODE_98_length_1900_cov_6.003948	98.45		True
CONTIG	NODE_98_length_1900_cov_6.003948	1900	misassembled
1092537	1094197	1701	41	NC_002945.4	NODE_99_length_1701_cov_13.226811	100.0		True
CONTIG	NODE_99_length_1701_cov_13.226811	1701	correct
3878337	3879977	1643	3	NC_002945.4	NODE_100_length_1644_cov_3.427818	100.0		True
CONTIG	NODE_100_length_1644_cov_3.427818	1644	correct
674804	676200	1397	1	NC_002945.4	NODE_101_length_1550_cov_2.202389	99.86		True
CONTIG	NODE_101_length_1550_cov_2.202389	1550	correct
4193589	4195052	1	1464	NC_002945.4	NODE_102_length_1464_cov_26.353777	100.0		True
CONTIG	NODE_102_length_1464_cov_26.353777	1464	correct
2325868	2326023	1	156	NC_002945.4	NODE_103_length_1460_cov_9.600150	100.0		True
inversion
2324627	2325753	1283	157	NC_002945.4	NODE_103_length_1460_cov_9.600150	100.0		True
CONTIG	NODE_103_length_1460_cov_9.600150	1460	misassembled
3443593	3445031	1439	1	NC_002945.4	NODE_104_length_1439_cov_13.016768	100.0		True
CONTIG	NODE_104_length_1439_cov_13.016768	1439	correct
890952	892291	1	1340	NC_002945.4	NODE_105_length_1340_cov_29.032976	100.0		True
CONTIG	NODE_105_length_1340_cov_29.032976	1340	correct
3339137	3340461	1325	1	NC_002945.4	NODE_106_length_1325_cov_11.895659	100.0		True
CONTIG	NODE_106_length_1325_cov_11.895659	1325	correct
3835659	3836979	1	1321	NC_002945.4	NODE_107_length_1321_cov_32.354271	99.7		True
CONTIG	NODE_107_length_1321_cov_32.354271	1321	correct
2288581	2289835	1255	1	NC_002945.4	NODE_108_length_1255_cov_16.054078	100.0		True
CONTIG	NODE_108_length_1255_cov_16.054078	1255	correct
3698676	3698773	1	98	NC_002945.4	NODE_109_length_1249_cov_3.475045	100.0		True
relocation, inconsistency = -1122
3697652	3698802	99	1249	NC_002945.4	NODE_109_length_1249_cov_3.475045	99.83		True
CONTIG	NODE_109_length_1249_cov_3.475045	1249	misassembled
673528	674707	1	1180	NC_002945.4	NODE_110_length_1196_cov_1.610851	99.66		True
CONTIG	NODE_110_length_1196_cov_1.610851	1196	correct
2287521	2288707	1187	1	NC_002945.4	NODE_111_length_1187_cov_11.797170	100.0		True
CONTIG	NODE_111_length_1187_cov_11.797170	1187	correct
2792431	2793582	1152	1	NC_002945.4	NODE_112_length_1152_cov_13.972635	100.0		True
CONTIG	NODE_112_length_1152_cov_13.972635	1152	correct
2283619	2284746	1128	1	NC_002945.4	NODE_113_length_1128_cov_24.698302	99.91		True
CONTIG	NODE_113_length_1128_cov_24.698302	1128	correct
3888839	3889956	1	1118	NC_002945.4	NODE_114_length_1118_cov_3.750757	99.28		True
CONTIG	NODE_114_length_1118_cov_3.750757	1118	correct
3219432	3220512	1	1081	NC_002945.4	NODE_115_length_1081_cov_12.646523	100.0		True
CONTIG	NODE_115_length_1081_cov_12.646523	1081	correct
3711277	3712306	1	1030	NC_002945.4	NODE_116_length_1030_cov_28.014396	100.0		True
CONTIG	NODE_116_length_1030_cov_28.014396	1030	correct
1165044	1166025	982	1	NC_002945.4	NODE_117_length_982_cov_28.865497	100.0		True
CONTIG	NODE_117_length_982_cov_28.865497	982	correct
334077	335021	945	1	NC_002945.4	NODE_118_length_945_cov_6.381418	99.79		True
CONTIG	NODE_118_length_945_cov_6.381418	945	correct
3442285	3443193	909	1	NC_002945.4	NODE_119_length_909_cov_96.983376	100.0		True
CONTIG	NODE_119_length_909_cov_96.983376	909	correct
2933944	2934839	1	896	NC_002945.4	NODE_120_length_896_cov_12.095797	100.0		True
CONTIG	NODE_120_length_896_cov_12.095797	896	correct
3341521	3342410	890	1	NC_002945.4	NODE_121_length_890_cov_8.053735	100.0		True
CONTIG	NODE_121_length_890_cov_8.053735	890	correct
1631628	1631730	1	103	NC_002945.4	NODE_122_length_850_cov_3.771784	99.17		True
relocation, inconsistency = 1620
1633351	1634097	104	850	NC_002945.4	NODE_122_length_850_cov_3.771784	100.0		True
CONTIG	NODE_122_length_850_cov_3.771784	850	misassembled
1278286	1279129	1	844	NC_002945.4	NODE_123_length_844_cov_21.947001	100.0		True
CONTIG	NODE_123_length_844_cov_21.947001	844	correct
335615	336448	1	834	NC_002945.4	NODE_124_length_834_cov_3.562942	100.0		True
CONTIG	NODE_124_length_834_cov_3.562942	834	correct
3444905	3445699	1	795	NC_002945.4	NODE_125_length_795_cov_29.008982	100.0		True
CONTIG	NODE_125_length_795_cov_29.008982	795	correct
132015	132650	1	636	NC_002945.4	NODE_126_length_757_cov_0.793651	100.0		True
CONTIG	NODE_126_length_757_cov_0.793651	757	correct
3894591	3895334	753	10	NC_002945.4	NODE_127_length_753_cov_13.284345	100.0		True
CONTIG	NODE_127_length_753_cov_13.284345	753	correct
839962	840707	746	1	NC_002945.4	NODE_128_length_746_cov_7.343643	100.0		True
CONTIG	NODE_128_length_746_cov_7.343643	746	correct
2422650	2423393	1	744	NC_002945.4	NODE_129_length_744_cov_31.756888	100.0		True
CONTIG	NODE_129_length_744_cov_31.756888	744	correct
2774300	2774981	32	713	NC_002945.4	NODE_130_length_716_cov_3.222411	98.24		True
CONTIG	NODE_130_length_716_cov_3.222411	716	correct
3884045	3884769	707	1	NC_002945.4	NODE_131_length_707_cov_6.605172	97.38		True
CONTIG	NODE_131_length_707_cov_6.605172	707	correct
362858	363523	1	666	NC_002945.4	NODE_132_length_666_cov_1.382189	99.85		True
CONTIG	NODE_132_length_666_cov_1.382189	666	correct
1985753	1986416	1	664	NC_002945.4	NODE_133_length_664_cov_1.929236	100.0		True
CONTIG	NODE_133_length_664_cov_1.929236	664	correct
3759944	3760364	583	163	NC_002945.4	NODE_134_length_644_cov_0.744681	100.0		True
CONTIG	NODE_134_length_644_cov_0.744681	644	correct
3699221	3699759	539	1	NC_002945.4	NODE_135_length_641_cov_2.821012	100.0		True
CONTIG	NODE_135_length_641_cov_2.821012	641	correct
3340552	3341186	635	1	NC_002945.4	NODE_136_length_635_cov_12.789370	100.0		True
CONTIG	NODE_136_length_635_cov_12.789370	635	correct
2915669	2916105	195	631	NC_002945.4	NODE_137_length_631_cov_1.384921	100.0		True
CONTIG	NODE_137_length_631_cov_1.384921	631	correct
1996351	1996796	1	446	NC_002945.4	NODE_138_length_627_cov_0.870000	100.0		True
CONTIG	NODE_138_length_627_cov_0.870000	627	correct
2916085	2916695	1	611	NC_002945.4	NODE_139_length_611_cov_6.059917	100.0		True
CONTIG	NODE_139_length_611_cov_6.059917	611	correct
3338676	3339263	588	1	NC_002945.4	NODE_140_length_588_cov_19.127983	100.0		True
CONTIG	NODE_140_length_588_cov_19.127983	588	correct
2773511	2774098	588	1	NC_002945.4	NODE_141_length_588_cov_2.026030	100.0		True
CONTIG	NODE_141_length_588_cov_2.026030	588	correct
1634913	1635052	140	1	NC_002945.4	NODE_142_length_522_cov_1.144304	100.0		True
indel: indel (> 5bp)
1634585	1634885	441	141	NC_002945.4	NODE_142_length_522_cov_1.144304	95.68		True
CONTIG	NODE_142_length_522_cov_1.144304	522	correct
2932507	2932849	343	1	NC_002945.4	NODE_143_length_522_cov_1.040506	99.71		True
CONTIG	NODE_143_length_522_cov_1.040506	522	correct
