S1	E1	S2	E2	Reference	Contig	IDY	Ambiguous	Best_group
3445573	3673271	227591	1	NC_002945.4	NODE_1_length_227591_cov_56.457857	99.93		True
CONTIG	NODE_1_length_227591_cov_56.457857	227591	correct
402605	607788	204915	1	NC_002945.4	NODE_2_length_204915_cov_55.312357	99.86		True
CONTIG	NODE_2_length_204915_cov_55.312357	204915	correct
150051	333370	160	183347	NC_002945.4	NODE_3_length_184584_cov_55.203760	99.92		True
CONTIG	NODE_3_length_184584_cov_55.203760	184584	correct
2444879	2609246	1	164369	NC_002945.4	NODE_4_length_164384_cov_54.805695	99.99		True
CONTIG	NODE_4_length_164384_cov_54.805695	164384	correct
676457	824045	1	147590	NC_002945.4	NODE_5_length_161056_cov_55.005419	99.99		True
local misassembly
824601	838066	147591	161056	NC_002945.4	NODE_5_length_161056_cov_55.005419	99.97		True
CONTIG	NODE_5_length_161056_cov_55.005419	161056	correct
4310440	4349904	135	39598	NC_002945.4	NODE_6_length_142917_cov_57.022894	99.99		True
fake: not a misassembly [linear representation of circular genome]
1	29469	39599	69067	NC_002945.4	NODE_6_length_142917_cov_57.022894	99.99		True
local misassembly
30083	103918	69069	142917	NC_002945.4	NODE_6_length_142917_cov_57.022894	99.96		True
CONTIG	NODE_6_length_142917_cov_57.022894	142917	correct
2957039	3097084	139342	1	NC_002945.4	NODE_7_length_139342_cov_55.901620	99.33		True
CONTIG	NODE_7_length_139342_cov_55.901620	139342	correct
1638900	1769053	130245	93	NC_002945.4	NODE_8_length_133185_cov_56.171354	99.99		True
local misassembly
1638385	1638740	130601	130246	NC_002945.4	NODE_8_length_133185_cov_56.171354	100.0		True
local misassembly
1635657	1638240	133185	130602	NC_002945.4	NODE_8_length_133185_cov_56.171354	100.0		True
CONTIG	NODE_8_length_133185_cov_56.171354	133185	correct
1854199	1985609	200	131144	NC_002945.4	NODE_9_length_131144_cov_52.503820	99.63		True
CONTIG	NODE_9_length_131144_cov_52.503820	131144	correct
970273	1009472	211	39409	NC_002945.4	NODE_10_length_120452_cov_55.440997	99.98		True
relocation, inconsistency = 1457
1010930	1091779	39410	120262	NC_002945.4	NODE_10_length_120452_cov_55.440997	99.98		True
CONTIG	NODE_10_length_120452_cov_55.440997	120452	misassembled
3219386	3338802	95	119737	NC_002945.4	NODE_11_length_119737_cov_54.672895	99.88		True
CONTIG	NODE_11_length_119737_cov_54.672895	119737	correct
2801010	2852028	1	51019	NC_002945.4	NODE_12_length_115278_cov_54.060494	99.99		True
local misassembly
2852134	2916393	51020	115278	NC_002945.4	NODE_12_length_115278_cov_54.060494	99.98		True
CONTIG	NODE_12_length_115278_cov_54.060494	115278	correct
4035887	4141732	1	105713	NC_002945.4	NODE_13_length_105768_cov_54.671217	99.86		True
CONTIG	NODE_13_length_105768_cov_54.671217	105768	correct
1491995	1573833	82003	165	NC_002945.4	NODE_14_length_101692_cov_57.302092	99.93		True
local misassembly
1490961	1491835	82878	82004	NC_002945.4	NODE_14_length_101692_cov_57.302092	100.0		True
local misassembly
1471935	1490747	101692	82879	NC_002945.4	NODE_14_length_101692_cov_57.302092	99.98		True
CONTIG	NODE_14_length_101692_cov_57.302092	101692	correct
3343595	3442410	98884	1	NC_002945.4	NODE_15_length_98884_cov_56.839637	99.92		True
CONTIG	NODE_15_length_98884_cov_56.839637	98884	correct
2083596	2140663	57165	98	NC_002945.4	NODE_16_length_84000_cov_54.947027	99.99		True
local misassembly
2056908	2083604	84000	57304	NC_002945.4	NODE_16_length_84000_cov_54.947027	99.98		True
CONTIG	NODE_16_length_84000_cov_54.947027	84000	correct
3897145	3979466	1	82313	NC_002945.4	NODE_17_length_82368_cov_55.719738	99.98		True
CONTIG	NODE_17_length_82368_cov_55.719738	82368	correct
2693912	2773177	1	79265	NC_002945.4	NODE_18_length_79366_cov_53.592776	99.98		True
CONTIG	NODE_18_length_79366_cov_53.592776	79366	correct
1779460	1853811	74723	372	NC_002945.4	NODE_19_length_74723_cov_55.273259	99.99		True
CONTIG	NODE_19_length_74723_cov_55.273259	74723	correct
3124757	3193870	2	69061	NC_002945.4	NODE_20_length_69061_cov_54.323861	99.91		True
CONTIG	NODE_20_length_69061_cov_54.323861	69061	correct
1096985	1165170	1	68175	NC_002945.4	NODE_21_length_68175_cov_55.105837	99.97		True
CONTIG	NODE_21_length_68175_cov_55.105837	68175	correct
4194926	4259153	64228	1	NC_002945.4	NODE_22_length_64228_cov_58.687150	99.99		True
CONTIG	NODE_22_length_64228_cov_58.687150	64228	correct
1993335	2056268	1	62934	NC_002945.4	NODE_23_length_63155_cov_53.736450	99.98		True
CONTIG	NODE_23_length_63155_cov_53.736450	63155	correct
1280097	1340762	60728	1	NC_002945.4	NODE_24_length_60728_cov_57.307190	99.89		True
CONTIG	NODE_24_length_60728_cov_57.307190	60728	correct
1219530	1278412	58883	1	NC_002945.4	NODE_25_length_58905_cov_55.032223	99.98		True
CONTIG	NODE_25_length_58905_cov_55.032223	58905	correct
3777400	3835785	58318	1	NC_002945.4	NODE_26_length_58318_cov_56.566153	99.87		True
CONTIG	NODE_26_length_58318_cov_56.566153	58318	correct
1413935	1470724	56733	1	NC_002945.4	NODE_27_length_56733_cov_56.763559	99.89		True
CONTIG	NODE_27_length_56733_cov_56.763559	56733	correct
2611822	2665690	54012	90	NC_002945.4	NODE_28_length_54186_cov_53.834163	99.89		True
CONTIG	NODE_28_length_54186_cov_53.834163	54186	correct
4141985	4193715	1	51731	NC_002945.4	NODE_29_length_51731_cov_57.923107	99.99		True
CONTIG	NODE_29_length_51731_cov_57.923107	51731	correct
3985210	4000631	190	15611	NC_002945.4	NODE_30_length_50656_cov_56.042411	100.0		True
fake: scaffold gap size wrong estimation (local)
4000854	4035798	15712	50656	NC_002945.4	NODE_30_length_50656_cov_56.042411	99.98		True
CONTIG	NODE_30_length_50656_cov_56.042411	50656	correct
1574172	1623827	84	49739	NC_002945.4	NODE_31_length_49739_cov_53.463557	99.98		True
CONTIG	NODE_31_length_49739_cov_53.463557	49739	correct
842762	891078	48317	1	NC_002945.4	NODE_32_length_48567_cov_55.111767	99.99		True
CONTIG	NODE_32_length_48567_cov_55.111767	48567	correct
625278	673283	1	48006	NC_002945.4	NODE_33_length_48139_cov_52.296572	99.99		True
CONTIG	NODE_33_length_48139_cov_52.296572	48139	correct
3712180	3737477	1	25298	NC_002945.4	NODE_34_length_46635_cov_51.292681	99.97		True
local misassembly
3737688	3758844	25299	46455	NC_002945.4	NODE_34_length_46635_cov_51.292681	100.0		True
CONTIG	NODE_34_length_46635_cov_51.292681	46635	correct
2294650	2324391	1	29742	NC_002945.4	NODE_35_length_46482_cov_51.926653	99.99		True
relocation, inconsistency = 2596
2326988	2343727	29743	46482	NC_002945.4	NODE_35_length_46482_cov_51.926653	99.98		True
CONTIG	NODE_35_length_46482_cov_51.926653	46482	misassembled
105040	150039	1	45000	NC_002945.4	NODE_36_length_45054_cov_56.155630	99.96		True
CONTIG	NODE_36_length_45054_cov_56.155630	45054	correct
3836888	3880394	43669	171	NC_002945.4	NODE_37_length_43669_cov_52.001975	99.93		True
CONTIG	NODE_37_length_43669_cov_52.001975	43669	correct
1343879	1386868	1	42995	NC_002945.4	NODE_38_length_42995_cov_54.167164	99.98		True
CONTIG	NODE_38_length_42995_cov_54.167164	42995	correct
1170557	1189848	1	19292	NC_002945.4	NODE_39_length_42832_cov_54.813675	99.99		True
local misassembly
1190085	1213694	19298	42832	NC_002945.4	NODE_39_length_42832_cov_54.813675	99.66		True
CONTIG	NODE_39_length_42832_cov_54.813675	42832	correct
2372465	2386819	14355	1	NC_002945.4	NODE_40_length_42735_cov_54.449118	99.98		True
local misassembly
2343819	2372107	42644	14356	NC_002945.4	NODE_40_length_42735_cov_54.449118	99.99		True
CONTIG	NODE_40_length_42735_cov_54.449118	42735	correct
930654	970113	1	39580	NC_002945.4	NODE_41_length_39580_cov_55.349074	99.67		True
CONTIG	NODE_41_length_39580_cov_55.349074	39580	correct
363877	401308	3	37434	NC_002945.4	NODE_42_length_37434_cov_53.558287	99.99		True
CONTIG	NODE_42_length_37434_cov_53.558287	37434	correct
2246369	2283745	1	37379	NC_002945.4	NODE_43_length_37379_cov_58.025797	99.95		True
CONTIG	NODE_43_length_37379_cov_58.025797	37379	correct
3674358	3711048	36673	1	NC_002945.4	NODE_44_length_36673_cov_40.444590	99.95		True
CONTIG	NODE_44_length_36673_cov_40.444590	36673	correct
2210049	2245161	1	35113	NC_002945.4	NODE_45_length_35113_cov_61.161236	100.0		True
CONTIG	NODE_45_length_35113_cov_61.161236	35113	correct
4259930	4293947	1	34016	NC_002945.4	NODE_46_length_34030_cov_55.130018	99.99		True
CONTIG	NODE_46_length_34030_cov_55.130018	34030	correct
2161798	2192094	1	30298	NC_002945.4	NODE_47_length_30298_cov_56.513904	99.99		True
CONTIG	NODE_47_length_30298_cov_56.513904	30298	correct
2665870	2693421	27551	1	NC_002945.4	NODE_48_length_27551_cov_54.687792	99.99		True
CONTIG	NODE_48_length_27551_cov_54.687792	27551	correct
3097191	3124569	27491	113	NC_002945.4	NODE_49_length_27491_cov_50.054013	99.98		True
CONTIG	NODE_49_length_27491_cov_50.054013	27491	correct
1386934	1412955	26022	1	NC_002945.4	NODE_50_length_26138_cov_52.700358	99.97		True
CONTIG	NODE_50_length_26138_cov_52.700358	26138	correct
338173	363659	207	25606	NC_002945.4	NODE_51_length_25823_cov_48.708281	99.63		True
CONTIG	NODE_51_length_25823_cov_48.708281	25823	correct
2776900	2799828	22929	1	NC_002945.4	NODE_52_length_22929_cov_54.974344	100.0		True
CONTIG	NODE_52_length_22929_cov_54.974344	22929	correct
2386726	2408651	21949	24	NC_002945.4	NODE_53_length_21949_cov_46.279030	100.0		True
CONTIG	NODE_53_length_21949_cov_46.279030	21949	correct
2423267	2444896	1	21630	NC_002945.4	NODE_54_length_21630_cov_57.216621	99.99		True
CONTIG	NODE_54_length_21630_cov_57.216621	21630	correct
2140772	2158365	94	17687	NC_002945.4	NODE_55_length_17687_cov_58.419761	99.97		True
CONTIG	NODE_55_length_17687_cov_58.419761	17687	correct
3759778	3777383	17608	1	NC_002945.4	NODE_56_length_17684_cov_50.586148	99.97		True
CONTIG	NODE_56_length_17684_cov_50.586148	17684	correct
2192685	2209982	17391	94	NC_002945.4	NODE_57_length_17391_cov_61.127607	99.99		True
CONTIG	NODE_57_length_17391_cov_61.127607	17391	correct
892165	909508	17344	1	NC_002945.4	NODE_58_length_17344_cov_58.114248	99.99		True
CONTIG	NODE_58_length_17344_cov_58.114248	17344	correct
910050	926301	16252	1	NC_002945.4	NODE_59_length_16252_cov_60.185302	99.99		True
CONTIG	NODE_59_length_16252_cov_60.185302	16252	correct
2916851	2932837	15987	1	NC_002945.4	NODE_60_length_15987_cov_59.930643	99.97		True
CONTIG	NODE_60_length_15987_cov_59.930643	15987	correct
3193780	3209295	1	15616	NC_002945.4	NODE_61_length_15616_cov_54.762541	100.0		True
CONTIG	NODE_61_length_15616_cov_54.762541	15616	correct
609085	624436	15593	242	NC_002945.4	NODE_62_length_15593_cov_52.769882	99.98		True
CONTIG	NODE_62_length_15593_cov_52.769882	15593	correct
2409042	2422776	13735	1	NC_002945.4	NODE_63_length_13761_cov_54.093956	99.97		True
CONTIG	NODE_63_length_13761_cov_54.093956	13761	correct
2944619	2957076	12458	1	NC_002945.4	NODE_64_length_12458_cov_52.895953	99.98		True
CONTIG	NODE_64_length_12458_cov_52.895953	12458	correct
2933699	2943963	1	10265	NC_002945.4	NODE_65_length_10265_cov_55.635135	99.99		True
CONTIG	NODE_65_length_10265_cov_55.635135	10265	correct
3209294	3219352	10059	1	NC_002945.4	NODE_66_length_10059_cov_53.539972	100.0		True
CONTIG	NODE_66_length_10059_cov_53.539972	10059	correct
3881678	3882155	1	478	NC_002945.4	NODE_67_length_9871_cov_23.012521	100.0		True
local misassembly
3882139	3884027	630	2566	NC_002945.4	NODE_67_length_9871_cov_23.012521	97.69		True
local misassembly
3884643	3890278	2567	8211	NC_002945.4	NODE_67_length_9871_cov_23.012521	99.79		True
local misassembly
3890969	3892628	8212	9871	NC_002945.4	NODE_67_length_9871_cov_23.012521	99.9		True
CONTIG	NODE_67_length_9871_cov_23.012521	9871	correct
1623861	1633300	9383	1	NC_002945.4	NODE_68_length_9387_cov_47.455724	99.36		True
CONTIG	NODE_68_length_9387_cov_47.455724	9387	correct
4301870	4310417	8794	247	NC_002945.4	NODE_69_length_8794_cov_51.476405	99.98		True
CONTIG	NODE_69_length_8794_cov_51.476405	8794	correct
4294699	4301859	192	7352	NC_002945.4	NODE_70_length_7352_cov_52.397924	99.99		True
CONTIG	NODE_70_length_7352_cov_52.397924	7352	correct
1987018	1992127	1	5111	NC_002945.4	NODE_71_length_5111_cov_55.967095	99.98		True
CONTIG	NODE_71_length_5111_cov_55.967095	5111	correct
3980116	3985216	9	5109	NC_002945.4	NODE_72_length_5109_cov_38.717985	99.88		True
CONTIG	NODE_72_length_5109_cov_38.717985	5109	correct
1214750	1218333	3741	158	NC_002945.4	NODE_73_length_4805_cov_40.216118	100.0		True
local misassembly
1213946	1214774	4689	3861	NC_002945.4	NODE_73_length_4805_cov_40.216118	99.76		True
CONTIG	NODE_73_length_4805_cov_40.216118	4805	correct
1092449	1096461	4013	1	NC_002945.4	NODE_74_length_4013_cov_50.707669	100.0		True
CONTIG	NODE_74_length_4013_cov_50.707669	4013	correct
1165899	1169900	1	4002	NC_002945.4	NODE_75_length_4002_cov_56.219613	99.98		True
CONTIG	NODE_75_length_4002_cov_56.219613	4002	correct
2284620	2287647	3028	1	NC_002945.4	NODE_76_length_3028_cov_40.423992	99.77		True
CONTIG	NODE_76_length_3028_cov_40.423992	3028	correct
2290710	2293716	3007	1	NC_002945.4	NODE_77_length_3007_cov_38.313194	100.0		True
CONTIG	NODE_77_length_3007_cov_38.313194	3007	correct
2158341	2158913	1	573	NC_002945.4	NODE_78_length_2949_cov_55.700921	100.0		True
fake: scaffold gap size wrong estimation (local)
2158914	2160444	605	2135	NC_002945.4	NODE_78_length_2949_cov_55.700921	95.49		True
CONTIG	NODE_78_length_2949_cov_55.700921	2949	correct
928970	930608	1696	58	NC_002945.4	NODE_79_length_2774_cov_12.982244	100.0		True
local misassembly
928045	928975	2774	1835	NC_002945.4	NODE_79_length_2774_cov_12.982244	99.04		True
CONTIG	NODE_79_length_2774_cov_12.982244	2774	correct
2609387	2611609	1	2223	NC_002945.4	NODE_80_length_2223_cov_35.861164	100.0		True
CONTIG	NODE_80_length_2223_cov_35.861164	2223	correct
674720	676276	1	1557	NC_002945.4	NODE_81_length_1797_cov_5.315569	100.0		True
CONTIG	NODE_81_length_1797_cov_5.315569	1797	correct
607662	609211	1550	1	NC_002945.4	NODE_82_length_1550_cov_91.946592	100.0		True
CONTIG	NODE_82_length_1550_cov_91.946592	1550	correct
334077	335608	1	1532	NC_002945.4	NODE_83_length_1532_cov_11.923132	99.8		True
CONTIG	NODE_83_length_1532_cov_11.923132	1532	correct
4193589	4195052	1	1464	NC_002945.4	NODE_84_length_1464_cov_122.558714	100.0		True
CONTIG	NODE_84_length_1464_cov_122.558714	1464	correct
1992001	1993461	1	1461	NC_002945.4	NODE_85_length_1461_cov_78.540480	100.0		True
CONTIG	NODE_85_length_1461_cov_78.540480	1461	correct
3443593	3445031	1	1439	NC_002945.4	NODE_86_length_1439_cov_72.281250	100.0		True
CONTIG	NODE_86_length_1439_cov_72.281250	1439	correct
2774261	2775474	1428	215	NC_002945.4	NODE_87_length_1428_cov_8.103766	100.0		True
CONTIG	NODE_87_length_1428_cov_8.103766	1428	correct
2324555	2325835	1284	4	NC_002945.4	NODE_88_length_1421_cov_42.468315	100.0		True
CONTIG	NODE_88_length_1421_cov_42.468315	1421	correct
3673145	3674484	1340	1	NC_002945.4	NODE_89_length_1340_cov_105.380049	100.0		True
CONTIG	NODE_89_length_1340_cov_105.380049	1340	correct
3339137	3340461	1	1325	NC_002945.4	NODE_90_length_1325_cov_58.442404	100.0		True
CONTIG	NODE_90_length_1325_cov_58.442404	1325	correct
3835659	3836979	1	1321	NC_002945.4	NODE_91_length_1321_cov_129.402848	99.7		True
CONTIG	NODE_91_length_1321_cov_129.402848	1321	correct
2288581	2289835	1	1255	NC_002945.4	NODE_92_length_1255_cov_58.247340	100.0		True
CONTIG	NODE_92_length_1255_cov_58.247340	1255	correct
336693	337838	96	1241	NC_002945.4	NODE_93_length_1241_cov_21.517953	100.0		True
CONTIG	NODE_93_length_1241_cov_21.517953	1241	correct
673511	674699	54	1197	NC_002945.4	NODE_94_length_1197_cov_2.895327	95.54		True
CONTIG	NODE_94_length_1197_cov_2.895327	1197	correct
2287521	2288707	1	1187	NC_002945.4	NODE_95_length_1187_cov_43.250943	100.0		True
CONTIG	NODE_95_length_1187_cov_43.250943	1187	correct
2289709	2290836	1	1128	NC_002945.4	NODE_96_length_1128_cov_103.955045	99.91		True
CONTIG	NODE_96_length_1128_cov_103.955045	1128	correct
1340970	1342059	1	1090	NC_002945.4	NODE_97_length_1090_cov_34.383178	99.91		True
CONTIG	NODE_97_length_1090_cov_34.383178	1090	correct
3711277	3712306	1030	1	NC_002945.4	NODE_98_length_1030_cov_111.032115	100.0		True
CONTIG	NODE_98_length_1030_cov_111.032115	1030	correct
3894591	3895374	992	209	NC_002945.4	NODE_99_length_992_cov_45.917919	100.0		True
CONTIG	NODE_99_length_992_cov_45.917919	992	correct
1165044	1166025	1	982	NC_002945.4	NODE_100_length_982_cov_114.941520	99.9		True
CONTIG	NODE_100_length_982_cov_114.941520	982	correct
1218502	1219009	645	138	NC_002945.4	NODE_101_length_976_cov_1.473498	99.61		True
CONTIG	NODE_101_length_976_cov_1.473498	976	correct
1169775	1170683	909	1	NC_002945.4	NODE_102_length_909_cov_360.461637	100.0		True
CONTIG	NODE_102_length_909_cov_360.461637	909	correct
3341521	3342410	1	890	NC_002945.4	NODE_103_length_890_cov_49.060288	100.0		True
CONTIG	NODE_103_length_890_cov_49.060288	890	correct
838250	838957	175	882	NC_002945.4	NODE_104_length_885_cov_1.643799	99.86		True
CONTIG	NODE_104_length_885_cov_1.643799	885	correct
2191968	2192811	1	844	NC_002945.4	NODE_105_length_844_cov_103.764296	100.0		True
CONTIG	NODE_105_length_844_cov_103.764296	844	correct
909382	910176	795	1	NC_002945.4	NODE_106_length_795_cov_122.705090	100.0		True
CONTIG	NODE_106_length_795_cov_122.705090	795	correct
2773535	2774159	625	1	NC_002945.4	NODE_107_length_769_cov_4.727414	100.0		True
CONTIG	NODE_107_length_769_cov_4.727414	769	correct
2422650	2423393	1	744	NC_002945.4	NODE_108_length_744_cov_105.153971	100.0		True
CONTIG	NODE_108_length_744_cov_105.153971	744	correct
335649	336360	1	712	NC_002945.4	NODE_109_length_712_cov_10.355556	100.0		True
CONTIG	NODE_109_length_712_cov_10.355556	712	correct
841548	842233	1	686	NC_002945.4	NODE_110_length_686_cov_3.550984	98.83		True
CONTIG	NODE_110_length_686_cov_3.550984	686	correct
3892637	3893140	1	504	NC_002945.4	NODE_111_length_677_cov_1.572727	99.4		True
CONTIG	NODE_111_length_677_cov_1.572727	677	correct
1985764	1986429	666	1	NC_002945.4	NODE_112_length_666_cov_3.189239	100.0		True
CONTIG	NODE_112_length_666_cov_3.189239	666	correct
3340552	3341186	635	1	NC_002945.4	NODE_113_length_635_cov_44.935039	100.0		True
CONTIG	NODE_113_length_635_cov_44.935039	635	correct
1342064	1342697	1	634	NC_002945.4	NODE_114_length_634_cov_78.280079	100.0		True
CONTIG	NODE_114_length_634_cov_78.280079	634	correct
3979662	3980109	126	573	NC_002945.4	NODE_115_length_594_cov_3.569593	99.78		True
CONTIG	NODE_115_length_594_cov_3.569593	594	correct
3341060	3341647	1	588	NC_002945.4	NODE_116_length_588_cov_88.366594	100.0		True
CONTIG	NODE_116_length_588_cov_88.366594	588	correct
3877461	3877567	1	107	NC_002945.4	NODE_117_length_568_cov_32.580499	100.0		True
relocation, inconsistency = 3060
3880628	3881088	108	568	NC_002945.4	NODE_117_length_568_cov_32.580499	99.78		True
CONTIG	NODE_117_length_568_cov_32.580499	568	misassembled
4294088	4294615	1	528	NC_002945.4	NODE_118_length_528_cov_8.553616	100.0		True
CONTIG	NODE_118_length_528_cov_8.553616	528	correct
