S1	E1	S2	E2	Reference	Contig	IDY	Ambiguous	Best_group
2444879	2665727	1	220901	NC_002945.4	NODE_1_length_220907_cov_43.997178	99.96		True
CONTIG	NODE_1_length_220907_cov_43.997178	220907	correct
402605	607788	204915	1	NC_002945.4	NODE_2_length_204915_cov_43.311161	99.86		True
CONTIG	NODE_2_length_204915_cov_43.311161	204915	correct
3488378	3673271	184786	1	NC_002945.4	NODE_3_length_184786_cov_43.908480	99.92		True
CONTIG	NODE_3_length_184786_cov_43.908480	184786	correct
676731	824045	166	147481	NC_002945.4	NODE_4_length_160948_cov_44.400047	99.99		True
local misassembly
824601	838029	147482	160910	NC_002945.4	NODE_4_length_160948_cov_44.400047	99.98		True
CONTIG	NODE_4_length_160948_cov_44.400047	160948	correct
4035947	4193715	63	157717	NC_002945.4	NODE_5_length_157717_cov_42.957770	99.91		True
CONTIG	NODE_5_length_157717_cov_42.957770	157717	correct
151061	306694	254	155887	NC_002945.4	NODE_6_length_155887_cov_43.500745	99.99		True
CONTIG	NODE_6_length_155887_cov_43.500745	155887	correct
4310398	4349904	1	39506	NC_002945.4	NODE_7_length_142825_cov_44.609105	99.98		True
fake: not a misassembly [linear representation of circular genome]
1	29469	39507	68975	NC_002945.4	NODE_7_length_142825_cov_44.609105	99.99		True
local misassembly
30083	103918	68977	142825	NC_002945.4	NODE_7_length_142825_cov_44.609105	99.96		True
CONTIG	NODE_7_length_142825_cov_44.609105	142825	correct
1638864	1769053	1	130189	NC_002945.4	NODE_8_length_130281_cov_46.161117	99.99		True
CONTIG	NODE_8_length_130281_cov_46.161117	130281	correct
1010930	1091906	81176	197	NC_002945.4	NODE_9_length_120540_cov_43.863511	99.99		True
relocation, inconsistency = 1457
970263	1009472	120385	81177	NC_002945.4	NODE_9_length_120540_cov_43.863511	99.97		True
CONTIG	NODE_9_length_120540_cov_43.863511	120540	misassembled
3219410	3338080	164	119060	NC_002945.4	NODE_10_length_119060_cov_44.329084	99.88		True
CONTIG	NODE_10_length_119060_cov_44.329084	119060	correct
1869442	1985587	115701	22	NC_002945.4	NODE_11_length_115885_cov_43.489884	99.58		True
CONTIG	NODE_11_length_115885_cov_43.489884	115885	correct
3015693	3124607	98	108358	NC_002945.4	NODE_12_length_108358_cov_43.156628	99.18		True
CONTIG	NODE_12_length_108358_cov_43.156628	108358	correct
3343594	3442410	1	98885	NC_002945.4	NODE_13_length_98885_cov_45.437929	99.92		True
CONTIG	NODE_13_length_98885_cov_45.437929	98885	correct
3124605	3209287	84729	1	NC_002945.4	NODE_14_length_84767_cov_43.996503	99.92		True
CONTIG	NODE_14_length_84767_cov_43.996503	84767	correct
2083596	2140730	57263	129	NC_002945.4	NODE_15_length_84074_cov_44.184271	99.99		True
local misassembly
2057111	2083604	83895	57402	NC_002945.4	NODE_15_length_84074_cov_44.184271	99.98		True
CONTIG	NODE_15_length_84074_cov_44.184271	84074	correct
3898832	3979612	80827	47	NC_002945.4	NODE_16_length_80827_cov_43.456716	99.98		True
CONTIG	NODE_16_length_80827_cov_43.456716	80827	correct
2372630	2408770	36115	33	NC_002945.4	NODE_17_length_79807_cov_41.639521	99.82		True
relocation, inconsistency = 331814
1997199	2040815	36116	79732	NC_002945.4	NODE_17_length_79807_cov_41.639521	99.97		True
CONTIG	NODE_17_length_79807_cov_41.639521	79807	misassembled
2693912	2773133	79221	1	NC_002945.4	NODE_18_length_79221_cov_42.859408	99.99		True
CONTIG	NODE_18_length_79221_cov_42.859408	79221	correct
2294650	2324272	1	29623	NC_002945.4	NODE_19_length_74999_cov_41.770609	99.99		True
relocation, inconsistency = 2596
2326869	2372130	29624	74885	NC_002945.4	NODE_19_length_74999_cov_41.770609	99.98		True
CONTIG	NODE_19_length_74999_cov_41.770609	74999	misassembled
1779460	1853460	1	74001	NC_002945.4	NODE_20_length_74152_cov_44.490591	99.99		True
CONTIG	NODE_20_length_74152_cov_44.490591	74152	correct
1092497	1094419	323	2245	NC_002945.4	NODE_21_length_70901_cov_43.086430	99.92		True
relocation, inconsistency = 2041
1096461	1165170	2246	70901	NC_002945.4	NODE_21_length_70901_cov_43.086430	99.82		True
CONTIG	NODE_21_length_70901_cov_43.086430	70901	misassembled
2852109	2916393	87	64371	NC_002945.4	NODE_22_length_64371_cov_41.916630	99.98		True
CONTIG	NODE_22_length_64371_cov_41.916630	64371	correct
4194926	4259153	1	64228	NC_002945.4	NODE_23_length_64228_cov_45.680785	99.99		True
CONTIG	NODE_23_length_64228_cov_45.680785	64228	correct
1280097	1343223	63190	1	NC_002945.4	NODE_24_length_63190_cov_47.201307	99.89		True
CONTIG	NODE_24_length_63190_cov_47.201307	63190	correct
1574036	1633188	59094	7	NC_002945.4	NODE_25_length_59094_cov_41.740855	99.86		True
CONTIG	NODE_25_length_59094_cov_41.740855	59094	correct
1219647	1278412	10	58775	NC_002945.4	NODE_26_length_58775_cov_43.972258	99.99		True
CONTIG	NODE_26_length_58775_cov_43.972258	58775	correct
2957039	3015633	58542	1	NC_002945.4	NODE_27_length_58542_cov_43.381666	99.9		True
CONTIG	NODE_27_length_58542_cov_43.381666	58542	correct
1413935	1470724	56733	1	NC_002945.4	NODE_28_length_56733_cov_45.544165	99.89		True
CONTIG	NODE_28_length_56733_cov_45.544165	56733	correct
2801012	2852054	1	51043	NC_002945.4	NODE_29_length_51043_cov_43.771251	99.99		True
CONTIG	NODE_29_length_51043_cov_43.771251	51043	correct
4000854	4035645	34929	138	NC_002945.4	NODE_30_length_50381_cov_44.871871	99.98		True
local misassembly
3985305	4000742	50356	34930	NC_002945.4	NODE_30_length_50381_cov_44.871871	99.93		True
CONTIG	NODE_30_length_50381_cov_44.871871	50381	correct
842639	891078	48440	1	NC_002945.4	NODE_31_length_48640_cov_41.472203	99.99		True
CONTIG	NODE_31_length_48640_cov_41.472203	48640	correct
625172	673260	24	48112	NC_002945.4	NODE_32_length_48333_cov_41.602435	99.99		True
CONTIG	NODE_32_length_48333_cov_41.602435	48333	correct
1491921	1535110	43190	1	NC_002945.4	NODE_33_length_43190_cov_47.555906	99.98		True
CONTIG	NODE_33_length_43190_cov_47.555906	43190	correct
1343879	1386655	1	42782	NC_002945.4	NODE_34_length_42801_cov_42.888925	99.97		True
CONTIG	NODE_34_length_42801_cov_42.888925	42801	correct
3445573	3488322	42750	1	NC_002945.4	NODE_35_length_42750_cov_44.845107	99.97		True
CONTIG	NODE_35_length_42750_cov_44.845107	42750	correct
3836888	3878171	1	41276	NC_002945.4	NODE_36_length_41426_cov_42.448413	99.91		True
CONTIG	NODE_36_length_41426_cov_42.448413	41426	correct
930786	969872	39430	224	NC_002945.4	NODE_37_length_39619_cov_43.305885	99.67		True
CONTIG	NODE_37_length_39619_cov_43.305885	39619	correct
363962	401308	37347	1	NC_002945.4	NODE_38_length_37532_cov_40.809304	99.99		True
CONTIG	NODE_38_length_37532_cov_40.809304	37532	correct
1535942	1573323	1	37382	NC_002945.4	NODE_39_length_37487_cov_43.223180	99.98		True
CONTIG	NODE_39_length_37487_cov_43.223180	37487	correct
2246369	2283745	37379	1	NC_002945.4	NODE_40_length_37379_cov_46.753919	99.95		True
CONTIG	NODE_40_length_37379_cov_46.753919	37379	correct
2210070	2245161	194	35285	NC_002945.4	NODE_41_length_35285_cov_47.260396	100.0		True
CONTIG	NODE_41_length_35285_cov_47.260396	35285	correct
3737665	3758807	21254	112	NC_002945.4	NODE_42_length_33863_cov_43.837770	100.0		True
local misassembly
3724846	3737454	33863	21255	NC_002945.4	NODE_42_length_33863_cov_43.837770	99.98		True
CONTIG	NODE_42_length_33863_cov_43.837770	33863	correct
3799806	3830690	30888	4	NC_002945.4	NODE_43_length_30888_cov_40.218979	99.99		True
CONTIG	NODE_43_length_30888_cov_40.218979	30888	correct
2161798	2192094	1	30298	NC_002945.4	NODE_44_length_30298_cov_45.028206	99.99		True
CONTIG	NODE_44_length_30298_cov_45.028206	30298	correct
2666099	2693421	27322	1	NC_002945.4	NODE_45_length_27322_cov_44.420886	99.98		True
CONTIG	NODE_45_length_27322_cov_44.420886	27322	correct
105040	132124	1	27085	NC_002945.4	NODE_46_length_27264_cov_41.892766	99.98		True
CONTIG	NODE_46_length_27264_cov_41.892766	27264	correct
338344	339002	661	3	NC_002945.4	NODE_47_length_26619_cov_43.207308	98.33		True
relocation, inconsistency = 5633
332249	332710	1123	662	NC_002945.4	NODE_47_length_26619_cov_43.207308	99.64		True
local misassembly
306737	332143	26530	1124	NC_002945.4	NODE_47_length_26619_cov_43.207308	99.98		True
CONTIG	NODE_47_length_26619_cov_43.207308	26619	misassembled
1387075	1412955	25881	1	NC_002945.4	NODE_48_length_26019_cov_42.509308	99.98		True
CONTIG	NODE_48_length_26019_cov_42.509308	26019	correct
339000	363800	157	24870	NC_002945.4	NODE_49_length_24870_cov_39.381199	99.62		True
CONTIG	NODE_49_length_24870_cov_39.381199	24870	correct
3892628	3892950	160	482	NC_002945.4	NODE_50_length_24422_cov_33.215394	99.17		True
relocation, inconsistency = 194312
3674358	3698315	24422	483	NC_002945.4	NODE_50_length_24422_cov_33.215394	99.89		True
CONTIG	NODE_50_length_24422_cov_33.215394	24422	misassembled
3777400	3799809	22475	66	NC_002945.4	NODE_51_length_22618_cov_45.978436	99.99		True
CONTIG	NODE_51_length_22618_cov_45.978436	22618	correct
4259930	4281627	1	21696	NC_002945.4	NODE_52_length_21696_cov_43.291854	99.98		True
CONTIG	NODE_52_length_21696_cov_43.291854	21696	correct
2423267	2444896	1	21630	NC_002945.4	NODE_53_length_21630_cov_44.752639	99.99		True
CONTIG	NODE_53_length_21630_cov_44.752639	21630	correct
1490961	1491375	415	1	NC_002945.4	NODE_54_length_19229_cov_48.295623	100.0		True
local misassembly
1471935	1490747	19229	416	NC_002945.4	NODE_54_length_19229_cov_48.295623	99.98		True
CONTIG	NODE_54_length_19229_cov_48.295623	19229	correct
1171083	1189860	1	18778	NC_002945.4	NODE_55_length_19191_cov_42.496800	99.99		True
local misassembly
1190092	1190504	18779	19191	NC_002945.4	NODE_55_length_19191_cov_42.496800	100.0		True
CONTIG	NODE_55_length_19191_cov_42.496800	19191	correct
2140813	2158365	1	17553	NC_002945.4	NODE_56_length_17553_cov_45.884598	99.97		True
CONTIG	NODE_56_length_17553_cov_45.884598	17553	correct
2192685	2209982	17436	139	NC_002945.4	NODE_57_length_17436_cov_51.112485	99.99		True
CONTIG	NODE_57_length_17436_cov_51.112485	17436	correct
3760163	3777501	53	17391	NC_002945.4	NODE_58_length_17391_cov_41.785971	99.91		True
CONTIG	NODE_58_length_17391_cov_41.785971	17391	correct
892165	909508	1	17344	NC_002945.4	NODE_59_length_17344_cov_45.686531	99.99		True
CONTIG	NODE_59_length_17344_cov_45.686531	17344	correct
132603	149544	17057	116	NC_002945.4	NODE_60_length_17072_cov_48.476070	99.96		True
CONTIG	NODE_60_length_17072_cov_48.476070	17072	correct
2776948	2793848	115	17015	NC_002945.4	NODE_61_length_17015_cov_47.274692	99.98		True
CONTIG	NODE_61_length_17015_cov_47.274692	17015	correct
2409145	2422776	13632	1	NC_002945.4	NODE_62_length_16379_cov_40.882907	99.98		True
relocation, inconsistency = 1474185
3896968	3898958	13639	15620	NC_002945.4	NODE_62_length_16379_cov_40.882907	99.55		True
relocation, inconsistency = -4241
3894718	3895476	15621	16379	NC_002945.4	NODE_62_length_16379_cov_40.882907	99.84		True
CONTIG	NODE_62_length_16379_cov_40.882907	16379	misassembled
910050	926338	16289	1	NC_002945.4	NODE_63_length_16289_cov_46.779668	99.99		True
CONTIG	NODE_63_length_16289_cov_46.779668	16289	correct
1854199	1869293	185	15279	NC_002945.4	NODE_64_length_15392_cov_33.572028	99.99		True
CONTIG	NODE_64_length_15392_cov_33.572028	15392	correct
609085	624449	15365	1	NC_002945.4	NODE_65_length_15365_cov_42.495341	99.99		True
CONTIG	NODE_65_length_15365_cov_42.495341	15365	correct
2916851	2932070	1	15220	NC_002945.4	NODE_66_length_15359_cov_47.125000	99.97		True
CONTIG	NODE_66_length_15359_cov_47.125000	15359	correct
2041216	2056285	61	15130	NC_002945.4	NODE_67_length_15323_cov_46.207357	99.99		True
CONTIG	NODE_67_length_15323_cov_46.207357	15323	correct
3712180	3724646	12467	1	NC_002945.4	NODE_68_length_12467_cov_28.880713	99.94		True
CONTIG	NODE_68_length_12467_cov_28.880713	12467	correct
2944619	2957076	12458	1	NC_002945.4	NODE_69_length_12458_cov_42.139648	99.98		True
CONTIG	NODE_69_length_12458_cov_42.139648	12458	correct
4281632	4293925	1	12294	NC_002945.4	NODE_70_length_12326_cov_43.020657	99.99		True
CONTIG	NODE_70_length_12326_cov_43.020657	12326	correct
1193002	1204661	11768	109	NC_002945.4	NODE_71_length_11768_cov_45.685508	99.97		True
CONTIG	NODE_71_length_11768_cov_45.685508	11768	correct
3700309	3710735	10427	1	NC_002945.4	NODE_72_length_10427_cov_29.834951	99.96		True
CONTIG	NODE_72_length_10427_cov_29.834951	10427	correct
2933863	2943963	10101	1	NC_002945.4	NODE_73_length_10288_cov_42.137979	99.97		True
CONTIG	NODE_73_length_10288_cov_42.137979	10288	correct
3209321	3219344	10027	4	NC_002945.4	NODE_74_length_10041_cov_42.643736	100.0		True
CONTIG	NODE_74_length_10041_cov_42.643736	10041	correct
1204854	1213474	144	8764	NC_002945.4	NODE_75_length_8939_cov_40.067181	99.98		True
CONTIG	NODE_75_length_8939_cov_40.067181	8939	correct
4301924	4310372	124	8572	NC_002945.4	NODE_76_length_8766_cov_38.122815	99.95		True
CONTIG	NODE_76_length_8766_cov_38.122815	8766	correct
4294685	4301850	7326	161	NC_002945.4	NODE_77_length_7888_cov_35.334622	99.99		True
local misassembly
4294132	4294587	7782	7327	NC_002945.4	NODE_77_length_7888_cov_35.334622	100.0		True
CONTIG	NODE_77_length_7888_cov_35.334622	7888	correct
3890969	3892480	1684	173	NC_002945.4	NODE_78_length_7246_cov_20.098609	96.4		True
local misassembly
3884660	3890278	7246	1685	NC_002945.4	NODE_78_length_7246_cov_20.098609	98.65		True
CONTIG	NODE_78_length_7246_cov_20.098609	7246	correct
2793832	2799828	5997	1	NC_002945.4	NODE_79_length_5997_cov_43.184327	99.98		True
CONTIG	NODE_79_length_5997_cov_43.184327	5997	correct
1987117	1992127	5012	1	NC_002945.4	NODE_80_length_5198_cov_43.846776	99.96		True
CONTIG	NODE_80_length_5198_cov_43.846776	5198	correct
3830863	3835785	173	5095	NC_002945.4	NODE_81_length_5095_cov_50.597625	100.0		True
CONTIG	NODE_81_length_5095_cov_50.597625	5095	correct
3980336	3984478	4358	216	NC_002945.4	NODE_82_length_4502_cov_35.479086	100.0		True
CONTIG	NODE_82_length_4502_cov_35.479086	4502	correct
1214750	1218404	3662	8	NC_002945.4	NODE_83_length_4464_cov_28.618861	99.7		True
local misassembly
1214181	1214774	4375	3782	NC_002945.4	NODE_83_length_4464_cov_28.618861	98.82		True
CONTIG	NODE_83_length_4464_cov_28.618861	4464	correct
1165899	1169900	4002	1	NC_002945.4	NODE_84_length_4002_cov_45.366968	99.98		True
CONTIG	NODE_84_length_4002_cov_45.366968	4002	correct
2284620	2287647	3028	1	NC_002945.4	NODE_85_length_3028_cov_30.191658	99.77		True
CONTIG	NODE_85_length_3028_cov_30.191658	3028	correct
2290710	2293716	1	3007	NC_002945.4	NODE_86_length_3007_cov_32.971528	100.0		True
CONTIG	NODE_86_length_3007_cov_32.971528	3007	correct
1993335	1996161	2832	6	NC_002945.4	NODE_87_length_2832_cov_45.157856	99.93		True
CONTIG	NODE_87_length_2832_cov_45.157856	2832	correct
2158479	2158913	1	435	NC_002945.4	NODE_88_length_2811_cov_42.396796	100.0		True
fake: scaffold gap size wrong estimation (local)
2158914	2160444	467	1997	NC_002945.4	NODE_88_length_2811_cov_42.396796	95.49		True
CONTIG	NODE_88_length_2811_cov_42.396796	2811	correct
1635657	1638240	2623	40	NC_002945.4	NODE_89_length_2623_cov_24.462340	100.0		True
CONTIG	NODE_89_length_2623_cov_24.462340	2623	correct
1190378	1192900	1	2523	NC_002945.4	NODE_90_length_2564_cov_15.910135	99.68		True
CONTIG	NODE_90_length_2564_cov_15.910135	2564	correct
928351	928975	14	647	NC_002945.4	NODE_91_length_2403_cov_10.814148	97.48		True
local misassembly
928970	930587	786	2403	NC_002945.4	NODE_91_length_2403_cov_10.814148	99.94		True
CONTIG	NODE_91_length_2403_cov_10.814148	2403	correct
3698294	3700059	194	1959	NC_002945.4	NODE_92_length_1959_cov_5.088974	99.77		True
CONTIG	NODE_92_length_1959_cov_5.088974	1959	correct
3882139	3883522	273	1704	NC_002945.4	NODE_93_length_1849_cov_3.167247	96.51		True
CONTIG	NODE_93_length_1849_cov_3.167247	1849	correct
674756	676257	1586	85	NC_002945.4	NODE_94_length_1736_cov_5.614046	99.53		True
CONTIG	NODE_94_length_1736_cov_5.614046	1736	correct
3878609	3880054	73	1518	NC_002945.4	NODE_95_length_1615_cov_4.650538	98.82		True
CONTIG	NODE_95_length_1615_cov_4.650538	1615	correct
1094890	1096461	1572	1	NC_002945.4	NODE_96_length_1572_cov_35.645675	100.0		True
CONTIG	NODE_96_length_1572_cov_35.645675	1572	correct
401182	402731	1550	1	NC_002945.4	NODE_97_length_1550_cov_72.977512	99.87		True
CONTIG	NODE_97_length_1550_cov_72.977512	1550	correct
2774298	2775598	1301	1	NC_002945.4	NODE_98_length_1545_cov_4.776446	99.92		True
CONTIG	NODE_98_length_1545_cov_4.776446	1545	correct
4193589	4195052	1	1464	NC_002945.4	NODE_99_length_1464_cov_97.147345	100.0		True
CONTIG	NODE_99_length_1464_cov_97.147345	1464	correct
1992001	1993461	1461	1	NC_002945.4	NODE_100_length_1461_cov_60.193403	100.0		True
CONTIG	NODE_100_length_1461_cov_60.193403	1461	correct
3443593	3445031	1439	1	NC_002945.4	NODE_101_length_1439_cov_50.802591	100.0		True
CONTIG	NODE_101_length_1439_cov_50.802591	1439	correct
336693	338015	1323	1	NC_002945.4	NODE_102_length_1419_cov_15.862229	99.77		True
CONTIG	NODE_102_length_1419_cov_15.862229	1419	correct
2324557	2325838	1282	1	NC_002945.4	NODE_103_length_1360_cov_33.279805	100.0		True
CONTIG	NODE_103_length_1360_cov_33.279805	1360	correct
3673145	3674484	1340	1	NC_002945.4	NODE_104_length_1340_cov_84.407255	100.0		True
CONTIG	NODE_104_length_1340_cov_84.407255	1340	correct
3339137	3340461	1325	1	NC_002945.4	NODE_105_length_1325_cov_40.068447	100.0		True
CONTIG	NODE_105_length_1325_cov_40.068447	1325	correct
3835659	3836979	1321	1	NC_002945.4	NODE_106_length_1321_cov_86.279732	99.77		True
CONTIG	NODE_106_length_1321_cov_86.279732	1321	correct
673503	674598	1123	28	NC_002945.4	NODE_107_length_1277_cov_3.112174	99.45		True
CONTIG	NODE_107_length_1277_cov_3.112174	1277	correct
2288581	2289835	1255	1	NC_002945.4	NODE_108_length_1255_cov_45.081560	100.0		True
CONTIG	NODE_108_length_1255_cov_45.081560	1255	correct
150009	151234	1	1199	NC_002945.4	NODE_109_length_1234_cov_5.898826	96.98		True
CONTIG	NODE_109_length_1234_cov_5.898826	1234	correct
839663	840706	1213	170	NC_002945.4	NODE_110_length_1213_cov_13.249540	99.71		True
CONTIG	NODE_110_length_1213_cov_13.249540	1213	correct
335650	336465	844	29	NC_002945.4	NODE_111_length_1199_cov_2.982276	100.0		True
CONTIG	NODE_111_length_1199_cov_2.982276	1199	correct
2287521	2288707	1	1187	NC_002945.4	NODE_112_length_1187_cov_30.000943	100.0		True
CONTIG	NODE_112_length_1187_cov_30.000943	1187	correct
2283619	2284746	1128	1	NC_002945.4	NODE_113_length_1128_cov_76.311688	99.91		True
CONTIG	NODE_113_length_1128_cov_76.311688	1128	correct
3711277	3712306	1	1030	NC_002945.4	NODE_114_length_1030_cov_83.256921	100.0		True
CONTIG	NODE_114_length_1030_cov_83.256921	1030	correct
1165044	1166025	1	982	NC_002945.4	NODE_115_length_982_cov_81.885380	99.9		True
CONTIG	NODE_115_length_982_cov_81.885380	982	correct
332674	333426	158	910	NC_002945.4	NODE_116_length_927_cov_3.876250	99.6		True
CONTIG	NODE_116_length_927_cov_3.876250	927	correct
1169775	1170683	909	1	NC_002945.4	NODE_117_length_909_cov_307.855499	100.0		True
CONTIG	NODE_117_length_909_cov_307.855499	909	correct
3341521	3342410	890	1	NC_002945.4	NODE_118_length_890_cov_32.414155	100.0		True
CONTIG	NODE_118_length_890_cov_32.414155	890	correct
2191968	2192811	844	1	NC_002945.4	NODE_119_length_844_cov_81.889819	100.0		True
CONTIG	NODE_119_length_844_cov_81.889819	844	correct
1996444	1997079	162	797	NC_002945.4	NODE_120_length_797_cov_4.355224	100.0		True
CONTIG	NODE_120_length_797_cov_4.355224	797	correct
3444905	3445699	795	1	NC_002945.4	NODE_121_length_795_cov_99.540419	100.0		True
CONTIG	NODE_121_length_795_cov_99.540419	795	correct
334878	335499	632	11	NC_002945.4	NODE_122_length_761_cov_2.835962	99.36		True
CONTIG	NODE_122_length_761_cov_2.835962	761	correct
2773532	2774141	610	1	NC_002945.4	NODE_123_length_758_cov_2.830428	100.0		True
CONTIG	NODE_123_length_758_cov_2.830428	758	correct
1633454	1634201	749	2	NC_002945.4	NODE_124_length_749_cov_5.876206	98.66		True
CONTIG	NODE_124_length_749_cov_5.876206	749	correct
2693295	2694038	1	744	NC_002945.4	NODE_125_length_744_cov_84.448947	100.0		True
CONTIG	NODE_125_length_744_cov_84.448947	744	correct
3884045	3884786	1	724	NC_002945.4	NODE_126_length_724_cov_11.842546	97.44		True
CONTIG	NODE_126_length_724_cov_11.842546	724	correct
1986143	1986421	192	470	NC_002945.4	NODE_127_length_651_cov_2.614504	99.64		True
CONTIG	NODE_127_length_651_cov_2.614504	651	correct
3878261	3878691	2	432	NC_002945.4	NODE_128_length_650_cov_1.042065	99.54		True
CONTIG	NODE_128_length_650_cov_1.042065	650	correct
3340552	3341186	635	1	NC_002945.4	NODE_129_length_635_cov_31.753937	100.0		True
CONTIG	NODE_129_length_635_cov_31.753937	635	correct
149558	149981	212	635	NC_002945.4	NODE_130_length_635_cov_3.114173	100.0		True
CONTIG	NODE_130_length_635_cov_3.114173	635	correct
3338171	3338802	632	1	NC_002945.4	NODE_131_length_632_cov_45.550495	99.84		True
CONTIG	NODE_131_length_632_cov_45.550495	632	correct
3881805	3882125	157	477	NC_002945.4	NODE_132_length_628_cov_1.013972	100.0		True
CONTIG	NODE_132_length_628_cov_1.013972	628	correct
3893138	3893590	595	143	NC_002945.4	NODE_133_length_626_cov_0.639279	96.25		True
CONTIG	NODE_133_length_626_cov_0.639279	626	correct
3883859	3883977	1	119	NC_002945.4	NODE_134_length_592_cov_7.789247	100.0		True
local misassembly
3883513	3883985	120	592	NC_002945.4	NODE_134_length_592_cov_7.789247	100.0		True
CONTIG	NODE_134_length_592_cov_7.789247	592	correct
3338676	3339263	588	1	NC_002945.4	NODE_135_length_588_cov_59.986985	100.0		True
CONTIG	NODE_135_length_588_cov_59.986985	588	correct
CONTIG	NODE_136_length_558_cov_0.542923	558	unaligned
1491463	1491802	198	537	NC_002945.4	NODE_137_length_543_cov_1.076923	99.71		True
CONTIG	NODE_137_length_543_cov_1.076923	543	correct
3845679	3845830	1	152	NC_002945.4	NODE_138_length_531_cov_36.410891	95.39		True
relocation, inconsistency = 2310255
1535045	1535408	531	168	NC_002945.4	NODE_138_length_531_cov_36.410891	96.98		True
CONTIG	NODE_138_length_531_cov_36.410891	531	misassembled
2325880	2326230	409	59	NC_002945.4	NODE_139_length_531_cov_2.262376	100.0		True
CONTIG	NODE_139_length_531_cov_2.262376	531	correct
3880029	3880344	160	475	NC_002945.4	NODE_140_length_522_cov_0.974684	99.05		True
CONTIG	NODE_140_length_522_cov_0.974684	522	correct
