S1	E1	S2	E2	Reference	Contig	IDY	Ambiguous	Best_group
2453622	2665739	212376	201	NC_002945.4	NODE_1_length_212376_cov_40.645892	99.96		True
CONTIG	NODE_1_length_212376_cov_40.645892	212376	correct
402605	607788	204915	1	NC_002945.4	NODE_2_length_204915_cov_40.757290	99.86		True
CONTIG	NODE_2_length_204915_cov_40.757290	204915	correct
676588	824045	13	147471	NC_002945.4	NODE_3_length_161037_cov_41.023404	99.99		True
local misassembly
824601	838056	147472	160927	NC_002945.4	NODE_3_length_161037_cov_41.023404	99.95		True
CONTIG	NODE_3_length_161037_cov_41.023404	161037	correct
3513099	3673271	128	160189	NC_002945.4	NODE_4_length_160189_cov_41.737895	99.92		True
CONTIG	NODE_4_length_160189_cov_41.737895	160189	correct
150070	306682	1	156586	NC_002945.4	NODE_5_length_156651_cov_40.908193	99.97		True
CONTIG	NODE_5_length_156651_cov_40.908193	156651	correct
4301851	4349904	1	48053	NC_002945.4	NODE_6_length_151372_cov_41.731237	99.98		True
fake: not a misassembly [linear representation of circular genome]
1	29469	48054	77522	NC_002945.4	NODE_6_length_151372_cov_41.731237	99.99		True
local misassembly
30083	103918	77524	151372	NC_002945.4	NODE_6_length_151372_cov_41.731237	99.96		True
CONTIG	NODE_6_length_151372_cov_41.731237	151372	correct
1638898	1769053	130246	93	NC_002945.4	NODE_7_length_130396_cov_42.784523	99.99		True
CONTIG	NODE_7_length_130396_cov_42.784523	130396	correct
1091637	1091810	369	196	NC_002945.4	NODE_8_length_120220_cov_41.308961	100.0		True
local misassembly
1010930	1091507	80950	370	NC_002945.4	NODE_8_length_120220_cov_41.308961	99.99		True
relocation, inconsistency = 1457
970202	1009472	120220	80951	NC_002945.4	NODE_8_length_120220_cov_41.308961	99.98		True
CONTIG	NODE_8_length_120220_cov_41.308961	120220	misassembled
3297493	3338802	41479	1	NC_002945.4	NODE_9_length_119671_cov_40.830029	99.81		True
indel: stretch of mismatches
3219363	3297478	119666	41494	NC_002945.4	NODE_9_length_119671_cov_40.830029	99.92		True
CONTIG	NODE_9_length_119671_cov_40.830029	119671	correct
1869381	1985534	116203	516	NC_002945.4	NODE_10_length_116203_cov_41.053112	99.58		True
CONTIG	NODE_10_length_116203_cov_41.053112	116203	correct
3343594	3442410	98885	1	NC_002945.4	NODE_11_length_98885_cov_42.617833	99.92		True
CONTIG	NODE_11_length_98885_cov_42.617833	98885	correct
2056967	2083604	1	26638	NC_002945.4	NODE_12_length_83970_cov_41.649702	99.98		True
local misassembly
2083596	2140721	26777	83902	NC_002945.4	NODE_12_length_83970_cov_41.649702	99.99		True
CONTIG	NODE_12_length_83970_cov_41.649702	83970	correct
3897145	3979525	1	82372	NC_002945.4	NODE_13_length_82373_cov_40.804562	99.97		True
CONTIG	NODE_13_length_82373_cov_40.804562	82373	correct
2693912	2773057	1	79145	NC_002945.4	NODE_14_length_79305_cov_39.506605	99.99		True
CONTIG	NODE_14_length_79305_cov_39.506605	79305	correct
1779460	1853482	1	74023	NC_002945.4	NODE_15_length_74202_cov_40.922484	99.99		True
CONTIG	NODE_15_length_74202_cov_40.922484	74202	correct
3124644	3193870	69173	1	NC_002945.4	NODE_16_length_69173_cov_41.234510	99.91		True
CONTIG	NODE_16_length_69173_cov_41.234510	69173	correct
3015652	3081542	65989	1	NC_002945.4	NODE_17_length_66013_cov_39.788938	99.83		True
CONTIG	NODE_17_length_66013_cov_39.788938	66013	correct
3445573	3510803	1	65234	NC_002945.4	NODE_18_length_65361_cov_41.696845	99.97		True
CONTIG	NODE_18_length_65361_cov_41.696845	65361	correct
1096985	1161466	1	64471	NC_002945.4	NODE_19_length_64471_cov_41.045132	99.97		True
CONTIG	NODE_19_length_64471_cov_41.045132	64471	correct
2852103	2916393	64290	1	NC_002945.4	NODE_20_length_64290_cov_39.802145	99.98		True
CONTIG	NODE_20_length_64290_cov_39.802145	64290	correct
4194926	4259153	64228	1	NC_002945.4	NODE_21_length_64228_cov_42.154069	99.99		True
CONTIG	NODE_21_length_64228_cov_42.154069	64228	correct
1491995	1535540	43581	36	NC_002945.4	NODE_22_length_63270_cov_43.853681	99.92		True
local misassembly
1490961	1491835	44456	43582	NC_002945.4	NODE_22_length_63270_cov_43.853681	99.89		True
local misassembly
1471935	1490747	63270	44457	NC_002945.4	NODE_22_length_63270_cov_43.853681	99.98		True
CONTIG	NODE_22_length_63270_cov_43.853681	63270	correct
1280097	1343223	63189	1	NC_002945.4	NODE_23_length_63189_cov_44.032952	99.89		True
CONTIG	NODE_23_length_63189_cov_44.032952	63189	correct
4035855	4097403	61548	1	NC_002945.4	NODE_24_length_61553_cov_38.593429	99.98		True
CONTIG	NODE_24_length_61553_cov_38.593429	61553	correct
1219535	1278412	1	58878	NC_002945.4	NODE_25_length_58878_cov_41.360998	99.99		True
CONTIG	NODE_25_length_58878_cov_41.360998	58878	correct
2957039	3015575	58821	338	NC_002945.4	NODE_26_length_58821_cov_40.803114	99.9		True
CONTIG	NODE_26_length_58821_cov_40.803114	58821	correct
1413935	1470724	56733	1	NC_002945.4	NODE_27_length_56733_cov_42.326555	99.89		True
CONTIG	NODE_27_length_56733_cov_42.326555	56733	correct
3777400	3830690	1	53291	NC_002945.4	NODE_28_length_53322_cov_41.026375	99.99		True
CONTIG	NODE_28_length_53322_cov_41.026375	53322	correct
4141989	4193715	51727	1	NC_002945.4	NODE_29_length_51727_cov_43.271473	99.99		True
CONTIG	NODE_29_length_51727_cov_43.271473	51727	correct
2801012	2852035	1	51024	NC_002945.4	NODE_30_length_51024_cov_40.800872	99.99		True
CONTIG	NODE_30_length_51024_cov_40.800872	51024	correct
3985201	4000631	182	15612	NC_002945.4	NODE_31_length_50584_cov_40.666825	99.97		True
fake: scaffold gap size wrong estimation (local)
4000854	4035714	15713	50573	NC_002945.4	NODE_31_length_50584_cov_40.666825	99.98		True
CONTIG	NODE_31_length_50584_cov_40.666825	50584	correct
1574122	1623825	49704	1	NC_002945.4	NODE_32_length_49704_cov_40.038849	99.98		True
CONTIG	NODE_32_length_49704_cov_40.038849	49704	correct
842639	891078	216	48655	NC_002945.4	NODE_33_length_48655_cov_40.766114	99.99		True
CONTIG	NODE_33_length_48655_cov_40.766114	48655	correct
625584	673268	47831	147	NC_002945.4	NODE_34_length_48187_cov_38.654078	99.99		True
CONTIG	NODE_34_length_48187_cov_38.654078	48187	correct
2326310	2372322	1	46013	NC_002945.4	NODE_35_length_46013_cov_39.221331	99.99		True
CONTIG	NODE_35_length_46013_cov_39.221331	46013	correct
4097387	4141978	44592	1	NC_002945.4	NODE_36_length_44592_cov_40.904172	100.0		True
CONTIG	NODE_36_length_44592_cov_40.904172	44592	correct
1343879	1386818	1	42945	NC_002945.4	NODE_37_length_42964_cov_40.898756	99.96		True
CONTIG	NODE_37_length_42964_cov_40.898756	42964	correct
1171083	1189854	1	18772	NC_002945.4	NODE_38_length_39641_cov_40.247026	99.99		True
relocation, inconsistency = 2858
1192713	1213474	18773	39537	NC_002945.4	NODE_38_length_39641_cov_40.247026	99.89		True
CONTIG	NODE_38_length_39641_cov_40.247026	39641	misassembled
1535942	1573640	37699	1	NC_002945.4	NODE_39_length_37699_cov_40.231822	99.99		True
CONTIG	NODE_39_length_37699_cov_40.231822	37699	correct
363906	401308	1	37403	NC_002945.4	NODE_40_length_37403_cov_39.484253	99.99		True
CONTIG	NODE_40_length_37403_cov_39.484253	37403	correct
2246369	2283745	37379	1	NC_002945.4	NODE_41_length_37379_cov_43.046467	99.95		True
CONTIG	NODE_41_length_37379_cov_43.046467	37379	correct
2386668	2408615	1	21948	NC_002945.4	NODE_42_length_35554_cov_36.839924	100.0		True
local misassembly
2409171	2422776	21949	35554	NC_002945.4	NODE_42_length_35554_cov_36.839924	99.97		True
CONTIG	NODE_42_length_35554_cov_36.839924	35554	correct
930673	965541	147	35015	NC_002945.4	NODE_43_length_35201_cov_40.425900	99.98		True
CONTIG	NODE_43_length_35201_cov_40.425900	35201	correct
2209979	2245161	1	35183	NC_002945.4	NODE_44_length_35183_cov_44.415022	99.99		True
CONTIG	NODE_44_length_35183_cov_44.415022	35183	correct
3737665	3759355	21728	35	NC_002945.4	NODE_45_length_34337_cov_39.987431	99.98		True
local misassembly
3724846	3737454	34337	21729	NC_002945.4	NODE_45_length_34337_cov_39.987431	99.98		True
CONTIG	NODE_45_length_34337_cov_39.987431	34337	correct
4259930	4293929	33998	1	NC_002945.4	NODE_46_length_33998_cov_41.691683	99.99		True
CONTIG	NODE_46_length_33998_cov_41.691683	33998	correct
3846144	3877911	32056	288	NC_002945.4	NODE_47_length_32056_cov_39.609728	99.97		True
CONTIG	NODE_47_length_32056_cov_39.609728	32056	correct
2161798	2192094	1	30298	NC_002945.4	NODE_48_length_30298_cov_42.810779	99.99		True
CONTIG	NODE_48_length_30298_cov_42.810779	30298	correct
2294650	2324479	29830	1	NC_002945.4	NODE_49_length_29830_cov_38.915463	99.99		True
CONTIG	NODE_49_length_29830_cov_38.915463	29830	correct
105040	132574	27694	160	NC_002945.4	NODE_50_length_27694_cov_37.828273	99.97		True
CONTIG	NODE_50_length_27694_cov_37.828273	27694	correct
2666025	2693421	1	27396	NC_002945.4	NODE_51_length_27396_cov_41.223844	99.99		True
CONTIG	NODE_51_length_27396_cov_41.223844	27396	correct
306724	333298	1	26470	NC_002945.4	NODE_52_length_26568_cov_39.425211	99.6		True
CONTIG	NODE_52_length_26568_cov_39.425211	26568	correct
1997139	2023416	26278	1	NC_002945.4	NODE_53_length_26278_cov_40.031701	99.98		True
CONTIG	NODE_53_length_26278_cov_40.031701	26278	correct
1386968	1412955	25988	1	NC_002945.4	NODE_54_length_26160_cov_38.808013	99.98		True
CONTIG	NODE_54_length_26160_cov_38.808013	26160	correct
3674358	3699969	1	25594	NC_002945.4	NODE_55_length_25594_cov_32.576629	99.9		True
CONTIG	NODE_55_length_25594_cov_32.576629	25594	correct
3082644	3108521	1	25144	NC_002945.4	NODE_56_length_25347_cov_40.773791	97.06		True
CONTIG	NODE_56_length_25347_cov_40.773791	25347	correct
338577	363814	7	25157	NC_002945.4	NODE_57_length_25157_cov_35.421454	99.56		True
CONTIG	NODE_57_length_25157_cov_35.421454	25157	correct
2776935	2799828	22894	1	NC_002945.4	NODE_58_length_23189_cov_42.323996	100.0		True
local misassembly
2776004	2776118	23009	22895	NC_002945.4	NODE_58_length_23189_cov_42.323996	97.76		True
CONTIG	NODE_58_length_23189_cov_42.323996	23189	correct
2423267	2444953	21687	1	NC_002945.4	NODE_59_length_21687_cov_42.134972	99.99		True
CONTIG	NODE_59_length_21687_cov_42.134972	21687	correct
2140909	2158191	181	17463	NC_002945.4	NODE_60_length_17481_cov_43.390861	99.99		True
CONTIG	NODE_60_length_17481_cov_43.390861	17481	correct
892165	909508	17344	1	NC_002945.4	NODE_61_length_17344_cov_40.934251	99.99		True
CONTIG	NODE_61_length_17344_cov_40.934251	17344	correct
2192685	2210008	1	17324	NC_002945.4	NODE_62_length_17324_cov_45.967262	99.99		True
CONTIG	NODE_62_length_17324_cov_45.967262	17324	correct
3760105	3777383	1	17281	NC_002945.4	NODE_63_length_17281_cov_37.930279	99.95		True
CONTIG	NODE_63_length_17281_cov_37.930279	17281	correct
2023709	2040861	17153	1	NC_002945.4	NODE_64_length_17153_cov_39.377012	99.98		True
CONTIG	NODE_64_length_17153_cov_39.377012	17153	correct
132718	149549	1	16832	NC_002945.4	NODE_65_length_16832_cov_46.246333	99.96		True
CONTIG	NODE_65_length_16832_cov_46.246333	16832	correct
910050	926172	1	16123	NC_002945.4	NODE_66_length_16235_cov_42.045381	99.99		True
CONTIG	NODE_66_length_16235_cov_42.045381	16235	correct
3108514	3124591	1	16078	NC_002945.4	NODE_67_length_16078_cov_37.418657	99.99		True
CONTIG	NODE_67_length_16078_cov_37.418657	16078	correct
3193780	3209297	15618	1	NC_002945.4	NODE_68_length_15618_cov_41.725453	100.0		True
CONTIG	NODE_68_length_15618_cov_41.725453	15618	correct
609085	624364	1	15280	NC_002945.4	NODE_69_length_15445_cov_39.814858	99.99		True
CONTIG	NODE_69_length_15445_cov_39.814858	15445	correct
2916851	2932152	15421	120	NC_002945.4	NODE_70_length_15421_cov_43.828756	99.95		True
CONTIG	NODE_70_length_15421_cov_43.828756	15421	correct
2041251	2056268	216	15233	NC_002945.4	NODE_71_length_15408_cov_43.019567	99.99		True
CONTIG	NODE_71_length_15408_cov_43.019567	15408	correct
1854199	1869173	15064	90	NC_002945.4	NODE_72_length_15241_cov_31.327776	99.99		True
CONTIG	NODE_72_length_15241_cov_31.327776	15241	correct
2372441	2386761	1	14321	NC_002945.4	NODE_73_length_14321_cov_43.404678	99.98		True
CONTIG	NODE_73_length_14321_cov_43.404678	14321	correct
3712180	3724801	12773	152	NC_002945.4	NODE_74_length_12773_cov_28.652459	99.96		True
CONTIG	NODE_74_length_12773_cov_28.652459	12773	correct
2944619	2957076	12458	1	NC_002945.4	NODE_75_length_12458_cov_39.919390	99.98		True
CONTIG	NODE_75_length_12458_cov_39.919390	12458	correct
3882389	3884027	38	1724	NC_002945.4	NODE_76_length_11883_cov_18.721589	97.16		True
local misassembly
3884643	3890278	1725	7369	NC_002945.4	NODE_76_length_11883_cov_18.721589	99.79		True
local misassembly
3890969	3895482	7370	11883	NC_002945.4	NODE_76_length_11883_cov_18.721589	99.92		True
CONTIG	NODE_76_length_11883_cov_18.721589	11883	correct
3700320	3711403	11084	1	NC_002945.4	NODE_77_length_11113_cov_29.735482	100.0		True
CONTIG	NODE_77_length_11113_cov_29.735482	11113	correct
2933646	2943963	1	10318	NC_002945.4	NODE_78_length_10318_cov_42.066726	99.99		True
CONTIG	NODE_78_length_10318_cov_42.066726	10318	correct
3209326	3219347	145	10166	NC_002945.4	NODE_79_length_10166_cov_36.893017	100.0		True
CONTIG	NODE_79_length_10166_cov_36.893017	10166	correct
1623846	1633298	1	9396	NC_002945.4	NODE_80_length_9396_cov_35.588629	99.37		True
CONTIG	NODE_80_length_9396_cov_35.588629	9396	correct
2444936	2453625	8690	1	NC_002945.4	NODE_81_length_8690_cov_38.882284	100.0		True
CONTIG	NODE_81_length_8690_cov_38.882284	8690	correct
3836888	3845503	8616	1	NC_002945.4	NODE_82_length_8616_cov_42.080339	99.95		True
CONTIG	NODE_82_length_8616_cov_42.080339	8616	correct
4294618	4301868	7441	191	NC_002945.4	NODE_83_length_7441_cov_35.849193	99.96		True
CONTIG	NODE_83_length_7441_cov_35.849193	7441	correct
1987319	1992127	4810	1	NC_002945.4	NODE_84_length_5131_cov_39.690048	99.98		True
CONTIG	NODE_84_length_5131_cov_39.690048	5131	correct
3830738	3835785	5048	1	NC_002945.4	NODE_85_length_5091_cov_45.996777	100.0		True
CONTIG	NODE_85_length_5091_cov_45.996777	5091	correct
1214750	1218364	3798	184	NC_002945.4	NODE_86_length_4762_cov_29.844229	99.97		True
local misassembly
1213930	1214774	4762	3918	NC_002945.4	NODE_86_length_4762_cov_29.844229	99.64		True
CONTIG	NODE_86_length_4762_cov_29.844229	4762	correct
965518	970097	84	4663	NC_002945.4	NODE_87_length_4663_cov_28.106261	99.96		True
CONTIG	NODE_87_length_4663_cov_28.106261	4663	correct
3980226	3984550	9	4333	NC_002945.4	NODE_88_length_4333_cov_33.513552	100.0		True
CONTIG	NODE_88_length_4333_cov_33.513552	4333	correct
1165899	1169900	1	4002	NC_002945.4	NODE_89_length_4002_cov_40.929032	99.98		True
CONTIG	NODE_89_length_4002_cov_40.929032	4002	correct
1092533	1096461	1	3929	NC_002945.4	NODE_90_length_3929_cov_35.639663	100.0		True
CONTIG	NODE_90_length_3929_cov_35.639663	3929	correct
1161796	1165170	127	3501	NC_002945.4	NODE_91_length_3501_cov_38.868109	100.0		True
CONTIG	NODE_91_length_3501_cov_38.868109	3501	correct
1635657	1638240	1	2524	NC_002945.4	NODE_92_length_3328_cov_18.160575	97.68		True
local misassembly
1638385	1638824	2525	2964	NC_002945.4	NODE_92_length_3328_cov_18.160575	100.0		True
CONTIG	NODE_92_length_3328_cov_18.160575	3328	correct
2284620	2287647	3028	1	NC_002945.4	NODE_93_length_3028_cov_30.350224	99.77		True
CONTIG	NODE_93_length_3028_cov_30.350224	3028	correct
2290710	2293716	3007	1	NC_002945.4	NODE_94_length_3007_cov_30.965972	100.0		True
CONTIG	NODE_94_length_3007_cov_30.965972	3007	correct
2158341	2158913	1	573	NC_002945.4	NODE_95_length_2949_cov_43.265060	100.0		True
fake: scaffold gap size wrong estimation (local)
2158914	2160444	605	2135	NC_002945.4	NODE_95_length_2949_cov_43.265060	95.49		True
CONTIG	NODE_95_length_2949_cov_43.265060	2949	correct
1993335	1996114	2780	1	NC_002945.4	NODE_96_length_2780_cov_45.188089	100.0		True
CONTIG	NODE_96_length_2780_cov_45.188089	2780	correct
3878289	3880324	1	2036	NC_002945.4	NODE_97_length_2674_cov_7.596781	99.85		True
local misassembly
3880504	3881088	2090	2674	NC_002945.4	NODE_97_length_2674_cov_7.596781	99.49		True
CONTIG	NODE_97_length_2674_cov_7.596781	2674	correct
1190378	1193012	1	2635	NC_002945.4	NODE_98_length_2635_cov_17.348086	99.96		True
CONTIG	NODE_98_length_2635_cov_17.348086	2635	correct
3510801	3513102	2429	128	NC_002945.4	NODE_99_length_2555_cov_40.851318	100.0		True
CONTIG	NODE_99_length_2555_cov_40.851318	2555	correct
928970	930615	1646	1	NC_002945.4	NODE_100_length_2359_cov_9.303763	100.0		True
local misassembly
928439	928975	2330	1785	NC_002945.4	NODE_100_length_2359_cov_9.303763	98.35		True
CONTIG	NODE_100_length_2359_cov_9.303763	2359	correct
336693	338779	97	2192	NC_002945.4	NODE_101_length_2355_cov_11.059695	99.57		True
CONTIG	NODE_101_length_2355_cov_11.059695	2355	correct
334077	335558	1	1482	NC_002945.4	NODE_102_length_1606_cov_10.776200	99.87		True
CONTIG	NODE_102_length_1606_cov_10.776200	1606	correct
674912	676207	1296	1	NC_002945.4	NODE_103_length_1559_cov_4.400838	100.0		True
local misassembly
674527	674617	1387	1297	NC_002945.4	NODE_103_length_1559_cov_4.400838	98.97		True
CONTIG	NODE_103_length_1559_cov_4.400838	1559	correct
607662	609211	1	1550	NC_002945.4	NODE_104_length_1550_cov_67.061841	99.94		True
CONTIG	NODE_104_length_1550_cov_67.061841	1550	correct
839656	840738	1	1083	NC_002945.4	NODE_105_length_1533_cov_12.226885	99.91		True
local misassembly
841618	841979	1084	1445	NC_002945.4	NODE_105_length_1533_cov_12.226885	99.73		True
CONTIG	NODE_105_length_1533_cov_12.226885	1533	correct
4193589	4195052	1	1464	NC_002945.4	NODE_106_length_1464_cov_91.712790	100.0		True
CONTIG	NODE_106_length_1464_cov_91.712790	1464	correct
1992001	1993461	1461	1	NC_002945.4	NODE_107_length_1461_cov_57.885307	100.0		True
CONTIG	NODE_107_length_1461_cov_57.885307	1461	correct
3443593	3445031	1	1439	NC_002945.4	NODE_108_length_1439_cov_52.343750	100.0		True
CONTIG	NODE_108_length_1439_cov_52.343750	1439	correct
2774219	2775611	1393	1	NC_002945.4	NODE_109_length_1393_cov_6.674566	100.0		True
CONTIG	NODE_109_length_1393_cov_6.674566	1393	correct
2324664	2325835	1172	1	NC_002945.4	NODE_110_length_1356_cov_35.019528	100.0		True
CONTIG	NODE_110_length_1356_cov_35.019528	1356	correct
3081416	3082770	1355	1	NC_002945.4	NODE_111_length_1355_cov_185.614821	100.0		True
CONTIG	NODE_111_length_1355_cov_185.614821	1355	correct
890952	892291	1	1340	NC_002945.4	NODE_112_length_1340_cov_82.620775	100.0		True
CONTIG	NODE_112_length_1340_cov_82.620775	1340	correct
3339137	3340461	1325	1	NC_002945.4	NODE_113_length_1325_cov_36.335559	100.0		True
CONTIG	NODE_113_length_1325_cov_36.335559	1325	correct
3835659	3836979	1	1321	NC_002945.4	NODE_114_length_1321_cov_99.252094	99.7		True
CONTIG	NODE_114_length_1321_cov_99.252094	1321	correct
2288581	2289835	1255	1	NC_002945.4	NODE_115_length_1255_cov_43.357270	100.0		True
CONTIG	NODE_115_length_1255_cov_43.357270	1255	correct
2287521	2288707	1187	1	NC_002945.4	NODE_116_length_1187_cov_29.760377	100.0		True
CONTIG	NODE_116_length_1187_cov_29.760377	1187	correct
2289709	2290836	1128	1	NC_002945.4	NODE_117_length_1128_cov_71.143856	99.91		True
CONTIG	NODE_117_length_1128_cov_71.143856	1128	correct
1853534	1854317	277	1059	NC_002945.4	NODE_118_length_1065_cov_2.285714	97.96		True
CONTIG	NODE_118_length_1065_cov_2.285714	1065	correct
CONTIG	NODE_119_length_1032_cov_1.068508	1032	unaligned
3711277	3712306	1030	1	NC_002945.4	NODE_120_length_1030_cov_79.228128	100.0		True
CONTIG	NODE_120_length_1030_cov_79.228128	1030	correct
1165044	1166025	1	982	NC_002945.4	NODE_121_length_982_cov_80.061988	100.0		True
CONTIG	NODE_121_length_982_cov_80.061988	982	correct
2943837	2944745	909	1	NC_002945.4	NODE_122_length_909_cov_269.203325	100.0		True
CONTIG	NODE_122_length_909_cov_269.203325	909	correct
3341521	3342410	890	1	NC_002945.4	NODE_123_length_890_cov_32.495413	100.0		True
CONTIG	NODE_123_length_890_cov_32.495413	890	correct
674000	674539	203	742	NC_002945.4	NODE_124_length_881_cov_2.683024	100.0		True
CONTIG	NODE_124_length_881_cov_2.683024	881	correct
335765	336374	219	828	NC_002945.4	NODE_125_length_864_cov_5.981004	99.84		True
CONTIG	NODE_125_length_864_cov_5.981004	864	correct
1985614	1986475	11	854	NC_002945.4	NODE_126_length_854_cov_2.096286	97.91		True
CONTIG	NODE_126_length_854_cov_2.096286	854	correct
2191968	2192811	1	844	NC_002945.4	NODE_127_length_844_cov_80.829847	100.0		True
CONTIG	NODE_127_length_844_cov_80.829847	844	correct
909382	910176	795	1	NC_002945.4	NODE_128_length_795_cov_80.169162	100.0		True
CONTIG	NODE_128_length_795_cov_80.169162	795	correct
2693295	2694038	1	744	NC_002945.4	NODE_129_length_744_cov_70.123177	100.0		True
CONTIG	NODE_129_length_744_cov_70.123177	744	correct
2773540	2774163	60	683	NC_002945.4	NODE_130_length_683_cov_2.803957	99.52		True
CONTIG	NODE_130_length_683_cov_2.803957	683	correct
CONTIG	NODE_131_length_646_cov_1.737958	646	unaligned
3340552	3341186	635	1	NC_002945.4	NODE_132_length_635_cov_33.744094	100.0		True
CONTIG	NODE_132_length_635_cov_33.744094	635	correct
CONTIG	NODE_133_length_632_cov_0.895050	632	unaligned
CONTIG	NODE_134_length_622_cov_0.608081	622	unaligned
CONTIG	NODE_135_length_603_cov_2.817227	603	unaligned
3882139	3882259	279	399	NC_002945.4	NODE_136_length_594_cov_0.942184	100.0		True
CONTIG	NODE_136_length_594_cov_0.942184	594	correct
3984842	3985216	217	591	NC_002945.4	NODE_137_length_591_cov_1.174569	98.93		True
CONTIG	NODE_137_length_591_cov_1.174569	591	correct
3341060	3341647	588	1	NC_002945.4	NODE_138_length_588_cov_63.279826	100.0		True
CONTIG	NODE_138_length_588_cov_63.279826	588	correct
CONTIG	NODE_139_length_571_cov_0.684685	571	unaligned
CONTIG	NODE_140_length_562_cov_0.765517	562	unaligned
CONTIG	NODE_141_length_558_cov_0.860789	558	unaligned
3881679	3882155	1	477	NC_002945.4	NODE_142_length_540_cov_1.803874	100.0		True
CONTIG	NODE_142_length_540_cov_1.803874	540	correct
CONTIG	NODE_143_length_534_cov_0.800983	534	unaligned
3845679	3846209	531	1	NC_002945.4	NODE_144_length_531_cov_33.745050	100.0		True
CONTIG	NODE_144_length_531_cov_33.745050	531	correct
CONTIG	NODE_145_length_530_cov_1.337469	530	unaligned
673774	674031	258	1	NC_002945.4	NODE_146_length_526_cov_3.368421	99.61		True
indel: indel (> 5bp)
673461	673728	526	259	NC_002945.4	NODE_146_length_526_cov_3.368421	100.0		True
CONTIG	NODE_146_length_526_cov_3.368421	526	correct
CONTIG	NODE_147_length_517_cov_0.748718	517	unaligned
3759740	3760057	508	191	NC_002945.4	NODE_148_length_508_cov_0.816273	98.74		True
CONTIG	NODE_148_length_508_cov_0.816273	508	correct
CONTIG	NODE_149_length_504_cov_1.066313	504	unaligned
