S1	E1	S2	E2	Reference	Contig	IDY	Ambiguous	Best_group
2453717	2665719	212167	113	NC_002945.4	NODE_1_length_242336_cov_34.852821	99.96		True
local misassembly
2423267	2453549	242336	212168	NC_002945.4	NODE_1_length_242336_cov_34.852821	99.62		True
CONTIG	NODE_1_length_242336_cov_34.852821	242336	correct
3445573	3673271	1	227591	NC_002945.4	NODE_2_length_227591_cov_35.846433	99.93		True
CONTIG	NODE_2_length_227591_cov_35.846433	227591	correct
402605	607788	1	204992	NC_002945.4	NODE_3_length_204992_cov_35.114305	99.89		True
CONTIG	NODE_3_length_204992_cov_35.114305	204992	correct
2944619	3124608	179199	1	NC_002945.4	NODE_4_length_179199_cov_34.514854	99.43		True
CONTIG	NODE_4_length_179199_cov_34.514854	179199	correct
1853560	1985493	134	131601	NC_002945.4	NODE_5_length_171002_cov_33.951596	99.63		True
relocation, inconsistency = 883713
930743	969757	170945	131691	NC_002945.4	NODE_5_length_171002_cov_33.951596	99.37		True
CONTIG	NODE_5_length_171002_cov_33.951596	171002	misassembled
676588	824045	1	147459	NC_002945.4	NODE_6_length_161042_cov_34.821918	99.99		True
local misassembly
824601	838029	147460	160888	NC_002945.4	NODE_6_length_161042_cov_34.821918	99.98		True
CONTIG	NODE_6_length_161042_cov_34.821918	161042	correct
4294599	4349904	1	55305	NC_002945.4	NODE_7_length_158624_cov_35.916282	99.99		True
fake: not a misassembly [linear representation of circular genome]
1	29469	55306	84774	NC_002945.4	NODE_7_length_158624_cov_35.916282	99.99		True
local misassembly
30083	103918	84776	158624	NC_002945.4	NODE_7_length_158624_cov_35.916282	99.96		True
CONTIG	NODE_7_length_158624_cov_35.916282	158624	correct
150781	306687	155880	1	NC_002945.4	NODE_8_length_155880_cov_35.519765	99.97		True
CONTIG	NODE_8_length_155880_cov_35.519765	155880	correct
1638867	1769053	338	130523	NC_002945.4	NODE_9_length_130615_cov_36.212157	99.99		True
CONTIG	NODE_9_length_130615_cov_36.212157	130615	correct
1010930	1091268	80342	1	NC_002945.4	NODE_10_length_119673_cov_35.423954	99.99		True
relocation, inconsistency = 1457
970196	1009472	119618	80343	NC_002945.4	NODE_10_length_119673_cov_35.423954	99.98		True
CONTIG	NODE_10_length_119673_cov_35.423954	119673	misassembled
3219358	3338802	1	119671	NC_002945.4	NODE_11_length_119671_cov_35.514246	99.88		True
CONTIG	NODE_11_length_119671_cov_35.514246	119671	correct
4036032	4141980	1	105835	NC_002945.4	NODE_12_length_105835_cov_35.047565	99.88		True
CONTIG	NODE_12_length_105835_cov_35.047565	105835	correct
3343594	3442410	98885	1	NC_002945.4	NODE_13_length_98885_cov_36.416624	99.92		True
CONTIG	NODE_13_length_98885_cov_36.416624	98885	correct
3124600	3209296	84687	1	NC_002945.4	NODE_14_length_84687_cov_35.238493	99.86		True
CONTIG	NODE_14_length_84687_cov_35.238493	84687	correct
2057111	2083604	188	26681	NC_002945.4	NODE_15_length_83928_cov_35.292729	99.98		True
local misassembly
2083596	2140703	26820	83927	NC_002945.4	NODE_15_length_83928_cov_35.292729	99.99		True
CONTIG	NODE_15_length_83928_cov_35.292729	83928	correct
1491850	1573384	81535	1	NC_002945.4	NODE_16_length_81535_cov_36.617347	99.93		True
CONTIG	NODE_16_length_81535_cov_36.617347	81535	correct
3898832	3977115	1	78284	NC_002945.4	NODE_17_length_78284_cov_36.361106	99.99		True
CONTIG	NODE_17_length_78284_cov_36.361106	78284	correct
1779460	1853509	1	74050	NC_002945.4	NODE_18_length_74050_cov_35.374525	99.99		True
CONTIG	NODE_18_length_74050_cov_35.374525	74050	correct
2693912	2766780	1	72869	NC_002945.4	NODE_19_length_72936_cov_35.362441	99.99		True
CONTIG	NODE_19_length_72936_cov_35.362441	72936	correct
1096985	1165170	68186	1	NC_002945.4	NODE_20_length_68186_cov_35.138600	99.99		True
CONTIG	NODE_20_length_68186_cov_35.138600	68186	correct
2852105	2916393	64289	1	NC_002945.4	NODE_21_length_64289_cov_34.359964	99.98		True
CONTIG	NODE_21_length_64289_cov_34.359964	64289	correct
4194926	4259153	64228	1	NC_002945.4	NODE_22_length_64228_cov_37.004649	99.99		True
CONTIG	NODE_22_length_64228_cov_37.004649	64228	correct
1280097	1343223	1	63189	NC_002945.4	NODE_23_length_63189_cov_37.695427	99.89		True
CONTIG	NODE_23_length_63189_cov_37.695427	63189	correct
1996289	2056402	60284	171	NC_002945.4	NODE_24_length_60349_cov_34.126465	99.98		True
CONTIG	NODE_24_length_60349_cov_34.126465	60349	correct
1219683	1278412	1	58731	NC_002945.4	NODE_25_length_58731_cov_35.654324	99.99		True
CONTIG	NODE_25_length_58731_cov_35.654324	58731	correct
3777400	3835785	1	58318	NC_002945.4	NODE_26_length_58318_cov_35.684350	99.87		True
CONTIG	NODE_26_length_58318_cov_35.684350	58318	correct
1413935	1470724	1	56733	NC_002945.4	NODE_27_length_56733_cov_36.631117	99.89		True
CONTIG	NODE_27_length_56733_cov_36.631117	56733	correct
2192685	2245161	52477	1	NC_002945.4	NODE_28_length_52477_cov_38.928921	99.99		True
CONTIG	NODE_28_length_52477_cov_38.928921	52477	correct
4141992	4193715	1	51724	NC_002945.4	NODE_29_length_51724_cov_37.277807	99.99		True
CONTIG	NODE_29_length_51724_cov_37.277807	51724	correct
2801012	2852054	1	51043	NC_002945.4	NODE_30_length_51043_cov_34.488785	99.99		True
CONTIG	NODE_30_length_51043_cov_34.488785	51043	correct
3985009	4000631	137	15759	NC_002945.4	NODE_31_length_50794_cov_35.065901	100.0		True
fake: scaffold gap size wrong estimation (local)
4000854	4035788	15860	50794	NC_002945.4	NODE_31_length_50794_cov_35.065901	99.98		True
CONTIG	NODE_31_length_50794_cov_35.065901	50794	correct
1573988	1623823	1	49836	NC_002945.4	NODE_32_length_49836_cov_33.713110	99.98		True
CONTIG	NODE_32_length_49836_cov_33.713110	49836	correct
842775	891078	1	48304	NC_002945.4	NODE_33_length_48304_cov_33.901779	99.99		True
CONTIG	NODE_33_length_48304_cov_33.901779	48304	correct
625484	673257	15	47788	NC_002945.4	NODE_34_length_47802_cov_34.493907	99.99		True
CONTIG	NODE_34_length_47802_cov_34.493907	47802	correct
132787	149963	17177	1	NC_002945.4	NODE_35_length_44048_cov_35.975661	99.97		True
local misassembly
105040	131910	44048	17178	NC_002945.4	NODE_35_length_44048_cov_35.975661	99.98		True
CONTIG	NODE_35_length_44048_cov_35.975661	44048	correct
1343879	1386516	1	42643	NC_002945.4	NODE_36_length_42643_cov_34.902860	99.98		True
CONTIG	NODE_36_length_42643_cov_34.902860	42643	correct
3836888	3878163	41268	1	NC_002945.4	NODE_37_length_41268_cov_35.338397	99.96		True
CONTIG	NODE_37_length_41268_cov_35.338397	41268	correct
363943	401308	137	37502	NC_002945.4	NODE_38_length_37502_cov_34.044870	99.99		True
CONTIG	NODE_38_length_37502_cov_34.044870	37502	correct
2246369	2283745	1	37379	NC_002945.4	NODE_39_length_37379_cov_37.175615	99.95		True
CONTIG	NODE_39_length_37379_cov_37.175615	37379	correct
3724846	3737454	1	12609	NC_002945.4	NODE_40_length_33925_cov_35.338748	99.98		True
local misassembly
3737665	3758792	12610	33737	NC_002945.4	NODE_40_length_33925_cov_35.338748	100.0		True
CONTIG	NODE_40_length_33925_cov_35.338748	33925	correct
2161870	2192094	30226	1	NC_002945.4	NODE_41_length_30226_cov_36.571248	99.99		True
CONTIG	NODE_41_length_30226_cov_36.571248	30226	correct
2294650	2324492	1	29843	NC_002945.4	NODE_42_length_29843_cov_33.793276	99.99		True
CONTIG	NODE_42_length_29843_cov_33.793276	29843	correct
2343821	2372280	1	28460	NC_002945.4	NODE_43_length_28460_cov_33.551724	99.99		True
CONTIG	NODE_43_length_28460_cov_33.551724	28460	correct
2666043	2693421	27378	1	NC_002945.4	NODE_44_length_27378_cov_34.241019	99.99		True
CONTIG	NODE_44_length_27378_cov_34.241019	27378	correct
306767	333289	26456	39	NC_002945.4	NODE_45_length_26505_cov_34.290469	99.6		True
CONTIG	NODE_45_length_26505_cov_34.290469	26505	correct
1386490	1386819	22	351	NC_002945.4	NODE_46_length_26065_cov_33.415105	100.0		True
local misassembly
1387123	1387275	352	504	NC_002945.4	NODE_46_length_26065_cov_33.415105	99.44		True
local misassembly
1387395	1412955	505	26065	NC_002945.4	NODE_46_length_26065_cov_33.415105	99.98		True
CONTIG	NODE_46_length_26065_cov_33.415105	26065	correct
3674358	3699782	1	25407	NC_002945.4	NODE_47_length_25517_cov_27.178180	99.93		True
CONTIG	NODE_47_length_25517_cov_27.178180	25517	correct
339029	363572	24763	307	NC_002945.4	NODE_48_length_24885_cov_31.743033	99.6		True
CONTIG	NODE_48_length_24885_cov_31.743033	24885	correct
2386668	2408682	1	22015	NC_002945.4	NODE_49_length_24165_cov_26.480864	100.0		True
relocation, inconsistency = 1474242
3882925	3883802	22893	22016	NC_002945.4	NODE_49_length_24165_cov_26.480864	100.0		True
indel: indel (> 5bp)
3882719	3882846	23021	22894	NC_002945.4	NODE_49_length_24165_cov_26.480864	100.0		True
indel: indel (> 5bp)
3882139	3882718	23649	23070	NC_002945.4	NODE_49_length_24165_cov_26.480864	100.0		True
local misassembly
3881791	3882155	24165	23801	NC_002945.4	NODE_49_length_24165_cov_26.480864	100.0		True
CONTIG	NODE_49_length_24165_cov_26.480864	24165	misassembled
4259930	4281649	1	21718	NC_002945.4	NODE_50_length_21718_cov_34.786995	99.98		True
CONTIG	NODE_50_length_21718_cov_34.786995	21718	correct
2160997	2161605	609	1	NC_002945.4	NODE_51_length_20415_cov_37.965891	99.84		True
fake: scaffold gap size wrong estimation (local)
2160645	2160846	911	710	NC_002945.4	NODE_51_length_20415_cov_37.965891	100.0		True
fake: scaffold gap size wrong estimation (local)
2158655	2159088	2707	2274	NC_002945.4	NODE_51_length_20415_cov_37.965891	100.0		True
local misassembly
2140809	2158516	20415	2708	NC_002945.4	NODE_51_length_20415_cov_37.965891	99.96		True
CONTIG	NODE_51_length_20415_cov_37.965891	20415	correct
1190378	1210104	1	19727	NC_002945.4	NODE_52_length_19727_cov_32.358827	99.97		True
CONTIG	NODE_52_length_19727_cov_32.358827	19727	correct
1471935	1490747	1	18814	NC_002945.4	NODE_53_length_18920_cov_39.544245	99.98		True
CONTIG	NODE_53_length_18920_cov_39.544245	18920	correct
1171083	1189860	1	18778	NC_002945.4	NODE_54_length_18794_cov_35.492634	99.99		True
CONTIG	NODE_54_length_18794_cov_35.492634	18794	correct
3758788	3777383	5	18605	NC_002945.4	NODE_55_length_18605_cov_31.181351	99.88		True
CONTIG	NODE_55_length_18605_cov_31.181351	18605	correct
2326291	2343824	17534	1	NC_002945.4	NODE_56_length_17534_cov_31.682829	99.99		True
CONTIG	NODE_56_length_17534_cov_31.682829	17534	correct
892165	909508	1	17344	NC_002945.4	NODE_57_length_17344_cov_36.407678	99.99		True
CONTIG	NODE_57_length_17344_cov_36.407678	17344	correct
2776933	2793841	17106	198	NC_002945.4	NODE_58_length_17107_cov_37.833510	100.0		True
CONTIG	NODE_58_length_17107_cov_37.833510	17107	correct
910050	926176	1	16127	NC_002945.4	NODE_59_length_16127_cov_37.626937	99.99		True
CONTIG	NODE_59_length_16127_cov_37.626937	16127	correct
609085	624520	1	15436	NC_002945.4	NODE_60_length_15453_cov_35.201227	99.99		True
CONTIG	NODE_60_length_15453_cov_35.201227	15453	correct
2916851	2932196	1	15346	NC_002945.4	NODE_61_length_15369_cov_37.404934	99.97		True
CONTIG	NODE_61_length_15369_cov_37.404934	15369	correct
2372361	2386761	1	14401	NC_002945.4	NODE_62_length_14401_cov_37.739737	99.98		True
CONTIG	NODE_62_length_14401_cov_37.739737	14401	correct
2409013	2422776	1	13764	NC_002945.4	NODE_63_length_13764_cov_34.613038	99.98		True
CONTIG	NODE_63_length_13764_cov_34.613038	13764	correct
3712180	3724801	1	12622	NC_002945.4	NODE_64_length_12649_cov_24.473567	99.96		True
CONTIG	NODE_64_length_12649_cov_24.473567	12649	correct
4281676	4293928	12253	1	NC_002945.4	NODE_65_length_12253_cov_36.927759	99.99		True
CONTIG	NODE_65_length_12253_cov_36.927759	12253	correct
2933806	2943963	10158	1	NC_002945.4	NODE_66_length_10374_cov_34.776325	99.99		True
CONTIG	NODE_66_length_10374_cov_34.776325	10374	correct
3209302	3219342	1	10041	NC_002945.4	NODE_67_length_10140_cov_34.150504	100.0		True
CONTIG	NODE_67_length_10140_cov_34.150504	10140	correct
3890969	3895466	4498	1	NC_002945.4	NODE_68_length_10126_cov_18.885389	99.88		True
local misassembly
3884660	3890278	10126	4499	NC_002945.4	NODE_68_length_10126_cov_18.885389	99.79		True
CONTIG	NODE_68_length_10126_cov_18.885389	10126	correct
1623850	1633302	1	9405	NC_002945.4	NODE_69_length_9405_cov_31.215887	99.45		True
CONTIG	NODE_69_length_9405_cov_31.215887	9405	correct
2766886	2773045	6159	1	NC_002945.4	NODE_70_length_7799_cov_20.857404	99.95		True
relocation, inconsistency = 1837837
928399	928975	6233	6818	NC_002945.4	NODE_70_length_7799_cov_20.857404	98.46		True
local misassembly
928970	929792	6957	7779	NC_002945.4	NODE_70_length_7799_cov_20.857404	100.0		True
CONTIG	NODE_70_length_7799_cov_20.857404	7799	misassembled
3703671	3711403	39	7771	NC_002945.4	NODE_71_length_7771_cov_24.642857	100.0		True
CONTIG	NODE_71_length_7771_cov_24.642857	7771	correct
2793837	2799828	5992	1	NC_002945.4	NODE_72_length_5992_cov_34.353112	99.98		True
CONTIG	NODE_72_length_5992_cov_34.353112	5992	correct
1987013	1992127	5116	1	NC_002945.4	NODE_73_length_5116_cov_34.772299	99.96		True
CONTIG	NODE_73_length_5116_cov_34.772299	5116	correct
3980249	3984573	4550	225	NC_002945.4	NODE_74_length_4726_cov_29.355947	99.72		True
CONTIG	NODE_74_length_4726_cov_29.355947	4726	correct
1092432	1096461	4030	1	NC_002945.4	NODE_75_length_4030_cov_31.413016	99.98		True
CONTIG	NODE_75_length_4030_cov_31.413016	4030	correct
1165899	1169900	4002	1	NC_002945.4	NODE_76_length_4002_cov_36.436903	99.98		True
CONTIG	NODE_76_length_4002_cov_36.436903	4002	correct
1214879	1218291	3553	141	NC_002945.4	NODE_77_length_3588_cov_34.550419	100.0		True
CONTIG	NODE_77_length_3588_cov_34.550419	3588	correct
3700324	3703692	1	3369	NC_002945.4	NODE_78_length_3369_cov_29.533004	100.0		True
CONTIG	NODE_78_length_3369_cov_29.533004	3369	correct
1210105	1213471	1	3367	NC_002945.4	NODE_79_length_3367_cov_29.106182	99.97		True
CONTIG	NODE_79_length_3367_cov_29.106182	3367	correct
2284620	2287647	3028	1	NC_002945.4	NODE_80_length_3028_cov_26.454671	99.77		True
CONTIG	NODE_80_length_3028_cov_26.454671	3028	correct
2290710	2293716	1	3007	NC_002945.4	NODE_81_length_3007_cov_24.809375	100.0		True
CONTIG	NODE_81_length_3007_cov_24.809375	3007	correct
1993335	1996063	2904	176	NC_002945.4	NODE_82_length_2904_cov_37.065898	100.0		True
CONTIG	NODE_82_length_2904_cov_37.065898	2904	correct
1635657	1638240	1	2635	NC_002945.4	NODE_83_length_2841_cov_18.100221	98.06		True
local misassembly
1638385	1638554	2636	2805	NC_002945.4	NODE_83_length_2841_cov_18.100221	100.0		True
CONTIG	NODE_83_length_2841_cov_18.100221	2841	correct
3878215	3880383	2325	157	NC_002945.4	NODE_84_length_2328_cov_4.477510	99.95		True
CONTIG	NODE_84_length_2328_cov_4.477510	2328	correct
3977116	3979326	1	2211	NC_002945.4	NODE_85_length_2211_cov_30.967494	100.0		True
CONTIG	NODE_85_length_2211_cov_30.967494	2211	correct
2774223	2775599	1377	1	NC_002945.4	NODE_86_length_1628_cov_3.890073	100.0		True
CONTIG	NODE_86_length_1628_cov_3.890073	1628	correct
335489	336405	135	1051	NC_002945.4	NODE_87_length_1619_cov_8.719839	99.67		True
inversion
334077	334644	1619	1052	NC_002945.4	NODE_87_length_1619_cov_8.719839	99.65		True
CONTIG	NODE_87_length_1619_cov_8.719839	1619	misassembled
674749	676199	117	1567	NC_002945.4	NODE_88_length_1567_cov_4.245833	99.93		True
CONTIG	NODE_88_length_1567_cov_4.245833	1567	correct
401182	402731	1	1550	NC_002945.4	NODE_89_length_1550_cov_54.088545	100.0		True
CONTIG	NODE_89_length_1550_cov_54.088545	1550	correct
4193589	4195052	1464	1	NC_002945.4	NODE_90_length_1464_cov_79.786836	100.0		True
CONTIG	NODE_90_length_1464_cov_79.786836	1464	correct
1992001	1993461	1461	1	NC_002945.4	NODE_91_length_1461_cov_48.531484	100.0		True
CONTIG	NODE_91_length_1461_cov_48.531484	1461	correct
3443593	3445031	1	1439	NC_002945.4	NODE_92_length_1439_cov_40.663110	100.0		True
CONTIG	NODE_92_length_1439_cov_40.663110	1439	correct
3897145	3898585	1	1432	NC_002945.4	NODE_93_length_1432_cov_20.472797	99.31		True
CONTIG	NODE_93_length_1432_cov_20.472797	1432	correct
2324533	2325829	1297	1	NC_002945.4	NODE_94_length_1383_cov_30.002389	100.0		True
CONTIG	NODE_94_length_1383_cov_30.002389	1383	correct
3673145	3674484	1	1340	NC_002945.4	NODE_95_length_1340_cov_73.766694	100.0		True
CONTIG	NODE_95_length_1340_cov_73.766694	1340	correct
3339137	3340461	1	1325	NC_002945.4	NODE_96_length_1325_cov_33.684474	100.0		True
CONTIG	NODE_96_length_1325_cov_33.684474	1325	correct
3835659	3836979	1321	1	NC_002945.4	NODE_97_length_1321_cov_76.861809	99.77		True
CONTIG	NODE_97_length_1321_cov_76.861809	1321	correct
336693	337864	1173	2	NC_002945.4	NODE_98_length_1286_cov_16.744607	99.91		True
CONTIG	NODE_98_length_1286_cov_16.744607	1286	correct
2288581	2289835	1255	1	NC_002945.4	NODE_99_length_1255_cov_39.703014	100.0		True
CONTIG	NODE_99_length_1255_cov_39.703014	1255	correct
2293590	2294776	1	1187	NC_002945.4	NODE_100_length_1187_cov_27.818868	100.0		True
CONTIG	NODE_100_length_1187_cov_27.818868	1187	correct
839658	840774	1142	26	NC_002945.4	NODE_101_length_1142_cov_15.737931	99.91		True
CONTIG	NODE_101_length_1142_cov_15.737931	1142	correct
2289709	2290836	1	1128	NC_002945.4	NODE_102_length_1128_cov_64.545455	99.91		True
CONTIG	NODE_102_length_1128_cov_64.545455	1128	correct
929778	930739	962	1	NC_002945.4	NODE_103_length_1097_cov_1.985567	99.9		True
CONTIG	NODE_103_length_1097_cov_1.985567	1097	correct
3711277	3712306	1030	1	NC_002945.4	NODE_104_length_1030_cov_77.821705	100.0		True
CONTIG	NODE_104_length_1030_cov_77.821705	1030	correct
1165044	1166025	982	1	NC_002945.4	NODE_105_length_982_cov_72.390643	100.0		True
CONTIG	NODE_105_length_982_cov_72.390643	982	correct
1091448	1092133	71	756	NC_002945.4	NODE_106_length_968_cov_0.797860	99.71		True
CONTIG	NODE_106_length_968_cov_0.797860	968	correct
150781	150887	1	107	NC_002945.4	NODE_107_length_916_cov_3.761724	100.0		True
local misassembly
150099	150907	108	916	NC_002945.4	NODE_107_length_916_cov_3.761724	99.88		True
CONTIG	NODE_107_length_916_cov_3.761724	916	correct
3342811	3343719	1	909	NC_002945.4	NODE_108_length_909_cov_211.996164	100.0		True
CONTIG	NODE_108_length_909_cov_211.996164	909	correct
3341521	3342410	890	1	NC_002945.4	NODE_109_length_890_cov_25.096986	100.0		True
CONTIG	NODE_109_length_890_cov_25.096986	890	correct
2191968	2192811	844	1	NC_002945.4	NODE_110_length_844_cov_66.334728	100.0		True
CONTIG	NODE_110_length_844_cov_66.334728	844	correct
338126	338755	1	639	NC_002945.4	NODE_111_length_804_cov_2.951256	98.59		True
CONTIG	NODE_111_length_804_cov_2.951256	804	correct
909382	910176	795	1	NC_002945.4	NODE_112_length_795_cov_81.568862	100.0		True
CONTIG	NODE_112_length_795_cov_81.568862	795	correct
2693295	2694038	1	744	NC_002945.4	NODE_113_length_744_cov_63.849271	100.0		True
CONTIG	NODE_113_length_744_cov_63.849271	744	correct
3884045	3884786	724	1	NC_002945.4	NODE_114_length_724_cov_13.800670	97.44		True
CONTIG	NODE_114_length_724_cov_13.800670	724	correct
673498	674068	150	720	NC_002945.4	NODE_115_length_720_cov_3.310287	99.82		True
CONTIG	NODE_115_length_720_cov_3.310287	720	correct
1985832	1986527	696	1	NC_002945.4	NODE_116_length_696_cov_3.789104	100.0		True
CONTIG	NODE_116_length_696_cov_3.789104	696	correct
CONTIG	NODE_117_length_689_cov_1.099644	689	unaligned
3340552	3341186	635	1	NC_002945.4	NODE_118_length_635_cov_25.464567	100.0		True
CONTIG	NODE_118_length_635_cov_25.464567	635	correct
131978	132607	1	630	NC_002945.4	NODE_119_length_630_cov_1.151093	99.84		True
CONTIG	NODE_119_length_630_cov_1.151093	630	correct
2773511	2774131	621	1	NC_002945.4	NODE_120_length_621_cov_2.661943	100.0		True
CONTIG	NODE_120_length_621_cov_2.661943	621	correct
674169	674747	579	1	NC_002945.4	NODE_121_length_616_cov_1.650307	100.0		True
CONTIG	NODE_121_length_616_cov_1.650307	616	correct
2775684	2776133	165	614	NC_002945.4	NODE_122_length_614_cov_0.965092	100.0		True
CONTIG	NODE_122_length_614_cov_0.965092	614	correct
3341060	3341647	1	588	NC_002945.4	NODE_123_length_588_cov_47.765727	100.0		True
CONTIG	NODE_123_length_588_cov_47.765727	588	correct
3699818	3700178	401	41	NC_002945.4	NODE_124_length_569_cov_1.751131	100.0		True
CONTIG	NODE_124_length_569_cov_1.751131	569	correct
1214159	1214537	1	379	NC_002945.4	NODE_125_length_504_cov_1.395225	98.15		True
CONTIG	NODE_125_length_504_cov_1.395225	504	correct
