S1	E1	S2	E2	Reference	Contig	IDY	Ambiguous	Best_group
2453646	2665648	212218	164	NC_002945.4	NODE_1_length_212257_cov_42.228699	99.96		True
CONTIG	NODE_1_length_212257_cov_42.228699	212257	correct
402605	607788	1	204915	NC_002945.4	NODE_2_length_204915_cov_41.989477	99.86		True
CONTIG	NODE_2_length_204915_cov_41.989477	204915	correct
3488378	3673271	184786	1	NC_002945.4	NODE_3_length_184786_cov_42.706670	99.93		True
CONTIG	NODE_3_length_184786_cov_42.706670	184786	correct
2957039	3124610	166883	1	NC_002945.4	NODE_4_length_166883_cov_42.131587	99.45		True
CONTIG	NODE_4_length_166883_cov_42.131587	166883	correct
676627	824045	105	147524	NC_002945.4	NODE_5_length_161109_cov_42.005876	99.99		True
local misassembly
824601	838029	147525	160953	NC_002945.4	NODE_5_length_161109_cov_42.005876	99.98		True
CONTIG	NODE_5_length_161109_cov_42.005876	161109	correct
150090	306662	156649	104	NC_002945.4	NODE_6_length_156649_cov_42.122666	99.97		True
CONTIG	NODE_6_length_156649_cov_42.122666	156649	correct
1638965	1769053	130180	93	NC_002945.4	NODE_7_length_130352_cov_43.625848	99.99		True
CONTIG	NODE_7_length_130352_cov_43.625848	130352	correct
970273	1009472	223	39421	NC_002945.4	NODE_8_length_120134_cov_42.662520	99.98		True
relocation, inconsistency = 1457
1010930	1091478	39422	119973	NC_002945.4	NODE_8_length_120134_cov_42.662520	99.99		True
CONTIG	NODE_8_length_120134_cov_42.662520	120134	misassembled
3219416	3338080	75	118965	NC_002945.4	NODE_9_length_118965_cov_41.730347	99.88		True
CONTIG	NODE_9_length_118965_cov_41.730347	118965	correct
3836888	3877756	1	40870	NC_002945.4	NODE_10_length_115309_cov_42.181356	99.98		True
relocation, inconsistency = 15871
3893628	3893910	40871	41153	NC_002945.4	NODE_10_length_115309_cov_42.181356	100.0		True
relocation, inconsistency = 2040012
1779460	1853457	115309	41312	NC_002945.4	NODE_10_length_115309_cov_42.181356	99.99		True
CONTIG	NODE_10_length_115309_cov_42.181356	115309	misassembled
3343594	3442410	1	98884	NC_002945.4	NODE_11_length_98884_cov_43.579594	99.92		True
CONTIG	NODE_11_length_98884_cov_43.579594	98884	correct
4310394	4349904	1	39510	NC_002945.4	NODE_12_length_94537_cov_43.168425	99.99		True
fake: not a misassembly [linear representation of circular genome]
1	29469	39511	68979	NC_002945.4	NODE_12_length_94537_cov_43.168425	99.99		True
local misassembly
30083	55635	68981	94536	NC_002945.4	NODE_12_length_94537_cov_43.168425	99.97		True
CONTIG	NODE_12_length_94537_cov_43.168425	94537	correct
2056720	2056887	1	168	NC_002945.4	NODE_13_length_83992_cov_43.100054	100.0		True
local misassembly
2057038	2083604	169	26735	NC_002945.4	NODE_13_length_83992_cov_43.100054	99.98		True
local misassembly
2083596	2140714	26874	83992	NC_002945.4	NODE_13_length_83992_cov_43.100054	99.99		True
CONTIG	NODE_13_length_83992_cov_43.100054	83992	correct
3897345	3979564	18	82228	NC_002945.4	NODE_14_length_82287_cov_42.322955	99.95		True
CONTIG	NODE_14_length_82287_cov_42.322955	82287	correct
1491916	1573290	81375	1	NC_002945.4	NODE_15_length_81375_cov_43.176780	99.93		True
CONTIG	NODE_15_length_81375_cov_43.176780	81375	correct
1904726	1985580	80446	1	NC_002945.4	NODE_16_length_80446_cov_42.730761	99.48		True
CONTIG	NODE_16_length_80446_cov_42.730761	80446	correct
2693912	2773105	79397	205	NC_002945.4	NODE_17_length_79397_cov_41.631929	99.99		True
CONTIG	NODE_17_length_79397_cov_41.631929	79397	correct
3124600	3193870	69217	1	NC_002945.4	NODE_18_length_69217_cov_41.989087	99.91		True
CONTIG	NODE_18_length_69217_cov_41.989087	69217	correct
1096985	1165170	68175	1	NC_002945.4	NODE_19_length_68175_cov_42.177536	99.97		True
CONTIG	NODE_19_length_68175_cov_42.177536	68175	correct
2852109	2916393	64284	1	NC_002945.4	NODE_20_length_64338_cov_41.137920	99.98		True
CONTIG	NODE_20_length_64338_cov_41.137920	64338	correct
4194926	4259153	64228	1	NC_002945.4	NODE_21_length_64228_cov_44.492910	99.99		True
CONTIG	NODE_21_length_64228_cov_44.492910	64228	correct
4035905	4097403	1	61499	NC_002945.4	NODE_22_length_61499_cov_40.223571	99.99		True
CONTIG	NODE_22_length_61499_cov_40.223571	61499	correct
1280097	1340762	1	60728	NC_002945.4	NODE_23_length_60728_cov_43.468821	99.89		True
CONTIG	NODE_23_length_60728_cov_43.468821	60728	correct
1219563	1278412	17	58866	NC_002945.4	NODE_24_length_58866_cov_42.177344	99.99		True
CONTIG	NODE_24_length_58866_cov_42.177344	58866	correct
3777400	3835785	58318	1	NC_002945.4	NODE_25_length_58318_cov_42.526147	99.87		True
CONTIG	NODE_25_length_58318_cov_42.526147	58318	correct
1413935	1470724	56733	1	NC_002945.4	NODE_26_length_56733_cov_43.775501	99.89		True
CONTIG	NODE_26_length_56733_cov_43.775501	56733	correct
4141989	4193715	1	51727	NC_002945.4	NODE_27_length_51727_cov_43.768023	99.99		True
CONTIG	NODE_27_length_51727_cov_43.768023	51727	correct
3984853	4000631	110	15888	NC_002945.4	NODE_28_length_51042_cov_42.335540	100.0		True
fake: scaffold gap size wrong estimation (local)
4000854	4035907	15989	51042	NC_002945.4	NODE_28_length_51042_cov_42.335540	99.98		True
CONTIG	NODE_28_length_51042_cov_42.335540	51042	correct
2801012	2852046	1	51035	NC_002945.4	NODE_29_length_51035_cov_42.279111	99.99		True
CONTIG	NODE_29_length_51035_cov_42.279111	51035	correct
1854051	1904748	230	50927	NC_002945.4	NODE_30_length_50927_cov_37.255020	99.98		True
CONTIG	NODE_30_length_50927_cov_37.255020	50927	correct
1574013	1623830	49818	1	NC_002945.4	NODE_31_length_49818_cov_41.663742	99.98		True
CONTIG	NODE_31_length_49818_cov_41.663742	49818	correct
2372428	2408615	13	36142	NC_002945.4	NODE_32_length_49748_cov_40.212289	99.83		True
local misassembly
2409171	2422776	36143	49748	NC_002945.4	NODE_32_length_49748_cov_40.212289	99.98		True
CONTIG	NODE_32_length_49748_cov_40.212289	49748	correct
842497	891078	48582	1	NC_002945.4	NODE_33_length_48582_cov_41.517057	99.98		True
CONTIG	NODE_33_length_48582_cov_41.517057	48582	correct
55648	103918	33	48313	NC_002945.4	NODE_34_length_48313_cov_43.608953	99.96		True
CONTIG	NODE_34_length_48313_cov_43.608953	48313	correct
625378	673462	191	48275	NC_002945.4	NODE_35_length_48275_cov_40.511174	99.99		True
CONTIG	NODE_35_length_48275_cov_40.511174	48275	correct
1996272	1997007	1	736	NC_002945.4	NODE_36_length_44688_cov_40.542986	100.0		True
local misassembly
1997089	2040856	921	44688	NC_002945.4	NODE_36_length_44688_cov_40.542986	99.98		True
CONTIG	NODE_36_length_44688_cov_40.542986	44688	correct
4097387	4141986	1	44600	NC_002945.4	NODE_37_length_44600_cov_41.511254	99.99		True
CONTIG	NODE_37_length_44600_cov_41.511254	44600	correct
1343879	1386855	1	42982	NC_002945.4	NODE_38_length_42982_cov_41.965162	99.99		True
CONTIG	NODE_38_length_42982_cov_41.965162	42982	correct
3445573	3488322	42750	1	NC_002945.4	NODE_39_length_42750_cov_43.279239	99.97		True
CONTIG	NODE_39_length_42750_cov_43.279239	42750	correct
930668	970103	39676	1	NC_002945.4	NODE_40_length_39784_cov_41.962352	99.37		True
CONTIG	NODE_40_length_39784_cov_41.962352	39784	correct
1170557	1189860	1	19304	NC_002945.4	NODE_41_length_38806_cov_44.687944	99.99		True
local misassembly
1190092	1192271	19305	21484	NC_002945.4	NODE_41_length_38806_cov_44.687944	99.91		True
relocation, inconsistency = 1000413
2192685	2210006	38806	21485	NC_002945.4	NODE_41_length_38806_cov_44.687944	99.99		True
CONTIG	NODE_41_length_38806_cov_44.687944	38806	misassembled
2246080	2283745	1	37668	NC_002945.4	NODE_42_length_37668_cov_44.564210	99.95		True
CONTIG	NODE_42_length_37668_cov_44.564210	37668	correct
363906	401308	37403	1	NC_002945.4	NODE_43_length_37403_cov_40.654899	99.99		True
CONTIG	NODE_43_length_37403_cov_40.654899	37403	correct
2210054	2246092	36039	1	NC_002945.4	NODE_44_length_36039_cov_47.920249	100.0		True
CONTIG	NODE_44_length_36039_cov_47.920249	36039	correct
3759014	3759432	425	7	NC_002945.4	NODE_45_length_34221_cov_40.902006	100.0		True
local misassembly
3737665	3758899	21660	426	NC_002945.4	NODE_45_length_34221_cov_40.902006	99.99		True
local misassembly
3724894	3737454	34221	21661	NC_002945.4	NODE_45_length_34221_cov_40.902006	99.98		True
CONTIG	NODE_45_length_34221_cov_40.902006	34221	correct
2161798	2192094	30298	1	NC_002945.4	NODE_46_length_30298_cov_43.696463	99.99		True
CONTIG	NODE_46_length_30298_cov_43.696463	30298	correct
2294650	2324490	29843	3	NC_002945.4	NODE_47_length_29843_cov_40.098836	99.99		True
CONTIG	NODE_47_length_29843_cov_40.098836	29843	correct
2343838	2371678	1	27841	NC_002945.4	NODE_48_length_27841_cov_41.887313	99.99		True
CONTIG	NODE_48_length_27841_cov_41.887313	27841	correct
2666111	2693421	1	27310	NC_002945.4	NODE_49_length_27310_cov_43.464371	99.99		True
CONTIG	NODE_49_length_27310_cov_43.464371	27310	correct
105040	131888	27013	165	NC_002945.4	NODE_50_length_27013_cov_40.788626	99.97		True
CONTIG	NODE_50_length_27013_cov_40.788626	27013	correct
306717	333298	26654	178	NC_002945.4	NODE_51_length_26654_cov_42.355148	99.6		True
CONTIG	NODE_51_length_26654_cov_42.355148	26654	correct
1387060	1412955	25896	1	NC_002945.4	NODE_52_length_26033_cov_40.689609	99.98		True
CONTIG	NODE_52_length_26033_cov_40.689609	26033	correct
3674358	3700149	1	25774	NC_002945.4	NODE_53_length_25774_cov_31.825906	99.93		True
CONTIG	NODE_53_length_25774_cov_31.825906	25774	correct
338173	338937	180	944	NC_002945.4	NODE_54_length_25653_cov_36.925057	100.0		True
local misassembly
339034	363823	945	25647	NC_002945.4	NODE_54_length_25653_cov_36.925057	99.62		True
CONTIG	NODE_54_length_25653_cov_36.925057	25653	correct
4259930	4281668	21737	1	NC_002945.4	NODE_55_length_21737_cov_42.979176	99.98		True
CONTIG	NODE_55_length_21737_cov_42.979176	21737	correct
2423267	2444953	21687	1	NC_002945.4	NODE_56_length_21687_cov_43.309369	99.99		True
CONTIG	NODE_56_length_21687_cov_43.309369	21687	correct
2158914	2160444	2345	815	NC_002945.4	NODE_57_length_20419_cov_43.960921	95.49		True
fake: scaffold gap size wrong estimation (local)
2158655	2158913	2635	2377	NC_002945.4	NODE_57_length_20419_cov_43.960921	100.0		True
local misassembly
2140733	2158516	20419	2636	NC_002945.4	NODE_57_length_20419_cov_43.960921	99.96		True
CONTIG	NODE_57_length_20419_cov_43.960921	20419	correct
1471935	1490747	1	18814	NC_002945.4	NODE_58_length_19187_cov_45.889349	99.98		True
local misassembly
1490961	1491333	18815	19187	NC_002945.4	NODE_58_length_19187_cov_45.889349	100.0		True
CONTIG	NODE_58_length_19187_cov_45.889349	19187	correct
3759642	3777383	17744	1	NC_002945.4	NODE_59_length_17759_cov_37.328380	99.93		True
CONTIG	NODE_59_length_17759_cov_37.328380	17759	correct
2326268	2343792	1	17525	NC_002945.4	NODE_60_length_17525_cov_37.333084	99.99		True
CONTIG	NODE_60_length_17525_cov_37.333084	17525	correct
132625	149969	1	17345	NC_002945.4	NODE_61_length_17375_cov_45.070443	99.94		True
CONTIG	NODE_61_length_17375_cov_45.070443	17375	correct
892165	909508	1	17344	NC_002945.4	NODE_62_length_17344_cov_42.588372	99.99		True
CONTIG	NODE_62_length_17344_cov_42.588372	17344	correct
2776933	2793830	2	16899	NC_002945.4	NODE_63_length_16899_cov_46.420642	99.99		True
CONTIG	NODE_63_length_16899_cov_46.420642	16899	correct
910050	926198	1	16149	NC_002945.4	NODE_64_length_16149_cov_45.683872	99.99		True
CONTIG	NODE_64_length_16149_cov_45.683872	16149	correct
609085	624436	15663	312	NC_002945.4	NODE_65_length_15663_cov_40.644439	99.98		True
CONTIG	NODE_65_length_15663_cov_40.644439	15663	correct
3193780	3209296	15617	1	NC_002945.4	NODE_66_length_15617_cov_42.858877	100.0		True
CONTIG	NODE_66_length_15617_cov_42.858877	15617	correct
2916851	2932243	15598	206	NC_002945.4	NODE_67_length_15598_cov_47.039041	99.97		True
CONTIG	NODE_67_length_15598_cov_47.039041	15598	correct
2040855	2056440	1	15586	NC_002945.4	NODE_68_length_15586_cov_43.253380	99.99		True
CONTIG	NODE_68_length_15586_cov_43.253380	15586	correct
3712180	3724845	12682	17	NC_002945.4	NODE_69_length_12682_cov_30.698526	99.95		True
CONTIG	NODE_69_length_12682_cov_30.698526	12682	correct
2944619	2957076	12458	1	NC_002945.4	NODE_70_length_12458_cov_41.423729	99.98		True
CONTIG	NODE_70_length_12458_cov_41.423729	12458	correct
4281696	4293954	1	12259	NC_002945.4	NODE_71_length_12259_cov_42.372486	99.99		True
CONTIG	NODE_71_length_12259_cov_42.372486	12259	correct
1193002	1204758	11757	1	NC_002945.4	NODE_72_length_11757_cov_44.657094	99.97		True
CONTIG	NODE_72_length_11757_cov_44.657094	11757	correct
3700308	3711403	11096	1	NC_002945.4	NODE_73_length_11096_cov_30.534233	100.0		True
CONTIG	NODE_73_length_11096_cov_30.534233	11096	correct
3890969	3893486	2671	154	NC_002945.4	NODE_74_length_10509_cov_16.849066	99.73		True
local misassembly
3884643	3890278	8316	2672	NC_002945.4	NODE_74_length_10509_cov_16.849066	99.79		True
local misassembly
3882139	3884027	10253	8317	NC_002945.4	NODE_74_length_10509_cov_16.849066	97.69		True
CONTIG	NODE_74_length_10509_cov_16.849066	10509	correct
2933698	2943963	10266	1	NC_002945.4	NODE_75_length_10266_cov_41.289674	99.99		True
CONTIG	NODE_75_length_10266_cov_41.289674	10266	correct
3209297	3219355	10059	1	NC_002945.4	NODE_76_length_10066_cov_40.101821	100.0		True
CONTIG	NODE_76_length_10066_cov_40.101821	10066	correct
1623858	1633322	1	9408	NC_002945.4	NODE_77_length_9408_cov_37.428402	99.36		True
CONTIG	NODE_77_length_9408_cov_37.428402	9408	correct
1204794	1213657	214	9002	NC_002945.4	NODE_78_length_9249_cov_37.772089	99.11		True
CONTIG	NODE_78_length_9249_cov_37.772089	9249	correct
2444936	2453624	8689	1	NC_002945.4	NODE_79_length_8689_cov_41.702523	100.0		True
CONTIG	NODE_79_length_8689_cov_41.702523	8689	correct
4301940	4309320	7548	168	NC_002945.4	NODE_80_length_7698_cov_43.073834	99.99		True
CONTIG	NODE_80_length_7698_cov_43.073834	7698	correct
4294598	4301861	1	7264	NC_002945.4	NODE_81_length_7306_cov_38.387519	99.99		True
CONTIG	NODE_81_length_7306_cov_38.387519	7306	correct
2793853	2799828	5976	1	NC_002945.4	NODE_82_length_5976_cov_38.935545	99.97		True
CONTIG	NODE_82_length_5976_cov_38.935545	5976	correct
1987018	1992127	5111	1	NC_002945.4	NODE_83_length_5111_cov_44.225923	99.98		True
CONTIG	NODE_83_length_5111_cov_44.225923	5111	correct
1214750	1218294	3603	59	NC_002945.4	NODE_84_length_4615_cov_30.839795	100.0		True
local misassembly
1214037	1214774	4460	3723	NC_002945.4	NODE_84_length_4615_cov_30.839795	99.73		True
CONTIG	NODE_84_length_4615_cov_30.839795	4615	correct
3980336	3984504	209	4377	NC_002945.4	NODE_85_length_4379_cov_37.091251	99.98		True
CONTIG	NODE_85_length_4379_cov_37.091251	4379	correct
1092446	1096461	1	4016	NC_002945.4	NODE_86_length_4016_cov_35.574955	100.0		True
CONTIG	NODE_86_length_4016_cov_35.574955	4016	correct
1165899	1169900	4002	1	NC_002945.4	NODE_87_length_4002_cov_41.279742	99.98		True
CONTIG	NODE_87_length_4002_cov_41.279742	4002	correct
2284620	2287647	3028	1	NC_002945.4	NODE_88_length_3028_cov_34.593933	99.77		True
CONTIG	NODE_88_length_3028_cov_34.593933	3028	correct
2290710	2293716	1	3007	NC_002945.4	NODE_89_length_3007_cov_31.511111	100.0		True
CONTIG	NODE_89_length_3007_cov_31.511111	3007	correct
1638385	1638759	375	1	NC_002945.4	NODE_90_length_2959_cov_23.427966	100.0		True
local misassembly
1635657	1638240	2959	376	NC_002945.4	NODE_90_length_2959_cov_23.427966	100.0		True
CONTIG	NODE_90_length_2959_cov_23.427966	2959	correct
1993335	1996106	1	2772	NC_002945.4	NODE_91_length_2772_cov_44.556522	100.0		True
CONTIG	NODE_91_length_2772_cov_44.556522	2772	correct
928970	930617	1648	1	NC_002945.4	NODE_92_length_2738_cov_10.535810	100.0		True
local misassembly
928033	928975	2738	1787	NC_002945.4	NODE_92_length_2738_cov_10.535810	99.05		True
CONTIG	NODE_92_length_2738_cov_10.535810	2738	correct
3878287	3880389	80	2182	NC_002945.4	NODE_93_length_2184_cov_5.536704	99.62		True
CONTIG	NODE_93_length_2184_cov_5.536704	2184	correct
401182	402731	1550	1	NC_002945.4	NODE_94_length_1550_cov_70.172874	100.0		True
CONTIG	NODE_94_length_1550_cov_70.172874	1550	correct
2326055	2326233	179	1	NC_002945.4	NODE_95_length_1491_cov_32.168622	99.46		True
local misassembly
2324633	2325808	1355	180	NC_002945.4	NODE_95_length_1491_cov_32.168622	100.0		True
CONTIG	NODE_95_length_1491_cov_32.168622	1491	correct
674732	676216	1	1485	NC_002945.4	NODE_96_length_1485_cov_5.183358	99.93		True
CONTIG	NODE_96_length_1485_cov_5.183358	1485	correct
4193589	4195052	1	1464	NC_002945.4	NODE_97_length_1464_cov_99.984293	100.0		True
CONTIG	NODE_97_length_1464_cov_99.984293	1464	correct
2774318	2775596	1279	1	NC_002945.4	NODE_98_length_1458_cov_7.487603	100.0		True
CONTIG	NODE_98_length_1458_cov_7.487603	1458	correct
3443593	3445031	1439	1	NC_002945.4	NODE_99_length_1439_cov_46.788110	100.0		True
CONTIG	NODE_99_length_1439_cov_46.788110	1439	correct
334077	335358	1	1282	NC_002945.4	NODE_100_length_1427_cov_11.484615	99.84		True
local misassembly
335449	335579	1283	1413	NC_002945.4	NODE_100_length_1427_cov_11.484615	97.1		True
CONTIG	NODE_100_length_1427_cov_11.484615	1427	correct
3895765	3896399	635	1	NC_002945.4	NODE_101_length_1356_cov_23.703011	100.0		True
local misassembly
3894591	3895311	1356	636	NC_002945.4	NODE_101_length_1356_cov_23.703011	100.0		True
CONTIG	NODE_101_length_1356_cov_23.703011	1356	correct
336693	337926	1234	1	NC_002945.4	NODE_102_length_1344_cov_20.053410	99.92		True
CONTIG	NODE_102_length_1344_cov_20.053410	1344	correct
890952	892291	1340	1	NC_002945.4	NODE_103_length_1340_cov_85.437758	100.0		True
CONTIG	NODE_103_length_1340_cov_85.437758	1340	correct
3339137	3340461	1325	1	NC_002945.4	NODE_104_length_1325_cov_43.406511	100.0		True
CONTIG	NODE_104_length_1325_cov_43.406511	1325	correct
3835659	3836979	1	1321	NC_002945.4	NODE_105_length_1321_cov_89.025963	99.7		True
CONTIG	NODE_105_length_1321_cov_89.025963	1321	correct
2288581	2289835	1255	1	NC_002945.4	NODE_106_length_1255_cov_45.557624	100.0		True
CONTIG	NODE_106_length_1255_cov_45.557624	1255	correct
839588	840800	1213	1	NC_002945.4	NODE_107_length_1213_cov_14.322284	100.0		True
CONTIG	NODE_107_length_1213_cov_14.322284	1213	correct
2287521	2288707	1187	1	NC_002945.4	NODE_108_length_1187_cov_27.558491	100.0		True
CONTIG	NODE_108_length_1187_cov_27.558491	1187	correct
2283619	2284746	1	1128	NC_002945.4	NODE_109_length_1128_cov_79.715285	99.91		True
CONTIG	NODE_109_length_1128_cov_79.715285	1128	correct
335547	336478	183	1114	NC_002945.4	NODE_110_length_1114_cov_4.541033	99.79		True
CONTIG	NODE_110_length_1114_cov_4.541033	1114	correct
1340970	1342059	1090	1	NC_002945.4	NODE_111_length_1090_cov_25.505711	99.91		True
CONTIG	NODE_111_length_1090_cov_25.505711	1090	correct
3711277	3712306	1030	1	NC_002945.4	NODE_112_length_1030_cov_82.836102	100.0		True
CONTIG	NODE_112_length_1030_cov_82.836102	1030	correct
1165044	1166025	982	1	NC_002945.4	NODE_113_length_982_cov_84.617544	99.9		True
CONTIG	NODE_113_length_982_cov_84.617544	982	correct
2943837	2944745	909	1	NC_002945.4	NODE_114_length_909_cov_273.797954	100.0		True
CONTIG	NODE_114_length_909_cov_273.797954	909	correct
4309407	4310315	909	1	NC_002945.4	NODE_115_length_909_cov_24.383632	100.0		True
CONTIG	NODE_115_length_909_cov_24.383632	909	correct
3341521	3342410	890	1	NC_002945.4	NODE_116_length_890_cov_32.781127	100.0		True
CONTIG	NODE_116_length_890_cov_32.781127	890	correct
1278286	1279129	1	844	NC_002945.4	NODE_117_length_844_cov_87.718271	100.0		True
CONTIG	NODE_117_length_844_cov_87.718271	844	correct
1985839	1986482	644	1	NC_002945.4	NODE_118_length_810_cov_3.023426	100.0		True
CONTIG	NODE_118_length_810_cov_3.023426	810	correct
3444905	3445699	795	1	NC_002945.4	NODE_119_length_795_cov_101.056886	100.0		True
CONTIG	NODE_119_length_795_cov_101.056886	795	correct
1633417	1634211	795	1	NC_002945.4	NODE_120_length_795_cov_5.815868	100.0		True
CONTIG	NODE_120_length_795_cov_5.815868	795	correct
2422650	2423393	744	1	NC_002945.4	NODE_121_length_744_cov_71.719611	100.0		True
CONTIG	NODE_121_length_744_cov_71.719611	744	correct
CONTIG	NODE_122_length_643_cov_1.058140	643	unaligned
3340552	3341186	1	635	NC_002945.4	NODE_123_length_635_cov_25.602362	100.0		True
CONTIG	NODE_123_length_635_cov_25.602362	635	correct
1342064	1342697	634	1	NC_002945.4	NODE_124_length_634_cov_52.960552	100.0		True
CONTIG	NODE_124_length_634_cov_52.960552	634	correct
3338171	3338802	1	632	NC_002945.4	NODE_125_length_632_cov_38.425743	99.84		True
CONTIG	NODE_125_length_632_cov_38.425743	632	correct
2932413	2932839	427	1	NC_002945.4	NODE_126_length_631_cov_1.805556	100.0		True
CONTIG	NODE_126_length_631_cov_1.805556	631	correct
3338676	3339263	588	1	NC_002945.4	NODE_127_length_588_cov_62.216920	100.0		True
CONTIG	NODE_127_length_588_cov_62.216920	588	correct
2773670	2774052	407	25	NC_002945.4	NODE_128_length_584_cov_3.078775	100.0		True
CONTIG	NODE_128_length_584_cov_3.078775	584	correct
132100	132534	1	435	NC_002945.4	NODE_129_length_580_cov_1.889625	99.77		True
CONTIG	NODE_129_length_580_cov_1.889625	580	correct
3880512	3881088	1	577	NC_002945.4	NODE_130_length_577_cov_23.480000	99.31		True
CONTIG	NODE_130_length_577_cov_23.480000	577	correct
332664	332729	70	135	NC_002945.4	NODE_131_length_571_cov_1.695946	100.0		True
relocation, inconsistency = 341466
674196	674631	136	571	NC_002945.4	NODE_131_length_571_cov_1.695946	99.77		True
CONTIG	NODE_131_length_571_cov_1.695946	571	misassembled
1091558	1091888	111	441	NC_002945.4	NODE_132_length_524_cov_1.123426	96.99		True
CONTIG	NODE_132_length_524_cov_1.123426	524	correct
841469	841981	10	513	NC_002945.4	NODE_133_length_513_cov_1.531088	98.25		True
CONTIG	NODE_133_length_513_cov_1.531088	513	correct
