S1	E1	S2	E2	Reference	Contig	IDY	Ambiguous	Best_group
2665983	2693421	27438	1	NC_002945.4	NODE_1_length_248287_cov_49.423408	99.99		True
local misassembly
2444879	2665669	248287	27439	NC_002945.4	NODE_1_length_248287_cov_49.423408	99.96		True
CONTIG	NODE_1_length_248287_cov_49.423408	248287	correct
3445573	3673271	227591	1	NC_002945.4	NODE_2_length_227591_cov_50.243938	99.93		True
CONTIG	NODE_2_length_227591_cov_50.243938	227591	correct
402605	607788	1	204915	NC_002945.4	NODE_3_length_204915_cov_48.953894	99.86		True
CONTIG	NODE_3_length_204915_cov_48.953894	204915	correct
2944619	3124609	179200	1	NC_002945.4	NODE_4_length_179200_cov_49.220379	99.43		True
CONTIG	NODE_4_length_179200_cov_49.220379	179200	correct
676730	824045	138	147454	NC_002945.4	NODE_5_length_160970_cov_49.016973	99.99		True
local misassembly
824601	838013	147455	160867	NC_002945.4	NODE_5_length_160970_cov_49.016973	99.98		True
CONTIG	NODE_5_length_160970_cov_49.016973	160970	correct
150085	306680	156724	156	NC_002945.4	NODE_6_length_156724_cov_49.436822	99.97		True
CONTIG	NODE_6_length_156724_cov_49.436822	156724	correct
30083	103918	73849	1	NC_002945.4	NODE_7_length_142977_cov_50.571908	99.96		True
local misassembly
1	29469	103319	73851	NC_002945.4	NODE_7_length_142977_cov_50.571908	99.99		True
fake: not a misassembly [linear representation of circular genome]
4310454	4349904	142769	103320	NC_002945.4	NODE_7_length_142977_cov_50.571908	99.99		True
CONTIG	NODE_7_length_142977_cov_50.571908	142977	correct
1638869	1769053	1	130184	NC_002945.4	NODE_8_length_130276_cov_51.575802	99.99		True
CONTIG	NODE_8_length_130276_cov_51.575802	130276	correct
970273	1009472	111	39309	NC_002945.4	NODE_9_length_119980_cov_49.971490	99.98		True
relocation, inconsistency = 1457
1010930	1091465	39310	119848	NC_002945.4	NODE_9_length_119980_cov_49.971490	99.99		True
CONTIG	NODE_9_length_119980_cov_49.971490	119980	misassembled
3297493	3338802	41479	1	NC_002945.4	NODE_10_length_119673_cov_49.364479	99.81		True
indel: stretch of mismatches
3219372	3297478	119657	41494	NC_002945.4	NODE_10_length_119673_cov_49.364479	99.92		True
CONTIG	NODE_10_length_119673_cov_49.364479	119673	correct
4035915	4141984	167	106122	NC_002945.4	NODE_11_length_106122_cov_48.368131	99.88		True
CONTIG	NODE_11_length_106122_cov_48.368131	106122	correct
1869339	1971855	102462	1	NC_002945.4	NODE_12_length_102462_cov_49.043152	99.93		True
CONTIG	NODE_12_length_102462_cov_49.043152	102462	correct
3343594	3442410	1	98885	NC_002945.4	NODE_13_length_98885_cov_50.774125	99.92		True
CONTIG	NODE_13_length_98885_cov_50.774125	98885	correct
1779460	1853669	1	74210	NC_002945.4	NODE_14_length_89568_cov_47.667624	99.99		True
local misassembly
1854000	1869357	74211	89568	NC_002945.4	NODE_14_length_89568_cov_47.667624	99.99		True
CONTIG	NODE_14_length_89568_cov_47.667624	89568	correct
2056944	2083604	9	26669	NC_002945.4	NODE_15_length_82502_cov_50.086361	99.98		True
local misassembly
2083596	2129174	26808	72386	NC_002945.4	NODE_15_length_82502_cov_50.086361	99.99		True
relocation, inconsistency = 1682
2130857	2140726	72387	82256	NC_002945.4	NODE_15_length_82502_cov_50.086361	99.97		True
CONTIG	NODE_15_length_82502_cov_50.086361	82502	misassembled
3897145	3979424	1	82271	NC_002945.4	NODE_16_length_82315_cov_49.316664	99.98		True
CONTIG	NODE_16_length_82315_cov_49.316664	82315	correct
1491938	1573826	81888	1	NC_002945.4	NODE_17_length_81888_cov_51.550348	99.93		True
CONTIG	NODE_17_length_81888_cov_51.550348	81888	correct
2693912	2773105	79208	16	NC_002945.4	NODE_18_length_79208_cov_48.664243	99.99		True
CONTIG	NODE_18_length_79208_cov_48.664243	79208	correct
1092507	1165170	72653	1	NC_002945.4	NODE_19_length_72653_cov_48.885448	99.96		True
CONTIG	NODE_19_length_72653_cov_48.885448	72653	correct
3124731	3193870	1	69086	NC_002945.4	NODE_20_length_69086_cov_48.985426	99.91		True
CONTIG	NODE_20_length_69086_cov_48.985426	69086	correct
4194926	4259153	64228	1	NC_002945.4	NODE_21_length_64228_cov_51.595638	99.99		True
CONTIG	NODE_21_length_64228_cov_51.595638	64228	correct
2852179	2916128	85	64033	NC_002945.4	NODE_22_length_64033_cov_47.864692	99.98		True
CONTIG	NODE_22_length_64033_cov_47.864692	64033	correct
1280097	1343223	63189	1	NC_002945.4	NODE_23_length_63189_cov_53.143303	99.89		True
CONTIG	NODE_23_length_63189_cov_53.143303	63189	correct
1997149	2056738	59760	171	NC_002945.4	NODE_24_length_59760_cov_48.720306	99.98		True
CONTIG	NODE_24_length_59760_cov_48.720306	59760	correct
1219738	1278412	58675	1	NC_002945.4	NODE_25_length_58928_cov_49.499243	99.99		True
CONTIG	NODE_25_length_58928_cov_49.499243	58928	correct
3777400	3835785	58318	1	NC_002945.4	NODE_26_length_58318_cov_49.910673	99.87		True
CONTIG	NODE_26_length_58318_cov_49.910673	58318	correct
1413935	1470724	56733	1	NC_002945.4	NODE_27_length_56733_cov_50.504823	99.89		True
CONTIG	NODE_27_length_56733_cov_50.504823	56733	correct
2801012	2852051	1	51040	NC_002945.4	NODE_28_length_51040_cov_49.177420	99.99		True
CONTIG	NODE_28_length_51040_cov_49.177420	51040	correct
3984877	4000742	184	16038	NC_002945.4	NODE_29_length_50922_cov_49.243489	99.93		True
local misassembly
4000854	4035737	16039	50922	NC_002945.4	NODE_29_length_50922_cov_49.243489	99.97		True
CONTIG	NODE_29_length_50922_cov_49.243489	50922	correct
1574026	1623845	49883	64	NC_002945.4	NODE_30_length_50092_cov_48.121745	99.98		True
CONTIG	NODE_30_length_50092_cov_48.121745	50092	correct
842422	891078	50	48706	NC_002945.4	NODE_31_length_48706_cov_48.556084	99.99		True
CONTIG	NODE_31_length_48706_cov_48.556084	48706	correct
625365	673251	1	47887	NC_002945.4	NODE_32_length_47937_cov_48.156536	99.99		True
CONTIG	NODE_32_length_47937_cov_48.156536	47937	correct
1214750	1218351	3720	119	NC_002945.4	NODE_33_length_47138_cov_44.941928	100.0		True
local misassembly
1190085	1213615	28367	4849	NC_002945.4	NODE_33_length_47138_cov_44.941928	99.77		True
local misassembly
1171083	1189853	47138	28368	NC_002945.4	NODE_33_length_47138_cov_44.941928	99.98		True
CONTIG	NODE_33_length_47138_cov_44.941928	47138	correct
1343879	1386907	1	43034	NC_002945.4	NODE_34_length_43034_cov_48.169646	99.99		True
CONTIG	NODE_34_length_43034_cov_48.169646	43034	correct
3836888	3877911	1	41025	NC_002945.4	NODE_35_length_41292_cov_49.124718	99.98		True
CONTIG	NODE_35_length_41292_cov_49.124718	41292	correct
930645	970118	39594	1	NC_002945.4	NODE_36_length_39594_cov_48.990144	99.68		True
CONTIG	NODE_36_length_39594_cov_48.990144	39594	correct
2246092	2283745	129	37784	NC_002945.4	NODE_37_length_37784_cov_52.541493	99.95		True
CONTIG	NODE_37_length_37784_cov_52.541493	37784	correct
363939	401308	245	37614	NC_002945.4	NODE_38_length_37614_cov_47.145037	99.99		True
CONTIG	NODE_38_length_37614_cov_47.145037	37614	correct
3674358	3711403	37028	1	NC_002945.4	NODE_39_length_37028_cov_36.956397	99.94		True
CONTIG	NODE_39_length_37028_cov_36.956397	37028	correct
2372436	2408631	1	36138	NC_002945.4	NODE_40_length_36138_cov_46.061565	99.83		True
CONTIG	NODE_40_length_36138_cov_46.061565	36138	correct
2210057	2246071	36015	1	NC_002945.4	NODE_41_length_36015_cov_55.398490	100.0		True
CONTIG	NODE_41_length_36015_cov_55.398490	36015	correct
3737665	3759404	22057	315	NC_002945.4	NODE_42_length_34666_cov_47.954399	99.98		True
local misassembly
3724846	3737454	34666	22058	NC_002945.4	NODE_42_length_34666_cov_47.954399	99.98		True
CONTIG	NODE_42_length_34666_cov_47.954399	34666	correct
2294650	2325838	1	31149	NC_002945.4	NODE_43_length_31149_cov_47.145735	99.86		True
CONTIG	NODE_43_length_31149_cov_47.145735	31149	correct
4163020	4193715	126	30821	NC_002945.4	NODE_44_length_30821_cov_50.021275	100.0		True
CONTIG	NODE_44_length_30821_cov_50.021275	30821	correct
2161798	2192094	1	30298	NC_002945.4	NODE_45_length_30298_cov_51.194856	99.99		True
CONTIG	NODE_45_length_30298_cov_51.194856	30298	correct
2343824	2372204	129	28509	NC_002945.4	NODE_46_length_28517_cov_47.750476	99.99		True
CONTIG	NODE_46_length_28517_cov_47.750476	28517	correct
105040	132646	27607	1	NC_002945.4	NODE_47_length_27607_cov_47.304440	99.98		True
CONTIG	NODE_47_length_27607_cov_47.304440	27607	correct
333299	333422	295	172	NC_002945.4	NODE_48_length_26767_cov_48.333971	99.76		True
indel: stretch of mismatches
306722	333298	26767	296	NC_002945.4	NODE_48_length_26767_cov_48.333971	99.6		True
CONTIG	NODE_48_length_26767_cov_48.333971	26767	correct
1387073	1412955	25883	1	NC_002945.4	NODE_49_length_25960_cov_47.391553	99.98		True
CONTIG	NODE_49_length_25960_cov_47.391553	25960	correct
338173	363805	102	25647	NC_002945.4	NODE_50_length_25647_cov_41.405643	99.62		True
CONTIG	NODE_50_length_25647_cov_41.405643	25647	correct
4259930	4281649	21718	1	NC_002945.4	NODE_51_length_21718_cov_49.660460	99.98		True
CONTIG	NODE_51_length_21718_cov_49.660460	21718	correct
2423267	2444896	21630	1	NC_002945.4	NODE_52_length_21630_cov_50.709901	99.99		True
CONTIG	NODE_52_length_21630_cov_50.709901	21630	correct
4141981	4162941	1	20961	NC_002945.4	NODE_53_length_20961_cov_54.935922	99.97		True
CONTIG	NODE_53_length_20961_cov_54.935922	20961	correct
2140786	2158516	1	17731	NC_002945.4	NODE_54_length_20366_cov_52.950788	99.9		True
local misassembly
2158655	2158913	17732	17990	NC_002945.4	NODE_54_length_20366_cov_52.950788	100.0		True
fake: scaffold gap size wrong estimation (local)
2158914	2160444	18022	19552	NC_002945.4	NODE_54_length_20366_cov_52.950788	95.49		True
CONTIG	NODE_54_length_20366_cov_52.950788	20366	correct
1471935	1490747	1	18814	NC_002945.4	NODE_55_length_19652_cov_54.600102	99.98		True
local misassembly
1490961	1491456	18815	19310	NC_002945.4	NODE_55_length_19652_cov_54.600102	100.0		True
CONTIG	NODE_55_length_19652_cov_54.600102	19652	correct
3759492	3777383	17894	1	NC_002945.4	NODE_56_length_17914_cov_45.674144	99.97		True
CONTIG	NODE_56_length_17914_cov_45.674144	17914	correct
2192685	2209998	1	17314	NC_002945.4	NODE_57_length_17481_cov_54.974185	99.99		True
CONTIG	NODE_57_length_17481_cov_54.974185	17481	correct
2326324	2343704	17381	1	NC_002945.4	NODE_58_length_17381_cov_46.776400	99.99		True
CONTIG	NODE_58_length_17381_cov_46.776400	17381	correct
892165	909508	1	17344	NC_002945.4	NODE_59_length_17344_cov_51.209676	99.99		True
CONTIG	NODE_59_length_17344_cov_51.209676	17344	correct
2776970	2793816	118	16964	NC_002945.4	NODE_60_length_16964_cov_54.075785	100.0		True
CONTIG	NODE_60_length_16964_cov_54.075785	16964	correct
132662	149547	16886	1	NC_002945.4	NODE_61_length_16886_cov_53.620801	99.96		True
CONTIG	NODE_61_length_16886_cov_53.620801	16886	correct
910050	926137	16211	124	NC_002945.4	NODE_62_length_16211_cov_53.451256	99.99		True
CONTIG	NODE_62_length_16211_cov_53.451256	16211	correct
4294608	4310430	16039	217	NC_002945.4	NODE_63_length_16039_cov_44.693942	99.99		True
CONTIG	NODE_63_length_16039_cov_44.693942	16039	correct
3193780	3209297	1	15618	NC_002945.4	NODE_64_length_15618_cov_49.480731	100.0		True
CONTIG	NODE_64_length_15618_cov_49.480731	15618	correct
2916851	2932154	1	15304	NC_002945.4	NODE_65_length_15472_cov_56.978886	99.97		True
CONTIG	NODE_65_length_15472_cov_56.978886	15472	correct
609085	624460	15376	1	NC_002945.4	NODE_66_length_15376_cov_47.168995	99.99		True
CONTIG	NODE_66_length_15376_cov_47.168995	15376	correct
2409097	2422776	186	13865	NC_002945.4	NODE_67_length_13865_cov_46.973723	99.94		True
CONTIG	NODE_67_length_13865_cov_46.973723	13865	correct
1972091	1985638	1	13437	NC_002945.4	NODE_68_length_13653_cov_49.309774	99.17		True
CONTIG	NODE_68_length_13653_cov_49.309774	13653	correct
3712180	3724867	12688	1	NC_002945.4	NODE_69_length_12688_cov_35.063769	99.96		True
CONTIG	NODE_69_length_12688_cov_35.063769	12688	correct
3881807	3882169	89	451	NC_002945.4	NODE_70_length_12614_cov_21.416593	98.9		True
local misassembly
3882139	3884027	589	2525	NC_002945.4	NODE_70_length_12614_cov_21.416593	97.69		True
local misassembly
3884643	3890278	2526	8170	NC_002945.4	NODE_70_length_12614_cov_21.416593	99.79		True
local misassembly
3890969	3895412	8171	12614	NC_002945.4	NODE_70_length_12614_cov_21.416593	99.9		True
CONTIG	NODE_70_length_12614_cov_21.416593	12614	correct
4281684	4293948	12265	1	NC_002945.4	NODE_71_length_12265_cov_49.673669	99.99		True
CONTIG	NODE_71_length_12265_cov_49.673669	12265	correct
2933886	2943963	10078	1	NC_002945.4	NODE_72_length_10286_cov_48.091151	99.99		True
CONTIG	NODE_72_length_10286_cov_48.091151	10286	correct
3209303	3219347	1	10045	NC_002945.4	NODE_73_length_10045_cov_46.428111	100.0		True
CONTIG	NODE_73_length_10045_cov_46.428111	10045	correct
1623908	1633262	9298	1	NC_002945.4	NODE_74_length_9393_cov_42.343406	99.36		True
CONTIG	NODE_74_length_9393_cov_42.343406	9393	correct
2793853	2799828	1	5976	NC_002945.4	NODE_75_length_5976_cov_44.975551	99.98		True
CONTIG	NODE_75_length_5976_cov_44.975551	5976	correct
1987067	1992127	5062	1	NC_002945.4	NODE_76_length_5077_cov_51.135960	99.98		True
CONTIG	NODE_76_length_5077_cov_51.135960	5077	correct
3980257	3984520	176	4439	NC_002945.4	NODE_77_length_4639_cov_41.160461	100.0		True
CONTIG	NODE_77_length_4639_cov_41.160461	4639	correct
1165899	1169900	4002	1	NC_002945.4	NODE_78_length_4002_cov_52.508129	99.98		True
CONTIG	NODE_78_length_4002_cov_52.508129	4002	correct
1638385	1638847	480	18	NC_002945.4	NODE_79_length_3064_cov_22.001021	100.0		True
local misassembly
1635657	1638240	3064	481	NC_002945.4	NODE_79_length_3064_cov_22.001021	100.0		True
CONTIG	NODE_79_length_3064_cov_22.001021	3064	correct
2284620	2287647	3028	1	NC_002945.4	NODE_80_length_3028_cov_39.177180	99.77		True
CONTIG	NODE_80_length_3028_cov_39.177180	3028	correct
2290710	2293716	1	3007	NC_002945.4	NODE_81_length_3007_cov_36.911806	100.0		True
CONTIG	NODE_81_length_3007_cov_36.911806	3007	correct
1993335	1996186	2852	1	NC_002945.4	NODE_82_length_2852_cov_54.900917	100.0		True
CONTIG	NODE_82_length_2852_cov_54.900917	2852	correct
3878161	3881088	2802	1	NC_002945.4	NODE_83_length_2802_cov_8.599252	95.22		True
CONTIG	NODE_83_length_2802_cov_8.599252	2802	correct
928488	928975	1	497	NC_002945.4	NODE_84_length_1672_cov_16.154045	98.19		True
local misassembly
928970	930006	636	1672	NC_002945.4	NODE_84_length_1672_cov_16.154045	100.0		True
CONTIG	NODE_84_length_1672_cov_16.154045	1672	correct
674730	676152	1423	1	NC_002945.4	NODE_85_length_1587_cov_5.581507	99.79		True
CONTIG	NODE_85_length_1587_cov_5.581507	1587	correct
607662	609211	1	1550	NC_002945.4	NODE_86_length_1550_cov_79.012649	100.0		True
CONTIG	NODE_86_length_1550_cov_79.012649	1550	correct
839610	840709	1497	398	NC_002945.4	NODE_87_length_1497_cov_13.537226	100.0		True
CONTIG	NODE_87_length_1497_cov_13.537226	1497	correct
336693	338096	1404	1	NC_002945.4	NODE_88_length_1490_cov_19.439472	100.0		True
CONTIG	NODE_88_length_1490_cov_19.439472	1490	correct
4193589	4195052	1	1464	NC_002945.4	NODE_89_length_1464_cov_118.922214	100.0		True
CONTIG	NODE_89_length_1464_cov_118.922214	1464	correct
2774298	2775594	1297	1	NC_002945.4	NODE_90_length_1441_cov_7.031202	100.0		True
CONTIG	NODE_90_length_1441_cov_7.031202	1441	correct
3443593	3445031	1	1439	NC_002945.4	NODE_91_length_1439_cov_66.810976	100.0		True
CONTIG	NODE_91_length_1439_cov_66.810976	1439	correct
334077	335381	1	1305	NC_002945.4	NODE_92_length_1391_cov_15.914557	99.85		True
CONTIG	NODE_92_length_1391_cov_15.914557	1391	correct
890952	892291	1340	1	NC_002945.4	NODE_93_length_1340_cov_105.003298	100.0		True
CONTIG	NODE_93_length_1340_cov_105.003298	1340	correct
CONTIG	NODE_94_length_1334_cov_0.797017	1334	unaligned
3339137	3340461	1	1325	NC_002945.4	NODE_95_length_1325_cov_47.173623	100.0		True
CONTIG	NODE_95_length_1325_cov_47.173623	1325	correct
3835659	3836979	1	1321	NC_002945.4	NODE_96_length_1321_cov_108.778894	99.7		True
CONTIG	NODE_96_length_1321_cov_108.778894	1321	correct
2288581	2289835	1255	1	NC_002945.4	NODE_97_length_1255_cov_53.978723	100.0		True
CONTIG	NODE_97_length_1255_cov_53.978723	1255	correct
2287521	2288707	1	1187	NC_002945.4	NODE_98_length_1187_cov_38.675472	100.0		True
CONTIG	NODE_98_length_1187_cov_38.675472	1187	correct
2289709	2290836	1	1128	NC_002945.4	NODE_99_length_1128_cov_96.944056	99.91		True
CONTIG	NODE_99_length_1128_cov_96.944056	1128	correct
3711277	3712306	1030	1	NC_002945.4	NODE_100_length_1030_cov_108.862680	100.0		True
CONTIG	NODE_100_length_1030_cov_108.862680	1030	correct
1165044	1166025	982	1	NC_002945.4	NODE_101_length_982_cov_89.247953	100.0		True
CONTIG	NODE_101_length_982_cov_89.247953	982	correct
929944	930630	687	1	NC_002945.4	NODE_102_length_956_cov_5.995175	99.56		True
CONTIG	NODE_102_length_956_cov_5.995175	956	correct
1996351	1997006	946	291	NC_002945.4	NODE_103_length_946_cov_3.280830	100.0		True
CONTIG	NODE_103_length_946_cov_3.280830	946	correct
CONTIG	NODE_104_length_914_cov_1.114358	914	unaligned
2943837	2944745	909	1	NC_002945.4	NODE_105_length_909_cov_322.072890	100.0		True
CONTIG	NODE_105_length_909_cov_322.072890	909	correct
3341521	3342410	890	1	NC_002945.4	NODE_106_length_890_cov_36.973788	100.0		True
CONTIG	NODE_106_length_890_cov_36.973788	890	correct
673504	674020	517	1	NC_002945.4	NODE_107_length_847_cov_2.490278	99.81		True
indel: indel (> 5bp)
673273	673446	691	518	NC_002945.4	NODE_107_length_847_cov_2.490278	100.0		True
CONTIG	NODE_107_length_847_cov_2.490278	847	correct
1278286	1279129	844	1	NC_002945.4	NODE_108_length_844_cov_103.428173	100.0		True
CONTIG	NODE_108_length_844_cov_103.428173	844	correct
CONTIG	NODE_109_length_825_cov_1.249284	825	unaligned
1985733	1986356	188	811	NC_002945.4	NODE_110_length_811_cov_1.761696	100.0		True
CONTIG	NODE_110_length_811_cov_1.761696	811	correct
3444905	3445699	795	1	NC_002945.4	NODE_111_length_795_cov_120.344311	100.0		True
CONTIG	NODE_111_length_795_cov_120.344311	795	correct
3979410	3980052	105	747	NC_002945.4	NODE_112_length_747_cov_2.233871	99.69		True
CONTIG	NODE_112_length_747_cov_2.233871	747	correct
2693295	2694038	744	1	NC_002945.4	NODE_113_length_744_cov_82.811994	100.0		True
CONTIG	NODE_113_length_744_cov_82.811994	744	correct
CONTIG	NODE_114_length_722_cov_1.342857	722	unaligned
CONTIG	NODE_115_length_705_cov_1.025952	705	unaligned
CONTIG	NODE_116_length_683_cov_1.836331	683	unaligned
CONTIG	NODE_117_length_677_cov_0.996364	677	unaligned
CONTIG	NODE_118_length_672_cov_1.275229	672	unaligned
674134	674679	101	646	NC_002945.4	NODE_119_length_664_cov_3.052142	98.9		True
CONTIG	NODE_119_length_664_cov_3.052142	664	correct
2773658	2774115	458	1	NC_002945.4	NODE_120_length_644_cov_2.201161	100.0		True
CONTIG	NODE_120_length_644_cov_2.201161	644	correct
3340552	3341186	635	1	NC_002945.4	NODE_121_length_635_cov_31.265748	100.0		True
CONTIG	NODE_121_length_635_cov_31.265748	635	correct
841446	842066	1	612	NC_002945.4	NODE_122_length_612_cov_1.674227	98.55		True
CONTIG	NODE_122_length_612_cov_1.674227	612	correct
3341060	3341647	588	1	NC_002945.4	NODE_123_length_588_cov_72.427332	100.0		True
CONTIG	NODE_123_length_588_cov_72.427332	588	correct
CONTIG	NODE_124_length_580_cov_0.863135	580	unaligned
4294129	4294602	474	1	NC_002945.4	NODE_125_length_527_cov_5.000000	100.0		True
CONTIG	NODE_125_length_527_cov_5.000000	527	correct
CONTIG	NODE_126_length_509_cov_1.272251	509	unaligned
1089115	1089214	1	100	NC_002945.4	NODE_127_length_503_cov_2.050532	100.0		True
relocation, inconsistency = 2466
1091681	1092083	503	101	NC_002945.4	NODE_127_length_503_cov_2.050532	100.0		True
CONTIG	NODE_127_length_503_cov_2.050532	503	misassembled
