S1	E1	S2	E2	Reference	Contig	IDY	Ambiguous	Best_group
3445573	3673271	1	227591	NC_002945.4	NODE_1_length_227591_cov_48.398771	99.93		True
CONTIG	NODE_1_length_227591_cov_48.398771	227591	correct
2453614	2665719	1	212164	NC_002945.4	NODE_2_length_212272_cov_46.766919	99.96		True
CONTIG	NODE_2_length_212272_cov_46.766919	212272	correct
402605	607788	1	204915	NC_002945.4	NODE_3_length_204915_cov_47.673282	99.86		True
CONTIG	NODE_3_length_204915_cov_47.673282	204915	correct
2944619	3124649	179408	169	NC_002945.4	NODE_4_length_179408_cov_46.949169	99.43		True
CONTIG	NODE_4_length_179408_cov_46.949169	179408	correct
824601	838062	13462	1	NC_002945.4	NODE_5_length_161066_cov_47.085865	99.98		True
local misassembly
676627	824045	160882	13463	NC_002945.4	NODE_5_length_161066_cov_47.085865	99.99		True
CONTIG	NODE_5_length_161066_cov_47.085865	161066	correct
4035887	4193715	1	157714	NC_002945.4	NODE_6_length_157714_cov_47.185758	99.92		True
CONTIG	NODE_6_length_157714_cov_47.185758	157714	correct
150052	306629	156582	32	NC_002945.4	NODE_7_length_156582_cov_47.900572	99.97		True
CONTIG	NODE_7_length_156582_cov_47.900572	156582	correct
30083	103918	73849	1	NC_002945.4	NODE_8_length_143839_cov_49.094467	99.96		True
local misassembly
1	29469	103319	73851	NC_002945.4	NODE_8_length_143839_cov_49.094467	99.99		True
fake: not a misassembly [linear representation of circular genome]
4309526	4349904	143697	103320	NC_002945.4	NODE_8_length_143839_cov_49.094467	99.99		True
CONTIG	NODE_8_length_143839_cov_49.094467	143839	correct
1853844	1985662	131353	1	NC_002945.4	NODE_9_length_132974_cov_45.160478	99.63		True
relocation, inconsistency = -1845923
3698299	3699766	132821	131354	NC_002945.4	NODE_9_length_132974_cov_45.160478	99.8		True
CONTIG	NODE_9_length_132974_cov_45.160478	132974	misassembled
1638966	1769053	130179	93	NC_002945.4	NODE_10_length_132798_cov_49.373933	99.99		True
local misassembly
1635657	1637988	132798	130467	NC_002945.4	NODE_10_length_132798_cov_49.373933	100.0		True
CONTIG	NODE_10_length_132798_cov_49.373933	132798	correct
970182	1009472	1	39290	NC_002945.4	NODE_11_length_119744_cov_47.855480	99.98		True
relocation, inconsistency = 1457
1010930	1091276	39291	119640	NC_002945.4	NODE_11_length_119744_cov_47.855480	99.99		True
CONTIG	NODE_11_length_119744_cov_47.855480	119744	misassembled
3219363	3338802	1	119666	NC_002945.4	NODE_12_length_119666_cov_47.491932	99.88		True
CONTIG	NODE_12_length_119666_cov_47.491932	119666	correct
2057110	2083604	159	26653	NC_002945.4	NODE_13_length_104374_cov_47.911125	99.98		True
local misassembly
2083596	2158516	26792	101667	NC_002945.4	NODE_13_length_104374_cov_47.911125	99.92		True
local misassembly
2158655	2159088	101668	102101	NC_002945.4	NODE_13_length_104374_cov_47.911125	100.0		True
fake: scaffold gap size wrong estimation (local)
2160645	2160846	103464	103665	NC_002945.4	NODE_13_length_104374_cov_47.911125	100.0		True
fake: scaffold gap size wrong estimation (local)
2160997	2161605	103766	104374	NC_002945.4	NODE_13_length_104374_cov_47.911125	99.84		True
CONTIG	NODE_13_length_104374_cov_47.911125	104374	correct
3343594	3442410	98885	1	NC_002945.4	NODE_14_length_98885_cov_48.486766	99.92		True
CONTIG	NODE_14_length_98885_cov_48.486766	98885	correct
3896813	3979550	82729	1	NC_002945.4	NODE_15_length_89022_cov_46.058575	99.97		True
relocation, inconsistency = 1241
3894718	3895463	83583	82838	NC_002945.4	NODE_15_length_89022_cov_46.058575	99.84		True
relocation, inconsistency = -4241
3896813	3898958	85720	83584	NC_002945.4	NODE_15_length_89022_cov_46.058575	99.35		True
relocation, inconsistency = 15177
3878223	3881527	89007	85829	NC_002945.4	NODE_15_length_89022_cov_46.058575	95.76		True
CONTIG	NODE_15_length_89022_cov_46.058575	89022	misassembled
3124711	3209297	84633	1	NC_002945.4	NODE_16_length_84750_cov_47.177363	99.92		True
CONTIG	NODE_16_length_84750_cov_47.177363	84750	correct
1491934	1573769	1	81836	NC_002945.4	NODE_17_length_81860_cov_49.540895	99.93		True
CONTIG	NODE_17_length_81860_cov_49.540895	81860	correct
2693912	2773119	1	79207	NC_002945.4	NODE_18_length_79247_cov_46.029866	99.99		True
CONTIG	NODE_18_length_79247_cov_46.029866	79247	correct
1779460	1853511	74052	1	NC_002945.4	NODE_19_length_74052_cov_47.459479	99.99		True
CONTIG	NODE_19_length_74052_cov_47.459479	74052	correct
1092523	1165170	1	72637	NC_002945.4	NODE_20_length_72637_cov_47.264074	99.97		True
CONTIG	NODE_20_length_72637_cov_47.264074	72637	correct
4194926	4259153	1	64228	NC_002945.4	NODE_21_length_64228_cov_49.973635	99.99		True
CONTIG	NODE_21_length_64228_cov_49.973635	64228	correct
2852100	2916200	1	64100	NC_002945.4	NODE_22_length_64100_cov_45.969878	99.98		True
CONTIG	NODE_22_length_64100_cov_45.969878	64100	correct
1280097	1343223	1	63189	NC_002945.4	NODE_23_length_63189_cov_50.869763	99.89		True
CONTIG	NODE_23_length_63189_cov_50.869763	63189	correct
2041267	2056405	15155	17	NC_002945.4	NODE_24_length_59302_cov_46.962180	99.99		True
local misassembly
1997173	2040687	58670	15156	NC_002945.4	NODE_24_length_59302_cov_46.962180	99.98		True
local misassembly
1996381	1997001	59291	58671	NC_002945.4	NODE_24_length_59302_cov_46.962180	99.05		True
CONTIG	NODE_24_length_59302_cov_46.962180	59302	correct
1219457	1278412	58955	1	NC_002945.4	NODE_25_length_59025_cov_46.802930	99.98		True
CONTIG	NODE_25_length_59025_cov_46.802930	59025	correct
3777400	3835785	58318	1	NC_002945.4	NODE_26_length_58318_cov_47.735268	99.87		True
CONTIG	NODE_26_length_58318_cov_47.735268	58318	correct
1413935	1470724	1	56733	NC_002945.4	NODE_27_length_56733_cov_49.464315	99.89		True
CONTIG	NODE_27_length_56733_cov_49.464315	56733	correct
2192685	2245161	52477	1	NC_002945.4	NODE_28_length_52477_cov_51.821968	99.99		True
CONTIG	NODE_28_length_52477_cov_51.821968	52477	correct
2801012	2852074	1	51063	NC_002945.4	NODE_29_length_51063_cov_47.405450	99.99		True
CONTIG	NODE_29_length_51063_cov_47.405450	51063	correct
3984878	4000742	146	15999	NC_002945.4	NODE_30_length_50930_cov_48.322481	99.93		True
local misassembly
4000854	4035722	16000	50868	NC_002945.4	NODE_30_length_50930_cov_48.322481	99.97		True
CONTIG	NODE_30_length_50930_cov_48.322481	50930	correct
1573979	1623829	1	49851	NC_002945.4	NODE_31_length_49851_cov_45.186771	99.98		True
CONTIG	NODE_31_length_49851_cov_45.186771	49851	correct
842754	891078	48325	1	NC_002945.4	NODE_32_length_48337_cov_46.511388	99.98		True
CONTIG	NODE_32_length_48337_cov_46.511388	48337	correct
625161	673086	5	47930	NC_002945.4	NODE_33_length_48087_cov_45.827460	99.99		True
CONTIG	NODE_33_length_48087_cov_45.827460	48087	correct
132853	149981	17129	1	NC_002945.4	NODE_34_length_43937_cov_48.243072	99.96		True
relocation, inconsistency = 1005
105040	131847	43937	17130	NC_002945.4	NODE_34_length_43937_cov_48.243072	99.98		True
CONTIG	NODE_34_length_43937_cov_48.243072	43937	misassembled
1343879	1386555	42682	1	NC_002945.4	NODE_35_length_42682_cov_46.509999	99.99		True
CONTIG	NODE_35_length_42682_cov_46.509999	42682	correct
1190085	1213832	23866	194	NC_002945.4	NODE_36_length_42637_cov_44.957869	99.66		True
local misassembly
1171083	1189853	42637	23867	NC_002945.4	NODE_36_length_42637_cov_44.957869	99.99		True
CONTIG	NODE_36_length_42637_cov_44.957869	42637	correct
3836888	3878257	1	41362	NC_002945.4	NODE_37_length_41362_cov_47.660337	99.96		True
CONTIG	NODE_37_length_41362_cov_47.660337	41362	correct
930668	970123	39696	1	NC_002945.4	NODE_38_length_39900_cov_46.637694	99.38		True
CONTIG	NODE_38_length_39900_cov_46.637694	39900	correct
363899	401308	37410	1	NC_002945.4	NODE_39_length_37410_cov_46.861787	99.99		True
CONTIG	NODE_39_length_37410_cov_46.861787	37410	correct
2246369	2283745	1	37379	NC_002945.4	NODE_40_length_37379_cov_50.059057	99.95		True
CONTIG	NODE_40_length_37379_cov_50.059057	37379	correct
2372402	2408713	1	36254	NC_002945.4	NODE_41_length_36254_cov_43.421873	99.83		True
CONTIG	NODE_41_length_36254_cov_43.421873	36254	correct
3737665	3758852	21441	254	NC_002945.4	NODE_42_length_34050_cov_47.161100	100.0		True
local misassembly
3724846	3737454	34050	21442	NC_002945.4	NODE_42_length_34050_cov_47.161100	99.98		True
CONTIG	NODE_42_length_34050_cov_47.161100	34050	correct
4259930	4293947	1	34016	NC_002945.4	NODE_43_length_34016_cov_47.712237	99.99		True
CONTIG	NODE_43_length_34016_cov_47.712237	34016	correct
2294650	2325848	1	31156	NC_002945.4	NODE_44_length_31156_cov_45.188082	99.86		True
CONTIG	NODE_44_length_31156_cov_45.188082	31156	correct
2161870	2192094	1	30226	NC_002945.4	NODE_45_length_30226_cov_48.862421	99.99		True
CONTIG	NODE_45_length_30226_cov_48.862421	30226	correct
2343816	2372350	1	28535	NC_002945.4	NODE_46_length_28535_cov_45.103492	99.99		True
CONTIG	NODE_46_length_28535_cov_45.103492	28535	correct
2666026	2693421	27395	1	NC_002945.4	NODE_47_length_27395_cov_47.521784	99.99		True
CONTIG	NODE_47_length_27395_cov_47.521784	27395	correct
306711	333298	1	26483	NC_002945.4	NODE_48_length_26703_cov_46.027356	99.6		True
CONTIG	NODE_48_length_26703_cov_46.027356	26703	correct
1387049	1412955	246	26152	NC_002945.4	NODE_49_length_26152_cov_44.937137	99.98		True
CONTIG	NODE_49_length_26152_cov_44.937137	26152	correct
338147	362923	1	24708	NC_002945.4	NODE_50_length_24826_cov_42.416495	99.39		True
CONTIG	NODE_50_length_24826_cov_42.416495	24826	correct
3674358	3698331	24093	138	NC_002945.4	NODE_51_length_24093_cov_39.276350	99.88		True
CONTIG	NODE_51_length_24093_cov_39.276350	24093	correct
2777000	2799828	182	23010	NC_002945.4	NODE_52_length_23010_cov_49.356597	100.0		True
CONTIG	NODE_52_length_23010_cov_49.356597	23010	correct
2423267	2444953	21687	1	NC_002945.4	NODE_53_length_21687_cov_48.170733	99.99		True
CONTIG	NODE_53_length_21687_cov_48.170733	21687	correct
1471935	1490747	1	18814	NC_002945.4	NODE_54_length_19150_cov_53.341324	99.98		True
local misassembly
1490961	1491296	18815	19150	NC_002945.4	NODE_54_length_19150_cov_53.341324	100.0		True
CONTIG	NODE_54_length_19150_cov_53.341324	19150	correct
3759617	3777383	17769	1	NC_002945.4	NODE_55_length_17769_cov_44.627990	99.97		True
CONTIG	NODE_55_length_17769_cov_44.627990	17769	correct
892165	909508	17344	1	NC_002945.4	NODE_56_length_17344_cov_48.361039	99.99		True
CONTIG	NODE_56_length_17344_cov_48.361039	17344	correct
2326362	2343584	17223	1	NC_002945.4	NODE_57_length_17223_cov_43.768074	99.98		True
CONTIG	NODE_57_length_17223_cov_43.768074	17223	correct
910050	926309	16260	1	NC_002945.4	NODE_58_length_16260_cov_51.267216	99.98		True
CONTIG	NODE_58_length_16260_cov_51.267216	16260	correct
2916851	2932441	1	15591	NC_002945.4	NODE_59_length_15591_cov_52.912700	99.96		True
CONTIG	NODE_59_length_15591_cov_52.912700	15591	correct
609085	624472	1	15388	NC_002945.4	NODE_60_length_15388_cov_45.304043	99.96		True
CONTIG	NODE_60_length_15388_cov_45.304043	15388	correct
2409084	2422776	13693	1	NC_002945.4	NODE_61_length_13693_cov_46.468156	99.98		True
CONTIG	NODE_61_length_13693_cov_46.468156	13693	correct
3712180	3724845	1	12666	NC_002945.4	NODE_62_length_12672_cov_34.415305	99.96		True
CONTIG	NODE_62_length_12672_cov_34.415305	12672	correct
3700350	3711403	11054	1	NC_002945.4	NODE_63_length_11546_cov_34.837902	99.97		True
relocation, inconsistency = 1714121
1985747	1986228	11536	11055	NC_002945.4	NODE_63_length_11546_cov_34.837902	100.0		True
CONTIG	NODE_63_length_11546_cov_34.837902	11546	misassembled
2933878	2943963	175	10260	NC_002945.4	NODE_64_length_10260_cov_47.254416	99.99		True
CONTIG	NODE_64_length_10260_cov_47.254416	10260	correct
3209318	3219348	204	10234	NC_002945.4	NODE_65_length_10234_cov_45.385278	100.0		True
CONTIG	NODE_65_length_10234_cov_45.385278	10234	correct
2444936	2453620	8770	86	NC_002945.4	NODE_66_length_8770_cov_48.405530	100.0		True
CONTIG	NODE_66_length_8770_cov_48.405530	8770	correct
1623857	1632383	1	8470	NC_002945.4	NODE_67_length_8470_cov_43.707539	99.31		True
CONTIG	NODE_67_length_8470_cov_43.707539	8470	correct
4301851	4309320	1	7470	NC_002945.4	NODE_68_length_7670_cov_45.925494	99.97		True
CONTIG	NODE_68_length_7670_cov_45.925494	7670	correct
3884643	3890278	1	5645	NC_002945.4	NODE_69_length_7433_cov_23.094169	99.79		True
local misassembly
3890969	3892635	5646	7312	NC_002945.4	NODE_69_length_7433_cov_23.094169	99.81		True
CONTIG	NODE_69_length_7433_cov_23.094169	7433	correct
4294613	4301858	7246	1	NC_002945.4	NODE_70_length_7246_cov_42.363675	99.99		True
CONTIG	NODE_70_length_7246_cov_42.363675	7246	correct
1986985	1992127	5144	1	NC_002945.4	NODE_71_length_5474_cov_46.134842	99.98		True
relocation, inconsistency = 1892312
3884440	3884769	5145	5474	NC_002945.4	NODE_71_length_5474_cov_46.134842	99.71		True
CONTIG	NODE_71_length_5474_cov_46.134842	5474	misassembled
3979643	3980077	153	587	NC_002945.4	NODE_72_length_4699_cov_38.757437	99.77		True
local misassembly
3980375	3984459	588	4672	NC_002945.4	NODE_72_length_4699_cov_38.757437	100.0		True
CONTIG	NODE_72_length_4699_cov_38.757437	4699	correct
1214070	1214774	1	705	NC_002945.4	NODE_73_length_4526_cov_35.132757	99.72		True
local misassembly
1214750	1218305	825	4380	NC_002945.4	NODE_73_length_4526_cov_35.132757	100.0		True
CONTIG	NODE_73_length_4526_cov_35.132757	4526	correct
1165899	1169900	1	4002	NC_002945.4	NODE_74_length_4002_cov_48.254194	99.98		True
CONTIG	NODE_74_length_4002_cov_48.254194	4002	correct
2284620	2287647	1	3028	NC_002945.4	NODE_75_length_3028_cov_33.637711	99.77		True
CONTIG	NODE_75_length_3028_cov_33.637711	3028	correct
2290710	2293716	1	3007	NC_002945.4	NODE_76_length_3007_cov_33.772222	100.0		True
CONTIG	NODE_76_length_3007_cov_33.772222	3007	correct
1993335	1996072	2895	158	NC_002945.4	NODE_77_length_2895_cov_50.498916	100.0		True
CONTIG	NODE_77_length_2895_cov_50.498916	2895	correct
928391	928975	1	594	NC_002945.4	NODE_78_length_2366_cov_11.873158	98.48		True
local misassembly
928970	930445	733	2208	NC_002945.4	NODE_78_length_2366_cov_11.873158	100.0		True
CONTIG	NODE_78_length_2366_cov_11.873158	2366	correct
3882139	3884154	252	2315	NC_002945.4	NODE_79_length_2315_cov_6.361974	97.67		True
CONTIG	NODE_79_length_2315_cov_6.361974	2315	correct
334077	335319	1	1243	NC_002945.4	NODE_80_length_1947_cov_10.907692	99.76		True
inversion
335662	336365	1947	1244	NC_002945.4	NODE_80_length_1947_cov_10.907692	100.0		True
CONTIG	NODE_80_length_1947_cov_10.907692	1947	misassembled
2774546	2775624	1079	1	NC_002945.4	NODE_81_length_1624_cov_6.038744	100.0		True
local misassembly
2773496	2774008	1592	1080	NC_002945.4	NODE_81_length_1624_cov_6.038744	98.85		True
CONTIG	NODE_81_length_1624_cov_6.038744	1624	correct
674737	676195	151	1609	NC_002945.4	NODE_82_length_1609_cov_4.709852	99.93		True
CONTIG	NODE_82_length_1609_cov_4.709852	1609	correct
401182	402731	1550	1	NC_002945.4	NODE_83_length_1550_cov_81.730850	100.0		True
CONTIG	NODE_83_length_1550_cov_81.730850	1550	correct
4193589	4195052	1	1464	NC_002945.4	NODE_84_length_1464_cov_105.513837	100.0		True
CONTIG	NODE_84_length_1464_cov_105.513837	1464	correct
1992001	1993461	1461	1	NC_002945.4	NODE_85_length_1461_cov_70.703898	100.0		True
CONTIG	NODE_85_length_1461_cov_70.703898	1461	correct
336693	338031	1339	1	NC_002945.4	NODE_86_length_1444_cov_17.921033	99.85		True
CONTIG	NODE_86_length_1444_cov_17.921033	1444	correct
3443593	3445031	1439	1	NC_002945.4	NODE_87_length_1439_cov_61.853659	100.0		True
CONTIG	NODE_87_length_1439_cov_61.853659	1439	correct
3673145	3674484	1340	1	NC_002945.4	NODE_88_length_1340_cov_97.020610	100.0		True
CONTIG	NODE_88_length_1340_cov_97.020610	1340	correct
3339137	3340461	1	1325	NC_002945.4	NODE_89_length_1325_cov_49.089316	100.0		True
CONTIG	NODE_89_length_1325_cov_49.089316	1325	correct
3835659	3836979	1	1321	NC_002945.4	NODE_90_length_1321_cov_109.371022	99.7		True
CONTIG	NODE_90_length_1321_cov_109.371022	1321	correct
839610	840835	1	1226	NC_002945.4	NODE_91_length_1267_cov_14.576316	99.92		True
CONTIG	NODE_91_length_1267_cov_14.576316	1267	correct
2288581	2289835	1	1255	NC_002945.4	NODE_92_length_1255_cov_51.015957	100.0		True
CONTIG	NODE_92_length_1255_cov_51.015957	1255	correct
2287521	2288707	1	1187	NC_002945.4	NODE_93_length_1187_cov_34.750943	100.0		True
CONTIG	NODE_93_length_1187_cov_34.750943	1187	correct
2289709	2290836	1	1128	NC_002945.4	NODE_94_length_1128_cov_82.798202	99.91		True
CONTIG	NODE_94_length_1128_cov_82.798202	1128	correct
1632271	1632383	113	1	NC_002945.4	NODE_95_length_1120_cov_5.738167	100.0		True
local misassembly
1632257	1633263	1120	114	NC_002945.4	NODE_95_length_1120_cov_5.738167	99.9		True
CONTIG	NODE_95_length_1120_cov_5.738167	1120	correct
3892626	3893390	869	105	NC_002945.4	NODE_96_length_1070_cov_2.455992	99.61		True
CONTIG	NODE_96_length_1070_cov_2.455992	1070	correct
3711277	3712306	1	1030	NC_002945.4	NODE_97_length_1030_cov_106.269103	100.0		True
CONTIG	NODE_97_length_1030_cov_106.269103	1030	correct
1165044	1166025	982	1	NC_002945.4	NODE_98_length_982_cov_94.419883	100.0		True
CONTIG	NODE_98_length_982_cov_94.419883	982	correct
3442285	3443193	909	1	NC_002945.4	NODE_99_length_909_cov_306.505115	100.0		True
CONTIG	NODE_99_length_909_cov_306.505115	909	correct
362972	363814	65	907	NC_002945.4	NODE_100_length_907_cov_2.280769	98.81		True
CONTIG	NODE_100_length_907_cov_2.280769	907	correct
3341521	3342410	890	1	NC_002945.4	NODE_101_length_890_cov_35.950197	100.0		True
CONTIG	NODE_101_length_890_cov_35.950197	890	correct
2191968	2192811	1	844	NC_002945.4	NODE_102_length_844_cov_89.701534	100.0		True
CONTIG	NODE_102_length_844_cov_89.701534	844	correct
909382	910176	795	1	NC_002945.4	NODE_103_length_795_cov_119.209581	100.0		True
CONTIG	NODE_103_length_795_cov_119.209581	795	correct
2422650	2423393	1	744	NC_002945.4	NODE_104_length_744_cov_88.580227	100.0		True
CONTIG	NODE_104_length_744_cov_88.580227	744	correct
1491232	1491839	608	1	NC_002945.4	NODE_105_length_728_cov_0.871880	98.52		True
CONTIG	NODE_105_length_728_cov_0.871880	728	correct
841585	842242	41	698	NC_002945.4	NODE_106_length_714_cov_1.519591	98.02		True
CONTIG	NODE_106_length_714_cov_1.519591	714	correct
3758973	3759635	11	673	NC_002945.4	NODE_107_length_673_cov_1.206960	99.1		True
CONTIG	NODE_107_length_673_cov_1.206960	673	correct
3340552	3341186	635	1	NC_002945.4	NODE_108_length_635_cov_40.448819	100.0		True
CONTIG	NODE_108_length_635_cov_40.448819	635	correct
131980	132394	7	421	NC_002945.4	NODE_109_length_621_cov_1.109312	99.04		True
CONTIG	NODE_109_length_621_cov_1.109312	621	correct
3338676	3339263	1	588	NC_002945.4	NODE_110_length_588_cov_77.368764	100.0		True
CONTIG	NODE_110_length_588_cov_77.368764	588	correct
CONTIG	NODE_111_length_583_cov_0.853070	583	unaligned
2325867	2326253	1	387	NC_002945.4	NODE_112_length_574_cov_3.138702	100.0		True
CONTIG	NODE_112_length_574_cov_3.138702	574	correct
1853761	1853849	60	148	NC_002945.4	NODE_113_length_562_cov_3.011494	98.95		True
inversion
1853538	1853772	383	149	NC_002945.4	NODE_113_length_562_cov_3.011494	100.0		True
CONTIG	NODE_113_length_562_cov_3.011494	562	misassembled
673511	673990	76	555	NC_002945.4	NODE_114_length_558_cov_3.944316	99.17		True
CONTIG	NODE_114_length_558_cov_3.944316	558	correct
2932498	2932847	350	1	NC_002945.4	NODE_115_length_553_cov_1.213615	100.0		True
CONTIG	NODE_115_length_553_cov_1.213615	553	correct
3699814	3700230	417	1	NC_002945.4	NODE_116_length_514_cov_2.503876	99.28		True
CONTIG	NODE_116_length_514_cov_2.503876	514	correct
