S1	E1	S2	E2	Reference	Contig	IDY	Ambiguous	Best_group
150950	332143	181198	32	NC_002945.4	NODE_1_length_181483_cov_60.123709	99.97		True
CONTIG	NODE_1_length_181483_cov_60.123709	181483	correct
4260024	4349904	1	89791	NC_002945.4	NODE_2_length_168755_cov_58.418902	99.89		True
fake: not a misassembly [linear representation of circular genome]
1	29469	89792	119260	NC_002945.4	NODE_2_length_168755_cov_58.418902	99.99		True
local misassembly
30083	79573	119262	168755	NC_002945.4	NODE_2_length_168755_cov_58.418902	99.98		True
CONTIG	NODE_2_length_168755_cov_58.418902	168755	correct
431089	578339	1	147263	NC_002945.4	NODE_3_length_147263_cov_58.005977	99.97		True
CONTIG	NODE_3_length_147263_cov_58.005977	147263	correct
3490598	3622758	132111	1	NC_002945.4	NODE_4_length_132111_cov_58.186435	99.94		True
CONTIG	NODE_4_length_132111_cov_58.186435	132111	correct
676375	804237	116	127978	NC_002945.4	NODE_5_length_127978_cov_54.195342	99.98		True
CONTIG	NODE_5_length_127978_cov_54.195342	127978	correct
968980	1009472	1	40492	NC_002945.4	NODE_6_length_121069_cov_53.704295	99.98		True
relocation, inconsistency = 1457
1010930	1091453	40493	121019	NC_002945.4	NODE_6_length_121069_cov_53.704295	99.99		True
CONTIG	NODE_6_length_121069_cov_53.704295	121069	misassembled
1657502	1769051	111549	1	NC_002945.4	NODE_7_length_111549_cov_54.814027	99.99		True
CONTIG	NODE_7_length_111549_cov_54.814027	111549	correct
4097481	4193621	96141	1	NC_002945.4	NODE_8_length_96141_cov_60.225476	99.99		True
CONTIG	NODE_8_length_96141_cov_60.225476	96141	correct
2515544	2608936	1	93377	NC_002945.4	NODE_9_length_93377_cov_56.038717	99.97		True
CONTIG	NODE_9_length_93377_cov_56.038717	93377	correct
1386577	1470630	84073	1	NC_002945.4	NODE_10_length_84073_cov_56.216540	99.79		True
CONTIG	NODE_10_length_84073_cov_56.216540	84073	correct
3898926	3979253	1	80328	NC_002945.4	NODE_11_length_80333_cov_53.451196	99.99		True
CONTIG	NODE_11_length_80333_cov_53.451196	80333	correct
3343688	3422343	78724	1	NC_002945.4	NODE_12_length_78724_cov_57.110928	99.9		True
CONTIG	NODE_12_length_78724_cov_57.110928	78724	correct
1779554	1854053	1	74500	NC_002945.4	NODE_13_length_74511_cov_56.801458	99.99		True
CONTIG	NODE_13_length_74511_cov_56.801458	74511	correct
2694006	2767174	73169	1	NC_002945.4	NODE_14_length_73169_cov_57.206260	99.99		True
CONTIG	NODE_14_length_73169_cov_57.206260	73169	correct
2444973	2515398	70425	1	NC_002945.4	NODE_15_length_70425_cov_55.860098	99.99		True
CONTIG	NODE_15_length_70425_cov_55.860098	70425	correct
1097079	1165076	1	67891	NC_002945.4	NODE_16_length_67891_cov_59.049103	99.83		True
CONTIG	NODE_16_length_67891_cov_59.049103	67891	correct
2023803	2056206	1	32404	NC_002945.4	NODE_17_length_64796_cov_56.304649	99.97		True
relocation, inconsistency = -32392
2023803	2056194	64796	32405	NC_002945.4	NODE_17_length_64796_cov_56.304649	99.97		True
CONTIG	NODE_17_length_64796_cov_56.304649	64796	misassembled
3015910	3080178	1	64295	NC_002945.4	NODE_18_length_64295_cov_54.493511	99.93		True
CONTIG	NODE_18_length_64295_cov_54.493511	64295	correct
4195020	4259059	1	64040	NC_002945.4	NODE_19_length_64040_cov_59.165154	99.99		True
CONTIG	NODE_19_length_64040_cov_59.165154	64040	correct
4036124	4097309	61186	1	NC_002945.4	NODE_20_length_61202_cov_56.388743	99.99		True
CONTIG	NODE_20_length_61202_cov_56.388743	61202	correct
1885364	1945420	60059	1	NC_002945.4	NODE_21_length_60059_cov_52.074951	99.99		True
CONTIG	NODE_21_length_60059_cov_52.074951	60059	correct
3777598	3835691	58096	1	NC_002945.4	NODE_22_length_58096_cov_57.599814	99.98		True
CONTIG	NODE_22_length_58096_cov_57.599814	58096	correct
1220183	1277865	57653	1	NC_002945.4	NODE_23_length_57653_cov_56.537817	99.94		True
CONTIG	NODE_23_length_57653_cov_56.537817	57653	correct
2083596	2140729	57143	10	NC_002945.4	NODE_24_length_57309_cov_58.396361	99.99		True
CONTIG	NODE_24_length_57309_cov_58.396361	57309	correct
1284949	1340668	55782	1	NC_002945.4	NODE_25_length_55782_cov_51.561463	99.88		True
CONTIG	NODE_25_length_55782_cov_51.561463	55782	correct
2839232	2894003	54772	1	NC_002945.4	NODE_26_length_54772_cov_54.860136	99.97		True
CONTIG	NODE_26_length_54772_cov_54.860136	54772	correct
2193232	2245067	1	51836	NC_002945.4	NODE_27_length_51836_cov_55.546918	99.99		True
CONTIG	NODE_27_length_51836_cov_55.546918	51836	correct
3985089	4000623	1	15535	NC_002945.4	NODE_28_length_50434_cov_58.518700	100.0		True
local misassembly
4000846	4035801	15536	50434	NC_002945.4	NODE_28_length_50434_cov_58.518700	99.82		True
CONTIG	NODE_28_length_50434_cov_58.518700	50434	correct
3622866	3673177	50254	1	NC_002945.4	NODE_29_length_50254_cov_55.261464	99.87		True
CONTIG	NODE_29_length_50254_cov_55.261464	50254	correct
842904	890984	1	48081	NC_002945.4	NODE_30_length_48081_cov_56.318161	99.97		True
CONTIG	NODE_30_length_48081_cov_56.318161	48081	correct
625607	673271	103	47731	NC_002945.4	NODE_31_length_47736_cov_51.205752	99.92		True
CONTIG	NODE_31_length_47736_cov_51.205752	47736	correct
2968183	3015513	47331	1	NC_002945.4	NODE_32_length_47331_cov_62.392934	99.99		True
CONTIG	NODE_32_length_47331_cov_62.392934	47331	correct
3193818	3239581	1	45764	NC_002945.4	NODE_33_length_45764_cov_54.901336	99.99		True
CONTIG	NODE_33_length_45764_cov_54.901336	45764	correct
105134	150123	1	44990	NC_002945.4	NODE_34_length_44990_cov_52.985542	99.97		True
CONTIG	NODE_34_length_44990_cov_52.985542	44990	correct
1574112	1619072	1	44961	NC_002945.4	NODE_35_length_44961_cov_56.153824	99.99		True
CONTIG	NODE_35_length_44961_cov_56.153824	44961	correct
1492040	1535061	43022	1	NC_002945.4	NODE_36_length_43022_cov_53.923492	99.98		True
CONTIG	NODE_36_length_43022_cov_53.923492	43022	correct
3445667	3488469	1	42803	NC_002945.4	NODE_37_length_42803_cov_54.732897	99.97		True
CONTIG	NODE_37_length_42803_cov_54.732897	42803	correct
2617016	2659646	5	42635	NC_002945.4	NODE_38_length_42635_cov_52.109032	99.99		True
CONTIG	NODE_38_length_42635_cov_52.109032	42635	correct
3153317	3193611	1	40295	NC_002945.4	NODE_39_length_40295_cov_55.714743	99.99		True
CONTIG	NODE_39_length_40295_cov_55.714743	40295	correct
2246463	2283547	37087	1	NC_002945.4	NODE_40_length_37087_cov_53.149404	99.95		True
CONTIG	NODE_40_length_37087_cov_53.149404	37087	correct
2801106	2837744	36639	1	NC_002945.4	NODE_41_length_36639_cov_52.149730	99.98		True
CONTIG	NODE_41_length_36639_cov_52.149730	36639	correct
3304384	3337986	1	33548	NC_002945.4	NODE_42_length_33548_cov_55.160585	99.81		True
CONTIG	NODE_42_length_33548_cov_55.160585	33548	correct
369360	401214	31855	1	NC_002945.4	NODE_43_length_31855_cov_60.545817	99.99		True
CONTIG	NODE_43_length_31855_cov_60.545817	31855	correct
930671	960961	30291	1	NC_002945.4	NODE_44_length_31307_cov_58.548027	99.98		True
relocation, inconsistency = -260658
1190322	1191328	31298	30292	NC_002945.4	NODE_44_length_31307_cov_58.548027	99.81		True
CONTIG	NODE_44_length_31307_cov_58.548027	31307	misassembled
3846238	3877121	1	30885	NC_002945.4	NODE_45_length_30893_cov_60.863869	99.98		True
CONTIG	NODE_45_length_30893_cov_60.863869	30893	correct
1854685	1885247	30563	1	NC_002945.4	NODE_46_length_30586_cov_47.972409	99.98		True
CONTIG	NODE_46_length_30586_cov_47.972409	30586	correct
2161661	2192000	1	30341	NC_002945.4	NODE_47_length_30341_cov_59.237660	99.99		True
CONTIG	NODE_47_length_30341_cov_59.237660	30341	correct
824601	835086	10486	1	NC_002945.4	NODE_48_length_30243_cov_60.903045	99.97		True
local misassembly
804290	824045	30243	10487	NC_002945.4	NODE_48_length_30243_cov_60.903045	99.97		True
CONTIG	NODE_48_length_30243_cov_60.903045	30243	correct
2294717	2324305	1	29589	NC_002945.4	NODE_49_length_29589_cov_52.755075	99.99		True
CONTIG	NODE_49_length_29589_cov_52.755075	29589	correct
2343181	2372107	28927	1	NC_002945.4	NODE_50_length_28927_cov_50.591715	99.99		True
CONTIG	NODE_50_length_28927_cov_50.591715	28927	correct
3124824	3153163	1	28229	NC_002945.4	NODE_51_length_28229_cov_58.506845	99.59		True
CONTIG	NODE_51_length_28229_cov_58.506845	28229	correct
402699	430890	1	28142	NC_002945.4	NODE_52_length_28142_cov_62.036643	99.81		True
CONTIG	NODE_52_length_28142_cov_62.036643	28142	correct
3252570	3280632	1	28064	NC_002945.4	NODE_53_length_28064_cov_54.833506	99.98		True
CONTIG	NODE_53_length_28064_cov_54.833506	28064	correct
1358433	1386293	1	27866	NC_002945.4	NODE_54_length_27866_cov_55.891999	99.98		True
CONTIG	NODE_54_length_27866_cov_55.891999	27866	correct
1536036	1563871	1	27836	NC_002945.4	NODE_55_length_27836_cov_53.837464	99.99		True
CONTIG	NODE_55_length_27836_cov_53.837464	27836	correct
2666251	2693327	10	27028	NC_002945.4	NODE_56_length_27028_cov_56.396555	99.77		True
CONTIG	NODE_56_length_27028_cov_56.396555	27028	correct
2056982	2083519	1	26538	NC_002945.4	NODE_57_length_26538_cov_62.694435	99.98		True
CONTIG	NODE_57_length_26538_cov_62.694435	26538	correct
1945446	1971943	26498	1	NC_002945.4	NODE_58_length_26498_cov_55.152163	99.98		True
CONTIG	NODE_58_length_26498_cov_55.152163	26498	correct
2776344	2800260	23842	1	NC_002945.4	NODE_59_length_23842_cov_60.010542	99.68		True
CONTIG	NODE_59_length_23842_cov_60.010542	23842	correct
1996467	2020201	1	23696	NC_002945.4	NODE_60_length_23696_cov_53.576977	99.82		True
CONTIG	NODE_60_length_23696_cov_53.576977	23696	correct
3084518	3108109	1	23592	NC_002945.4	NODE_61_length_23592_cov_47.335328	99.9		True
CONTIG	NODE_61_length_23592_cov_47.335328	23592	correct
80520	103810	1	23292	NC_002945.4	NODE_62_length_23306_cov_54.582435	99.99		True
CONTIG	NODE_62_length_23306_cov_54.582435	23306	correct
2386762	2408373	1	21612	NC_002945.4	NODE_63_length_21945_cov_51.252191	100.0		True
relocation, inconsistency = -751432
1656942	1657274	21613	21945	NC_002945.4	NODE_63_length_21945_cov_51.252191	100.0		True
CONTIG	NODE_63_length_21945_cov_51.252191	21945	misassembled
2423361	2444802	21442	1	NC_002945.4	NODE_64_length_21442_cov_60.975384	99.99		True
CONTIG	NODE_64_length_21442_cov_60.975384	21442	correct
2894684	2916094	15	21424	NC_002945.4	NODE_65_length_21424_cov_55.034547	99.98		True
CONTIG	NODE_65_length_21424_cov_55.034547	21424	correct
341725	362766	21241	200	NC_002945.4	NODE_66_length_21251_cov_53.248044	100.0		True
CONTIG	NODE_66_length_21251_cov_53.248044	21251	correct
3738001	3758911	20911	1	NC_002945.4	NODE_67_length_20911_cov_48.488984	100.0		True
CONTIG	NODE_67_length_20911_cov_48.488984	20911	correct
3422341	3442316	19976	1	NC_002945.4	NODE_68_length_19995_cov_56.110059	99.98		True
CONTIG	NODE_68_length_19995_cov_56.110059	19995	correct
1472029	1490747	1	18720	NC_002945.4	NODE_69_length_18857_cov_67.778527	99.98		True
CONTIG	NODE_69_length_18857_cov_67.778527	18857	correct
578485	597391	1	18772	NC_002945.4	NODE_70_length_18779_cov_59.075963	99.29		True
CONTIG	NODE_70_length_18779_cov_59.075963	18779	correct
2324496	2343098	18603	1	NC_002945.4	NODE_71_length_18603_cov_51.943780	99.98		True
CONTIG	NODE_71_length_18603_cov_51.943780	18603	correct
1171177	1188990	1	17814	NC_002945.4	NODE_72_length_17833_cov_55.645955	99.99		True
CONTIG	NODE_72_length_17833_cov_55.645955	17833	correct
1193222	1210879	1	17658	NC_002945.4	NODE_73_length_17658_cov_59.347858	99.98		True
CONTIG	NODE_73_length_17658_cov_59.347858	17658	correct
3674452	3692107	1	17656	NC_002945.4	NODE_74_length_17656_cov_53.521875	100.0		True
CONTIG	NODE_74_length_17656_cov_53.521875	17656	correct
2140768	2158078	1	17311	NC_002945.4	NODE_75_length_17311_cov_61.298588	99.99		True
CONTIG	NODE_75_length_17311_cov_61.298588	17311	correct
892259	909414	1	17156	NC_002945.4	NODE_76_length_17156_cov_55.487239	99.99		True
CONTIG	NODE_76_length_17156_cov_55.487239	17156	correct
3280697	3297694	1	16998	NC_002945.4	NODE_77_length_16998_cov_55.252225	99.85		True
CONTIG	NODE_77_length_16998_cov_55.252225	16998	correct
3760630	3777190	16561	1	NC_002945.4	NODE_78_length_16561_cov_48.908579	99.99		True
CONTIG	NODE_78_length_16561_cov_48.908579	16561	correct
910144	926149	15948	1	NC_002945.4	NODE_79_length_15948_cov_70.310650	99.63		True
CONTIG	NODE_79_length_15948_cov_70.310650	15948	correct
3108195	3123616	1	15368	NC_002945.4	NODE_80_length_15368_cov_54.358461	99.64		True
CONTIG	NODE_80_length_15368_cov_54.358461	15368	correct
609179	624421	1	15243	NC_002945.4	NODE_81_length_15243_cov_53.466601	99.99		True
CONTIG	NODE_81_length_15243_cov_53.466601	15243	correct
2917011	2932168	1	15158	NC_002945.4	NODE_82_length_15158_cov_61.768793	99.97		True
CONTIG	NODE_82_length_15158_cov_61.768793	15158	correct
1343973	1358383	14384	1	NC_002945.4	NODE_83_length_14384_cov_56.327991	99.81		True
CONTIG	NODE_83_length_14384_cov_56.327991	14384	correct
2372337	2386667	1	14331	NC_002945.4	NODE_84_length_14331_cov_54.689397	99.98		True
CONTIG	NODE_84_length_14331_cov_54.689397	14331	correct
2409010	2422682	11	13683	NC_002945.4	NODE_85_length_13683_cov_57.638608	99.98		True
CONTIG	NODE_85_length_13683_cov_57.638608	13683	correct
3724988	3737477	1	12490	NC_002945.4	NODE_86_length_13276_cov_50.178207	99.98		True
relocation, inconsistency = 241746
3979344	3980009	13276	12611	NC_002945.4	NODE_86_length_13276_cov_50.178207	100.0		True
CONTIG	NODE_86_length_13276_cov_50.178207	13276	misassembled
3239549	3252474	1	12926	NC_002945.4	NODE_87_length_12926_cov_58.069340	99.97		True
CONTIG	NODE_87_length_12926_cov_58.069340	12926	correct
1973081	1985484	12468	98	NC_002945.4	NODE_88_length_12468_cov_53.011982	99.72		True
CONTIG	NODE_88_length_12468_cov_53.011982	12468	correct
2944713	2957193	12426	1	NC_002945.4	NODE_89_length_12426_cov_55.131687	99.54		True
CONTIG	NODE_89_length_12426_cov_55.131687	12426	correct
3712274	3724552	12279	1	NC_002945.4	NODE_90_length_12279_cov_73.511106	99.73		True
CONTIG	NODE_90_length_12279_cov_73.511106	12279	correct
2932240	2943869	1	11630	NC_002945.4	NODE_91_length_11630_cov_57.925412	99.99		True
CONTIG	NODE_91_length_11630_cov_57.925412	11630	correct
1645484	1656847	11364	1	NC_002945.4	NODE_92_length_11364_cov_53.496161	100.0		True
CONTIG	NODE_92_length_11364_cov_53.496161	11364	correct
2957184	2968118	10935	1	NC_002945.4	NODE_93_length_10935_cov_58.082737	99.99		True
CONTIG	NODE_93_length_10935_cov_58.082737	10935	correct
3700130	3710641	1	10512	NC_002945.4	NODE_94_length_10512_cov_72.709896	99.87		True
CONTIG	NODE_94_length_10512_cov_72.709896	10512	correct
597392	607694	2	10304	NC_002945.4	NODE_95_length_10304_cov_57.766819	99.98		True
CONTIG	NODE_95_length_10304_cov_57.766819	10304	correct
1563878	1566514	2637	1	NC_002945.4	NODE_96_length_9524_cov_53.425877	100.0		True
relocation, inconsistency = -9491
1566482	1573368	9524	2638	NC_002945.4	NODE_96_length_9524_cov_53.425877	99.97		True
CONTIG	NODE_96_length_9524_cov_53.425877	9524	misassembled
3836982	3845210	8229	1	NC_002945.4	NODE_97_length_8229_cov_57.203270	99.99		True
CONTIG	NODE_97_length_8229_cov_57.203270	8229	correct
1623843	1631611	1	7769	NC_002945.4	NODE_98_length_8093_cov_52.905707	99.97		True
local misassembly
1631837	1632160	7770	8093	NC_002945.4	NODE_98_length_8093_cov_52.905707	100.0		True
CONTIG	NODE_98_length_8093_cov_52.905707	8093	correct
1638755	1645436	1	6682	NC_002945.4	NODE_99_length_6682_cov_61.163333	100.0		True
CONTIG	NODE_99_length_6682_cov_61.163333	6682	correct
3297747	3304389	1	6652	NC_002945.4	NODE_100_length_6652_cov_56.127965	99.86		True
CONTIG	NODE_100_length_6652_cov_56.127965	6652	correct
2659668	2665772	1	6105	NC_002945.4	NODE_101_length_6105_cov_51.767951	99.97		True
CONTIG	NODE_101_length_6105_cov_51.767951	6105	correct
364053	369264	1	5212	NC_002945.4	NODE_102_length_5212_cov_60.028191	99.94		True
CONTIG	NODE_102_length_5212_cov_60.028191	5212	correct
2612063	2617017	1	4955	NC_002945.4	NODE_103_length_4977_cov_70.718042	99.98		True
CONTIG	NODE_103_length_4977_cov_70.718042	4977	correct
1987122	1992033	1	4913	NC_002945.4	NODE_104_length_4913_cov_66.325410	99.96		True
CONTIG	NODE_104_length_4913_cov_66.325410	4913	correct
2768476	2773132	4	4660	NC_002945.4	NODE_105_length_4660_cov_47.346229	99.98		True
CONTIG	NODE_105_length_4660_cov_47.346229	4660	correct
960993	965373	4383	3	NC_002945.4	NODE_106_length_4383_cov_47.603218	100.0		True
CONTIG	NODE_106_length_4383_cov_47.603218	4383	correct
3980236	3984585	4350	1	NC_002945.4	NODE_107_length_4350_cov_49.618485	100.0		True
CONTIG	NODE_107_length_4350_cov_49.618485	4350	correct
1619978	1623832	3855	1	NC_002945.4	NODE_108_length_4207_cov_46.039291	100.0		True
relocation, inconsistency = -234516
1854147	1854493	4202	3856	NC_002945.4	NODE_108_length_4207_cov_46.039291	100.0		True
CONTIG	NODE_108_length_4207_cov_46.039291	4207	misassembled
1165993	1169806	3814	1	NC_002945.4	NODE_109_length_3814_cov_66.574980	99.97		True
CONTIG	NODE_109_length_3814_cov_66.574980	3814	correct
3885280	3889026	1	3747	NC_002945.4	NODE_110_length_3747_cov_50.386645	99.97		True
CONTIG	NODE_110_length_3747_cov_50.386645	3747	correct
965518	969012	3495	1	NC_002945.4	NODE_111_length_3662_cov_59.208873	99.94		True
CONTIG	NODE_111_length_3662_cov_59.208873	3662	correct
1280191	1283358	1	3168	NC_002945.4	NODE_112_length_3168_cov_62.912281	100.0		True
CONTIG	NODE_112_length_3168_cov_62.912281	3168	correct
1993429	1996439	1	3011	NC_002945.4	NODE_113_length_3011_cov_57.159167	99.97		True
CONTIG	NODE_113_length_3011_cov_57.159167	3011	correct
1215163	1218028	1	2866	NC_002945.4	NODE_114_length_2866_cov_67.285916	100.0		True
CONTIG	NODE_114_length_2866_cov_67.285916	2866	correct
2284756	2287553	2798	1	NC_002945.4	NODE_115_length_2840_cov_41.334521	100.0		True
CONTIG	NODE_115_length_2840_cov_41.334521	2840	correct
2290804	2293622	1	2819	NC_002945.4	NODE_116_length_2819_cov_43.626346	100.0		True
CONTIG	NODE_116_length_2819_cov_43.626346	2819	correct
835297	838044	1	2748	NC_002945.4	NODE_117_length_2748_cov_50.318969	100.0		True
CONTIG	NODE_117_length_2748_cov_50.318969	2748	correct
1210988	1213474	26	2512	NC_002945.4	NODE_118_length_2556_cov_58.752279	99.96		True
CONTIG	NODE_118_length_2556_cov_58.752279	2556	correct
2020966	2023322	1	2357	NC_002945.4	NODE_119_length_2357_cov_46.344234	99.96		True
CONTIG	NODE_119_length_2357_cov_46.344234	2357	correct
339580	341448	1869	1	NC_002945.4	NODE_120_length_1869_cov_58.631808	99.36		True
CONTIG	NODE_120_length_1869_cov_58.631808	1869	correct
926216	926360	1	145	NC_002945.4	NODE_121_length_1820_cov_66.541690	100.0		True
relocation, inconsistency = 166186
1092547	1094224	1820	146	NC_002945.4	NODE_121_length_1820_cov_66.541690	99.11		True
CONTIG	NODE_121_length_1820_cov_66.541690	1820	misassembled
3488667	3490374	1708	1	NC_002945.4	NODE_122_length_1708_cov_64.381493	100.0		True
CONTIG	NODE_122_length_1708_cov_64.381493	1708	correct
2609911	2611515	1605	1	NC_002945.4	NODE_123_length_1605_cov_75.032443	100.0		True
CONTIG	NODE_123_length_1605_cov_75.032443	1605	correct
607662	609211	1550	1	NC_002945.4	NODE_124_length_1550_cov_92.469347	100.0		True
CONTIG	NODE_124_length_1550_cov_92.469347	1550	correct
1283386	1284933	1	1548	NC_002945.4	NODE_125_length_1548_cov_60.080528	100.0		True
CONTIG	NODE_125_length_1548_cov_60.080528	1548	correct
3081329	3082862	1534	1	NC_002945.4	NODE_126_length_1534_cov_54.465023	100.0		True
CONTIG	NODE_126_length_1534_cov_54.465023	1534	correct
4193589	4195052	1464	1	NC_002945.4	NODE_127_length_1464_cov_112.864430	100.0		True
CONTIG	NODE_127_length_1464_cov_112.864430	1464	correct
1992001	1993461	1	1461	NC_002945.4	NODE_128_length_1461_cov_103.025210	100.0		True
CONTIG	NODE_128_length_1461_cov_103.025210	1461	correct
2159077	2160527	1	1451	NC_002945.4	NODE_129_length_1451_cov_90.152327	100.0		True
CONTIG	NODE_129_length_1451_cov_90.152327	1451	correct
1635751	1637181	1	1431	NC_002945.4	NODE_130_length_1431_cov_56.223176	100.0		True
CONTIG	NODE_130_length_1431_cov_56.223176	1431	correct
3673145	3674484	1340	1	NC_002945.4	NODE_131_length_1340_cov_123.219587	100.0		True
CONTIG	NODE_131_length_1340_cov_123.219587	1340	correct
3835659	3836979	1	1321	NC_002945.4	NODE_132_length_1321_cov_152.072205	99.7		True
CONTIG	NODE_132_length_1321_cov_152.072205	1321	correct
839301	840610	1	1283	NC_002945.4	NODE_133_length_1283_cov_21.602400	97.86		True
CONTIG	NODE_133_length_1283_cov_21.602400	1283	correct
3443687	3444937	1	1251	NC_002945.4	NODE_134_length_1251_cov_63.926108	100.0		True
CONTIG	NODE_134_length_1251_cov_63.926108	1251	correct
3692526	3693774	1249	1	NC_002945.4	NODE_135_length_1249_cov_75.842928	100.0		True
CONTIG	NODE_135_length_1249_cov_75.842928	1249	correct
2283515	2284746	1232	1	NC_002945.4	NODE_136_length_1232_cov_86.165138	99.92		True
CONTIG	NODE_136_length_1232_cov_86.165138	1232	correct
3711277	3712306	1	1030	NC_002945.4	NODE_137_length_1030_cov_128.357071	100.0		True
CONTIG	NODE_137_length_1030_cov_128.357071	1030	correct
3339342	3340367	1026	1	NC_002945.4	NODE_138_length_1026_cov_59.114804	100.0		True
CONTIG	NODE_138_length_1026_cov_59.114804	1026	correct
3694254	3695226	1004	32	NC_002945.4	NODE_139_length_1004_cov_33.251287	100.0		True
CONTIG	NODE_139_length_1004_cov_33.251287	1004	correct
1165044	1166025	982	1	NC_002945.4	NODE_140_length_982_cov_114.347734	99.9		True
CONTIG	NODE_140_length_982_cov_114.347734	982	correct
2293590	2294512	1	923	NC_002945.4	NODE_141_length_923_cov_86.416854	100.0		True
CONTIG	NODE_141_length_923_cov_86.416854	923	correct
3342811	3343719	1	909	NC_002945.4	NODE_142_length_909_cov_291.873288	100.0		True
CONTIG	NODE_142_length_909_cov_291.873288	909	correct
3879245	3880153	1	909	NC_002945.4	NODE_143_length_909_cov_16.319635	100.0		True
CONTIG	NODE_143_length_909_cov_16.319635	909	correct
1341064	1341965	1	902	NC_002945.4	NODE_144_length_902_cov_61.922900	99.11		True
CONTIG	NODE_144_length_902_cov_61.922900	902	correct
332711	333287	577	1	NC_002945.4	NODE_145_length_871_cov_15.698091	99.83		True
relocation, inconsistency = -5633
338165	338343	756	578	NC_002945.4	NODE_145_length_871_cov_15.698091	100.0		True
indel: indel (> 5bp)
338059	338164	871	766	NC_002945.4	NODE_145_length_871_cov_15.698091	100.0		True
CONTIG	NODE_145_length_871_cov_15.698091	871	misassembled
2191968	2192811	1	844	NC_002945.4	NODE_146_length_844_cov_100.510481	100.0		True
CONTIG	NODE_146_length_844_cov_100.510481	844	correct
1095039	1095876	838	1	NC_002945.4	NODE_147_length_838_cov_69.335404	100.0		True
CONTIG	NODE_147_length_838_cov_69.335404	838	correct
3897657	3898491	1	835	NC_002945.4	NODE_148_length_835_cov_33.008728	100.0		True
CONTIG	NODE_148_length_835_cov_33.008728	835	correct
3698340	3699163	824	1	NC_002945.4	NODE_149_length_824_cov_11.759798	100.0		True
CONTIG	NODE_149_length_824_cov_11.759798	824	correct
2774972	2775785	1	814	NC_002945.4	NODE_150_length_819_cov_12.239186	100.0		True
CONTIG	NODE_150_length_819_cov_12.239186	819	correct
1972138	1972954	817	1	NC_002945.4	NODE_151_length_817_cov_79.265306	100.0		True
CONTIG	NODE_151_length_817_cov_79.265306	817	correct
2288837	2289637	801	1	NC_002945.4	NODE_152_length_801_cov_56.279948	100.0		True
CONTIG	NODE_152_length_801_cov_56.279948	801	correct
3444905	3445699	1	795	NC_002945.4	NODE_153_length_795_cov_137.607612	100.0		True
CONTIG	NODE_153_length_795_cov_137.607612	795	correct
2693295	2694038	744	1	NC_002945.4	NODE_154_length_744_cov_130.561181	100.0		True
CONTIG	NODE_154_length_744_cov_130.561181	744	correct
3341615	3342316	702	1	NC_002945.4	NODE_155_length_702_cov_50.156951	100.0		True
CONTIG	NODE_155_length_702_cov_50.156951	702	correct
336151	336301	151	1	NC_002945.4	NODE_156_length_695_cov_13.250755	100.0		True
local misassembly
335610	336051	695	254	NC_002945.4	NODE_156_length_695_cov_13.250755	97.74		True
CONTIG	NODE_156_length_695_cov_13.250755	695	correct
79561	80253	1	693	NC_002945.4	NODE_157_length_693_cov_56.301515	99.86		True
CONTIG	NODE_157_length_693_cov_56.301515	693	correct
3894685	3895375	1	691	NC_002945.4	NODE_158_length_691_cov_68.823708	100.0		True
CONTIG	NODE_158_length_691_cov_68.823708	691	correct
838338	838988	17	667	NC_002945.4	NODE_159_length_689_cov_13.079268	100.0		True
CONTIG	NODE_159_length_689_cov_13.079268	689	correct
3123760	3124428	669	1	NC_002945.4	NODE_160_length_669_cov_26.185535	99.85		True
CONTIG	NODE_160_length_669_cov_26.185535	669	correct
2767230	2767670	456	16	NC_002945.4	NODE_161_length_632_cov_19.919866	99.77		True
relocation, inconsistency = 1126404
3894075	3894250	457	632	NC_002945.4	NODE_161_length_632_cov_19.919866	100.0		True
CONTIG	NODE_161_length_632_cov_19.919866	632	misassembled
624783	625378	1	596	NC_002945.4	NODE_162_length_596_cov_10.868561	100.0		True
CONTIG	NODE_162_length_596_cov_10.868561	596	correct
675030	675617	1	588	NC_002945.4	NODE_163_length_588_cov_5.515315	100.0		True
CONTIG	NODE_163_length_588_cov_5.515315	588	correct
2767926	2768483	557	1	NC_002945.4	NODE_164_length_557_cov_27.631679	99.82		True
CONTIG	NODE_164_length_557_cov_27.631679	557	correct
928404	928946	1	552	NC_002945.4	NODE_165_length_552_cov_27.287091	98.37		True
CONTIG	NODE_165_length_552_cov_27.287091	552	correct
2020169	2020714	1	546	NC_002945.4	NODE_166_length_546_cov_83.460039	100.0		True
CONTIG	NODE_166_length_546_cov_83.460039	546	correct
1637304	1637768	512	48	NC_002945.4	NODE_167_length_524_cov_11.668024	100.0		True
CONTIG	NODE_167_length_524_cov_11.668024	524	correct
928970	929450	39	519	NC_002945.4	NODE_168_length_519_cov_7.534979	100.0		True
CONTIG	NODE_168_length_519_cov_7.534979	519	correct
2774281	2774707	427	1	NC_002945.4	NODE_169_length_511_cov_3.351464	100.0		True
relocation, inconsistency = 1141780
1632417	1632500	511	428	NC_002945.4	NODE_169_length_511_cov_3.351464	99.22		True
CONTIG	NODE_169_length_511_cov_3.351464	511	misassembled
3710609	3711109	1	501	NC_002945.4	NODE_170_length_501_cov_42.230769	98.01		True
CONTIG	NODE_170_length_501_cov_42.230769	501	correct
3898459	3898958	1	500	NC_002945.4	NODE_171_length_500_cov_90.997859	100.0		True
CONTIG	NODE_171_length_500_cov_90.997859	500	correct
