S1	E1	S2	E2	Reference	Contig	IDY	Ambiguous	Best_group
3445573	3673271	1	227591	NC_002945.4	NODE_1_length_227591_cov_47.726023	99.93		True
CONTIG	NODE_1_length_227591_cov_47.726023	227591	correct
2444879	2665758	220932	1	NC_002945.4	NODE_2_length_220932_cov_46.273363	99.96		True
CONTIG	NODE_2_length_220932_cov_46.273363	220932	correct
402605	607788	1	204992	NC_002945.4	NODE_3_length_204992_cov_46.943587	99.89		True
CONTIG	NODE_3_length_204992_cov_46.943587	204992	correct
2957039	3124474	1	166747	NC_002945.4	NODE_4_length_167012_cov_45.825592	99.45		True
CONTIG	NODE_4_length_167012_cov_45.825592	167012	correct
30083	103918	73849	1	NC_002945.4	NODE_5_length_158619_cov_47.001375	99.96		True
local misassembly
1	29469	103319	73851	NC_002945.4	NODE_5_length_158619_cov_47.001375	99.99		True
fake: not a misassembly [linear representation of circular genome]
4294604	4349904	158619	103320	NC_002945.4	NODE_5_length_158619_cov_47.001375	99.99		True
CONTIG	NODE_5_length_158619_cov_47.001375	158619	correct
3674358	3699766	1	25391	NC_002945.4	NODE_6_length_156598_cov_43.563133	99.93		True
relocation, inconsistency = -1845923
1853844	1985397	25392	156479	NC_002945.4	NODE_6_length_156598_cov_43.563133	99.63		True
CONTIG	NODE_6_length_156598_cov_43.563133	156598	misassembled
150072	306688	156590	1	NC_002945.4	NODE_7_length_156590_cov_47.280264	99.97		True
CONTIG	NODE_7_length_156590_cov_47.280264	156590	correct
1638966	1769053	130179	93	NC_002945.4	NODE_8_length_130329_cov_48.882582	99.99		True
CONTIG	NODE_8_length_130329_cov_48.882582	130329	correct
1010930	1091964	81207	170	NC_002945.4	NODE_9_length_120597_cov_46.679198	99.99		True
relocation, inconsistency = 1457
970273	1009472	120406	81208	NC_002945.4	NODE_9_length_120597_cov_46.679198	99.97		True
CONTIG	NODE_9_length_120597_cov_46.679198	120597	misassembled
3297493	3338802	41479	1	NC_002945.4	NODE_10_length_119761_cov_46.266287	99.81		True
indel: stretch of mismatches
3219371	3297478	119658	41494	NC_002945.4	NODE_10_length_119761_cov_46.266287	99.92		True
CONTIG	NODE_10_length_119761_cov_46.266287	119761	correct
3343594	3442410	98885	1	NC_002945.4	NODE_11_length_98885_cov_48.117479	99.92		True
CONTIG	NODE_11_length_98885_cov_48.117479	98885	correct
4097330	4193715	1	96386	NC_002945.4	NODE_12_length_96386_cov_47.922116	99.99		True
CONTIG	NODE_12_length_96386_cov_47.922116	96386	correct
3897145	3979251	1	82098	NC_002945.4	NODE_13_length_86915_cov_46.827442	99.98		True
local misassembly
3979744	3980004	82099	82359	NC_002945.4	NODE_13_length_86915_cov_46.827442	100.0		True
local misassembly
3980122	3984677	82360	86915	NC_002945.4	NODE_13_length_86915_cov_46.827442	100.0		True
CONTIG	NODE_13_length_86915_cov_46.827442	86915	correct
2056923	2083604	1	26682	NC_002945.4	NODE_14_length_83949_cov_48.146262	99.98		True
local misassembly
2083596	2140694	26821	83919	NC_002945.4	NODE_14_length_83949_cov_48.146262	99.99		True
CONTIG	NODE_14_length_83949_cov_48.146262	83949	correct
1491995	1573863	81869	1	NC_002945.4	NODE_15_length_82260_cov_47.995751	99.93		True
CONTIG	NODE_15_length_82260_cov_47.995751	82260	correct
676703	757646	1	80944	NC_002945.4	NODE_16_length_80944_cov_44.203316	99.99		True
CONTIG	NODE_16_length_80944_cov_44.203316	80944	correct
757647	824045	1	66400	NC_002945.4	NODE_17_length_79858_cov_48.876196	99.99		True
local misassembly
824601	838058	66401	79858	NC_002945.4	NODE_17_length_79858_cov_48.876196	99.98		True
CONTIG	NODE_17_length_79858_cov_48.876196	79858	correct
2693912	2772089	1	78177	NC_002945.4	NODE_18_length_78177_cov_46.160743	99.99		True
CONTIG	NODE_18_length_78177_cov_46.160743	78177	correct
1779460	1853457	74196	199	NC_002945.4	NODE_19_length_74196_cov_46.279429	99.99		True
CONTIG	NODE_19_length_74196_cov_46.279429	74196	correct
1092496	1165170	72664	1	NC_002945.4	NODE_20_length_72680_cov_46.198572	99.97		True
CONTIG	NODE_20_length_72680_cov_46.198572	72680	correct
3124887	3193870	156	69085	NC_002945.4	NODE_21_length_69085_cov_47.062632	99.91		True
CONTIG	NODE_21_length_69085_cov_47.062632	69085	correct
1987357	1992127	4772	1	NC_002945.4	NODE_22_length_66367_cov_45.353004	99.96		True
relocation, inconsistency = 2043623
4035751	4097346	4773	66367	NC_002945.4	NODE_22_length_66367_cov_45.353004	99.98		True
CONTIG	NODE_22_length_66367_cov_45.353004	66367	misassembled
4194926	4259153	64228	1	NC_002945.4	NODE_23_length_64228_cov_48.182337	99.99		True
CONTIG	NODE_23_length_64228_cov_48.182337	64228	correct
2852121	2915907	63906	121	NC_002945.4	NODE_24_length_63961_cov_45.598991	99.98		True
CONTIG	NODE_24_length_63961_cov_45.598991	63961	correct
1280097	1343223	63189	1	NC_002945.4	NODE_25_length_63189_cov_50.221465	99.89		True
CONTIG	NODE_25_length_63189_cov_50.221465	63189	correct
1996351	2040960	1	44610	NC_002945.4	NODE_26_length_59894_cov_46.301671	99.98		True
local misassembly
2041273	2056469	44611	59807	NC_002945.4	NODE_26_length_59894_cov_46.301671	99.97		True
CONTIG	NODE_26_length_59894_cov_46.301671	59894	correct
1219427	1278412	58986	1	NC_002945.4	NODE_27_length_58986_cov_46.780645	99.99		True
CONTIG	NODE_27_length_58986_cov_46.780645	58986	correct
3777400	3835785	1	58318	NC_002945.4	NODE_28_length_58318_cov_47.423107	99.87		True
CONTIG	NODE_28_length_58318_cov_47.423107	58318	correct
1413935	1470724	1	56733	NC_002945.4	NODE_29_length_56733_cov_49.059287	99.89		True
CONTIG	NODE_29_length_56733_cov_49.059287	56733	correct
2192685	2245161	1	52477	NC_002945.4	NODE_30_length_52477_cov_51.335167	99.99		True
CONTIG	NODE_30_length_52477_cov_51.335167	52477	correct
3724846	3737454	1	12609	NC_002945.4	NODE_31_length_51826_cov_44.604518	99.98		True
local misassembly
3737665	3758900	12610	33845	NC_002945.4	NODE_31_length_51826_cov_44.604518	100.0		True
local misassembly
3759405	3777383	33846	51826	NC_002945.4	NODE_31_length_51826_cov_44.604518	99.94		True
CONTIG	NODE_31_length_51826_cov_44.604518	51826	correct
4000854	4035722	35043	175	NC_002945.4	NODE_32_length_51127_cov_46.164412	99.98		True
fake: scaffold gap size wrong estimation (local)
3984663	4000631	51112	35144	NC_002945.4	NODE_32_length_51127_cov_46.164412	100.0		True
CONTIG	NODE_32_length_51127_cov_46.164412	51127	correct
2801012	2852066	1	51055	NC_002945.4	NODE_33_length_51055_cov_47.011605	99.99		True
CONTIG	NODE_33_length_51055_cov_47.011605	51055	correct
1574142	1623825	49684	1	NC_002945.4	NODE_34_length_49858_cov_45.302367	99.98		True
CONTIG	NODE_34_length_49858_cov_45.302367	49858	correct
842470	891078	1	48609	NC_002945.4	NODE_35_length_48609_cov_45.424714	99.99		True
CONTIG	NODE_35_length_48609_cov_45.424714	48609	correct
625576	673271	217	47912	NC_002945.4	NODE_36_length_48056_cov_45.263181	99.99		True
CONTIG	NODE_36_length_48056_cov_45.263181	48056	correct
2294650	2324391	1	29742	NC_002945.4	NODE_37_length_46596_cov_44.411651	99.99		True
relocation, inconsistency = 2596
2326988	2343830	29743	46585	NC_002945.4	NODE_37_length_46596_cov_44.411651	99.97		True
CONTIG	NODE_37_length_46596_cov_44.411651	46596	misassembled
1343879	1386671	1	42798	NC_002945.4	NODE_38_length_42798_cov_46.434393	99.98		True
CONTIG	NODE_38_length_42798_cov_46.434393	42798	correct
3836888	3878180	41448	164	NC_002945.4	NODE_39_length_41448_cov_46.167494	99.9		True
CONTIG	NODE_39_length_41448_cov_46.167494	41448	correct
930668	970031	39785	182	NC_002945.4	NODE_40_length_39935_cov_45.103823	99.37		True
CONTIG	NODE_40_length_39935_cov_45.103823	39935	correct
363939	401308	37370	1	NC_002945.4	NODE_41_length_37391_cov_44.499624	99.99		True
CONTIG	NODE_41_length_37391_cov_44.499624	37391	correct
2246369	2283745	1	37379	NC_002945.4	NODE_42_length_37379_cov_49.821996	99.95		True
CONTIG	NODE_42_length_37379_cov_49.821996	37379	correct
2372428	2408933	36448	1	NC_002945.4	NODE_43_length_36450_cov_42.124301	99.83		True
CONTIG	NODE_43_length_36450_cov_42.124301	36450	correct
4259930	4293954	34023	1	NC_002945.4	NODE_44_length_34023_cov_47.264072	99.99		True
CONTIG	NODE_44_length_34023_cov_47.264072	34023	correct
1190092	1204735	14644	1	NC_002945.4	NODE_45_length_33422_cov_44.408830	99.97		True
local misassembly
1171083	1189860	33422	14645	NC_002945.4	NODE_45_length_33422_cov_44.408830	99.99		True
CONTIG	NODE_45_length_33422_cov_44.408830	33422	correct
2161798	2192094	1	30298	NC_002945.4	NODE_46_length_30298_cov_48.219648	99.99		True
CONTIG	NODE_46_length_30298_cov_48.219648	30298	correct
2343959	2372299	118	28458	NC_002945.4	NODE_47_length_28458_cov_44.707388	99.99		True
CONTIG	NODE_47_length_28458_cov_44.707388	28458	correct
2665843	2693421	1	27578	NC_002945.4	NODE_48_length_27578_cov_47.414812	99.99		True
CONTIG	NODE_48_length_27578_cov_47.414812	27578	correct
336693	363805	133	27167	NC_002945.4	NODE_49_length_27167_cov_38.960466	99.62		True
CONTIG	NODE_49_length_27167_cov_38.960466	27167	correct
105040	131924	1	26885	NC_002945.4	NODE_50_length_27026_cov_44.886278	99.98		True
CONTIG	NODE_50_length_27026_cov_44.886278	27026	correct
306716	333298	26615	138	NC_002945.4	NODE_51_length_26633_cov_45.388554	99.6		True
CONTIG	NODE_51_length_26633_cov_45.388554	26633	correct
1387000	1412955	183	26138	NC_002945.4	NODE_52_length_26138_cov_44.199416	99.98		True
CONTIG	NODE_52_length_26138_cov_44.199416	26138	correct
2423267	2444896	21630	1	NC_002945.4	NODE_53_length_21630_cov_49.632470	99.99		True
CONTIG	NODE_53_length_21630_cov_49.632470	21630	correct
2140777	2158516	85	17824	NC_002945.4	NODE_54_length_20459_cov_49.343645	99.96		True
local misassembly
2158655	2158913	17825	18083	NC_002945.4	NODE_54_length_20459_cov_49.343645	100.0		True
fake: scaffold gap size wrong estimation (local)
2158914	2160444	18115	19645	NC_002945.4	NODE_54_length_20459_cov_49.343645	95.49		True
CONTIG	NODE_54_length_20459_cov_49.343645	20459	correct
1471935	1490429	1	18496	NC_002945.4	NODE_55_length_18551_cov_54.322406	99.98		True
CONTIG	NODE_55_length_18551_cov_54.322406	18551	correct
892165	909508	17344	1	NC_002945.4	NODE_56_length_17344_cov_47.982924	99.99		True
CONTIG	NODE_56_length_17344_cov_47.982924	17344	correct
2776882	2793830	1	16949	NC_002945.4	NODE_57_length_17135_cov_49.960372	100.0		True
CONTIG	NODE_57_length_17135_cov_49.960372	17135	correct
133106	149959	1	16854	NC_002945.4	NODE_58_length_16854_cov_50.075865	99.96		True
CONTIG	NODE_58_length_16854_cov_50.075865	16854	correct
910050	926263	16214	1	NC_002945.4	NODE_59_length_16214_cov_49.948157	99.99		True
CONTIG	NODE_59_length_16214_cov_49.948157	16214	correct
3193780	3209295	1	15616	NC_002945.4	NODE_60_length_15616_cov_47.235716	100.0		True
CONTIG	NODE_60_length_15616_cov_47.235716	15616	correct
609085	624455	15371	1	NC_002945.4	NODE_61_length_15371_cov_46.563304	99.99		True
CONTIG	NODE_61_length_15371_cov_46.563304	15371	correct
2916851	2932061	1	15211	NC_002945.4	NODE_62_length_15331_cov_52.090371	99.97		True
CONTIG	NODE_62_length_15331_cov_52.090371	15331	correct
2409148	2422776	187	13815	NC_002945.4	NODE_63_length_13815_cov_44.919199	99.98		True
CONTIG	NODE_63_length_13815_cov_44.919199	13815	correct
3712180	3724832	1	12653	NC_002945.4	NODE_64_length_12653_cov_35.603145	99.96		True
CONTIG	NODE_64_length_12653_cov_35.603145	12653	correct
2944619	2957076	1	12458	NC_002945.4	NODE_65_length_12458_cov_44.848106	99.98		True
CONTIG	NODE_65_length_12458_cov_44.848106	12458	correct
3890969	3894344	3376	1	NC_002945.4	NODE_66_length_11613_cov_17.358349	100.0		True
local misassembly
3884643	3890278	9021	3377	NC_002945.4	NODE_66_length_11613_cov_17.358349	99.82		True
local misassembly
3882139	3884027	10958	9022	NC_002945.4	NODE_66_length_11613_cov_17.358349	97.69		True
local misassembly
3881658	3882155	11607	11110	NC_002945.4	NODE_66_length_11613_cov_17.358349	100.0		True
CONTIG	NODE_66_length_11613_cov_17.358349	11613	correct
2933704	2943963	10260	1	NC_002945.4	NODE_67_length_10260_cov_46.668410	99.99		True
CONTIG	NODE_67_length_10260_cov_46.668410	10260	correct
3209296	3219347	10052	1	NC_002945.4	NODE_68_length_10052_cov_43.800504	100.0		True
CONTIG	NODE_68_length_10052_cov_43.800504	10052	correct
2773178	2774133	956	1	NC_002945.4	NODE_69_length_9959_cov_37.718165	100.0		True
relocation, inconsistency = 1140274
1623844	1632903	9959	957	NC_002945.4	NODE_69_length_9959_cov_37.718165	99.34		True
CONTIG	NODE_69_length_9959_cov_37.718165	9959	misassembled
1204737	1213474	8850	113	NC_002945.4	NODE_70_length_8964_cov_41.248727	99.98		True
CONTIG	NODE_70_length_8964_cov_41.248727	8964	correct
3703681	3711403	102	7824	NC_002945.4	NODE_71_length_7824_cov_31.598285	100.0		True
CONTIG	NODE_71_length_7824_cov_31.598285	7824	correct
2793832	2799828	5997	1	NC_002945.4	NODE_72_length_5997_cov_44.882794	99.98		True
CONTIG	NODE_72_length_5997_cov_44.882794	5997	correct
1214750	1218318	3731	163	NC_002945.4	NODE_73_length_4311_cov_40.983509	100.0		True
local misassembly
1214521	1214774	4104	3851	NC_002945.4	NODE_73_length_4311_cov_40.983509	99.21		True
CONTIG	NODE_73_length_4311_cov_40.983509	4311	correct
1165899	1169900	4002	1	NC_002945.4	NODE_74_length_4002_cov_51.239742	99.98		True
CONTIG	NODE_74_length_4002_cov_51.239742	4002	correct
3700293	3703671	3610	232	NC_002945.4	NODE_75_length_3610_cov_38.748493	100.0		True
CONTIG	NODE_75_length_3610_cov_38.748493	3610	correct
3878210	3881375	67	3106	NC_002945.4	NODE_76_length_3458_cov_12.346443	95.58		True
CONTIG	NODE_76_length_3458_cov_12.346443	3458	correct
1635657	1638240	1	2533	NC_002945.4	NODE_77_length_3163_cov_23.946311	98.03		True
local misassembly
1638385	1638846	2534	2995	NC_002945.4	NODE_77_length_3163_cov_23.946311	100.0		True
CONTIG	NODE_77_length_3163_cov_23.946311	3163	correct
2284620	2287647	3028	1	NC_002945.4	NODE_78_length_3028_cov_35.505688	99.77		True
CONTIG	NODE_78_length_3028_cov_35.505688	3028	correct
2290710	2293716	1	3007	NC_002945.4	NODE_79_length_3007_cov_39.045139	100.0		True
CONTIG	NODE_79_length_3007_cov_39.045139	3007	correct
1993335	1995974	2803	164	NC_002945.4	NODE_80_length_2803_cov_52.408072	100.0		True
CONTIG	NODE_80_length_2803_cov_52.408072	2803	correct
928970	930696	1727	1	NC_002945.4	NODE_81_length_2475_cov_11.371380	100.0		True
local misassembly
928453	928975	2397	1866	NC_002945.4	NODE_81_length_2475_cov_11.371380	98.31		True
CONTIG	NODE_81_length_2475_cov_11.371380	2475	correct
334077	336439	2363	1	NC_002945.4	NODE_82_length_2363_cov_9.487030	99.92		True
CONTIG	NODE_82_length_2363_cov_9.487030	2363	correct
674749	676304	1565	10	NC_002945.4	NODE_83_length_2194_cov_4.496855	100.0		True
local misassembly
673319	673947	2194	1566	NC_002945.4	NODE_83_length_2194_cov_4.496855	99.69		True
CONTIG	NODE_83_length_2194_cov_4.496855	2194	correct
607662	609211	1550	1	NC_002945.4	NODE_84_length_1550_cov_75.539705	100.0		True
CONTIG	NODE_84_length_1550_cov_75.539705	1550	correct
4193589	4195052	1464	1	NC_002945.4	NODE_85_length_1464_cov_111.305161	100.0		True
CONTIG	NODE_85_length_1464_cov_111.305161	1464	correct
1992001	1993461	1461	1	NC_002945.4	NODE_86_length_1461_cov_68.179160	100.0		True
CONTIG	NODE_86_length_1461_cov_68.179160	1461	correct
3443593	3445031	1439	1	NC_002945.4	NODE_87_length_1439_cov_53.848323	100.0		True
CONTIG	NODE_87_length_1439_cov_53.848323	1439	correct
2324616	2325847	200	1431	NC_002945.4	NODE_88_length_1431_cov_31.973160	100.0		True
CONTIG	NODE_88_length_1431_cov_31.973160	1431	correct
890952	892291	1	1340	NC_002945.4	NODE_89_length_1340_cov_82.697444	100.0		True
CONTIG	NODE_89_length_1340_cov_82.697444	1340	correct
2774255	2775585	1	1331	NC_002945.4	NODE_90_length_1331_cov_9.144518	100.0		True
CONTIG	NODE_90_length_1331_cov_9.144518	1331	correct
3339137	3340461	1	1325	NC_002945.4	NODE_91_length_1325_cov_47.000000	100.0		True
CONTIG	NODE_91_length_1325_cov_47.000000	1325	correct
3835659	3836979	1	1321	NC_002945.4	NODE_92_length_1321_cov_102.793970	99.7		True
CONTIG	NODE_92_length_1321_cov_102.793970	1321	correct
2288581	2289835	1	1255	NC_002945.4	NODE_93_length_1255_cov_49.585993	100.0		True
CONTIG	NODE_93_length_1255_cov_49.585993	1255	correct
839663	840871	1	1209	NC_002945.4	NODE_94_length_1209_cov_14.925139	100.0		True
CONTIG	NODE_94_length_1209_cov_14.925139	1209	correct
2287521	2288707	1	1187	NC_002945.4	NODE_95_length_1187_cov_38.041509	100.0		True
CONTIG	NODE_95_length_1187_cov_38.041509	1187	correct
2289709	2290836	1	1128	NC_002945.4	NODE_96_length_1128_cov_94.841159	99.91		True
CONTIG	NODE_96_length_1128_cov_94.841159	1128	correct
1633740	1634179	440	1	NC_002945.4	NODE_97_length_1079_cov_2.511555	99.77		True
CONTIG	NODE_97_length_1079_cov_2.511555	1079	correct_unaligned
3711277	3712306	1030	1	NC_002945.4	NODE_98_length_1030_cov_101.936877	100.0		True
CONTIG	NODE_98_length_1030_cov_101.936877	1030	correct
1165044	1166025	982	1	NC_002945.4	NODE_99_length_982_cov_98.304094	100.0		True
CONTIG	NODE_99_length_982_cov_98.304094	982	correct
2943837	2944745	1	909	NC_002945.4	NODE_100_length_909_cov_287.402813	100.0		True
CONTIG	NODE_100_length_909_cov_287.402813	909	correct
3341521	3342410	1	890	NC_002945.4	NODE_101_length_890_cov_44.477064	100.0		True
CONTIG	NODE_101_length_890_cov_44.477064	890	correct
1278286	1279129	844	1	NC_002945.4	NODE_102_length_844_cov_90.436541	100.0		True
CONTIG	NODE_102_length_844_cov_90.436541	844	correct
909382	910176	795	1	NC_002945.4	NODE_103_length_795_cov_109.758982	100.0		True
CONTIG	NODE_103_length_795_cov_109.758982	795	correct
2932303	2932867	208	772	NC_002945.4	NODE_104_length_772_cov_1.534884	100.0		True
CONTIG	NODE_104_length_772_cov_1.534884	772	correct
CONTIG	NODE_105_length_767_cov_0.773438	767	unaligned
1985739	1986496	758	1	NC_002945.4	NODE_106_length_758_cov_3.258320	100.0		True
CONTIG	NODE_106_length_758_cov_3.258320	758	correct
1213934	1214546	748	136	NC_002945.4	NODE_107_length_748_cov_2.009662	99.51		True
CONTIG	NODE_107_length_748_cov_2.009662	748	correct
2693295	2694038	1	744	NC_002945.4	NODE_108_length_744_cov_84.304700	100.0		True
CONTIG	NODE_108_length_744_cov_84.304700	744	correct
841956	842355	3	402	NC_002945.4	NODE_109_length_669_cov_1.225092	100.0		True
indel: indel (> 5bp)
842404	842529	403	528	NC_002945.4	NODE_109_length_669_cov_1.225092	99.21		True
CONTIG	NODE_109_length_669_cov_1.225092	669	correct
132000	132560	91	651	NC_002945.4	NODE_110_length_665_cov_2.299257	99.82		True
CONTIG	NODE_110_length_665_cov_2.299257	665	correct
841759	841980	596	375	NC_002945.4	NODE_111_length_639_cov_1.386719	99.55		True
CONTIG	NODE_111_length_639_cov_1.386719	639	correct
3340552	3341186	635	1	NC_002945.4	NODE_112_length_635_cov_33.728346	100.0		True
CONTIG	NODE_112_length_635_cov_33.728346	635	correct
3341060	3341647	588	1	NC_002945.4	NODE_113_length_588_cov_71.535792	100.0		True
CONTIG	NODE_113_length_588_cov_71.535792	588	correct
674159	674650	492	1	NC_002945.4	NODE_114_length_571_cov_2.729730	100.0		True
CONTIG	NODE_114_length_571_cov_2.729730	571	correct
4294129	4294618	490	1	NC_002945.4	NODE_115_length_559_cov_9.125000	100.0		True
local misassembly
4293958	4294026	559	491	NC_002945.4	NODE_115_length_559_cov_9.125000	98.08		True
CONTIG	NODE_115_length_559_cov_9.125000	559	correct
2933043	2933397	140	494	NC_002945.4	NODE_116_length_507_cov_1.794737	100.0		True
CONTIG	NODE_116_length_507_cov_1.794737	507	correct
