S1	E1	S2	E2	Reference	Contig	IDY	Ambiguous	Best_group
2957039	3193906	236145	21	NC_002945.4	NODE_1_length_236145_cov_45.755497	99.58		True
CONTIG	NODE_1_length_236145_cov_45.755497	236145	correct
3445573	3673271	1	227591	NC_002945.4	NODE_2_length_227591_cov_46.452142	99.93		True
CONTIG	NODE_2_length_227591_cov_46.452142	227591	correct
2453623	2665797	1	212227	NC_002945.4	NODE_3_length_212227_cov_45.984140	99.96		True
CONTIG	NODE_3_length_212227_cov_45.984140	212227	correct
402605	581801	179082	1	NC_002945.4	NODE_4_length_179082_cov_45.938638	99.92		True
CONTIG	NODE_4_length_179082_cov_45.938638	179082	correct
150177	306559	22	156377	NC_002945.4	NODE_5_length_156495_cov_46.019045	99.97		True
CONTIG	NODE_5_length_156495_cov_46.019045	156495	correct
30083	103918	73849	1	NC_002945.4	NODE_6_length_143807_cov_47.293541	99.96		True
local misassembly
1	29469	103319	73851	NC_002945.4	NODE_6_length_143807_cov_47.293541	99.99		True
fake: not a misassembly [linear representation of circular genome]
4309416	4349904	143807	103320	NC_002945.4	NODE_6_length_143807_cov_47.293541	99.99		True
CONTIG	NODE_6_length_143807_cov_47.293541	143807	correct
1638943	1769053	130202	93	NC_002945.4	NODE_7_length_130313_cov_48.900473	99.99		True
CONTIG	NODE_7_length_130313_cov_48.900473	130313	correct
970273	1009472	188	39386	NC_002945.4	NODE_8_length_120378_cov_46.206535	99.98		True
relocation, inconsistency = 1457
1010930	1091813	39387	120273	NC_002945.4	NODE_8_length_120378_cov_46.206535	99.99		True
CONTIG	NODE_8_length_120378_cov_46.206535	120378	misassembled
3297493	3338080	40757	1	NC_002945.4	NODE_9_length_118953_cov_46.186609	99.81		True
indel: stretch of mismatches
3219373	3297478	118934	40772	NC_002945.4	NODE_9_length_118953_cov_46.186609	99.92		True
CONTIG	NODE_9_length_118953_cov_46.186609	118953	correct
726470	824045	1	97577	NC_002945.4	NODE_10_length_111107_cov_46.548684	99.99		True
local misassembly
824601	838030	97578	111007	NC_002945.4	NODE_10_length_111107_cov_46.548684	99.98		True
CONTIG	NODE_10_length_111107_cov_46.548684	111107	correct
4035864	4141989	106011	1	NC_002945.4	NODE_11_length_106011_cov_44.270466	99.88		True
CONTIG	NODE_11_length_106011_cov_44.270466	106011	correct
2160997	2161605	609	1	NC_002945.4	NODE_12_length_104424_cov_46.330892	99.84		True
fake: scaffold gap size wrong estimation (local)
2160645	2160846	911	710	NC_002945.4	NODE_12_length_104424_cov_46.330892	100.0		True
fake: scaffold gap size wrong estimation (local)
2158655	2159088	2707	2274	NC_002945.4	NODE_12_length_104424_cov_46.330892	100.0		True
local misassembly
2083596	2158516	77628	2708	NC_002945.4	NODE_12_length_104424_cov_46.330892	99.98		True
local misassembly
2057117	2083604	104254	77767	NC_002945.4	NODE_12_length_104424_cov_46.330892	99.98		True
CONTIG	NODE_12_length_104424_cov_46.330892	104424	correct
1869390	1971855	102411	1	NC_002945.4	NODE_13_length_102411_cov_45.575633	99.93		True
CONTIG	NODE_13_length_102411_cov_45.575633	102411	correct
3343594	3442410	98885	1	NC_002945.4	NODE_14_length_98885_cov_47.474250	99.92		True
CONTIG	NODE_14_length_98885_cov_47.474250	98885	correct
1779460	1868988	1	89529	NC_002945.4	NODE_15_length_89649_cov_44.023681	99.99		True
CONTIG	NODE_15_length_89649_cov_44.023681	89649	correct
1386975	1470724	83750	1	NC_002945.4	NODE_16_length_83750_cov_47.341066	99.99		True
CONTIG	NODE_16_length_83750_cov_47.341066	83750	correct
3897145	3979464	82329	19	NC_002945.4	NODE_17_length_82329_cov_46.175057	99.98		True
CONTIG	NODE_17_length_82329_cov_46.175057	82329	correct
1492315	1573888	81574	1	NC_002945.4	NODE_18_length_81574_cov_48.133522	99.93		True
CONTIG	NODE_18_length_81574_cov_48.133522	81574	correct
2693912	2773103	79361	171	NC_002945.4	NODE_19_length_79361_cov_44.914645	99.99		True
CONTIG	NODE_19_length_79361_cov_44.914645	79361	correct
1094824	1165170	1	70347	NC_002945.4	NODE_20_length_70347_cov_46.568556	99.98		True
CONTIG	NODE_20_length_70347_cov_46.568556	70347	correct
4194926	4259153	1	64228	NC_002945.4	NODE_21_length_64228_cov_48.163851	99.99		True
CONTIG	NODE_21_length_64228_cov_48.163851	64228	correct
2852097	2916034	63941	4	NC_002945.4	NODE_22_length_63941_cov_44.426474	99.98		True
CONTIG	NODE_22_length_63941_cov_44.426474	63941	correct
1280097	1340762	1	60728	NC_002945.4	NODE_23_length_60728_cov_47.413475	99.89		True
CONTIG	NODE_23_length_60728_cov_47.413475	60728	correct
1574016	1633276	1	59196	NC_002945.4	NODE_24_length_59196_cov_43.297263	99.87		True
CONTIG	NODE_24_length_59196_cov_43.297263	59196	correct
1219331	1278412	26	59107	NC_002945.4	NODE_25_length_59107_cov_45.615649	99.98		True
CONTIG	NODE_25_length_59107_cov_45.615649	59107	correct
3777400	3835785	58318	1	NC_002945.4	NODE_26_length_58318_cov_45.815453	99.87		True
CONTIG	NODE_26_length_58318_cov_45.815453	58318	correct
2192685	2245161	52477	1	NC_002945.4	NODE_27_length_52477_cov_51.304737	99.99		True
CONTIG	NODE_27_length_52477_cov_51.304737	52477	correct
4141981	4193715	51735	1	NC_002945.4	NODE_28_length_51735_cov_47.649027	99.98		True
CONTIG	NODE_28_length_51735_cov_47.649027	51735	correct
2801012	2852054	51043	1	NC_002945.4	NODE_29_length_51043_cov_46.649933	99.99		True
CONTIG	NODE_29_length_51043_cov_46.649933	51043	correct
3984922	4000631	131	15840	NC_002945.4	NODE_30_length_50907_cov_46.156538	99.99		True
fake: scaffold gap size wrong estimation (local)
4000854	4035820	15941	50907	NC_002945.4	NODE_30_length_50907_cov_46.156538	99.98		True
CONTIG	NODE_30_length_50907_cov_46.156538	50907	correct
673542	673950	78	486	NC_002945.4	NODE_31_length_50347_cov_44.523317	99.76		True
relocation, inconsistency = 2676
676627	726469	487	50329	NC_002945.4	NODE_31_length_50347_cov_44.523317	99.99		True
CONTIG	NODE_31_length_50347_cov_44.523317	50347	misassembled
4259930	4309398	1	49416	NC_002945.4	NODE_32_length_49493_cov_45.129603	99.88		True
CONTIG	NODE_32_length_49493_cov_45.129603	49493	correct
842737	891078	44	48385	NC_002945.4	NODE_33_length_48385_cov_45.626528	99.99		True
CONTIG	NODE_33_length_48385_cov_45.626528	48385	correct
625403	673276	1	47874	NC_002945.4	NODE_34_length_47874_cov_44.237188	99.99		True
CONTIG	NODE_34_length_47874_cov_44.237188	47874	correct
2294650	2324391	1	29742	NC_002945.4	NODE_35_length_46513_cov_42.649614	99.99		True
relocation, inconsistency = 2596
2326988	2343758	29743	46513	NC_002945.4	NODE_35_length_46513_cov_42.649614	99.98		True
CONTIG	NODE_35_length_46513_cov_42.649614	46513	misassembled
1996138	2040880	1	44743	NC_002945.4	NODE_36_length_44863_cov_45.921562	99.98		True
CONTIG	NODE_36_length_44863_cov_45.921562	44863	correct
1343879	1386916	43164	122	NC_002945.4	NODE_37_length_43164_cov_44.512977	99.98		True
CONTIG	NODE_37_length_43164_cov_44.512977	43164	correct
2372461	2386819	14359	1	NC_002945.4	NODE_38_length_42692_cov_45.616046	99.98		True
local misassembly
2343807	2372139	42692	14360	NC_002945.4	NODE_38_length_42692_cov_45.616046	99.99		True
CONTIG	NODE_38_length_42692_cov_45.616046	42692	correct
3836888	3878170	1	41275	NC_002945.4	NODE_39_length_41275_cov_45.099543	99.91		True
CONTIG	NODE_39_length_41275_cov_45.099543	41275	correct
930668	970125	201	39898	NC_002945.4	NODE_40_length_39898_cov_44.745644	99.38		True
CONTIG	NODE_40_length_39898_cov_44.745644	39898	correct
363939	401308	107	37476	NC_002945.4	NODE_41_length_37476_cov_44.137353	99.99		True
CONTIG	NODE_41_length_37476_cov_44.137353	37476	correct
2246369	2283745	37379	1	NC_002945.4	NODE_42_length_37379_cov_49.615001	99.95		True
CONTIG	NODE_42_length_37379_cov_49.615001	37379	correct
3724870	3737454	119	12703	NC_002945.4	NODE_43_length_33895_cov_47.420191	99.98		True
local misassembly
3737665	3758828	12704	33867	NC_002945.4	NODE_43_length_33895_cov_47.420191	99.98		True
CONTIG	NODE_43_length_33895_cov_47.420191	33895	correct
2161870	2192094	30226	1	NC_002945.4	NODE_44_length_30226_cov_47.409748	99.99		True
CONTIG	NODE_44_length_30226_cov_47.409748	30226	correct
2666008	2693421	1	27413	NC_002945.4	NODE_45_length_27413_cov_45.865206	99.99		True
CONTIG	NODE_45_length_27413_cov_45.865206	27413	correct
105040	131984	1	26945	NC_002945.4	NODE_46_length_26945_cov_45.775971	99.98		True
CONTIG	NODE_46_length_26945_cov_45.775971	26945	correct
306711	333298	26629	147	NC_002945.4	NODE_47_length_26629_cov_44.367180	99.6		True
CONTIG	NODE_47_length_26629_cov_44.367180	26629	correct
581820	607788	25969	1	NC_002945.4	NODE_48_length_25969_cov_45.596548	99.99		True
CONTIG	NODE_48_length_25969_cov_45.596548	25969	correct
3674358	3700281	1	25906	NC_002945.4	NODE_49_length_25906_cov_33.446255	99.93		True
CONTIG	NODE_49_length_25906_cov_33.446255	25906	correct
338140	363823	1	25558	NC_002945.4	NODE_50_length_25573_cov_40.741649	99.4		True
CONTIG	NODE_50_length_25573_cov_40.741649	25573	correct
2423267	2446132	22796	45	NC_002945.4	NODE_51_length_22796_cov_47.611364	99.49		True
CONTIG	NODE_51_length_22796_cov_47.611364	22796	correct
2386726	2408876	22151	1	NC_002945.4	NODE_52_length_22151_cov_37.236606	100.0		True
CONTIG	NODE_52_length_22151_cov_37.236606	22151	correct
1190092	1192778	2687	1	NC_002945.4	NODE_53_length_21991_cov_46.295417	99.85		True
local misassembly
1170557	1189860	21991	2688	NC_002945.4	NODE_53_length_21991_cov_46.295417	99.99		True
CONTIG	NODE_53_length_21991_cov_46.295417	21991	correct
1492460	1492585	126	1	NC_002945.4	NODE_54_length_19685_cov_52.187494	100.0		True
local misassembly
1490961	1491705	871	127	NC_002945.4	NODE_54_length_19685_cov_52.187494	100.0		True
local misassembly
1471935	1490747	19685	872	NC_002945.4	NODE_54_length_19685_cov_52.187494	99.97		True
CONTIG	NODE_54_length_19685_cov_52.187494	19685	correct
3759731	3777383	17655	1	NC_002945.4	NODE_55_length_17655_cov_45.063670	99.94		True
CONTIG	NODE_55_length_17655_cov_45.063670	17655	correct
132713	149938	116	17341	NC_002945.4	NODE_56_length_17358_cov_49.629563	99.96		True
CONTIG	NODE_56_length_17358_cov_49.629563	17358	correct
892165	909508	17344	1	NC_002945.4	NODE_57_length_17344_cov_46.688215	99.99		True
CONTIG	NODE_57_length_17344_cov_46.688215	17344	correct
2776889	2792950	16062	1	NC_002945.4	NODE_58_length_16062_cov_51.887543	100.0		True
CONTIG	NODE_58_length_16062_cov_51.887543	16062	correct
2916851	2932823	15973	1	NC_002945.4	NODE_59_length_15973_cov_47.558816	99.96		True
CONTIG	NODE_59_length_15973_cov_47.558816	15973	correct
910050	925888	15959	121	NC_002945.4	NODE_60_length_15959_cov_48.887254	99.99		True
CONTIG	NODE_60_length_15959_cov_48.887254	15959	correct
841597	841942	463	118	NC_002945.4	NODE_61_length_15815_cov_42.222336	99.49		True
relocation, inconsistency = 217160
609085	624436	15815	464	NC_002945.4	NODE_61_length_15815_cov_42.222336	99.98		True
CONTIG	NODE_61_length_15815_cov_42.222336	15815	misassembled
3193780	3209295	15616	1	NC_002945.4	NODE_62_length_15616_cov_47.026341	99.99		True
CONTIG	NODE_62_length_15616_cov_47.026341	15616	correct
2041009	2056516	15508	1	NC_002945.4	NODE_63_length_15508_cov_47.424225	99.97		True
CONTIG	NODE_63_length_15508_cov_47.424225	15508	correct
2409215	2422776	13562	1	NC_002945.4	NODE_64_length_13802_cov_43.618282	99.98		True
CONTIG	NODE_64_length_13802_cov_43.618282	13802	correct
1972144	1985582	116	13443	NC_002945.4	NODE_65_length_13443_cov_47.493542	99.17		True
CONTIG	NODE_65_length_13443_cov_47.493542	13443	correct
2944619	2957076	12458	1	NC_002945.4	NODE_66_length_12458_cov_43.808775	99.98		True
CONTIG	NODE_66_length_12458_cov_43.808775	12458	correct
3712180	3724227	1	12048	NC_002945.4	NODE_67_length_12048_cov_32.595336	99.96		True
CONTIG	NODE_67_length_12048_cov_32.595336	12048	correct
1193002	1204742	1	11741	NC_002945.4	NODE_68_length_11741_cov_47.436887	99.97		True
CONTIG	NODE_68_length_11741_cov_47.436887	11741	correct
3881796	3882155	1	360	NC_002945.4	NODE_69_length_10756_cov_16.787280	100.0		True
local misassembly
3882139	3884027	512	2448	NC_002945.4	NODE_69_length_10756_cov_16.787280	97.69		True
local misassembly
3884643	3890278	2449	8093	NC_002945.4	NODE_69_length_10756_cov_16.787280	99.79		True
local misassembly
3890969	3893468	8094	10593	NC_002945.4	NODE_69_length_10756_cov_16.787280	99.83		True
CONTIG	NODE_69_length_10756_cov_16.787280	10756	correct
2933699	2943963	10265	1	NC_002945.4	NODE_70_length_10265_cov_45.828073	99.99		True
CONTIG	NODE_70_length_10265_cov_45.828073	10265	correct
3209302	3219347	10046	1	NC_002945.4	NODE_71_length_10046_cov_44.841415	100.0		True
CONTIG	NODE_71_length_10046_cov_44.841415	10046	correct
1204740	1213474	8841	107	NC_002945.4	NODE_72_length_8865_cov_42.637675	99.97		True
CONTIG	NODE_72_length_8865_cov_42.637675	8865	correct
3703681	3711403	33	7755	NC_002945.4	NODE_73_length_7755_cov_31.649712	100.0		True
CONTIG	NODE_73_length_7755_cov_31.649712	7755	correct
2446131	2453623	7493	1	NC_002945.4	NODE_74_length_7493_cov_44.134401	100.0		True
CONTIG	NODE_74_length_7493_cov_44.134401	7493	correct
2793834	2799828	5995	1	NC_002945.4	NODE_75_length_5995_cov_43.398262	99.98		True
CONTIG	NODE_75_length_5995_cov_43.398262	5995	correct
1987007	1992127	168	5289	NC_002945.4	NODE_76_length_5289_cov_44.904494	99.96		True
CONTIG	NODE_76_length_5289_cov_44.904494	5289	correct
3980097	3984762	1	4666	NC_002945.4	NODE_77_length_4783_cov_36.809708	100.0		True
CONTIG	NODE_77_length_4783_cov_36.809708	4783	correct
1214519	1214774	348	603	NC_002945.4	NODE_78_length_4394_cov_37.170377	99.22		True
local misassembly
1214750	1218317	723	4290	NC_002945.4	NODE_78_length_4394_cov_37.170377	100.0		True
CONTIG	NODE_78_length_4394_cov_37.170377	4394	correct
1165899	1169900	4002	1	NC_002945.4	NODE_79_length_4002_cov_46.337290	99.98		True
CONTIG	NODE_79_length_4002_cov_46.337290	4002	correct
3700288	3703676	1	3389	NC_002945.4	NODE_80_length_3389_cov_38.741570	100.0		True
CONTIG	NODE_80_length_3389_cov_38.741570	3389	correct
1638385	1638745	476	116	NC_002945.4	NODE_81_length_3111_cov_22.733914	100.0		True
local misassembly
1635657	1638240	3111	477	NC_002945.4	NODE_81_length_3111_cov_22.733914	98.06		True
CONTIG	NODE_81_length_3111_cov_22.733914	3111	correct
2284620	2287647	1	3028	NC_002945.4	NODE_82_length_3028_cov_36.325750	99.77		True
CONTIG	NODE_82_length_3028_cov_36.325750	3028	correct
2290710	2293716	3007	1	NC_002945.4	NODE_83_length_3007_cov_34.951736	100.0		True
CONTIG	NODE_83_length_3007_cov_34.951736	3007	correct
1993335	1995939	2771	167	NC_002945.4	NODE_84_length_2771_cov_50.211044	100.0		True
CONTIG	NODE_84_length_2771_cov_50.211044	2771	correct
928970	930608	1639	1	NC_002945.4	NODE_85_length_2476_cov_11.134100	100.0		True
local misassembly
928286	928975	2476	1778	NC_002945.4	NODE_85_length_2476_cov_11.134100	98.71		True
CONTIG	NODE_85_length_2476_cov_11.134100	2476	correct
334077	336453	1	2296	NC_002945.4	NODE_86_length_2296_cov_9.869064	96.51		True
CONTIG	NODE_86_length_2296_cov_9.869064	2296	correct
3875499	3875624	1	126	NC_002945.4	NODE_87_length_1933_cov_5.204873	100.0		True
relocation, inconsistency = 2870
3878495	3880119	127	1751	NC_002945.4	NODE_87_length_1933_cov_5.204873	100.0		True
CONTIG	NODE_87_length_1933_cov_5.204873	1933	misassembled
1092432	1094314	1883	1	NC_002945.4	NODE_88_length_1883_cov_31.756264	99.95		True
CONTIG	NODE_88_length_1883_cov_31.756264	1883	correct
2776558	2776779	119	340	NC_002945.4	NODE_89_length_1578_cov_8.764300	98.78		True
relocation, inconsistency = -2432
2774348	2775585	341	1578	NC_002945.4	NODE_89_length_1578_cov_8.764300	100.0		True
CONTIG	NODE_89_length_1578_cov_8.764300	1578	misassembled
401182	402731	1550	1	NC_002945.4	NODE_90_length_1550_cov_76.940970	99.94		True
CONTIG	NODE_90_length_1550_cov_76.940970	1550	correct
674148	674641	84	577	NC_002945.4	NODE_91_length_1489_cov_5.306902	99.8		True
local misassembly
675056	675967	578	1489	NC_002945.4	NODE_91_length_1489_cov_5.306902	100.0		True
CONTIG	NODE_91_length_1489_cov_5.306902	1489	correct
4193589	4195052	1	1464	NC_002945.4	NODE_92_length_1464_cov_112.919970	100.0		True
CONTIG	NODE_92_length_1464_cov_112.919970	1464	correct
1992001	1993461	1461	1	NC_002945.4	NODE_93_length_1461_cov_63.482759	100.0		True
CONTIG	NODE_93_length_1461_cov_63.482759	1461	correct
3443593	3445031	1	1439	NC_002945.4	NODE_94_length_1439_cov_56.962652	100.0		True
CONTIG	NODE_94_length_1439_cov_56.962652	1439	correct
336693	337944	134	1385	NC_002945.4	NODE_95_length_1385_cov_18.341017	100.0		True
CONTIG	NODE_95_length_1385_cov_18.341017	1385	correct
2324664	2325848	200	1384	NC_002945.4	NODE_96_length_1384_cov_34.984089	100.0		True
CONTIG	NODE_96_length_1384_cov_34.984089	1384	correct
3673145	3674484	1	1340	NC_002945.4	NODE_97_length_1340_cov_86.349547	100.0		True
CONTIG	NODE_97_length_1340_cov_86.349547	1340	correct
3339137	3340461	1325	1	NC_002945.4	NODE_98_length_1325_cov_45.239566	100.0		True
CONTIG	NODE_98_length_1325_cov_45.239566	1325	correct
3835659	3836979	1	1321	NC_002945.4	NODE_99_length_1321_cov_103.747069	99.77		True
CONTIG	NODE_99_length_1321_cov_103.747069	1321	correct
2288581	2289835	1	1255	NC_002945.4	NODE_100_length_1255_cov_46.438830	100.0		True
CONTIG	NODE_100_length_1255_cov_46.438830	1255	correct
CONTIG	NODE_101_length_1244_cov_1.701880	1244	unaligned
2287521	2288707	1	1187	NC_002945.4	NODE_102_length_1187_cov_35.183019	100.0		True
CONTIG	NODE_102_length_1187_cov_35.183019	1187	correct
2283619	2284746	1128	1	NC_002945.4	NODE_103_length_1128_cov_89.378621	99.91		True
CONTIG	NODE_103_length_1128_cov_89.378621	1128	correct
1340970	1342059	1	1090	NC_002945.4	NODE_104_length_1090_cov_41.954309	99.91		True
CONTIG	NODE_104_length_1090_cov_41.954309	1090	correct
3711277	3712306	1	1030	NC_002945.4	NODE_105_length_1030_cov_91.023256	100.0		True
CONTIG	NODE_105_length_1030_cov_91.023256	1030	correct
1165044	1166025	982	1	NC_002945.4	NODE_106_length_982_cov_95.244444	100.0		True
CONTIG	NODE_106_length_982_cov_95.244444	982	correct
3894591	3895386	1	796	NC_002945.4	NODE_107_length_928_cov_36.561798	100.0		True
relocation, inconsistency = 415863
3478596	3478722	928	802	NC_002945.4	NODE_107_length_928_cov_36.561798	100.0		True
CONTIG	NODE_107_length_928_cov_36.561798	928	misassembled
2943837	2944745	909	1	NC_002945.4	NODE_108_length_909_cov_292.836317	100.0		True
CONTIG	NODE_108_length_909_cov_292.836317	909	correct
3341521	3342410	1	890	NC_002945.4	NODE_109_length_890_cov_28.964613	100.0		True
CONTIG	NODE_109_length_890_cov_28.964613	890	correct
CONTIG	NODE_110_length_870_cov_0.806191	870	unaligned
1213923	1214550	115	742	NC_002945.4	NODE_111_length_850_cov_2.943292	99.68		True
CONTIG	NODE_111_length_850_cov_2.943292	850	correct
2191968	2192811	844	1	NC_002945.4	NODE_112_length_844_cov_101.917713	100.0		True
CONTIG	NODE_112_length_844_cov_101.917713	844	correct
2773517	2774133	193	809	NC_002945.4	NODE_113_length_814_cov_3.532751	99.84		True
CONTIG	NODE_113_length_814_cov_3.532751	814	correct
132027	132399	209	581	NC_002945.4	NODE_114_length_797_cov_0.780597	100.0		True
CONTIG	NODE_114_length_797_cov_0.780597	797	correct
3444905	3445699	1	795	NC_002945.4	NODE_115_length_795_cov_97.853293	100.0		True
CONTIG	NODE_115_length_795_cov_97.853293	795	correct
CONTIG	NODE_116_length_781_cov_0.758410	781	unaligned
2792951	2793695	745	1	NC_002945.4	NODE_117_length_745_cov_34.362385	100.0		True
CONTIG	NODE_117_length_745_cov_34.362385	745	correct
2693295	2694038	744	1	NC_002945.4	NODE_118_length_744_cov_82.320908	100.0		True
CONTIG	NODE_118_length_744_cov_82.320908	744	correct
CONTIG	NODE_119_length_725_cov_1.933110	725	unaligned
CONTIG	NODE_120_length_719_cov_0.886824	719	unaligned
CONTIG	NODE_121_length_667_cov_1.175926	667	unaligned
3340552	3341186	635	1	NC_002945.4	NODE_122_length_635_cov_34.500000	100.0		True
CONTIG	NODE_122_length_635_cov_34.500000	635	correct
1342064	1342697	634	1	NC_002945.4	NODE_123_length_634_cov_57.201183	100.0		True
CONTIG	NODE_123_length_634_cov_57.201183	634	correct
3338171	3338802	632	1	NC_002945.4	NODE_124_length_632_cov_43.003960	99.84		True
CONTIG	NODE_124_length_632_cov_43.003960	632	correct
CONTIG	NODE_125_length_603_cov_1.039916	603	unaligned
3338676	3339263	1	588	NC_002945.4	NODE_126_length_588_cov_68.268980	100.0		True
CONTIG	NODE_126_length_588_cov_68.268980	588	correct
3759315	3759683	1	369	NC_002945.4	NODE_127_length_570_cov_1.465011	100.0		True
CONTIG	NODE_127_length_570_cov_1.465011	570	correct
3879968	3880410	464	22	NC_002945.4	NODE_128_length_551_cov_3.728774	98.19		True
CONTIG	NODE_128_length_551_cov_3.728774	551	correct
675841	675967	127	1	NC_002945.4	NODE_129_length_530_cov_4.218362	100.0		True
local misassembly
675841	676212	530	159	NC_002945.4	NODE_129_length_530_cov_4.218362	100.0		True
CONTIG	NODE_129_length_530_cov_4.218362	530	correct
3979564	3980049	24	509	NC_002945.4	NODE_130_length_509_cov_3.638743	99.79		True
CONTIG	NODE_130_length_509_cov_3.638743	509	correct
