S1	E1	S2	E2	Reference	Contig	IDY	Ambiguous	Best_group
3445573	3673271	227591	1	NC_002945.4	NODE_1_length_227591_cov_39.271045	99.93		True
CONTIG	NODE_1_length_227591_cov_39.271045	227591	correct
402605	581801	179082	1	NC_002945.4	NODE_2_length_179082_cov_38.328429	99.92		True
CONTIG	NODE_2_length_179082_cov_38.328429	179082	correct
133106	306653	173493	39	NC_002945.4	NODE_3_length_173493_cov_38.722910	99.93		True
CONTIG	NODE_3_length_173493_cov_38.722910	173493	correct
2957039	3124617	166890	1	NC_002945.4	NODE_4_length_166890_cov_38.054275	99.45		True
CONTIG	NODE_4_length_166890_cov_38.054275	166890	correct
676724	824045	117	147439	NC_002945.4	NODE_5_length_160902_cov_38.502211	99.99		True
local misassembly
824601	838063	147440	160902	NC_002945.4	NODE_5_length_160902_cov_38.502211	99.98		True
CONTIG	NODE_5_length_160902_cov_38.502211	160902	correct
2453627	2609255	155630	1	NC_002945.4	NODE_6_length_155630_cov_38.592394	99.99		True
CONTIG	NODE_6_length_155630_cov_38.592394	155630	correct
1638954	1769053	133	130231	NC_002945.4	NODE_7_length_130323_cov_39.302229	99.99		True
CONTIG	NODE_7_length_130323_cov_39.302229	130323	correct
1010930	1092126	81200	1	NC_002945.4	NODE_8_length_120675_cov_38.388094	99.99		True
relocation, inconsistency = 1457
970263	1009472	120409	81201	NC_002945.4	NODE_8_length_120675_cov_38.388094	99.98		True
CONTIG	NODE_8_length_120675_cov_38.388094	120675	misassembled
3219919	3338802	1	119110	NC_002945.4	NODE_9_length_119110_cov_38.755730	99.88		True
CONTIG	NODE_9_length_119110_cov_38.755730	119110	correct
1869409	1985747	115972	102	NC_002945.4	NODE_10_length_115972_cov_38.315076	99.58		True
CONTIG	NODE_10_length_115972_cov_38.315076	115972	correct
30083	55652	25573	1	NC_002945.4	NODE_11_length_103104_cov_38.889082	99.97		True
local misassembly
1	29469	55043	25575	NC_002945.4	NODE_11_length_103104_cov_38.889082	99.99		True
fake: not a misassembly [linear representation of circular genome]
4301843	4349904	103104	55044	NC_002945.4	NODE_11_length_103104_cov_38.889082	99.99		True
CONTIG	NODE_11_length_103104_cov_38.889082	103104	correct
3343594	3442410	98885	1	NC_002945.4	NODE_12_length_98885_cov_39.102483	99.92		True
CONTIG	NODE_12_length_98885_cov_39.102483	98885	correct
4097330	4193715	1	96386	NC_002945.4	NODE_13_length_96386_cov_40.252579	99.99		True
CONTIG	NODE_13_length_96386_cov_40.252579	96386	correct
3124683	3209295	16	84618	NC_002945.4	NODE_14_length_84618_cov_38.578322	99.76		True
CONTIG	NODE_14_length_84618_cov_38.578322	84618	correct
2083596	2140726	57332	202	NC_002945.4	NODE_15_length_84190_cov_39.636677	99.99		True
local misassembly
2057110	2083604	83965	57471	NC_002945.4	NODE_15_length_84190_cov_39.636677	99.98		True
CONTIG	NODE_15_length_84190_cov_39.636677	84190	correct
1387020	1470724	42	83689	NC_002945.4	NODE_16_length_83689_cov_39.603564	99.91		True
CONTIG	NODE_16_length_83689_cov_39.603564	83689	correct
3897145	3979446	1	82293	NC_002945.4	NODE_17_length_82405_cov_37.515970	99.98		True
CONTIG	NODE_17_length_82405_cov_37.515970	82405	correct
2693912	2772855	79525	583	NC_002945.4	NODE_18_length_79525_cov_37.117912	99.99		True
CONTIG	NODE_18_length_79525_cov_37.117912	79525	correct
1779460	1853491	1	74032	NC_002945.4	NODE_19_length_74132_cov_39.176191	99.99		True
CONTIG	NODE_19_length_74132_cov_39.176191	74132	correct
2372630	2386819	14190	1	NC_002945.4	NODE_20_length_73297_cov_39.187126	99.98		True
relocation, inconsistency = 331499
1997199	2041130	14191	58122	NC_002945.4	NODE_20_length_73297_cov_39.187126	99.98		True
local misassembly
2041257	2056431	58123	73297	NC_002945.4	NODE_20_length_73297_cov_39.187126	99.99		True
CONTIG	NODE_20_length_73297_cov_39.187126	73297	misassembled
1096985	1165170	68186	1	NC_002945.4	NODE_21_length_68186_cov_38.130328	99.99		True
CONTIG	NODE_21_length_68186_cov_38.130328	68186	correct
2852146	2916393	64248	1	NC_002945.4	NODE_22_length_64306_cov_37.976472	99.98		True
CONTIG	NODE_22_length_64306_cov_37.976472	64306	correct
4194926	4259153	1	64228	NC_002945.4	NODE_23_length_64228_cov_40.127346	99.99		True
CONTIG	NODE_23_length_64228_cov_40.127346	64228	correct
1280097	1343223	63189	1	NC_002945.4	NODE_24_length_63189_cov_42.798325	99.89		True
CONTIG	NODE_24_length_63189_cov_42.798325	63189	correct
4036001	4097346	117	61462	NC_002945.4	NODE_25_length_61462_cov_37.585000	99.99		True
CONTIG	NODE_25_length_61462_cov_37.585000	61462	correct
1219457	1278412	58947	1	NC_002945.4	NODE_26_length_59177_cov_39.271465	99.98		True
CONTIG	NODE_26_length_59177_cov_39.271465	59177	correct
3777400	3835785	58318	1	NC_002945.4	NODE_27_length_58318_cov_39.506693	99.87		True
CONTIG	NODE_27_length_58318_cov_39.506693	58318	correct
2611788	2665719	54151	166	NC_002945.4	NODE_28_length_54151_cov_38.770528	99.89		True
CONTIG	NODE_28_length_54151_cov_38.770528	54151	correct
2192685	2246063	1	53379	NC_002945.4	NODE_29_length_53379_cov_42.556373	99.99		True
CONTIG	NODE_29_length_53379_cov_42.556373	53379	correct
2801012	2852054	1	51043	NC_002945.4	NODE_30_length_51043_cov_38.070980	99.99		True
CONTIG	NODE_30_length_51043_cov_38.070980	51043	correct
4000957	4035739	34783	1	NC_002945.4	NODE_31_length_50675_cov_38.753462	99.98		True
local misassembly
3984732	4000623	50675	34784	NC_002945.4	NODE_31_length_50675_cov_38.753462	100.0		True
CONTIG	NODE_31_length_50675_cov_38.753462	50675	correct
1574142	1623832	49691	1	NC_002945.4	NODE_32_length_49897_cov_38.266948	99.98		True
CONTIG	NODE_32_length_49897_cov_38.266948	49897	correct
842760	891078	156	48474	NC_002945.4	NODE_33_length_48474_cov_37.217407	99.99		True
CONTIG	NODE_33_length_48474_cov_37.217407	48474	correct
55625	103918	1	48304	NC_002945.4	NODE_34_length_48304_cov_38.118106	99.96		True
CONTIG	NODE_34_length_48304_cov_38.118106	48304	correct
625507	673283	47780	4	NC_002945.4	NODE_35_length_47780_cov_37.959415	99.99		True
CONTIG	NODE_35_length_47780_cov_37.959415	47780	correct
2326256	2372155	45931	32	NC_002945.4	NODE_36_length_46056_cov_37.073178	99.99		True
CONTIG	NODE_36_length_46056_cov_37.073178	46056	correct
1491907	1535110	1	43204	NC_002945.4	NODE_37_length_43204_cov_40.680108	99.98		True
CONTIG	NODE_37_length_43204_cov_40.680108	43204	correct
1343879	1386580	42707	1	NC_002945.4	NODE_38_length_42707_cov_39.262823	99.98		True
CONTIG	NODE_38_length_42707_cov_39.262823	42707	correct
3836888	3878178	41291	9	NC_002945.4	NODE_39_length_41291_cov_37.576013	99.96		True
CONTIG	NODE_39_length_41291_cov_37.576013	41291	correct
930699	970024	20	39585	NC_002945.4	NODE_40_length_39585_cov_37.550940	99.37		True
CONTIG	NODE_40_length_39585_cov_37.550940	39585	correct
1535942	1573951	38010	1	NC_002945.4	NODE_41_length_38010_cov_37.353246	99.99		True
CONTIG	NODE_41_length_38010_cov_37.353246	38010	correct
2246084	2283745	37664	1	NC_002945.4	NODE_42_length_37727_cov_41.261835	99.95		True
CONTIG	NODE_42_length_37727_cov_41.261835	37727	correct
363927	401308	1	37382	NC_002945.4	NODE_43_length_37382_cov_36.399436	99.99		True
CONTIG	NODE_43_length_37382_cov_36.399436	37382	correct
2409171	2422776	13606	1	NC_002945.4	NODE_44_length_35496_cov_35.039752	99.98		True
local misassembly
2386726	2408615	35496	13607	NC_002945.4	NODE_44_length_35496_cov_35.039752	100.0		True
CONTIG	NODE_44_length_35496_cov_35.039752	35496	correct
3724846	3737454	1	12609	NC_002945.4	NODE_45_length_34062_cov_38.239635	99.98		True
local misassembly
3737665	3758901	12610	33846	NC_002945.4	NODE_45_length_34062_cov_38.239635	100.0		True
CONTIG	NODE_45_length_34062_cov_38.239635	34062	correct
1190092	1204735	14644	1	NC_002945.4	NODE_46_length_33422_cov_36.591320	99.97		True
local misassembly
1171083	1189860	33422	14645	NC_002945.4	NODE_46_length_33422_cov_36.591320	99.99		True
CONTIG	NODE_46_length_33422_cov_36.591320	33422	correct
2161798	2192094	1	30298	NC_002945.4	NODE_47_length_30298_cov_39.588711	99.99		True
CONTIG	NODE_47_length_30298_cov_39.588711	30298	correct
2423267	2453582	1	30202	NC_002945.4	NODE_48_length_30241_cov_40.150063	99.62		True
CONTIG	NODE_48_length_30241_cov_40.150063	30241	correct
2294650	2324496	1	29847	NC_002945.4	NODE_49_length_29913_cov_36.212449	99.99		True
CONTIG	NODE_49_length_29913_cov_36.212449	29913	correct
2665977	2693421	185	27628	NC_002945.4	NODE_50_length_27628_cov_38.807971	99.99		True
CONTIG	NODE_50_length_27628_cov_38.807971	27628	correct
105040	131888	26985	137	NC_002945.4	NODE_51_length_26985_cov_36.732482	99.98		True
CONTIG	NODE_51_length_26985_cov_36.732482	26985	correct
306710	333298	26672	189	NC_002945.4	NODE_52_length_26672_cov_37.341345	99.6		True
CONTIG	NODE_52_length_26672_cov_37.341345	26672	correct
581820	607788	25969	1	NC_002945.4	NODE_53_length_25969_cov_38.767085	99.99		True
CONTIG	NODE_53_length_25969_cov_38.767085	25969	correct
3674358	3700109	25897	164	NC_002945.4	NODE_54_length_25897_cov_28.298370	99.93		True
CONTIG	NODE_54_length_25897_cov_28.298370	25897	correct
338778	363750	141	25026	NC_002945.4	NODE_55_length_25026_cov_34.350496	99.62		True
CONTIG	NODE_55_length_25026_cov_34.350496	25026	correct
4259930	4281633	1	21702	NC_002945.4	NODE_56_length_21702_cov_37.182711	99.98		True
CONTIG	NODE_56_length_21702_cov_37.182711	21702	correct
1471935	1490747	1	18814	NC_002945.4	NODE_57_length_19228_cov_42.056175	99.98		True
local misassembly
1490961	1491374	18815	19228	NC_002945.4	NODE_57_length_19228_cov_42.056175	100.0		True
CONTIG	NODE_57_length_19228_cov_42.056175	19228	correct
2140795	2158365	1	17571	NC_002945.4	NODE_58_length_17571_cov_40.161144	99.97		True
CONTIG	NODE_58_length_17571_cov_40.161144	17571	correct
3759921	3777383	17465	1	NC_002945.4	NODE_59_length_17465_cov_36.632426	99.97		True
CONTIG	NODE_59_length_17465_cov_36.632426	17465	correct
892165	909508	17344	1	NC_002945.4	NODE_60_length_17344_cov_38.480862	99.99		True
CONTIG	NODE_60_length_17344_cov_38.480862	17344	correct
2776933	2793876	39	16982	NC_002945.4	NODE_61_length_16982_cov_41.063601	100.0		True
CONTIG	NODE_61_length_16982_cov_41.063601	16982	correct
910050	926217	1	16168	NC_002945.4	NODE_62_length_16236_cov_40.499969	99.99		True
CONTIG	NODE_62_length_16236_cov_40.499969	16236	correct
609085	624436	15578	227	NC_002945.4	NODE_63_length_15578_cov_37.904796	99.98		True
CONTIG	NODE_63_length_15578_cov_37.904796	15578	correct
1853860	1869294	15435	1	NC_002945.4	NODE_64_length_15522_cov_30.955440	99.99		True
CONTIG	NODE_64_length_15522_cov_30.955440	15522	correct
2916851	2932215	1	15365	NC_002945.4	NODE_65_length_15365_cov_42.605591	99.97		True
CONTIG	NODE_65_length_15365_cov_42.605591	15365	correct
3712180	3724676	12636	140	NC_002945.4	NODE_66_length_12636_cov_27.111440	99.96		True
CONTIG	NODE_66_length_12636_cov_27.111440	12636	correct
4281637	4293953	12541	225	NC_002945.4	NODE_67_length_12541_cov_37.684308	99.98		True
CONTIG	NODE_67_length_12541_cov_37.684308	12541	correct
2944619	2957076	12458	1	NC_002945.4	NODE_68_length_12458_cov_39.170546	99.98		True
CONTIG	NODE_68_length_12458_cov_39.170546	12458	correct
3700309	3711403	1	11095	NC_002945.4	NODE_69_length_11095_cov_27.498724	100.0		True
CONTIG	NODE_69_length_11095_cov_27.498724	11095	correct
3890969	3893246	2447	170	NC_002945.4	NODE_70_length_10676_cov_14.693810	99.78		True
local misassembly
3884643	3890278	8092	2448	NC_002945.4	NODE_70_length_10676_cov_14.693810	99.79		True
local misassembly
3882139	3884027	10029	8093	NC_002945.4	NODE_70_length_10676_cov_14.693810	97.69		True
local misassembly
3881676	3882155	10660	10181	NC_002945.4	NODE_70_length_10676_cov_14.693810	100.0		True
CONTIG	NODE_70_length_10676_cov_14.693810	10676	correct
2933690	2943963	1	10274	NC_002945.4	NODE_71_length_10274_cov_37.128412	99.99		True
CONTIG	NODE_71_length_10274_cov_37.128412	10274	correct
3209302	3219347	1	10046	NC_002945.4	NODE_72_length_10046_cov_35.859260	100.0		True
CONTIG	NODE_72_length_10046_cov_35.859260	10046	correct
1623915	1633302	9340	1	NC_002945.4	NODE_73_length_9433_cov_31.653557	99.46		True
CONTIG	NODE_73_length_9433_cov_31.653557	9433	correct
1204739	1213474	8777	42	NC_002945.4	NODE_74_length_8881_cov_36.763651	99.97		True
CONTIG	NODE_74_length_8881_cov_36.763651	8881	correct
4294631	4301856	7226	1	NC_002945.4	NODE_75_length_7275_cov_33.247062	99.99		True
CONTIG	NODE_75_length_7275_cov_33.247062	7275	correct
2794071	2799828	322	6079	NC_002945.4	NODE_76_length_6079_cov_35.220598	99.98		True
CONTIG	NODE_76_length_6079_cov_35.220598	6079	correct
1987184	1992127	180	5124	NC_002945.4	NODE_77_length_5124_cov_40.409846	99.96		True
CONTIG	NODE_77_length_5124_cov_40.409846	5124	correct
3980254	3984631	4378	1	NC_002945.4	NODE_78_length_4486_cov_29.818995	100.0		True
local misassembly
3980005	3980073	4447	4379	NC_002945.4	NODE_78_length_4486_cov_29.818995	100.0		True
CONTIG	NODE_78_length_4486_cov_29.818995	4486	correct
1214750	1218383	3769	136	NC_002945.4	NODE_79_length_4342_cov_28.645077	99.78		True
local misassembly
1214433	1214774	4230	3889	NC_002945.4	NODE_79_length_4342_cov_28.645077	97.66		True
CONTIG	NODE_79_length_4342_cov_28.645077	4342	correct
1092496	1096461	115	4080	NC_002945.4	NODE_80_length_4080_cov_33.224387	99.97		True
CONTIG	NODE_80_length_4080_cov_33.224387	4080	correct
1165899	1169900	1	4002	NC_002945.4	NODE_81_length_4002_cov_37.262968	99.98		True
CONTIG	NODE_81_length_4002_cov_37.262968	4002	correct
3878240	3881402	3270	216	NC_002945.4	NODE_82_length_3270_cov_11.141266	96.52		True
CONTIG	NODE_82_length_3270_cov_11.141266	3270	correct
1638385	1638707	424	102	NC_002945.4	NODE_83_length_3059_cov_21.548772	99.71		True
local misassembly
1635657	1638240	3059	425	NC_002945.4	NODE_83_length_3059_cov_21.548772	98.06		True
CONTIG	NODE_83_length_3059_cov_21.548772	3059	correct
2284620	2287647	3028	1	NC_002945.4	NODE_84_length_3028_cov_28.622199	99.77		True
CONTIG	NODE_84_length_3028_cov_28.622199	3028	correct
2290710	2293716	3007	1	NC_002945.4	NODE_85_length_3007_cov_30.551736	100.0		True
CONTIG	NODE_85_length_3007_cov_30.551736	3007	correct
2158341	2158913	1	573	NC_002945.4	NODE_86_length_2949_cov_36.698086	100.0		True
fake: scaffold gap size wrong estimation (local)
2158914	2160444	605	2135	NC_002945.4	NODE_86_length_2949_cov_36.698086	95.49		True
CONTIG	NODE_86_length_2949_cov_36.698086	2949	correct
1993335	1996017	1	2683	NC_002945.4	NODE_87_length_2813_cov_43.612063	100.0		True
CONTIG	NODE_87_length_2813_cov_43.612063	2813	correct
928970	930644	1675	1	NC_002945.4	NODE_88_length_2518_cov_9.381849	100.0		True
local misassembly
928338	928975	2460	1814	NC_002945.4	NODE_88_length_2518_cov_9.381849	98.45		True
CONTIG	NODE_88_length_2518_cov_9.381849	2518	correct
2609387	2611609	1	2223	NC_002945.4	NODE_89_length_2223_cov_22.542462	100.0		True
CONTIG	NODE_89_length_2223_cov_22.542462	2223	correct
674743	676297	1555	1	NC_002945.4	NODE_90_length_1555_cov_5.469188	100.0		True
CONTIG	NODE_90_length_1555_cov_5.469188	1555	correct
607662	609211	1550	1	NC_002945.4	NODE_91_length_1550_cov_65.356290	99.87		True
CONTIG	NODE_91_length_1550_cov_65.356290	1550	correct
336693	338056	1364	1	NC_002945.4	NODE_92_length_1486_cov_15.951435	100.0		True
CONTIG	NODE_92_length_1486_cov_15.951435	1486	correct
4193589	4195052	1	1464	NC_002945.4	NODE_93_length_1464_cov_88.506358	100.0		True
CONTIG	NODE_93_length_1464_cov_88.506358	1464	correct
2774166	2775606	1441	1	NC_002945.4	NODE_94_length_1441_cov_7.462709	100.0		True
CONTIG	NODE_94_length_1441_cov_7.462709	1441	correct
3443593	3445031	1439	1	NC_002945.4	NODE_95_length_1439_cov_47.964177	100.0		True
CONTIG	NODE_95_length_1439_cov_47.964177	1439	correct
2324608	2325840	1233	1	NC_002945.4	NODE_96_length_1381_cov_30.078150	100.0		True
CONTIG	NODE_96_length_1381_cov_30.078150	1381	correct
3673145	3674484	1340	1	NC_002945.4	NODE_97_length_1340_cov_73.145919	100.0		True
CONTIG	NODE_97_length_1340_cov_73.145919	1340	correct
3339137	3340461	1	1325	NC_002945.4	NODE_98_length_1325_cov_37.722871	100.0		True
CONTIG	NODE_98_length_1325_cov_37.722871	1325	correct
3835659	3836979	1321	1	NC_002945.4	NODE_99_length_1321_cov_84.055276	99.77		True
CONTIG	NODE_99_length_1321_cov_84.055276	1321	correct
2288581	2289835	1255	1	NC_002945.4	NODE_100_length_1255_cov_40.830674	100.0		True
CONTIG	NODE_100_length_1255_cov_40.830674	1255	correct
2287521	2288707	1	1187	NC_002945.4	NODE_101_length_1187_cov_34.505660	100.0		True
CONTIG	NODE_101_length_1187_cov_34.505660	1187	correct
2165246	2165354	109	1	NC_002945.4	NODE_102_length_1170_cov_2.491850	100.0		True
relocation, inconsistency = 1490390
673795	674753	212	1170	NC_002945.4	NODE_102_length_1170_cov_2.491850	99.9		True
CONTIG	NODE_102_length_1170_cov_2.491850	1170	misassembled
2289709	2290836	1128	1	NC_002945.4	NODE_103_length_1128_cov_70.431568	99.91		True
CONTIG	NODE_103_length_1128_cov_70.431568	1128	correct
335439	336374	1	936	NC_002945.4	NODE_104_length_1126_cov_4.997998	99.79		True
CONTIG	NODE_104_length_1126_cov_4.997998	1126	correct
839685	840796	1	1112	NC_002945.4	NODE_105_length_1112_cov_16.223350	100.0		True
CONTIG	NODE_105_length_1112_cov_16.223350	1112	correct
CONTIG	NODE_106_length_1061_cov_0.706638	1061	unaligned
3711277	3712306	1	1030	NC_002945.4	NODE_107_length_1030_cov_77.296788	100.0		True
CONTIG	NODE_107_length_1030_cov_77.296788	1030	correct
1165044	1166025	982	1	NC_002945.4	NODE_108_length_982_cov_78.494737	100.0		True
CONTIG	NODE_108_length_982_cov_78.494737	982	correct
CONTIG	NODE_109_length_952_cov_0.701818	952	unaligned
2800228	2801136	1	909	NC_002945.4	NODE_110_length_909_cov_254.847826	100.0		True
CONTIG	NODE_110_length_909_cov_254.847826	909	correct
3341521	3342410	1	890	NC_002945.4	NODE_111_length_890_cov_31.758847	100.0		True
CONTIG	NODE_111_length_890_cov_31.758847	890	correct
1996380	1997031	1	652	NC_002945.4	NODE_112_length_846_cov_4.146036	100.0		True
CONTIG	NODE_112_length_846_cov_4.146036	846	correct
2191968	2192811	1	844	NC_002945.4	NODE_113_length_844_cov_73.069735	100.0		True
CONTIG	NODE_113_length_844_cov_73.069735	844	correct
338129	338755	1	636	NC_002945.4	NODE_114_length_827_cov_3.411429	98.58		True
CONTIG	NODE_114_length_827_cov_3.411429	827	correct
CONTIG	NODE_115_length_821_cov_2.755043	821	unaligned
909382	910176	795	1	NC_002945.4	NODE_116_length_795_cov_84.416168	100.0		True
CONTIG	NODE_116_length_795_cov_84.416168	795	correct
1213946	1214546	40	640	NC_002945.4	NODE_117_length_787_cov_1.592424	98.67		True
CONTIG	NODE_117_length_787_cov_1.592424	787	correct
2693295	2694038	744	1	NC_002945.4	NODE_118_length_744_cov_65.998379	99.87		True
CONTIG	NODE_118_length_744_cov_65.998379	744	correct
1985788	1986508	721	1	NC_002945.4	NODE_119_length_728_cov_3.477537	100.0		True
CONTIG	NODE_119_length_728_cov_3.477537	728	correct
CONTIG	NODE_120_length_721_cov_1.868687	721	unaligned
3340552	3341186	635	1	NC_002945.4	NODE_121_length_635_cov_31.005906	100.0		True
CONTIG	NODE_121_length_635_cov_31.005906	635	correct
1218487	1218927	1	441	NC_002945.4	NODE_122_length_631_cov_1.371032	99.77		True
CONTIG	NODE_122_length_631_cov_1.371032	631	correct
3341060	3341647	1	588	NC_002945.4	NODE_123_length_588_cov_58.418655	100.0		True
CONTIG	NODE_123_length_588_cov_58.418655	588	correct
841559	841979	576	156	NC_002945.4	NODE_124_length_579_cov_1.949115	95.72		True
CONTIG	NODE_124_length_579_cov_1.949115	579	correct
CONTIG	NODE_125_length_554_cov_0.597190	554	unaligned
2932275	2932815	541	1	NC_002945.4	NODE_126_length_541_cov_3.350242	99.82		True
CONTIG	NODE_126_length_541_cov_3.350242	541	correct
CONTIG	NODE_127_length_533_cov_0.522167	533	unaligned
1535045	1535408	1	364	NC_002945.4	NODE_128_length_531_cov_31.487624	96.98		True
relocation, inconsistency = 2310255
3845679	3845830	531	380	NC_002945.4	NODE_128_length_531_cov_31.487624	95.39		True
CONTIG	NODE_128_length_531_cov_31.487624	531	misassembled
927026	927534	524	16	NC_002945.4	NODE_129_length_524_cov_0.894207	100.0		True
CONTIG	NODE_129_length_524_cov_0.894207	524	correct
CONTIG	NODE_130_length_504_cov_1.140584	504	unaligned
