S1	E1	S2	E2	Reference	Contig	IDY	Ambiguous	Best_group
2944619	3193870	248407	1	NC_002945.4	NODE_1_length_248407_cov_34.156315	99.56		True
CONTIG	NODE_1_length_248407_cov_34.156315	248407	correct
2423267	2665667	1	242339	NC_002945.4	NODE_2_length_242458_cov_31.177790	99.92		True
CONTIG	NODE_2_length_242458_cov_31.177790	242458	correct
402605	607788	204915	1	NC_002945.4	NODE_3_length_204915_cov_31.819496	99.86		True
CONTIG	NODE_3_length_204915_cov_31.819496	204915	correct
3488378	3673271	184786	1	NC_002945.4	NODE_4_length_184786_cov_33.727611	99.93		True
CONTIG	NODE_4_length_184786_cov_33.727611	184786	correct
824601	838024	13473	50	NC_002945.4	NODE_5_length_160935_cov_32.966973	99.97		True
local misassembly
676585	824045	160935	13474	NC_002945.4	NODE_5_length_160935_cov_32.966973	99.99		True
CONTIG	NODE_5_length_160935_cov_32.966973	160935	correct
150679	306671	155991	26	NC_002945.4	NODE_6_length_155991_cov_31.730547	99.97		True
CONTIG	NODE_6_length_155991_cov_31.730547	155991	correct
4301846	4349904	1	48058	NC_002945.4	NODE_7_length_151377_cov_31.507081	99.99		True
fake: not a misassembly [linear representation of circular genome]
1	29469	48059	77527	NC_002945.4	NODE_7_length_151377_cov_31.507081	99.99		True
local misassembly
30083	103918	77529	151377	NC_002945.4	NODE_7_length_151377_cov_31.507081	99.96		True
CONTIG	NODE_7_length_151377_cov_31.507081	151377	correct
1638965	1769053	146	130233	NC_002945.4	NODE_8_length_130325_cov_30.999232	99.99		True
CONTIG	NODE_8_length_130325_cov_30.999232	130325	correct
3219363	3338802	1	119666	NC_002945.4	NODE_9_length_119666_cov_30.190900	99.88		True
CONTIG	NODE_9_length_119666_cov_30.190900	119666	correct
1010930	1090971	80045	1	NC_002945.4	NODE_10_length_119413_cov_32.358701	99.99		True
relocation, inconsistency = 1457
970210	1009472	119307	80046	NC_002945.4	NODE_10_length_119413_cov_32.358701	99.98		True
CONTIG	NODE_10_length_119413_cov_32.358701	119413	misassembled
1869381	1985725	115879	1	NC_002945.4	NODE_11_length_115879_cov_31.512777	99.58		True
CONTIG	NODE_11_length_115879_cov_31.512777	115879	correct
3777260	3835785	58456	1	NC_002945.4	NODE_12_length_110568_cov_37.933095	99.87		True
fake: scaffold gap size wrong estimation (local)
3737665	3777145	97959	58557	NC_002945.4	NODE_12_length_110568_cov_37.933095	99.79		True
local misassembly
3724846	3737454	110568	97960	NC_002945.4	NODE_12_length_110568_cov_37.933095	99.98		True
CONTIG	NODE_12_length_110568_cov_37.933095	110568	correct
4035812	4141974	1	106048	NC_002945.4	NODE_13_length_106074_cov_33.914504	99.88		True
CONTIG	NODE_13_length_106074_cov_33.914504	106074	correct
3343594	3442410	98886	1	NC_002945.4	NODE_14_length_98886_cov_30.912231	99.92		True
CONTIG	NODE_14_length_98886_cov_30.912231	98886	correct
1779460	1869198	89861	123	NC_002945.4	NODE_15_length_89861_cov_34.743932	99.99		True
CONTIG	NODE_15_length_89861_cov_34.743932	89861	correct
3897145	3980038	1	82885	NC_002945.4	NODE_16_length_87153_cov_37.190196	99.98		True
local misassembly
3980351	3984618	82886	87153	NC_002945.4	NODE_16_length_87153_cov_37.190196	100.0		True
CONTIG	NODE_16_length_87153_cov_37.190196	87153	correct
2056928	2083604	1	26677	NC_002945.4	NODE_17_length_84055_cov_31.761021	99.98		True
local misassembly
2083596	2140714	26816	83934	NC_002945.4	NODE_17_length_84055_cov_31.761021	99.99		True
CONTIG	NODE_17_length_84055_cov_31.761021	84055	correct
2693912	2773105	79383	191	NC_002945.4	NODE_18_length_79383_cov_31.442175	99.99		True
CONTIG	NODE_18_length_79383_cov_31.442175	79383	correct
1096985	1165170	68175	1	NC_002945.4	NODE_19_length_68175_cov_34.194598	99.97		True
CONTIG	NODE_19_length_68175_cov_34.194598	68175	correct
2852103	2916393	64290	1	NC_002945.4	NODE_20_length_64290_cov_37.221607	99.98		True
CONTIG	NODE_20_length_64290_cov_37.221607	64290	correct
4194926	4259153	1	64228	NC_002945.4	NODE_21_length_64228_cov_30.102479	99.99		True
CONTIG	NODE_21_length_64228_cov_30.102479	64228	correct
1280097	1343223	63189	1	NC_002945.4	NODE_22_length_63189_cov_36.535774	99.89		True
CONTIG	NODE_22_length_63189_cov_36.535774	63189	correct
1996146	2056415	60430	161	NC_002945.4	NODE_23_length_60605_cov_30.734862	99.98		True
CONTIG	NODE_23_length_60605_cov_30.734862	60605	correct
1219437	1278412	58976	1	NC_002945.4	NODE_24_length_58976_cov_34.599415	99.99		True
CONTIG	NODE_24_length_58976_cov_34.599415	58976	correct
1413935	1470724	1	56733	NC_002945.4	NODE_25_length_56733_cov_28.549694	99.89		True
CONTIG	NODE_25_length_56733_cov_28.549694	56733	correct
4141993	4193715	1	51723	NC_002945.4	NODE_26_length_51723_cov_34.820839	99.99		True
CONTIG	NODE_26_length_51723_cov_34.820839	51723	correct
2801012	2852092	1	51081	NC_002945.4	NODE_27_length_51081_cov_37.358284	99.99		True
CONTIG	NODE_27_length_51081_cov_37.358284	51081	correct
1574016	1623827	84	49895	NC_002945.4	NODE_28_length_49895_cov_39.672721	99.98		True
CONTIG	NODE_28_length_49895_cov_39.672721	49895	correct
842474	891078	5	48609	NC_002945.4	NODE_29_length_48609_cov_30.183470	99.98		True
CONTIG	NODE_29_length_48609_cov_30.183470	48609	correct
624960	673257	1	48298	NC_002945.4	NODE_30_length_48326_cov_40.192826	99.99		True
CONTIG	NODE_30_length_48326_cov_40.192826	48326	correct
1492010	1535110	98	43198	NC_002945.4	NODE_31_length_43198_cov_31.800655	99.98		True
CONTIG	NODE_31_length_43198_cov_31.800655	43198	correct
1343879	1386740	1	42867	NC_002945.4	NODE_32_length_42934_cov_38.866868	99.98		True
CONTIG	NODE_32_length_42934_cov_38.866868	42934	correct
3445573	3488322	42750	1	NC_002945.4	NODE_33_length_42750_cov_28.181709	99.97		True
CONTIG	NODE_33_length_42750_cov_28.181709	42750	correct
928804	928975	20	191	NC_002945.4	NODE_34_length_41845_cov_35.531953	99.42		True
local misassembly
928970	970128	330	41608	NC_002945.4	NODE_34_length_41845_cov_35.531953	99.69		True
CONTIG	NODE_34_length_41845_cov_35.531953	41845	correct
3836888	3878186	41291	1	NC_002945.4	NODE_35_length_41291_cov_33.171218	99.96		True
CONTIG	NODE_35_length_41291_cov_33.171218	41291	correct
3984850	4000631	151	15932	NC_002945.4	NODE_36_length_40380_cov_35.132909	100.0		True
fake: scaffold gap size wrong estimation (local)
4000854	4024975	16033	40154	NC_002945.4	NODE_36_length_40380_cov_35.132909	99.98		True
CONTIG	NODE_36_length_40380_cov_35.132909	40380	correct
1535942	1573930	1	37988	NC_002945.4	NODE_37_length_38016_cov_32.894613	99.99		True
CONTIG	NODE_37_length_38016_cov_32.894613	38016	correct
2246074	2283745	37674	1	NC_002945.4	NODE_38_length_37797_cov_27.748049	99.95		True
CONTIG	NODE_38_length_37797_cov_27.748049	37797	correct
3674358	3711403	37028	1	NC_002945.4	NODE_39_length_37028_cov_30.838812	99.94		True
CONTIG	NODE_39_length_37028_cov_30.838812	37028	correct
2372425	2408916	36434	1	NC_002945.4	NODE_40_length_36582_cov_38.142285	99.83		True
CONTIG	NODE_40_length_36582_cov_38.142285	36582	correct
2209993	2246062	108	36177	NC_002945.4	NODE_41_length_36177_cov_28.703245	99.99		True
CONTIG	NODE_41_length_36177_cov_28.703245	36177	correct
4259930	4293920	1	33989	NC_002945.4	NODE_42_length_33989_cov_24.924133	99.99		True
CONTIG	NODE_42_length_33989_cov_24.924133	33989	correct
367514	401308	1	33795	NC_002945.4	NODE_43_length_33795_cov_27.025841	100.0		True
CONTIG	NODE_43_length_33795_cov_27.025841	33795	correct
1190092	1204754	14885	223	NC_002945.4	NODE_44_length_33663_cov_36.583582	99.97		True
local misassembly
1171083	1189860	33663	14886	NC_002945.4	NODE_44_length_33663_cov_36.583582	99.99		True
CONTIG	NODE_44_length_33663_cov_36.583582	33663	correct
2161798	2192094	1	30298	NC_002945.4	NODE_45_length_30298_cov_27.055351	99.99		True
CONTIG	NODE_45_length_30298_cov_27.055351	30298	correct
2294650	2324490	1	29841	NC_002945.4	NODE_46_length_29843_cov_41.653924	99.99		True
CONTIG	NODE_46_length_29843_cov_41.653924	29843	correct
2343767	2372346	207	28786	NC_002945.4	NODE_47_length_28786_cov_32.491748	99.99		True
CONTIG	NODE_47_length_28786_cov_32.491748	28786	correct
2665977	2693421	27444	1	NC_002945.4	NODE_48_length_27656_cov_37.929928	99.98		True
CONTIG	NODE_48_length_27656_cov_37.929928	27656	correct
105040	132124	27297	213	NC_002945.4	NODE_49_length_27297_cov_30.561097	99.98		True
CONTIG	NODE_49_length_27297_cov_30.561097	27297	correct
336693	363763	179	27171	NC_002945.4	NODE_50_length_27292_cov_42.829891	99.62		True
CONTIG	NODE_50_length_27292_cov_42.829891	27292	correct
306885	332143	1	25259	NC_002945.4	NODE_51_length_26267_cov_40.313428	99.99		True
local misassembly
332249	333136	25260	26147	NC_002945.4	NODE_51_length_26267_cov_40.313428	99.68		True
CONTIG	NODE_51_length_26267_cov_40.313428	26267	correct
1386923	1412955	122	26154	NC_002945.4	NODE_52_length_26154_cov_34.210551	99.98		True
CONTIG	NODE_52_length_26154_cov_34.210551	26154	correct
2140795	2158516	1	17722	NC_002945.4	NODE_53_length_20357_cov_25.714582	99.96		True
local misassembly
2158655	2158913	17723	17981	NC_002945.4	NODE_53_length_20357_cov_25.714582	100.0		True
fake: scaffold gap size wrong estimation (local)
2158914	2160444	18013	19543	NC_002945.4	NODE_53_length_20357_cov_25.714582	95.49		True
CONTIG	NODE_53_length_20357_cov_25.714582	20357	correct
1490961	1491774	931	118	NC_002945.4	NODE_54_length_19745_cov_25.326231	100.0		True
local misassembly
1471935	1490747	19745	932	NC_002945.4	NODE_54_length_19745_cov_25.326231	99.98		True
CONTIG	NODE_54_length_19745_cov_25.326231	19745	correct
892165	909508	17344	1	NC_002945.4	NODE_55_length_17344_cov_33.405065	99.99		True
CONTIG	NODE_55_length_17344_cov_33.405065	17344	correct
2192685	2210018	1	17334	NC_002945.4	NODE_56_length_17334_cov_22.839310	99.99		True
CONTIG	NODE_56_length_17334_cov_22.839310	17334	correct
132680	149938	4	17262	NC_002945.4	NODE_57_length_17269_cov_37.916346	99.96		True
CONTIG	NODE_57_length_17269_cov_37.916346	17269	correct
2777000	2793841	16897	56	NC_002945.4	NODE_58_length_16929_cov_38.362576	100.0		True
CONTIG	NODE_58_length_16929_cov_38.362576	16929	correct
2326406	2342829	16424	1	NC_002945.4	NODE_59_length_16544_cov_39.569653	99.99		True
CONTIG	NODE_59_length_16544_cov_39.569653	16544	correct
910050	926339	1	16290	NC_002945.4	NODE_60_length_16290_cov_36.029017	99.99		True
CONTIG	NODE_60_length_16290_cov_36.029017	16290	correct
609085	624303	1	15219	NC_002945.4	NODE_61_length_15338_cov_43.955953	99.99		True
CONTIG	NODE_61_length_15338_cov_43.955953	15338	correct
3193780	3208843	15164	1	NC_002945.4	NODE_62_length_15164_cov_29.025071	100.0		True
CONTIG	NODE_62_length_15164_cov_29.025071	15164	correct
2916851	2931328	1	14478	NC_002945.4	NODE_63_length_14478_cov_37.392865	99.97		True
CONTIG	NODE_63_length_14478_cov_37.392865	14478	correct
2409049	2422776	13728	1	NC_002945.4	NODE_64_length_13728_cov_38.121829	99.98		True
CONTIG	NODE_64_length_13728_cov_38.121829	13728	correct
3712180	3723846	11667	1	NC_002945.4	NODE_65_length_11667_cov_25.635009	99.96		True
CONTIG	NODE_65_length_11667_cov_25.635009	11667	correct
4024910	4035825	54	10969	NC_002945.4	NODE_66_length_10969_cov_44.408412	99.9		True
CONTIG	NODE_66_length_10969_cov_44.408412	10969	correct
3884660	3890623	1	5973	NC_002945.4	NODE_67_length_10425_cov_42.829481	99.77		True
local misassembly
3890969	3895304	5974	10309	NC_002945.4	NODE_67_length_10425_cov_42.829481	99.9		True
CONTIG	NODE_67_length_10425_cov_42.829481	10425	correct
2933703	2943963	1	10261	NC_002945.4	NODE_68_length_10261_cov_33.878824	99.99		True
CONTIG	NODE_68_length_10261_cov_33.878824	10261	correct
3209302	3219347	1	10046	NC_002945.4	NODE_69_length_10046_cov_29.263736	100.0		True
CONTIG	NODE_69_length_10046_cov_29.263736	10046	correct
1623843	1633307	1	9408	NC_002945.4	NODE_70_length_9408_cov_58.563625	99.37		True
CONTIG	NODE_70_length_9408_cov_58.563625	9408	correct
1204749	1213863	1	9040	NC_002945.4	NODE_71_length_9040_cov_46.704364	99.14		True
CONTIG	NODE_71_length_9040_cov_46.704364	9040	correct
4294631	4301845	7215	1	NC_002945.4	NODE_72_length_7265_cov_36.062903	99.99		True
CONTIG	NODE_72_length_7265_cov_36.062903	7265	correct
2793839	2799828	5990	1	NC_002945.4	NODE_73_length_5990_cov_28.466826	99.98		True
CONTIG	NODE_73_length_5990_cov_28.466826	5990	correct
1987005	1992127	5124	1	NC_002945.4	NODE_74_length_5124_cov_54.985591	99.98		True
CONTIG	NODE_74_length_5124_cov_54.985591	5124	correct
1214750	1218340	3746	156	NC_002945.4	NODE_75_length_4839_cov_51.924448	100.0		True
local misassembly
1213937	1214774	4703	3866	NC_002945.4	NODE_75_length_4839_cov_51.924448	99.76		True
CONTIG	NODE_75_length_4839_cov_51.924448	4839	correct
1165899	1169900	4002	1	NC_002945.4	NODE_76_length_4002_cov_31.581677	99.98		True
CONTIG	NODE_76_length_4002_cov_31.581677	4002	correct
1092776	1096461	3686	1	NC_002945.4	NODE_77_length_3686_cov_63.540039	100.0		True
CONTIG	NODE_77_length_3686_cov_63.540039	3686	correct
2284620	2287647	3028	1	NC_002945.4	NODE_78_length_3028_cov_31.725612	99.77		True
CONTIG	NODE_78_length_3028_cov_31.725612	3028	correct
2290710	2293716	1	3007	NC_002945.4	NODE_79_length_3007_cov_31.425694	100.0		True
CONTIG	NODE_79_length_3007_cov_31.425694	3007	correct
3881998	3882155	160	317	NC_002945.4	NODE_80_length_2997_cov_11.996864	100.0		True
local misassembly
3882139	3883985	469	2363	NC_002945.4	NODE_80_length_2997_cov_11.996864	97.47		True
local misassembly
3883521	3884154	2364	2997	NC_002945.4	NODE_80_length_2997_cov_11.996864	100.0		True
CONTIG	NODE_80_length_2997_cov_11.996864	2997	correct
3878194	3881088	2895	1	NC_002945.4	NODE_81_length_2986_cov_13.763903	100.0		True
CONTIG	NODE_81_length_2986_cov_13.763903	2986	correct
1993335	1995984	2819	170	NC_002945.4	NODE_82_length_2819_cov_49.025632	100.0		True
CONTIG	NODE_82_length_2819_cov_49.025632	2819	correct
1635657	1638030	1	2425	NC_002945.4	NODE_83_length_2425_cov_45.949086	97.9		True
CONTIG	NODE_83_length_2425_cov_45.949086	2425	correct
364047	366105	1	2059	NC_002945.4	NODE_84_length_2059_cov_50.368710	99.85		True
CONTIG	NODE_84_length_2059_cov_50.368710	2059	correct
674717	676294	1660	83	NC_002945.4	NODE_85_length_1785_cov_9.875151	100.0		True
local misassembly
675025	675149	1785	1661	NC_002945.4	NODE_85_length_1785_cov_9.875151	100.0		True
CONTIG	NODE_85_length_1785_cov_9.875151	1785	correct
839211	840816	1608	3	NC_002945.4	NODE_86_length_1727_cov_16.506875	99.32		True
relocation, inconsistency = 1200479
2041296	2041414	1609	1727	NC_002945.4	NODE_86_length_1727_cov_16.506875	100.0		True
CONTIG	NODE_86_length_1727_cov_16.506875	1727	misassembled
607662	609211	1	1550	NC_002945.4	NODE_87_length_1550_cov_56.329585	100.0		True
CONTIG	NODE_87_length_1550_cov_56.329585	1550	correct
366106	367640	1	1535	NC_002945.4	NODE_88_length_1535_cov_34.186080	100.0		True
CONTIG	NODE_88_length_1535_cov_34.186080	1535	correct
4193589	4195052	1	1464	NC_002945.4	NODE_89_length_1464_cov_61.903515	100.0		True
CONTIG	NODE_89_length_1464_cov_61.903515	1464	correct
3443593	3445031	1439	1	NC_002945.4	NODE_90_length_1439_cov_21.248476	100.0		True
CONTIG	NODE_90_length_1439_cov_21.248476	1439	correct
673503	674708	1214	9	NC_002945.4	NODE_91_length_1367_cov_4.510484	99.83		True
CONTIG	NODE_91_length_1367_cov_4.510484	1367	correct
2324503	2325844	1346	5	NC_002945.4	NODE_92_length_1346_cov_41.978671	100.0		True
CONTIG	NODE_92_length_1346_cov_41.978671	1346	correct
890952	892291	1340	1	NC_002945.4	NODE_93_length_1340_cov_61.199505	100.0		True
CONTIG	NODE_93_length_1340_cov_61.199505	1340	correct
3339137	3340461	1	1325	NC_002945.4	NODE_94_length_1325_cov_39.884808	100.0		True
CONTIG	NODE_94_length_1325_cov_39.884808	1325	correct
3835659	3836979	1321	1	NC_002945.4	NODE_95_length_1321_cov_74.097152	99.7		True
CONTIG	NODE_95_length_1321_cov_74.097152	1321	correct
4098176	4098272	97	1	NC_002945.4	NODE_96_length_1258_cov_8.304156	97.98		True
relocation, inconsistency = 3761714
335483	336461	1076	98	NC_002945.4	NODE_96_length_1258_cov_8.304156	99.59		True
CONTIG	NODE_96_length_1258_cov_8.304156	1258	misassembled
2288581	2289835	1	1255	NC_002945.4	NODE_97_length_1255_cov_47.730496	100.0		True
CONTIG	NODE_97_length_1255_cov_47.730496	1255	correct
2287521	2288707	1	1187	NC_002945.4	NODE_98_length_1187_cov_36.564151	100.0		True
CONTIG	NODE_98_length_1187_cov_36.564151	1187	correct
3697162	3697249	1	88	NC_002945.4	NODE_99_length_1144_cov_7.363815	99.07		True
relocation, inconsistency = -923079
2774171	2775226	89	1144	NC_002945.4	NODE_99_length_1144_cov_7.363815	100.0		True
CONTIG	NODE_99_length_1144_cov_7.363815	1144	misassembled
2283619	2284746	1128	1	NC_002945.4	NODE_100_length_1128_cov_76.838162	99.91		True
CONTIG	NODE_100_length_1128_cov_76.838162	1128	correct
1090972	1092057	1086	1	NC_002945.4	NODE_101_length_1086_cov_10.860676	99.91		True
CONTIG	NODE_101_length_1086_cov_10.860676	1086	correct
2931329	2932378	1	1050	NC_002945.4	NODE_102_length_1050_cov_31.514868	100.0		True
CONTIG	NODE_102_length_1050_cov_31.514868	1050	correct
334077	335121	1	1045	NC_002945.4	NODE_103_length_1045_cov_27.954248	99.81		True
CONTIG	NODE_103_length_1045_cov_27.954248	1045	correct
3711277	3712306	1030	1	NC_002945.4	NODE_104_length_1030_cov_71.336656	100.0		True
CONTIG	NODE_104_length_1030_cov_71.336656	1030	correct
1165044	1166025	982	1	NC_002945.4	NODE_105_length_982_cov_67.933333	99.9		True
CONTIG	NODE_105_length_982_cov_67.933333	982	correct
1633505	1634239	735	1	NC_002945.4	NODE_106_length_923_cov_9.184673	100.0		True
CONTIG	NODE_106_length_923_cov_9.184673	923	correct
1169775	1170683	909	1	NC_002945.4	NODE_107_length_909_cov_180.916880	100.0		True
CONTIG	NODE_107_length_909_cov_180.916880	909	correct
2342830	2343737	908	1	NC_002945.4	NODE_108_length_908_cov_13.085990	100.0		True
CONTIG	NODE_108_length_908_cov_13.085990	908	correct
3341521	3342410	1	890	NC_002945.4	NODE_109_length_890_cov_30.537353	100.0		True
CONTIG	NODE_109_length_890_cov_30.537353	890	correct
3884185	3884276	109	18	NC_002945.4	NODE_110_length_846_cov_35.841446	100.0		True
local misassembly
3884045	3884799	846	110	NC_002945.4	NODE_110_length_846_cov_35.841446	97.48		True
CONTIG	NODE_110_length_846_cov_35.841446	846	correct
2191968	2192811	1	844	NC_002945.4	NODE_111_length_844_cov_63.725244	100.0		True
CONTIG	NODE_111_length_844_cov_63.725244	844	correct
1638369	1638773	512	108	NC_002945.4	NODE_112_length_833_cov_3.862606	99.51		True
local misassembly
1637904	1638224	833	513	NC_002945.4	NODE_112_length_833_cov_3.862606	100.0		True
CONTIG	NODE_112_length_833_cov_3.862606	833	correct
3444905	3445699	1	795	NC_002945.4	NODE_113_length_795_cov_55.236527	100.0		True
CONTIG	NODE_113_length_795_cov_55.236527	795	correct
841551	842188	638	1	NC_002945.4	NODE_114_length_788_cov_2.653555	99.06		True
CONTIG	NODE_114_length_788_cov_2.653555	788	correct
1985748	1986478	9	739	NC_002945.4	NODE_115_length_764_cov_4.893250	100.0		True
CONTIG	NODE_115_length_764_cov_4.893250	764	correct
2693295	2694038	1	744	NC_002945.4	NODE_116_length_744_cov_48.387358	100.0		True
CONTIG	NODE_116_length_744_cov_48.387358	744	correct
150679	150794	1	116	NC_002945.4	NODE_117_length_730_cov_9.655058	100.0		True
local misassembly
150192	150805	117	730	NC_002945.4	NODE_117_length_730_cov_9.655058	100.0		True
CONTIG	NODE_117_length_730_cov_9.655058	730	correct
2773532	2774129	68	665	NC_002945.4	NODE_118_length_719_cov_6.944257	99.0		True
CONTIG	NODE_118_length_719_cov_6.944257	719	correct
838599	838951	408	56	NC_002945.4	NODE_119_length_689_cov_1.745552	100.0		True
inversion
838410	838526	448	564	NC_002945.4	NODE_119_length_689_cov_1.745552	100.0		True
CONTIG	NODE_119_length_689_cov_1.745552	689	misassembled
3723847	3724533	687	1	NC_002945.4	NODE_120_length_687_cov_20.734644	100.0		True
CONTIG	NODE_120_length_687_cov_20.734644	687	correct
3340552	3341186	635	1	NC_002945.4	NODE_121_length_635_cov_36.383858	100.0		True
CONTIG	NODE_121_length_635_cov_36.383858	635	correct
3341060	3341647	1	588	NC_002945.4	NODE_122_length_588_cov_61.950108	100.0		True
CONTIG	NODE_122_length_588_cov_61.950108	588	correct
2056453	2056924	527	56	NC_002945.4	NODE_123_length_546_cov_2.157518	100.0		True
CONTIG	NODE_123_length_546_cov_2.157518	546	correct
1092154	1092389	341	106	NC_002945.4	NODE_124_length_538_cov_1.187348	99.58		True
CONTIG	NODE_124_length_538_cov_1.187348	538	correct
1535045	1535408	1	364	NC_002945.4	NODE_125_length_531_cov_19.329208	96.98		True
relocation, inconsistency = 2310255
3845679	3845830	531	380	NC_002945.4	NODE_125_length_531_cov_19.329208	95.39		True
CONTIG	NODE_125_length_531_cov_19.329208	531	misassembled
929067	929174	108	1	NC_002945.4	NODE_126_length_526_cov_2.646617	100.0		True
relocation, inconsistency = 1594
927144	927457	124	437	NC_002945.4	NODE_126_length_526_cov_2.646617	100.0		True
CONTIG	NODE_126_length_526_cov_2.646617	526	misassembled
2774956	2775044	89	1	NC_002945.4	NODE_127_length_525_cov_1.115578	97.89		True
relocation, inconsistency = -1179
2775854	2776134	370	90	NC_002945.4	NODE_127_length_525_cov_1.115578	100.0		True
indel: indel (> 5bp)
2775624	2775778	525	371	NC_002945.4	NODE_127_length_525_cov_1.115578	100.0		True
CONTIG	NODE_127_length_525_cov_1.115578	525	misassembled
2932510	2932845	165	500	NC_002945.4	NODE_128_length_500_cov_1.552279	100.0		True
CONTIG	NODE_128_length_500_cov_1.552279	500	correct
