S1	E1	S2	E2	Reference	Contig	IDY	Ambiguous	Best_group
3015725	3193870	177456	1	NC_002945.4	NODE_1_length_235990_cov_35.525508	99.48		True
local misassembly
2957039	3015625	235990	177457	NC_002945.4	NODE_1_length_235990_cov_35.525508	99.9		True
CONTIG	NODE_1_length_235990_cov_35.525508	235990	correct
3445573	3673271	227591	1	NC_002945.4	NODE_2_length_227591_cov_35.487431	99.93		True
CONTIG	NODE_2_length_227591_cov_35.487431	227591	correct
2453884	2665682	212051	195	NC_002945.4	NODE_3_length_212051_cov_34.323503	99.96		True
CONTIG	NODE_3_length_212051_cov_34.323503	212051	correct
1779460	1985142	206101	852	NC_002945.4	NODE_4_length_206101_cov_35.647368	99.78		True
CONTIG	NODE_4_length_206101_cov_35.647368	206101	correct
402605	607788	1	204915	NC_002945.4	NODE_5_length_204915_cov_35.342852	99.86		True
CONTIG	NODE_5_length_204915_cov_35.342852	204915	correct
150105	306632	156550	50	NC_002945.4	NODE_6_length_156634_cov_36.230316	99.97		True
CONTIG	NODE_6_length_156634_cov_36.230316	156634	correct
4310405	4349904	53	39551	NC_002945.4	NODE_7_length_142870_cov_36.667437	99.98		True
fake: not a misassembly [linear representation of circular genome]
1	29469	39552	69020	NC_002945.4	NODE_7_length_142870_cov_36.667437	99.99		True
local misassembly
30083	103918	69022	142870	NC_002945.4	NODE_7_length_142870_cov_36.667437	99.96		True
CONTIG	NODE_7_length_142870_cov_36.667437	142870	correct
1638975	1769053	130170	93	NC_002945.4	NODE_8_length_130290_cov_32.526386	99.99		True
CONTIG	NODE_8_length_130290_cov_32.526386	130290	correct
970145	1009472	1	39327	NC_002945.4	NODE_9_length_120680_cov_35.439400	99.98		True
relocation, inconsistency = 1457
1010930	1092279	39328	120680	NC_002945.4	NODE_9_length_120680_cov_35.439400	99.99		True
CONTIG	NODE_9_length_120680_cov_35.439400	120680	misassembled
3227020	3338802	147	112155	NC_002945.4	NODE_10_length_112155_cov_33.158103	99.87		True
CONTIG	NODE_10_length_112155_cov_33.158103	112155	correct
726462	824045	49	97633	NC_002945.4	NODE_11_length_111173_cov_35.319597	99.99		True
local misassembly
824601	837986	97634	111019	NC_002945.4	NODE_11_length_111173_cov_35.319597	99.98		True
CONTIG	NODE_11_length_111173_cov_35.319597	111173	correct
4036136	4141984	105734	1	NC_002945.4	NODE_12_length_105734_cov_36.182923	99.88		True
CONTIG	NODE_12_length_105734_cov_36.182923	105734	correct
3343594	3442410	98885	1	NC_002945.4	NODE_13_length_98885_cov_35.457117	99.92		True
CONTIG	NODE_13_length_98885_cov_35.457117	98885	correct
2056904	2083604	1	26701	NC_002945.4	NODE_14_length_84065_cov_34.113524	99.98		True
local misassembly
2083596	2140821	26840	84065	NC_002945.4	NODE_14_length_84065_cov_34.113524	99.99		True
CONTIG	NODE_14_length_84065_cov_34.113524	84065	correct
3897145	3980057	1	82904	NC_002945.4	NODE_15_length_82975_cov_39.144771	99.98		True
CONTIG	NODE_15_length_82975_cov_39.144771	82975	correct
1491897	1573721	1	81825	NC_002945.4	NODE_16_length_82087_cov_34.800695	99.93		True
CONTIG	NODE_16_length_82087_cov_34.800695	82087	correct
2693912	2773062	79271	122	NC_002945.4	NODE_17_length_79271_cov_34.254852	99.99		True
CONTIG	NODE_17_length_79271_cov_34.254852	79271	correct
1096985	1165170	1	68186	NC_002945.4	NODE_18_length_68186_cov_35.623312	99.99		True
CONTIG	NODE_18_length_68186_cov_35.623312	68186	correct
105040	132025	1	26986	NC_002945.4	NODE_19_length_67389_cov_35.830276	99.97		True
relocation, inconsistency = 3868783
4000854	4024975	51153	27032	NC_002945.4	NODE_19_length_67389_cov_35.830276	99.98		True
fake: scaffold gap size wrong estimation (local)
3984854	4000631	67031	51254	NC_002945.4	NODE_19_length_67389_cov_35.830276	100.0		True
CONTIG	NODE_19_length_67389_cov_35.830276	67389	misassembled
339118	401308	62074	1	NC_002945.4	NODE_20_length_64325_cov_36.666049	99.59		True
local misassembly
336546	338802	64325	62075	NC_002945.4	NODE_20_length_64325_cov_36.666049	97.86		True
CONTIG	NODE_20_length_64325_cov_36.666049	64325	correct
2852102	2916393	64292	1	NC_002945.4	NODE_21_length_64292_cov_38.403491	99.98		True
CONTIG	NODE_21_length_64292_cov_38.403491	64292	correct
4194926	4259153	1	64228	NC_002945.4	NODE_22_length_64228_cov_34.604515	99.99		True
CONTIG	NODE_22_length_64228_cov_34.604515	64228	correct
1280097	1340762	1	60728	NC_002945.4	NODE_23_length_60728_cov_38.834607	99.89		True
CONTIG	NODE_23_length_60728_cov_38.834607	60728	correct
1634594	1634925	495	164	NC_002945.4	NODE_24_length_60662_cov_39.069414	100.0		True
local misassembly
1633455	1634449	1490	496	NC_002945.4	NODE_24_length_60662_cov_39.069414	98.75		True
local misassembly
1574059	1633295	60662	1491	NC_002945.4	NODE_24_length_60662_cov_39.069414	99.87		True
CONTIG	NODE_24_length_60662_cov_39.069414	60662	correct
1997116	2056368	59321	69	NC_002945.4	NODE_25_length_59327_cov_34.202399	99.98		True
CONTIG	NODE_25_length_59327_cov_34.202399	59327	correct
1219651	1278412	58762	1	NC_002945.4	NODE_26_length_58872_cov_36.627424	99.99		True
CONTIG	NODE_26_length_58872_cov_36.627424	58872	correct
3777400	3835785	1	58318	NC_002945.4	NODE_27_length_58318_cov_39.569177	99.87		True
CONTIG	NODE_27_length_58318_cov_39.569177	58318	correct
1413935	1470724	56733	1	NC_002945.4	NODE_28_length_56733_cov_33.117532	99.89		True
CONTIG	NODE_28_length_56733_cov_33.117532	56733	correct
4141989	4193715	51727	1	NC_002945.4	NODE_29_length_51727_cov_36.113527	99.99		True
CONTIG	NODE_29_length_51727_cov_36.113527	51727	correct
2801012	2852068	1	51057	NC_002945.4	NODE_30_length_51057_cov_39.277989	99.88		True
CONTIG	NODE_30_length_51057_cov_39.277989	51057	correct
676770	726353	185	49768	NC_002945.4	NODE_31_length_49861_cov_39.499477	99.99		True
CONTIG	NODE_31_length_49861_cov_39.499477	49861	correct
842626	891078	4	48456	NC_002945.4	NODE_32_length_48456_cov_34.697863	99.99		True
CONTIG	NODE_32_length_48456_cov_34.697863	48456	correct
625459	673257	12	47810	NC_002945.4	NODE_33_length_47838_cov_41.100711	99.99		True
CONTIG	NODE_33_length_47838_cov_41.100711	47838	correct
1343879	1386468	1	42595	NC_002945.4	NODE_34_length_42678_cov_40.169420	99.99		True
CONTIG	NODE_34_length_42678_cov_40.169420	42678	correct
928032	928975	81	1033	NC_002945.4	NODE_35_length_42578_cov_35.585334	99.06		True
local misassembly
928970	970136	1172	42578	NC_002945.4	NODE_35_length_42578_cov_35.585334	99.4		True
CONTIG	NODE_35_length_42578_cov_35.585334	42578	correct
3836888	3878150	41277	23	NC_002945.4	NODE_36_length_41277_cov_36.246464	99.96		True
CONTIG	NODE_36_length_41277_cov_36.246464	41277	correct
2246078	2283745	1	37670	NC_002945.4	NODE_37_length_37670_cov_33.574142	99.95		True
CONTIG	NODE_37_length_37670_cov_33.574142	37670	correct
2372406	2408771	36309	2	NC_002945.4	NODE_38_length_36309_cov_36.819413	99.82		True
CONTIG	NODE_38_length_36309_cov_36.819413	36309	correct
2210171	2246057	35887	1	NC_002945.4	NODE_39_length_35933_cov_33.037508	99.99		True
CONTIG	NODE_39_length_35933_cov_33.037508	35933	correct
4259930	4293928	33997	1	NC_002945.4	NODE_40_length_33997_cov_29.744937	99.98		True
CONTIG	NODE_40_length_33997_cov_29.744937	33997	correct
3737665	3758920	21256	1	NC_002945.4	NODE_41_length_33944_cov_37.401662	99.99		True
local misassembly
3724855	3737454	33856	21257	NC_002945.4	NODE_41_length_33944_cov_37.401662	99.98		True
CONTIG	NODE_41_length_33944_cov_37.401662	33944	correct
2161798	2192094	1	30298	NC_002945.4	NODE_42_length_30298_cov_31.153724	99.99		True
CONTIG	NODE_42_length_30298_cov_31.153724	30298	correct
2423267	2453554	1	30174	NC_002945.4	NODE_43_length_30293_cov_37.297752	99.62		True
CONTIG	NODE_43_length_30293_cov_37.297752	30293	correct
2294650	2324391	29793	52	NC_002945.4	NODE_44_length_29793_cov_39.662307	99.99		True
CONTIG	NODE_44_length_29793_cov_39.662307	29793	correct
2343844	2372199	28356	1	NC_002945.4	NODE_45_length_28356_cov_34.116334	99.99		True
CONTIG	NODE_45_length_28356_cov_34.116334	28356	correct
2665937	2693421	27484	1	NC_002945.4	NODE_46_length_27484_cov_38.282524	99.99		True
CONTIG	NODE_46_length_27484_cov_38.282524	27484	correct
333299	333426	267	140	NC_002945.4	NODE_47_length_26757_cov_37.612129	99.76		True
indel: stretch of mismatches
306758	333298	26703	268	NC_002945.4	NODE_47_length_26757_cov_37.612129	99.6		True
CONTIG	NODE_47_length_26757_cov_37.612129	26757	correct
1387288	1412955	25668	1	NC_002945.4	NODE_48_length_25668_cov_38.346697	99.98		True
CONTIG	NODE_48_length_25668_cov_38.346697	25668	correct
3674358	3698328	1	23953	NC_002945.4	NODE_49_length_24044_cov_30.037087	99.88		True
CONTIG	NODE_49_length_24044_cov_30.037087	24044	correct
1471935	1490747	1	18814	NC_002945.4	NODE_50_length_19662_cov_27.452623	99.98		True
local misassembly
1490961	1491808	18815	19662	NC_002945.4	NODE_50_length_19662_cov_27.452623	99.88		True
CONTIG	NODE_50_length_19662_cov_27.452623	19662	correct
1170557	1189879	1	19323	NC_002945.4	NODE_51_length_19596_cov_39.616673	99.98		True
local misassembly
1190111	1190363	19324	19576	NC_002945.4	NODE_51_length_19596_cov_39.616673	97.64		True
CONTIG	NODE_51_length_19596_cov_39.616673	19596	correct
3759387	3759748	17	378	NC_002945.4	NODE_52_length_17916_cov_39.208387	99.73		True
local misassembly
3759848	3777383	379	17916	NC_002945.4	NODE_52_length_17916_cov_39.208387	99.97		True
CONTIG	NODE_52_length_17916_cov_39.208387	17916	correct
2140805	2158365	1	17561	NC_002945.4	NODE_53_length_17561_cov_32.475794	99.97		True
CONTIG	NODE_53_length_17561_cov_32.475794	17561	correct
2326308	2343796	1	17489	NC_002945.4	NODE_54_length_17489_cov_40.058346	99.98		True
CONTIG	NODE_54_length_17489_cov_40.058346	17489	correct
2192685	2209982	17484	187	NC_002945.4	NODE_55_length_17484_cov_29.902460	99.99		True
CONTIG	NODE_55_length_17484_cov_29.902460	17484	correct
132671	149954	125	17408	NC_002945.4	NODE_56_length_17408_cov_39.212777	99.97		True
CONTIG	NODE_56_length_17408_cov_39.212777	17408	correct
892165	909508	1	17344	NC_002945.4	NODE_57_length_17344_cov_39.313585	99.99		True
CONTIG	NODE_57_length_17344_cov_39.313585	17344	correct
2776963	2793816	16975	122	NC_002945.4	NODE_58_length_16975_cov_37.934888	99.99		True
CONTIG	NODE_58_length_16975_cov_37.934888	16975	correct
910050	926329	16460	181	NC_002945.4	NODE_59_length_16460_cov_36.746832	99.99		True
CONTIG	NODE_59_length_16460_cov_36.746832	16460	correct
3193780	3209269	15682	93	NC_002945.4	NODE_60_length_15682_cov_36.955770	100.0		True
CONTIG	NODE_60_length_15682_cov_36.955770	15682	correct
2916851	2932331	15481	1	NC_002945.4	NODE_61_length_15481_cov_41.479810	99.95		True
CONTIG	NODE_61_length_15481_cov_41.479810	15481	correct
609085	624472	15388	1	NC_002945.4	NODE_62_length_15388_cov_42.263154	99.99		True
CONTIG	NODE_62_length_15388_cov_42.263154	15388	correct
1190378	1204727	1	14350	NC_002945.4	NODE_63_length_14383_cov_35.827371	99.97		True
CONTIG	NODE_63_length_14383_cov_35.827371	14383	correct
2409082	2422776	13695	1	NC_002945.4	NODE_64_length_13695_cov_37.125442	99.98		True
CONTIG	NODE_64_length_13695_cov_37.125442	13695	correct
3712180	3724822	1	12643	NC_002945.4	NODE_65_length_12643_cov_27.626718	99.96		True
CONTIG	NODE_65_length_12643_cov_27.626718	12643	correct
2944619	2957076	12458	1	NC_002945.4	NODE_66_length_12458_cov_40.058389	99.98		True
CONTIG	NODE_66_length_12458_cov_40.058389	12458	correct
3881725	3882155	1	431	NC_002945.4	NODE_67_length_11462_cov_21.864138	100.0		True
local misassembly
3882139	3890278	583	8861	NC_002945.4	NODE_67_length_11462_cov_21.864138	99.02		True
local misassembly
3890969	3893459	8862	11352	NC_002945.4	NODE_67_length_11462_cov_21.864138	99.86		True
CONTIG	NODE_67_length_11462_cov_21.864138	11462	correct
3700362	3711403	54	11095	NC_002945.4	NODE_68_length_11095_cov_32.197392	100.0		True
CONTIG	NODE_68_length_11095_cov_32.197392	11095	correct
4025060	4035599	10664	125	NC_002945.4	NODE_69_length_10721_cov_45.317349	99.99		True
CONTIG	NODE_69_length_10721_cov_45.317349	10721	correct
2933739	2943963	10225	1	NC_002945.4	NODE_70_length_10225_cov_37.937116	99.99		True
CONTIG	NODE_70_length_10225_cov_37.937116	10225	correct
4294644	4304785	10142	1	NC_002945.4	NODE_71_length_10201_cov_37.485110	99.97		True
CONTIG	NODE_71_length_10201_cov_37.485110	10201	correct
3209302	3219337	1	10036	NC_002945.4	NODE_72_length_10145_cov_34.098922	100.0		True
CONTIG	NODE_72_length_10145_cov_34.098922	10145	correct
1204782	1213474	8945	253	NC_002945.4	NODE_73_length_8960_cov_40.244424	99.97		True
CONTIG	NODE_73_length_8960_cov_40.244424	8960	correct
3219369	3227087	116	7834	NC_002945.4	NODE_74_length_7956_cov_32.731511	100.0		True
CONTIG	NODE_74_length_7956_cov_32.731511	7956	correct
2793852	2799828	1	5977	NC_002945.4	NODE_75_length_5977_cov_30.217094	99.98		True
CONTIG	NODE_75_length_5977_cov_30.217094	5977	correct
1987165	1992127	4964	1	NC_002945.4	NODE_76_length_5113_cov_46.838748	99.94		True
CONTIG	NODE_76_length_5113_cov_46.838748	5113	correct
1213676	1218545	152	5099	NC_002945.4	NODE_77_length_5099_cov_36.264883	95.77		True
CONTIG	NODE_77_length_5099_cov_36.264883	5099	correct
3980135	3984776	1	4642	NC_002945.4	NODE_78_length_4764_cov_40.088851	99.98		True
CONTIG	NODE_78_length_4764_cov_40.088851	4764	correct
4304786	4309236	4451	1	NC_002945.4	NODE_79_length_4451_cov_42.192224	100.0		True
CONTIG	NODE_79_length_4451_cov_42.192224	4451	correct
1165899	1169900	4002	1	NC_002945.4	NODE_80_length_4002_cov_33.594581	99.98		True
CONTIG	NODE_80_length_4002_cov_33.594581	4002	correct
1092658	1096461	3804	1	NC_002945.4	NODE_81_length_3923_cov_41.485511	100.0		True
CONTIG	NODE_81_length_3923_cov_41.485511	3923	correct
2284620	2287647	1	3028	NC_002945.4	NODE_82_length_3028_cov_28.958980	99.77		True
CONTIG	NODE_82_length_3028_cov_28.958980	3028	correct
2290710	2293716	1	3007	NC_002945.4	NODE_83_length_3007_cov_29.028125	100.0		True
CONTIG	NODE_83_length_3007_cov_29.028125	3007	correct
2158341	2158913	1	573	NC_002945.4	NODE_84_length_2949_cov_20.923813	100.0		True
fake: scaffold gap size wrong estimation (local)
2158914	2160444	605	2135	NC_002945.4	NODE_84_length_2949_cov_20.923813	95.49		True
CONTIG	NODE_84_length_2949_cov_20.923813	2949	correct
3878230	3881088	65	2815	NC_002945.4	NODE_85_length_2815_cov_10.350446	95.94		True
CONTIG	NODE_85_length_2815_cov_10.350446	2815	correct
1993335	1995974	2788	149	NC_002945.4	NODE_86_length_2788_cov_54.314543	100.0		True
CONTIG	NODE_86_length_2788_cov_54.314543	2788	correct
673480	676070	2777	187	NC_002945.4	NODE_87_length_2777_cov_3.984528	99.96		True
CONTIG	NODE_87_length_2777_cov_3.984528	2777	correct
3698247	3699923	1750	74	NC_002945.4	NODE_88_length_1824_cov_6.747790	99.88		True
CONTIG	NODE_88_length_1824_cov_6.747790	1824	correct
1635657	1637138	1	1482	NC_002945.4	NODE_89_length_1680_cov_49.766259	100.0		True
CONTIG	NODE_89_length_1680_cov_49.766259	1680	correct
607662	609211	1550	1	NC_002945.4	NODE_90_length_1550_cov_57.855938	99.87		True
CONTIG	NODE_90_length_1550_cov_57.855938	1550	correct
2775857	2776114	258	1	NC_002945.4	NODE_91_length_1522_cov_6.755556	100.0		True
local misassembly
2774269	2775532	1522	259	NC_002945.4	NODE_91_length_1522_cov_6.755556	100.0		True
CONTIG	NODE_91_length_1522_cov_6.755556	1522	correct
4193589	4195052	1	1464	NC_002945.4	NODE_92_length_1464_cov_68.569185	100.0		True
CONTIG	NODE_92_length_1464_cov_68.569185	1464	correct
3443593	3445031	1	1439	NC_002945.4	NODE_93_length_1439_cov_28.846799	100.0		True
CONTIG	NODE_93_length_1439_cov_28.846799	1439	correct
890952	892291	1340	1	NC_002945.4	NODE_94_length_1340_cov_59.836768	100.0		True
CONTIG	NODE_94_length_1340_cov_59.836768	1340	correct
334077	335360	1	1284	NC_002945.4	NODE_95_length_1337_cov_15.120661	99.38		True
CONTIG	NODE_95_length_1337_cov_15.120661	1337	correct
3339137	3340461	1325	1	NC_002945.4	NODE_96_length_1325_cov_40.878130	100.0		True
CONTIG	NODE_96_length_1325_cov_40.878130	1325	correct
2324506	2325829	1324	1	NC_002945.4	NODE_97_length_1324_cov_34.703425	100.0		True
CONTIG	NODE_97_length_1324_cov_34.703425	1324	correct
3835659	3836979	1	1321	NC_002945.4	NODE_98_length_1321_cov_78.921273	99.77		True
CONTIG	NODE_98_length_1321_cov_78.921273	1321	correct
2288581	2289835	1255	1	NC_002945.4	NODE_99_length_1255_cov_38.945035	100.0		True
CONTIG	NODE_99_length_1255_cov_38.945035	1255	correct
2287521	2288707	1187	1	NC_002945.4	NODE_100_length_1187_cov_37.093396	100.0		True
CONTIG	NODE_100_length_1187_cov_37.093396	1187	correct
335432	336429	169	1166	NC_002945.4	NODE_101_length_1166_cov_5.530318	99.0		True
CONTIG	NODE_101_length_1166_cov_5.530318	1166	correct
839705	840820	1131	16	NC_002945.4	NODE_102_length_1131_cov_14.786853	100.0		True
CONTIG	NODE_102_length_1131_cov_14.786853	1131	correct
2289709	2290836	1	1128	NC_002945.4	NODE_103_length_1128_cov_75.325674	99.91		True
CONTIG	NODE_103_length_1128_cov_75.325674	1128	correct
1340970	1342059	1090	1	NC_002945.4	NODE_104_length_1090_cov_30.558671	99.91		True
CONTIG	NODE_104_length_1090_cov_30.558671	1090	correct
4309420	4310395	1083	108	NC_002945.4	NODE_105_length_1083_cov_24.600418	99.69		True
CONTIG	NODE_105_length_1083_cov_24.600418	1083	correct
3711277	3712306	1	1030	NC_002945.4	NODE_106_length_1030_cov_84.376523	100.0		True
CONTIG	NODE_106_length_1030_cov_84.376523	1030	correct
3893513	3894344	195	1026	NC_002945.4	NODE_107_length_1026_cov_13.363737	100.0		True
CONTIG	NODE_107_length_1026_cov_13.363737	1026	correct
1165044	1166025	982	1	NC_002945.4	NODE_108_length_982_cov_77.819883	100.0		True
CONTIG	NODE_108_length_982_cov_77.819883	982	correct
1169775	1170683	909	1	NC_002945.4	NODE_109_length_909_cov_204.479540	100.0		True
CONTIG	NODE_109_length_909_cov_204.479540	909	correct
3341521	3342410	890	1	NC_002945.4	NODE_110_length_890_cov_33.002621	100.0		True
CONTIG	NODE_110_length_890_cov_33.002621	890	correct
1278286	1279129	844	1	NC_002945.4	NODE_111_length_844_cov_61.251046	100.0		True
CONTIG	NODE_111_length_844_cov_61.251046	844	correct
1985820	1986520	1	701	NC_002945.4	NODE_112_length_816_cov_3.782293	100.0		True
relocation, inconsistency = 10606
1997127	1997199	774	702	NC_002945.4	NODE_112_length_816_cov_3.782293	100.0		True
CONTIG	NODE_112_length_816_cov_3.782293	816	misassembled
909382	910176	1	795	NC_002945.4	NODE_113_length_795_cov_57.940120	100.0		True
CONTIG	NODE_113_length_795_cov_57.940120	795	correct
2693295	2694038	1	744	NC_002945.4	NODE_114_length_744_cov_66.444084	100.0		True
CONTIG	NODE_114_length_744_cov_66.444084	744	correct
1996473	1996958	33	518	NC_002945.4	NODE_115_length_650_cov_3.969407	100.0		True
CONTIG	NODE_115_length_650_cov_3.969407	650	correct
3340552	3341186	635	1	NC_002945.4	NODE_116_length_635_cov_35.389764	100.0		True
CONTIG	NODE_116_length_635_cov_35.389764	635	correct
1342064	1342697	634	1	NC_002945.4	NODE_117_length_634_cov_53.437870	100.0		True
CONTIG	NODE_117_length_634_cov_53.437870	634	correct
2773566	2774131	48	613	NC_002945.4	NODE_118_length_613_cov_3.915638	100.0		True
CONTIG	NODE_118_length_613_cov_3.915638	613	correct
3341060	3341647	588	1	NC_002945.4	NODE_119_length_588_cov_62.605206	100.0		True
CONTIG	NODE_119_length_588_cov_62.605206	588	correct
2056525	2056916	392	1	NC_002945.4	NODE_120_length_527_cov_0.547500	99.49		True
CONTIG	NODE_120_length_527_cov_0.547500	527	correct
CONTIG	NODE_121_length_522_cov_0.488608	522	unaligned
4294129	4294593	465	1	NC_002945.4	NODE_122_length_511_cov_4.898438	100.0		True
CONTIG	NODE_122_length_511_cov_4.898438	511	correct
4035871	4036262	392	1	NC_002945.4	NODE_123_length_502_cov_1.376000	97.45		True
local misassembly
4036136	4036245	502	393	NC_002945.4	NODE_123_length_502_cov_1.376000	100.0		True
CONTIG	NODE_123_length_502_cov_1.376000	502	correct
1387018	1387203	374	189	NC_002945.4	NODE_124_length_502_cov_0.717333	97.85		True
CONTIG	NODE_124_length_502_cov_0.717333	502	correct
