S1	E1	S2	E2	Reference	Contig	IDY	Ambiguous	Best_group
402605	607788	1	204915	NC_002945.4	NODE_1_length_204915_cov_47.922452	99.85		True
CONTIG	NODE_1_length_204915_cov_47.922452	204915	correct
3488378	3673271	1	184786	NC_002945.4	NODE_2_length_184786_cov_49.237319	99.93		True
CONTIG	NODE_2_length_184786_cov_49.237319	184786	correct
2957039	3124608	167034	1	NC_002945.4	NODE_3_length_167034_cov_48.775360	99.45		True
CONTIG	NODE_3_length_167034_cov_48.775360	167034	correct
150097	306687	156564	1	NC_002945.4	NODE_4_length_156671_cov_47.930199	99.97		True
CONTIG	NODE_4_length_156671_cov_47.930199	156671	correct
2453609	2609264	155657	1	NC_002945.4	NODE_5_length_155782_cov_48.898069	99.99		True
CONTIG	NODE_5_length_155782_cov_48.898069	155782	correct
4310397	4349904	1	39507	NC_002945.4	NODE_6_length_142822_cov_49.597421	99.98		True
fake: not a misassembly [linear representation of circular genome]
1	29469	39508	68976	NC_002945.4	NODE_6_length_142822_cov_49.597421	99.99		True
local misassembly
30083	103914	68978	142822	NC_002945.4	NODE_6_length_142822_cov_49.597421	99.96		True
CONTIG	NODE_6_length_142822_cov_49.597421	142822	correct
1638860	1769053	130281	89	NC_002945.4	NODE_7_length_130281_cov_51.470074	99.99		True
CONTIG	NODE_7_length_130281_cov_51.470074	130281	correct
970263	1009472	166	39374	NC_002945.4	NODE_8_length_120057_cov_48.793646	99.97		True
relocation, inconsistency = 1457
1010930	1091475	39375	119923	NC_002945.4	NODE_8_length_120057_cov_48.793646	99.99		True
CONTIG	NODE_8_length_120057_cov_48.793646	120057	misassembled
3297493	3338080	40757	1	NC_002945.4	NODE_9_length_119036_cov_48.810040	99.82		True
indel: stretch of mismatches
3219376	3297478	118931	40772	NC_002945.4	NODE_9_length_119036_cov_48.810040	99.92		True
CONTIG	NODE_9_length_119036_cov_48.810040	119036	correct
1869520	1985589	321	115924	NC_002945.4	NODE_10_length_115925_cov_46.638474	99.58		True
CONTIG	NODE_10_length_115925_cov_46.638474	115925	correct
824601	838177	13577	1	NC_002945.4	NODE_11_length_111158_cov_48.148949	99.97		True
local misassembly
726466	824045	111158	13578	NC_002945.4	NODE_11_length_111158_cov_48.148949	99.99		True
CONTIG	NODE_11_length_111158_cov_48.148949	111158	correct
3343594	3442410	98885	1	NC_002945.4	NODE_12_length_98885_cov_51.359009	99.92		True
CONTIG	NODE_12_length_98885_cov_51.359009	98885	correct
4097330	4193715	1	96386	NC_002945.4	NODE_13_length_96386_cov_48.864802	99.99		True
CONTIG	NODE_13_length_96386_cov_48.864802	96386	correct
3124706	3209295	126	84761	NC_002945.4	NODE_14_length_84761_cov_48.428327	99.92		True
CONTIG	NODE_14_length_84761_cov_48.428327	84761	correct
3897145	3979401	82396	149	NC_002945.4	NODE_15_length_82396_cov_47.971946	99.98		True
CONTIG	NODE_15_length_82396_cov_47.971946	82396	correct
1491907	1573286	1	81380	NC_002945.4	NODE_16_length_81461_cov_51.562987	99.93		True
CONTIG	NODE_16_length_81461_cov_51.562987	81461	correct
2852117	2932216	80103	4	NC_002945.4	NODE_17_length_80360_cov_47.143943	99.98		True
CONTIG	NODE_17_length_80360_cov_47.143943	80360	correct
1779460	1854294	74881	58	NC_002945.4	NODE_18_length_74881_cov_47.881612	99.95		True
CONTIG	NODE_18_length_74881_cov_47.881612	74881	correct
2693912	2766847	1	72936	NC_002945.4	NODE_19_length_73051_cov_50.086432	99.99		True
CONTIG	NODE_19_length_73051_cov_50.086432	73051	correct
1096919	1165170	68252	1	NC_002945.4	NODE_20_length_68252_cov_46.872528	99.99		True
CONTIG	NODE_20_length_68252_cov_46.872528	68252	correct
4194926	4259153	64228	1	NC_002945.4	NODE_21_length_64228_cov_49.463612	99.99		True
CONTIG	NODE_21_length_64228_cov_49.463612	64228	correct
4035860	4097346	39	61524	NC_002945.4	NODE_22_length_61524_cov_43.840236	99.99		True
CONTIG	NODE_22_length_61524_cov_43.840236	61524	correct
1280097	1340762	1	60728	NC_002945.4	NODE_23_length_60728_cov_51.033267	99.89		True
CONTIG	NODE_23_length_60728_cov_51.033267	60728	correct
1574013	1633289	59235	24	NC_002945.4	NODE_24_length_59235_cov_44.393551	99.87		True
CONTIG	NODE_24_length_59235_cov_44.393551	59235	correct
1219648	1278412	58765	1	NC_002945.4	NODE_25_length_58878_cov_47.526289	99.99		True
CONTIG	NODE_25_length_58878_cov_47.526289	58878	correct
3777400	3835785	58318	1	NC_002945.4	NODE_26_length_58318_cov_46.551219	99.87		True
CONTIG	NODE_26_length_58318_cov_46.551219	58318	correct
2083596	2140721	351	57476	NC_002945.4	NODE_27_length_57571_cov_47.987762	99.99		True
CONTIG	NODE_27_length_57571_cov_47.987762	57571	correct
1413935	1470724	56733	1	NC_002945.4	NODE_28_length_56733_cov_53.127902	99.89		True
CONTIG	NODE_28_length_56733_cov_53.127902	56733	correct
2611854	2665704	54077	173	NC_002945.4	NODE_29_length_54156_cov_47.676063	99.89		True
CONTIG	NODE_29_length_54156_cov_47.676063	54156	correct
2192685	2245161	1	52477	NC_002945.4	NODE_30_length_52477_cov_55.305463	99.99		True
CONTIG	NODE_30_length_52477_cov_55.305463	52477	correct
2801012	2852054	51043	1	NC_002945.4	NODE_31_length_51043_cov_48.119805	99.99		True
CONTIG	NODE_31_length_51043_cov_48.119805	51043	correct
3984842	4000631	225	16014	NC_002945.4	NODE_32_length_50986_cov_47.273108	100.0		True
fake: scaffold gap size wrong estimation (local)
4000854	4035725	16115	50986	NC_002945.4	NODE_32_length_50986_cov_47.273108	99.97		True
CONTIG	NODE_32_length_50986_cov_47.273108	50986	correct
676803	726484	181	49862	NC_002945.4	NODE_33_length_49862_cov_49.429919	99.99		True
CONTIG	NODE_33_length_49862_cov_49.429919	49862	correct
842795	891078	48284	1	NC_002945.4	NODE_34_length_48321_cov_46.086795	99.99		True
CONTIG	NODE_34_length_48321_cov_46.086795	48321	correct
625507	673271	47812	48	NC_002945.4	NODE_35_length_47812_cov_46.982049	99.97		True
CONTIG	NODE_35_length_47812_cov_46.982049	47812	correct
2326988	2343691	16807	104	NC_002945.4	NODE_36_length_46549_cov_43.330705	99.98		True
relocation, inconsistency = 2596
2294650	2324391	46549	16808	NC_002945.4	NODE_36_length_46549_cov_43.330705	99.99		True
CONTIG	NODE_36_length_46549_cov_43.330705	46549	misassembled
1997153	2040829	55	43731	NC_002945.4	NODE_37_length_43731_cov_47.470301	99.98		True
CONTIG	NODE_37_length_43731_cov_47.470301	43731	correct
1343879	1386639	1	42766	NC_002945.4	NODE_38_length_42959_cov_46.125560	99.99		True
CONTIG	NODE_38_length_42959_cov_46.125560	42959	correct
3445573	3488322	1	42750	NC_002945.4	NODE_39_length_42750_cov_48.832931	99.97		True
CONTIG	NODE_39_length_42750_cov_48.832931	42750	correct
3836888	3878160	41265	1	NC_002945.4	NODE_40_length_41265_cov_48.512470	99.96		True
CONTIG	NODE_40_length_41265_cov_48.512470	41265	correct
930656	970019	1	39484	NC_002945.4	NODE_41_length_39484_cov_45.536906	99.68		True
CONTIG	NODE_41_length_39484_cov_45.536906	39484	correct
363901	401308	1	37408	NC_002945.4	NODE_42_length_37408_cov_47.421689	99.99		True
CONTIG	NODE_42_length_37408_cov_47.421689	37408	correct
2246369	2283745	1	37379	NC_002945.4	NODE_43_length_37379_cov_53.549474	99.95		True
CONTIG	NODE_43_length_37379_cov_53.549474	37379	correct
2372433	2408849	36359	1	NC_002945.4	NODE_44_length_36558_cov_42.146469	99.83		True
CONTIG	NODE_44_length_36558_cov_42.146469	36558	correct
3737665	3758817	21484	332	NC_002945.4	NODE_45_length_34093_cov_48.414856	100.0		True
local misassembly
3724846	3737454	34093	21485	NC_002945.4	NODE_45_length_34093_cov_48.414856	99.98		True
CONTIG	NODE_45_length_34093_cov_48.414856	34093	correct
4259930	4293954	1	34023	NC_002945.4	NODE_46_length_34023_cov_49.595527	99.98		True
CONTIG	NODE_46_length_34023_cov_49.595527	34023	correct
1170557	1189860	1	19304	NC_002945.4	NODE_47_length_31330_cov_53.212544	99.99		True
relocation, inconsistency = 2858
1192719	1204741	19305	31330	NC_002945.4	NODE_47_length_31330_cov_53.212544	99.83		True
CONTIG	NODE_47_length_31330_cov_53.212544	31330	misassembled
2161798	2192094	1	30298	NC_002945.4	NODE_48_length_30298_cov_50.371317	99.99		True
CONTIG	NODE_48_length_30298_cov_50.371317	30298	correct
2343944	2372194	28251	1	NC_002945.4	NODE_49_length_28394_cov_48.157569	99.98		True
CONTIG	NODE_49_length_28394_cov_48.157569	28394	correct
2665952	2693421	27469	1	NC_002945.4	NODE_50_length_27477_cov_47.141170	99.97		True
CONTIG	NODE_50_length_27477_cov_47.141170	27477	correct
2057124	2083549	153	26578	NC_002945.4	NODE_51_length_27292_cov_47.276017	99.97		True
relocation, inconsistency = 1811041
3894591	3895304	27292	26579	NC_002945.4	NODE_51_length_27292_cov_47.276017	100.0		True
CONTIG	NODE_51_length_27292_cov_47.276017	27292	misassembled
105040	131888	26958	110	NC_002945.4	NODE_52_length_26958_cov_47.469457	99.97		True
CONTIG	NODE_52_length_26958_cov_47.469457	26958	correct
306724	333298	1	26470	NC_002945.4	NODE_53_length_26617_cov_45.588297	99.6		True
CONTIG	NODE_53_length_26617_cov_45.588297	26617	correct
1387032	1412955	25924	1	NC_002945.4	NODE_54_length_26081_cov_46.885104	99.98		True
CONTIG	NODE_54_length_26081_cov_46.885104	26081	correct
3674358	3699830	1	25455	NC_002945.4	NODE_55_length_25558_cov_33.508828	99.9		True
CONTIG	NODE_55_length_25558_cov_33.508828	25558	correct
339016	362781	154	23832	NC_002945.4	NODE_56_length_23925_cov_43.991386	99.6		True
CONTIG	NODE_56_length_23925_cov_43.991386	23925	correct
2776932	2799828	22897	1	NC_002945.4	NODE_57_length_22897_cov_48.488318	100.0		True
CONTIG	NODE_57_length_22897_cov_48.488318	22897	correct
2423267	2444953	21687	1	NC_002945.4	NODE_58_length_21687_cov_48.696197	99.99		True
CONTIG	NODE_58_length_21687_cov_48.696197	21687	correct
2140783	2161533	1	20538	NC_002945.4	NODE_59_length_20538_cov_47.007937	98.35		True
CONTIG	NODE_59_length_20538_cov_47.007937	20538	correct
1471935	1490747	1	18814	NC_002945.4	NODE_60_length_19233_cov_49.816707	99.98		True
local misassembly
1490961	1491349	18815	19203	NC_002945.4	NODE_60_length_19233_cov_49.816707	97.72		True
CONTIG	NODE_60_length_19233_cov_49.816707	19233	correct
3760025	3777383	17245	1	NC_002945.4	NODE_61_length_17361_cov_46.677440	99.33		True
CONTIG	NODE_61_length_17361_cov_46.677440	17361	correct
892165	909508	1	17344	NC_002945.4	NODE_62_length_17344_cov_51.036243	99.99		True
CONTIG	NODE_62_length_17344_cov_51.036243	17344	correct
132657	149558	16902	1	NC_002945.4	NODE_63_length_16902_cov_56.329478	99.96		True
CONTIG	NODE_63_length_16902_cov_56.329478	16902	correct
910050	926241	1	16192	NC_002945.4	NODE_64_length_16192_cov_48.062683	99.99		True
CONTIG	NODE_64_length_16192_cov_48.062683	16192	correct
1854310	1869311	15002	1	NC_002945.4	NODE_65_length_15332_cov_33.575074	99.99		True
CONTIG	NODE_65_length_15332_cov_33.575074	15332	correct
609085	624302	1	15218	NC_002945.4	NODE_66_length_15324_cov_43.329341	99.99		True
CONTIG	NODE_66_length_15324_cov_43.329341	15324	correct
2041080	2056382	15303	1	NC_002945.4	NODE_67_length_15303_cov_47.123814	99.99		True
CONTIG	NODE_67_length_15303_cov_47.123814	15303	correct
2409215	2422776	13562	1	NC_002945.4	NODE_68_length_13758_cov_43.067346	99.98		True
CONTIG	NODE_68_length_13758_cov_43.067346	13758	correct
2944619	2957076	12458	1	NC_002945.4	NODE_69_length_12458_cov_45.357230	99.98		True
CONTIG	NODE_69_length_12458_cov_45.357230	12458	correct
3700270	3711403	83	11216	NC_002945.4	NODE_70_length_11216_cov_30.073677	99.96		True
CONTIG	NODE_70_length_11216_cov_30.073677	11216	correct
3881733	3882155	100	522	NC_002945.4	NODE_71_length_10305_cov_15.828945	99.53		True
local misassembly
3882139	3884027	674	2610	NC_002945.4	NODE_71_length_10305_cov_15.828945	97.5		True
local misassembly
3884643	3888967	2611	6944	NC_002945.4	NODE_71_length_10305_cov_15.828945	99.75		True
local misassembly
3890565	3893252	7618	10305	NC_002945.4	NODE_71_length_10305_cov_15.828945	99.7		True
CONTIG	NODE_71_length_10305_cov_15.828945	10305	correct
2933728	2943963	10236	1	NC_002945.4	NODE_72_length_10236_cov_43.859531	99.99		True
CONTIG	NODE_72_length_10236_cov_43.859531	10236	correct
3209371	3219347	9977	1	NC_002945.4	NODE_73_length_10043_cov_47.048205	99.99		True
CONTIG	NODE_73_length_10043_cov_47.048205	10043	correct
3712180	3722091	1	9912	NC_002945.4	NODE_74_length_9928_cov_26.424957	99.84		True
CONTIG	NODE_74_length_9928_cov_26.424957	9928	correct
1204847	1213474	214	8841	NC_002945.4	NODE_75_length_8932_cov_39.822374	99.98		True
CONTIG	NODE_75_length_8932_cov_39.822374	8932	correct
4301903	4310436	8723	190	NC_002945.4	NODE_76_length_8804_cov_40.164573	99.98		True
CONTIG	NODE_76_length_8804_cov_40.164573	8804	correct
2444936	2453620	8787	103	NC_002945.4	NODE_77_length_8787_cov_44.580023	100.0		True
CONTIG	NODE_77_length_8787_cov_44.580023	8787	correct
4294602	4301848	1	7247	NC_002945.4	NODE_78_length_7247_cov_42.252949	99.99		True
CONTIG	NODE_78_length_7247_cov_42.252949	7247	correct
2766886	2773062	6176	1	NC_002945.4	NODE_79_length_6605_cov_27.328033	99.95		True
relocation, inconsistency = 1839444
927120	927441	6177	6498	NC_002945.4	NODE_79_length_6605_cov_27.328033	100.0		True
CONTIG	NODE_79_length_6605_cov_27.328033	6605	misassembled
362753	363790	1038	1	NC_002945.4	NODE_80_length_5070_cov_24.029132	99.9		True
relocation, inconsistency = -855497
1214750	1218177	4538	1111	NC_002945.4	NODE_80_length_5070_cov_24.029132	99.91		True
local misassembly
1214519	1214774	4913	4658	NC_002945.4	NODE_80_length_5070_cov_24.029132	98.44		True
CONTIG	NODE_80_length_5070_cov_24.029132	5070	misassembled
1987116	1992127	1	5013	NC_002945.4	NODE_81_length_5013_cov_43.665370	99.94		True
CONTIG	NODE_81_length_5013_cov_43.665370	5013	correct
3980336	3984496	4240	80	NC_002945.4	NODE_82_length_4393_cov_38.536099	100.0		True
CONTIG	NODE_82_length_4393_cov_38.536099	4393	correct
1165899	1169900	4002	1	NC_002945.4	NODE_83_length_4002_cov_50.798968	99.98		True
CONTIG	NODE_83_length_4002_cov_50.798968	4002	correct
2284620	2287647	3028	1	NC_002945.4	NODE_84_length_3028_cov_30.514995	99.77		True
CONTIG	NODE_84_length_3028_cov_30.514995	3028	correct
2290710	2293716	1	3007	NC_002945.4	NODE_85_length_3007_cov_29.211458	100.0		True
CONTIG	NODE_85_length_3007_cov_29.211458	3007	correct
3721997	3724820	149	2972	NC_002945.4	NODE_86_length_2972_cov_22.958172	99.75		True
CONTIG	NODE_86_length_2972_cov_22.958172	2972	correct
1635657	1638240	1	2533	NC_002945.4	NODE_87_length_2967_cov_18.765141	98.03		True
local misassembly
1638385	1638752	2534	2901	NC_002945.4	NODE_87_length_2967_cov_18.765141	98.96		True
CONTIG	NODE_87_length_2967_cov_18.765141	2967	correct
3878273	3881088	118	2933	NC_002945.4	NODE_88_length_2933_cov_5.842837	99.75		True
CONTIG	NODE_88_length_2933_cov_5.842837	2933	correct
1993335	1996058	2724	1	NC_002945.4	NODE_89_length_2724_cov_46.236042	100.0		True
CONTIG	NODE_89_length_2724_cov_46.236042	2724	correct
1190378	1192761	1	2384	NC_002945.4	NODE_90_length_2384_cov_18.912716	99.96		True
CONTIG	NODE_90_length_2384_cov_18.912716	2384	correct
2609387	2611609	1	2223	NC_002945.4	NODE_91_length_2223_cov_32.816794	100.0		True
CONTIG	NODE_91_length_2223_cov_32.816794	2223	correct
674743	676368	1685	60	NC_002945.4	NODE_92_length_1889_cov_3.465948	99.75		True
CONTIG	NODE_92_length_1889_cov_3.465948	1889	correct
1092448	1094260	1813	1	NC_002945.4	NODE_93_length_1873_cov_28.962772	99.94		True
CONTIG	NODE_93_length_1873_cov_28.962772	1873	correct
928970	930012	1050	8	NC_002945.4	NODE_94_length_1816_cov_9.219065	99.81		True
local misassembly
928357	928975	1816	1189	NC_002945.4	NODE_94_length_1816_cov_9.219065	98.57		True
CONTIG	NODE_94_length_1816_cov_9.219065	1816	correct
607662	609211	1	1550	NC_002945.4	NODE_95_length_1550_cov_78.704146	99.94		True
CONTIG	NODE_95_length_1550_cov_78.704146	1550	correct
334077	335381	1	1305	NC_002945.4	NODE_96_length_1473_cov_12.097325	99.77		True
CONTIG	NODE_96_length_1473_cov_12.097325	1473	correct
4193589	4195052	1	1464	NC_002945.4	NODE_97_length_1464_cov_105.023186	100.0		True
CONTIG	NODE_97_length_1464_cov_105.023186	1464	correct
1992001	1993461	1	1461	NC_002945.4	NODE_98_length_1461_cov_70.059220	100.0		True
CONTIG	NODE_98_length_1461_cov_70.059220	1461	correct
3443593	3445031	1	1439	NC_002945.4	NODE_99_length_1439_cov_68.091463	100.0		True
CONTIG	NODE_99_length_1439_cov_68.091463	1439	correct
2324635	2325793	170	1328	NC_002945.4	NODE_100_length_1419_cov_26.975232	100.0		True
CONTIG	NODE_100_length_1419_cov_26.975232	1419	correct
336726	337992	102	1368	NC_002945.4	NODE_101_length_1371_cov_22.371383	99.68		True
CONTIG	NODE_101_length_1371_cov_22.371383	1371	correct
890952	892291	1340	1	NC_002945.4	NODE_102_length_1340_cov_92.016488	100.0		True
CONTIG	NODE_102_length_1340_cov_92.016488	1340	correct
3835659	3836983	1	1325	NC_002945.4	NODE_103_length_1325_cov_86.595159	99.77		True
CONTIG	NODE_103_length_1325_cov_86.595159	1325	correct
3339137	3340461	1325	1	NC_002945.4	NODE_104_length_1325_cov_36.117696	100.0		True
CONTIG	NODE_104_length_1325_cov_36.117696	1325	correct
1094890	1096139	1256	7	NC_002945.4	NODE_105_length_1256_cov_37.219663	99.92		True
CONTIG	NODE_105_length_1256_cov_37.219663	1256	correct
2288581	2289835	1	1255	NC_002945.4	NODE_106_length_1255_cov_47.692376	100.0		True
CONTIG	NODE_106_length_1255_cov_47.692376	1255	correct
839717	840853	63	1199	NC_002945.4	NODE_107_length_1199_cov_16.247201	99.56		True
CONTIG	NODE_107_length_1199_cov_16.247201	1199	correct
2287521	2288707	1187	1	NC_002945.4	NODE_108_length_1187_cov_29.552830	100.0		True
CONTIG	NODE_108_length_1187_cov_29.552830	1187	correct
2289709	2290836	1	1128	NC_002945.4	NODE_109_length_1128_cov_78.123876	99.91		True
CONTIG	NODE_109_length_1128_cov_78.123876	1128	correct
1340970	1342059	1090	1	NC_002945.4	NODE_110_length_1090_cov_32.847352	99.91		True
CONTIG	NODE_110_length_1090_cov_32.847352	1090	correct
335517	336431	172	1086	NC_002945.4	NODE_111_length_1089_cov_6.207900	98.69		True
CONTIG	NODE_111_length_1089_cov_6.207900	1089	correct
3711277	3712306	1030	1	NC_002945.4	NODE_112_length_1030_cov_92.091916	100.0		True
CONTIG	NODE_112_length_1030_cov_92.091916	1030	correct
1996336	1997098	54	816	NC_002945.4	NODE_113_length_1016_cov_2.730034	99.34		True
CONTIG	NODE_113_length_1016_cov_2.730034	1016	correct
1165044	1166025	982	1	NC_002945.4	NODE_114_length_982_cov_92.333333	100.0		True
CONTIG	NODE_114_length_982_cov_92.333333	982	correct
1213934	1214565	1	632	NC_002945.4	NODE_115_length_977_cov_1.595294	99.53		True
CONTIG	NODE_115_length_977_cov_1.595294	977	correct
338097	338713	745	120	NC_002945.4	NODE_116_length_925_cov_1.575188	97.44		True
CONTIG	NODE_116_length_925_cov_1.575188	925	correct
2774855	2775585	731	1	NC_002945.4	NODE_117_length_912_cov_5.685350	100.0		True
CONTIG	NODE_117_length_912_cov_5.685350	912	correct
3342811	3343719	1	909	NC_002945.4	NODE_118_length_909_cov_302.372123	100.0		True
CONTIG	NODE_118_length_909_cov_302.372123	909	correct
3341521	3342410	1	890	NC_002945.4	NODE_119_length_890_cov_30.653997	100.0		True
CONTIG	NODE_119_length_890_cov_30.653997	890	correct
2774307	2774850	138	681	NC_002945.4	NODE_120_length_862_cov_5.590476	99.08		True
CONTIG	NODE_120_length_862_cov_5.590476	862	correct
673576	674074	157	655	NC_002945.4	NODE_121_length_847_cov_1.243056	99.4		True
CONTIG	NODE_121_length_847_cov_1.243056	847	correct
2191968	2192811	1	844	NC_002945.4	NODE_122_length_844_cov_92.574616	100.0		True
CONTIG	NODE_122_length_844_cov_92.574616	844	correct
909382	910176	795	1	NC_002945.4	NODE_123_length_795_cov_114.893713	100.0		True
CONTIG	NODE_123_length_795_cov_114.893713	795	correct
1985929	1986470	192	733	NC_002945.4	NODE_124_length_793_cov_4.187688	99.82		True
CONTIG	NODE_124_length_793_cov_4.187688	793	correct
2693295	2694038	1	744	NC_002945.4	NODE_125_length_744_cov_74.090762	100.0		True
CONTIG	NODE_125_length_744_cov_74.090762	744	correct
930061	930605	545	1	NC_002945.4	NODE_126_length_733_cov_4.305281	100.0		True
CONTIG	NODE_126_length_733_cov_4.305281	733	correct
1573503	1573871	445	77	NC_002945.4	NODE_127_length_656_cov_0.472590	97.83		True
CONTIG	NODE_127_length_656_cov_0.472590	656	correct
3340552	3341186	635	1	NC_002945.4	NODE_128_length_635_cov_37.045276	100.0		True
CONTIG	NODE_128_length_635_cov_37.045276	635	correct
1342064	1342697	634	1	NC_002945.4	NODE_129_length_634_cov_57.145957	100.0		True
CONTIG	NODE_129_length_634_cov_57.145957	634	correct
3338171	3338802	632	1	NC_002945.4	NODE_130_length_632_cov_40.675248	99.84		True
CONTIG	NODE_130_length_632_cov_40.675248	632	correct
4294144	4294616	473	1	NC_002945.4	NODE_131_length_610_cov_4.498965	100.0		True
CONTIG	NODE_131_length_610_cov_4.498965	610	correct
2056486	2056637	1	152	NC_002945.4	NODE_132_length_593_cov_0.396996	100.0		True
CONTIG	NODE_132_length_593_cov_0.396996	593	correct
3341060	3341647	1	588	NC_002945.4	NODE_133_length_588_cov_57.334056	100.0		True
CONTIG	NODE_133_length_588_cov_57.334056	588	correct
1218476	1218827	1	352	NC_002945.4	NODE_134_length_561_cov_1.520737	99.43		True
CONTIG	NODE_134_length_561_cov_1.520737	561	correct
CONTIG	NODE_135_length_560_cov_1.570439	560	unaligned
CONTIG	NODE_136_length_549_cov_0.803318	549	unaligned
3758995	3759348	1	354	NC_002945.4	NODE_137_length_548_cov_0.961995	99.72		True
CONTIG	NODE_137_length_548_cov_0.961995	548	correct
CONTIG	NODE_138_length_544_cov_0.297362	544	unaligned
2773493	2774031	1	539	NC_002945.4	NODE_139_length_539_cov_4.470874	99.81		True
CONTIG	NODE_139_length_539_cov_4.470874	539	correct
1094134	1094668	535	1	NC_002945.4	NODE_140_length_535_cov_7.213235	100.0		True
CONTIG	NODE_140_length_535_cov_7.213235	535	correct
3893518	3894049	532	1	NC_002945.4	NODE_141_length_532_cov_3.256790	99.62		True
CONTIG	NODE_141_length_532_cov_3.256790	532	correct
CONTIG	NODE_142_length_504_cov_0.668435	504	unaligned
2325856	2326139	284	1	NC_002945.4	NODE_143_length_502_cov_0.874667	99.65		True
CONTIG	NODE_143_length_502_cov_0.874667	502	correct
