S1	E1	S2	E2	Reference	Contig	IDY	Ambiguous	Best_group
2423267	2665702	1	242380	NC_002945.4	NODE_1_length_242380_cov_44.115734	99.92		True
CONTIG	NODE_1_length_242380_cov_44.115734	242380	correct
2957039	3193870	236089	1	NC_002945.4	NODE_2_length_236089_cov_43.578932	99.58		True
CONTIG	NODE_2_length_236089_cov_43.578932	236089	correct
3445573	3673271	227591	1	NC_002945.4	NODE_3_length_227591_cov_45.434473	99.93		True
CONTIG	NODE_3_length_227591_cov_45.434473	227591	correct
402605	607788	204915	1	NC_002945.4	NODE_4_length_204915_cov_43.906098	99.86		True
CONTIG	NODE_4_length_204915_cov_43.906098	204915	correct
676696	824045	42	147392	NC_002945.4	NODE_5_length_160994_cov_44.611617	99.99		True
local misassembly
824601	838073	147393	160865	NC_002945.4	NODE_5_length_160994_cov_44.611617	99.98		True
CONTIG	NODE_5_length_160994_cov_44.611617	160994	correct
150012	306653	156649	35	NC_002945.4	NODE_6_length_156654_cov_43.198292	99.97		True
CONTIG	NODE_6_length_156654_cov_43.198292	156654	correct
4310393	4349904	1	39511	NC_002945.4	NODE_7_length_142830_cov_44.132765	99.99		True
fake: not a misassembly [linear representation of circular genome]
1	29469	39512	68980	NC_002945.4	NODE_7_length_142830_cov_44.132765	99.98		True
local misassembly
30083	103918	68982	142830	NC_002945.4	NODE_7_length_142830_cov_44.132765	99.96		True
CONTIG	NODE_7_length_142830_cov_44.132765	142830	correct
1853860	1985684	162	131520	NC_002945.4	NODE_8_length_131520_cov_41.950218	99.63		True
CONTIG	NODE_8_length_131520_cov_41.950218	131520	correct
1638953	1769053	130192	93	NC_002945.4	NODE_9_length_130352_cov_46.339850	99.99		True
CONTIG	NODE_9_length_130352_cov_46.339850	130352	correct
3297603	3338080	40529	1	NC_002945.4	NODE_10_length_128951_cov_43.894259	99.96		True
local misassembly
3209302	3297520	128951	40730	NC_002945.4	NODE_10_length_128951_cov_43.894259	99.87		True
CONTIG	NODE_10_length_128951_cov_43.894259	128951	correct
1491980	1573616	146	81782	NC_002945.4	NODE_11_length_127394_cov_44.834278	99.93		True
local misassembly
1574046	1619657	81783	127394	NC_002945.4	NODE_11_length_127394_cov_44.834278	99.98		True
CONTIG	NODE_11_length_127394_cov_44.834278	127394	correct
970141	1009472	1	39331	NC_002945.4	NODE_12_length_120048_cov_44.417658	99.98		True
relocation, inconsistency = 1457
1010930	1091475	39332	119880	NC_002945.4	NODE_12_length_120048_cov_44.417658	99.99		True
CONTIG	NODE_12_length_120048_cov_44.417658	120048	misassembled
4035895	4141949	1	105941	NC_002945.4	NODE_13_length_106032_cov_42.966933	99.88		True
CONTIG	NODE_13_length_106032_cov_42.966933	106032	correct
2160997	2161605	609	1	NC_002945.4	NODE_14_length_104450_cov_45.127757	99.84		True
fake: scaffold gap size wrong estimation (local)
2160645	2160846	911	710	NC_002945.4	NODE_14_length_104450_cov_45.127757	100.0		True
fake: scaffold gap size wrong estimation (local)
2158655	2159088	2707	2274	NC_002945.4	NODE_14_length_104450_cov_45.127757	100.0		True
local misassembly
2083596	2158516	77583	2708	NC_002945.4	NODE_14_length_104450_cov_45.127757	99.92		True
local misassembly
2057040	2083604	104286	77722	NC_002945.4	NODE_14_length_104450_cov_45.127757	99.98		True
CONTIG	NODE_14_length_104450_cov_45.127757	104450	correct
3343594	3442410	1	98885	NC_002945.4	NODE_15_length_98885_cov_46.400089	99.92		True
CONTIG	NODE_15_length_98885_cov_46.400089	98885	correct
1386948	1470724	10	83729	NC_002945.4	NODE_16_length_83729_cov_44.759599	99.92		True
CONTIG	NODE_16_length_83729_cov_44.759599	83729	correct
3897478	3979458	81981	1	NC_002945.4	NODE_17_length_82146_cov_44.475646	99.99		True
CONTIG	NODE_17_length_82146_cov_44.475646	82146	correct
2693912	2773035	79123	1	NC_002945.4	NODE_18_length_79123_cov_44.259937	99.99		True
CONTIG	NODE_18_length_79123_cov_44.259937	79123	correct
4001084	4035667	34584	1	NC_002945.4	NODE_19_length_77864_cov_44.454288	99.98		True
fake: scaffold gap size wrong estimation (local)
3985141	4000861	50405	34685	NC_002945.4	NODE_19_length_77864_cov_44.454288	100.0		True
relocation, inconsistency = 1291719
2665962	2693421	50406	77864	NC_002945.4	NODE_19_length_77864_cov_44.454288	99.99		True
CONTIG	NODE_19_length_77864_cov_44.454288	77864	misassembled
1779460	1853467	1	74008	NC_002945.4	NODE_20_length_74127_cov_44.320595	99.99		True
CONTIG	NODE_20_length_74127_cov_44.320595	74127	correct
1096985	1165170	68186	1	NC_002945.4	NODE_21_length_68186_cov_43.034264	99.99		True
CONTIG	NODE_21_length_68186_cov_43.034264	68186	correct
2852109	2916393	64285	1	NC_002945.4	NODE_22_length_64285_cov_43.648695	99.98		True
CONTIG	NODE_22_length_64285_cov_43.648695	64285	correct
4194926	4259153	64228	1	NC_002945.4	NODE_23_length_64228_cov_45.345158	99.99		True
CONTIG	NODE_23_length_64228_cov_45.345158	64228	correct
1280097	1340762	60728	1	NC_002945.4	NODE_24_length_60728_cov_46.578175	99.89		True
CONTIG	NODE_24_length_60728_cov_46.578175	60728	correct
1219479	1278412	58934	1	NC_002945.4	NODE_25_length_58934_cov_44.185471	99.98		True
CONTIG	NODE_25_length_58934_cov_44.185471	58934	correct
2041180	2056394	15215	1	NC_002945.4	NODE_26_length_58926_cov_43.425960	99.99		True
local misassembly
1997184	2040849	58881	15216	NC_002945.4	NODE_26_length_58926_cov_43.425960	99.98		True
CONTIG	NODE_26_length_58926_cov_43.425960	58926	correct
3777400	3835785	58318	1	NC_002945.4	NODE_27_length_58318_cov_43.182262	99.87		True
CONTIG	NODE_27_length_58318_cov_43.182262	58318	correct
2192685	2245161	1	52477	NC_002945.4	NODE_28_length_52477_cov_49.254136	99.99		True
CONTIG	NODE_28_length_52477_cov_49.254136	52477	correct
4141981	4193715	51735	1	NC_002945.4	NODE_29_length_51735_cov_45.539819	99.99		True
CONTIG	NODE_29_length_51735_cov_45.539819	51735	correct
2801012	2852028	51017	1	NC_002945.4	NODE_30_length_51017_cov_44.089016	99.99		True
CONTIG	NODE_30_length_51017_cov_44.089016	51017	correct
842831	891078	130	48377	NC_002945.4	NODE_31_length_48377_cov_41.753181	99.99		True
CONTIG	NODE_31_length_48377_cov_41.753181	48377	correct
625325	673257	1	47933	NC_002945.4	NODE_32_length_47947_cov_41.889000	99.99		True
CONTIG	NODE_32_length_47947_cov_41.889000	47947	correct
1343879	1386917	1	43044	NC_002945.4	NODE_33_length_43044_cov_42.931985	99.99		True
CONTIG	NODE_33_length_43044_cov_42.931985	43044	correct
928970	970000	41199	49	NC_002945.4	NODE_34_length_42505_cov_40.675870	99.69		True
local misassembly
928378	928975	41944	41338	NC_002945.4	NODE_34_length_42505_cov_40.675870	98.52		True
relocation, inconsistency = 86385
841575	841949	41988	42362	NC_002945.4	NODE_34_length_42505_cov_40.675870	97.87		True
local misassembly
842046	842188	42363	42505	NC_002945.4	NODE_34_length_42505_cov_40.675870	100.0		True
CONTIG	NODE_34_length_42505_cov_40.675870	42505	misassembled
3836888	3878150	41293	39	NC_002945.4	NODE_35_length_41293_cov_44.939537	99.91		True
CONTIG	NODE_35_length_41293_cov_44.939537	41293	correct
363897	401308	37412	1	NC_002945.4	NODE_36_length_37412_cov_41.812579	99.99		True
CONTIG	NODE_36_length_37412_cov_41.812579	37412	correct
2246369	2283745	1	37379	NC_002945.4	NODE_37_length_37379_cov_47.068560	99.95		True
CONTIG	NODE_37_length_37379_cov_47.068560	37379	correct
2409111	2422776	13666	1	NC_002945.4	NODE_38_length_35464_cov_38.613917	99.97		True
local misassembly
2386668	2408465	35464	13667	NC_002945.4	NODE_38_length_35464_cov_38.613917	100.0		True
CONTIG	NODE_38_length_35464_cov_38.613917	35464	correct
4259930	4293939	34008	1	NC_002945.4	NODE_39_length_34008_cov_43.091585	99.97		True
CONTIG	NODE_39_length_34008_cov_43.091585	34008	correct
3737665	3758852	21366	179	NC_002945.4	NODE_40_length_33975_cov_43.811628	100.0		True
local misassembly
3724846	3737454	33975	21367	NC_002945.4	NODE_40_length_33975_cov_43.811628	99.98		True
CONTIG	NODE_40_length_33975_cov_43.811628	33975	correct
2161870	2192094	30226	1	NC_002945.4	NODE_41_length_30226_cov_46.414133	99.99		True
CONTIG	NODE_41_length_30226_cov_46.414133	30226	correct
2294650	2324500	1	29851	NC_002945.4	NODE_42_length_29851_cov_42.077715	99.99		True
CONTIG	NODE_42_length_29851_cov_42.077715	29851	correct
2343854	2372155	28493	192	NC_002945.4	NODE_43_length_28509_cov_43.033120	99.98		True
CONTIG	NODE_43_length_28509_cov_43.033120	28509	correct
105040	132016	1	26977	NC_002945.4	NODE_44_length_26977_cov_43.030354	99.98		True
CONTIG	NODE_44_length_26977_cov_43.030354	26977	correct
306736	333298	26601	144	NC_002945.4	NODE_45_length_26705_cov_41.635300	99.6		True
CONTIG	NODE_45_length_26705_cov_41.635300	26705	correct
338760	363823	118	25094	NC_002945.4	NODE_46_length_25099_cov_38.787082	99.62		True
CONTIG	NODE_46_length_25099_cov_38.787082	25099	correct
3674358	3698177	23805	4	NC_002945.4	NODE_47_length_23805_cov_33.989104	99.92		True
CONTIG	NODE_47_length_23805_cov_33.989104	23805	correct
2776932	2800354	23423	1	NC_002945.4	NODE_48_length_23423_cov_48.855168	100.0		True
CONTIG	NODE_48_length_23423_cov_48.855168	23423	correct
1490961	1491408	448	1	NC_002945.4	NODE_49_length_19262_cov_42.997387	100.0		True
local misassembly
1471935	1490747	19262	449	NC_002945.4	NODE_49_length_19262_cov_42.997387	99.98		True
CONTIG	NODE_49_length_19262_cov_42.997387	19262	correct
1171083	1189448	1	18366	NC_002945.4	NODE_50_length_18376_cov_46.364623	99.84		True
CONTIG	NODE_50_length_18376_cov_46.364623	18376	correct
2325848	2343732	17885	1	NC_002945.4	NODE_51_length_17890_cov_41.546417	99.92		True
CONTIG	NODE_51_length_17890_cov_41.546417	17890	correct
3759792	3777383	17594	1	NC_002945.4	NODE_52_length_17655_cov_41.125342	99.97		True
CONTIG	NODE_52_length_17655_cov_41.125342	17655	correct
892165	909508	17344	1	NC_002945.4	NODE_53_length_17344_cov_45.327757	99.99		True
CONTIG	NODE_53_length_17344_cov_45.327757	17344	correct
132675	149959	1	17285	NC_002945.4	NODE_54_length_17285_cov_49.187493	99.96		True
CONTIG	NODE_54_length_17285_cov_49.187493	17285	correct
910050	926217	16235	68	NC_002945.4	NODE_55_length_16235_cov_46.962317	99.96		True
CONTIG	NODE_55_length_16235_cov_46.962317	16235	correct
4294598	4310417	1	15820	NC_002945.4	NODE_56_length_15820_cov_37.656917	99.99		True
CONTIG	NODE_56_length_15820_cov_37.656917	15820	correct
609085	624444	15360	1	NC_002945.4	NODE_57_length_15360_cov_43.070177	99.99		True
CONTIG	NODE_57_length_15360_cov_43.070177	15360	correct
2916851	2932001	1	15151	NC_002945.4	NODE_58_length_15339_cov_48.280239	99.97		True
CONTIG	NODE_58_length_15339_cov_48.280239	15339	correct
3193780	3208663	14998	15	NC_002945.4	NODE_59_length_14998_cov_46.776545	99.98		True
CONTIG	NODE_59_length_14998_cov_46.776545	14998	correct
1190378	1204663	1	14286	NC_002945.4	NODE_60_length_14521_cov_38.878213	99.97		True
CONTIG	NODE_60_length_14521_cov_38.878213	14521	correct
2372359	2386761	14403	1	NC_002945.4	NODE_61_length_14403_cov_46.359554	99.98		True
CONTIG	NODE_61_length_14403_cov_46.359554	14403	correct
3712180	3724845	12711	46	NC_002945.4	NODE_62_length_12711_cov_27.160680	99.96		True
CONTIG	NODE_62_length_12711_cov_27.160680	12711	correct
2944619	2957076	12458	1	NC_002945.4	NODE_63_length_12458_cov_42.260725	99.98		True
CONTIG	NODE_63_length_12458_cov_42.260725	12458	correct
3700285	3711403	11119	1	NC_002945.4	NODE_64_length_11119_cov_28.471252	100.0		True
CONTIG	NODE_64_length_11119_cov_28.471252	11119	correct
1623858	1633291	1	9386	NC_002945.4	NODE_65_length_10753_cov_33.302372	99.46		True
local misassembly
1633544	1634449	9387	10292	NC_002945.4	NODE_65_length_10753_cov_33.302372	100.0		True
local misassembly
1634594	1634885	10293	10584	NC_002945.4	NODE_65_length_10753_cov_33.302372	100.0		True
indel: indel (> 5bp)
1634913	1635078	10585	10750	NC_002945.4	NODE_65_length_10753_cov_33.302372	100.0		True
CONTIG	NODE_65_length_10753_cov_33.302372	10753	correct
2933872	2943963	10092	1	NC_002945.4	NODE_66_length_10310_cov_40.930276	99.99		True
CONTIG	NODE_66_length_10310_cov_40.930276	10310	correct
1204750	1213682	1	8858	NC_002945.4	NODE_67_length_8865_cov_38.886587	99.13		True
CONTIG	NODE_67_length_8865_cov_38.886587	8865	correct
3884643	3890278	1	5645	NC_002945.4	NODE_68_length_7389_cov_20.723492	99.79		True
local misassembly
3890969	3892616	5646	7293	NC_002945.4	NODE_68_length_7389_cov_20.723492	99.56		True
CONTIG	NODE_68_length_7389_cov_20.723492	7389	correct
1987009	1992127	1	5120	NC_002945.4	NODE_69_length_5120_cov_42.166233	99.96		True
CONTIG	NODE_69_length_5120_cov_42.166233	5120	correct
1213960	1214774	1	815	NC_002945.4	NODE_70_length_4608_cov_27.056237	99.51		True
local misassembly
1214750	1218423	935	4608	NC_002945.4	NODE_70_length_4608_cov_27.056237	99.97		True
CONTIG	NODE_70_length_4608_cov_27.056237	4608	correct
3980219	3984785	4567	1	NC_002945.4	NODE_71_length_4567_cov_32.432207	100.0		True
CONTIG	NODE_71_length_4567_cov_32.432207	4567	correct
3878208	3880295	1	2106	NC_002945.4	NODE_72_length_4478_cov_4.870834	99.1		True
relocation, inconsistency = 1535
3882139	3884154	2415	4478	NC_002945.4	NODE_72_length_4478_cov_4.870834	97.67		True
CONTIG	NODE_72_length_4478_cov_4.870834	4478	misassembled
1619531	1623826	1	4296	NC_002945.4	NODE_73_length_4296_cov_35.675941	100.0		True
CONTIG	NODE_73_length_4296_cov_35.675941	4296	correct
1092442	1096461	4020	1	NC_002945.4	NODE_74_length_4020_cov_34.717955	100.0		True
CONTIG	NODE_74_length_4020_cov_34.717955	4020	correct
1165899	1169900	4002	1	NC_002945.4	NODE_75_length_4002_cov_49.299355	99.98		True
CONTIG	NODE_75_length_4002_cov_49.299355	4002	correct
2284620	2287647	3028	1	NC_002945.4	NODE_76_length_3028_cov_33.357808	99.77		True
CONTIG	NODE_76_length_3028_cov_33.357808	3028	correct
2290710	2293716	3007	1	NC_002945.4	NODE_77_length_3007_cov_31.935417	100.0		True
CONTIG	NODE_77_length_3007_cov_31.935417	3007	correct
1993335	1995974	1	2640	NC_002945.4	NODE_78_length_2766_cov_44.307692	100.0		True
CONTIG	NODE_78_length_2766_cov_44.307692	2766	correct
3338676	3341186	2511	1	NC_002945.4	NODE_79_length_2511_cov_39.571728	100.0		True
CONTIG	NODE_79_length_2511_cov_39.571728	2511	correct
1635657	1638012	1	2305	NC_002945.4	NODE_80_length_2305_cov_24.583563	97.84		True
CONTIG	NODE_80_length_2305_cov_24.583563	2305	correct
674098	676344	2247	1	NC_002945.4	NODE_81_length_2270_cov_3.837611	100.0		True
CONTIG	NODE_81_length_2270_cov_3.837611	2270	correct
3698318	3700209	1892	1	NC_002945.4	NODE_82_length_2074_cov_5.516179	100.0		True
CONTIG	NODE_82_length_2074_cov_5.516179	2074	correct
336693	337886	1194	1	NC_002945.4	NODE_83_length_1999_cov_15.721154	100.0		True
local misassembly
335468	336161	1888	1195	NC_002945.4	NODE_83_length_1999_cov_15.721154	99.57		True
CONTIG	NODE_83_length_1999_cov_15.721154	1999	correct
CONTIG	NODE_84_length_1730_cov_2.047411	1730	unaligned
607662	609211	1550	1	NC_002945.4	NODE_85_length_1550_cov_68.671117	99.94		True
CONTIG	NODE_85_length_1550_cov_68.671117	1550	correct
4193589	4195052	1464	1	NC_002945.4	NODE_86_length_1464_cov_102.228123	100.0		True
CONTIG	NODE_86_length_1464_cov_102.228123	1464	correct
2775893	2775978	1	86	NC_002945.4	NODE_87_length_1464_cov_6.815258	100.0		True
inversion
2774307	2775563	1361	105	NC_002945.4	NODE_87_length_1464_cov_6.815258	99.6		True
CONTIG	NODE_87_length_1464_cov_6.815258	1464	misassembled
1992001	1993461	1	1461	NC_002945.4	NODE_88_length_1461_cov_59.033733	100.0		True
CONTIG	NODE_88_length_1461_cov_59.033733	1461	correct
3443593	3445031	1	1439	NC_002945.4	NODE_89_length_1439_cov_45.826982	100.0		True
CONTIG	NODE_89_length_1439_cov_45.826982	1439	correct
2324543	2325848	63	1368	NC_002945.4	NODE_90_length_1368_cov_23.062047	99.85		True
CONTIG	NODE_90_length_1368_cov_23.062047	1368	correct
3673145	3674484	1340	1	NC_002945.4	NODE_91_length_1340_cov_85.213520	100.0		True
CONTIG	NODE_91_length_1340_cov_85.213520	1340	correct
3835659	3836979	1	1321	NC_002945.4	NODE_92_length_1321_cov_95.283082	99.77		True
CONTIG	NODE_92_length_1321_cov_95.283082	1321	correct
2288581	2289835	1	1255	NC_002945.4	NODE_93_length_1255_cov_41.951241	100.0		True
CONTIG	NODE_93_length_1255_cov_41.951241	1255	correct
2293590	2294776	1	1187	NC_002945.4	NODE_94_length_1187_cov_34.259434	100.0		True
CONTIG	NODE_94_length_1187_cov_34.259434	1187	correct
2283619	2284746	1	1128	NC_002945.4	NODE_95_length_1128_cov_76.111888	99.91		True
CONTIG	NODE_95_length_1128_cov_76.111888	1128	correct
1340970	1342059	1	1090	NC_002945.4	NODE_96_length_1090_cov_32.922118	99.91		True
CONTIG	NODE_96_length_1090_cov_32.922118	1090	correct
839705	840794	1	1090	NC_002945.4	NODE_97_length_1090_cov_14.452752	100.0		True
CONTIG	NODE_97_length_1090_cov_14.452752	1090	correct
3711277	3712306	1030	1	NC_002945.4	NODE_98_length_1030_cov_85.379845	100.0		True
CONTIG	NODE_98_length_1030_cov_85.379845	1030	correct
1996389	1997190	1	802	NC_002945.4	NODE_99_length_1011_cov_3.695701	99.88		True
CONTIG	NODE_99_length_1011_cov_3.695701	1011	correct
1165044	1166025	982	1	NC_002945.4	NODE_100_length_982_cov_90.084211	99.9		True
CONTIG	NODE_100_length_982_cov_90.084211	982	correct
3442285	3443193	909	1	NC_002945.4	NODE_101_length_909_cov_281.533248	100.0		True
CONTIG	NODE_101_length_909_cov_281.533248	909	correct
CONTIG	NODE_102_length_907_cov_0.941026	907	unaligned
CONTIG	NODE_103_length_895_cov_3.140625	895	unaligned
3341521	3342410	890	1	NC_002945.4	NODE_104_length_890_cov_25.530799	100.0		True
CONTIG	NODE_104_length_890_cov_25.530799	890	correct
3894591	3895475	1	885	NC_002945.4	NODE_105_length_885_cov_36.689974	99.77		True
CONTIG	NODE_105_length_885_cov_36.689974	885	correct
3758917	3759569	18	673	NC_002945.4	NODE_106_length_879_cov_1.704787	99.39		True
CONTIG	NODE_106_length_879_cov_1.704787	879	correct
1278286	1279129	1	844	NC_002945.4	NODE_107_length_844_cov_74.453278	100.0		True
CONTIG	NODE_107_length_844_cov_74.453278	844	correct
909382	910176	795	1	NC_002945.4	NODE_108_length_795_cov_101.552395	100.0		True
CONTIG	NODE_108_length_795_cov_101.552395	795	correct
CONTIG	NODE_109_length_794_cov_0.788606	794	unaligned
2422650	2423393	1	744	NC_002945.4	NODE_110_length_744_cov_77.123177	100.0		True
CONTIG	NODE_110_length_744_cov_77.123177	744	correct
1985937	1986470	195	728	NC_002945.4	NODE_111_length_728_cov_3.703827	99.81		True
CONTIG	NODE_111_length_728_cov_3.703827	728	correct
338215	338755	14	554	NC_002945.4	NODE_112_length_724_cov_1.425461	100.0		True
CONTIG	NODE_112_length_724_cov_1.425461	724	correct
3208587	3209289	703	1	NC_002945.4	NODE_113_length_703_cov_43.529514	98.86		True
CONTIG	NODE_113_length_703_cov_43.529514	703	correct
3892631	3893203	696	124	NC_002945.4	NODE_114_length_696_cov_3.042179	100.0		True
CONTIG	NODE_114_length_696_cov_3.042179	696	correct
CONTIG	NODE_115_length_681_cov_0.761733	681	unaligned
1853532	1853772	196	436	NC_002945.4	NODE_116_length_646_cov_1.373796	100.0		True
CONTIG	NODE_116_length_646_cov_1.373796	646	correct
CONTIG	NODE_117_length_636_cov_1.357564	636	unaligned
1342064	1342697	1	634	NC_002945.4	NODE_118_length_634_cov_49.779093	100.0		True
CONTIG	NODE_118_length_634_cov_49.779093	634	correct
CONTIG	NODE_119_length_633_cov_2.019763	633	unaligned
3338171	3338802	632	1	NC_002945.4	NODE_120_length_632_cov_30.673267	99.84		True
CONTIG	NODE_120_length_632_cov_30.673267	632	correct
CONTIG	NODE_121_length_632_cov_2.596040	632	unaligned
CONTIG	NODE_122_length_630_cov_1.475149	630	unaligned
1189289	1189838	606	57	NC_002945.4	NODE_123_length_623_cov_3.538306	99.27		True
CONTIG	NODE_123_length_623_cov_3.538306	623	correct
3880489	3881088	18	617	NC_002945.4	NODE_124_length_617_cov_22.077551	100.0		True
CONTIG	NODE_124_length_617_cov_22.077551	617	correct
1091508	1092095	588	1	NC_002945.4	NODE_125_length_617_cov_2.122449	98.98		True
CONTIG	NODE_125_length_617_cov_2.122449	617	correct
3979439	3979996	57	614	NC_002945.4	NODE_126_length_614_cov_2.067762	99.82		True
CONTIG	NODE_126_length_614_cov_2.067762	614	correct
CONTIG	NODE_127_length_611_cov_1.780992	611	unaligned
CONTIG	NODE_128_length_610_cov_1.194617	610	unaligned
CONTIG	NODE_129_length_605_cov_1.029289	605	unaligned
CONTIG	NODE_130_length_602_cov_0.768421	602	unaligned
CONTIG	NODE_131_length_601_cov_1.046414	601	unaligned
2773720	2774131	412	1	NC_002945.4	NODE_132_length_596_cov_1.530917	99.76		True
CONTIG	NODE_132_length_596_cov_1.530917	596	correct
CONTIG	NODE_133_length_587_cov_1.876087	587	unaligned
CONTIG	NODE_134_length_561_cov_1.702765	561	unaligned
CONTIG	NODE_135_length_561_cov_1.004608	561	unaligned
CONTIG	NODE_136_length_561_cov_0.926267	561	unaligned
CONTIG	NODE_137_length_556_cov_0.867133	556	unaligned
839385	839561	193	366	NC_002945.4	NODE_138_length_553_cov_0.629108	97.74		True
CONTIG	NODE_138_length_553_cov_0.629108	553	correct
132124	132645	1	522	NC_002945.4	NODE_139_length_552_cov_3.282353	100.0		True
CONTIG	NODE_139_length_552_cov_3.282353	552	correct
927018	927441	27	450	NC_002945.4	NODE_140_length_526_cov_1.378446	96.46		True
CONTIG	NODE_140_length_526_cov_1.378446	526	correct
CONTIG	NODE_141_length_517_cov_1.589744	517	unaligned
4294092	4294425	512	179	NC_002945.4	NODE_142_length_512_cov_1.901299	100.0		True
CONTIG	NODE_142_length_512_cov_1.901299	512	correct
CONTIG	NODE_143_length_512_cov_0.961039	512	unaligned
CONTIG	NODE_144_length_511_cov_1.924479	511	unaligned
CONTIG	NODE_145_length_509_cov_0.753927	509	unaligned
CONTIG	NODE_146_length_508_cov_1.291339	508	unaligned
CONTIG	NODE_147_length_504_cov_0.984085	504	unaligned
