S1	E1	S2	E2	Reference	Contig	IDY	Ambiguous	Best_group
402605	607788	204915	1	NC_002945.4	NODE_1_length_204915_cov_41.825859	99.86		True
CONTIG	NODE_1_length_204915_cov_41.825859	204915	correct
3510801	3673271	127	162486	NC_002945.4	NODE_2_length_162486_cov_41.818723	99.92		True
CONTIG	NODE_2_length_162486_cov_41.818723	162486	correct
676775	824045	192	147463	NC_002945.4	NODE_3_length_160944_cov_41.712661	99.99		True
local misassembly
824601	838081	147464	160944	NC_002945.4	NODE_3_length_160944_cov_41.712661	99.98		True
CONTIG	NODE_3_length_160944_cov_41.712661	160944	correct
4035850	4193715	157751	1	NC_002945.4	NODE_4_length_157751_cov_41.079861	99.92		True
CONTIG	NODE_4_length_157751_cov_41.079861	157751	correct
1853844	1985614	131323	19	NC_002945.4	NODE_5_length_156714_cov_38.622229	99.63		True
relocation, inconsistency = -1845923
3674358	3699766	156714	131324	NC_002945.4	NODE_5_length_156714_cov_38.622229	99.92		True
CONTIG	NODE_5_length_156714_cov_38.622229	156714	misassembled
150151	306612	1	156435	NC_002945.4	NODE_6_length_156543_cov_41.037886	99.97		True
CONTIG	NODE_6_length_156543_cov_41.037886	156543	correct
2453641	2609195	30	155585	NC_002945.4	NODE_7_length_155700_cov_41.496127	99.99		True
CONTIG	NODE_7_length_155700_cov_41.496127	155700	correct
4309411	4349904	28	40520	NC_002945.4	NODE_8_length_143839_cov_43.295097	99.99		True
fake: not a misassembly [linear representation of circular genome]
1	29469	40521	69989	NC_002945.4	NODE_8_length_143839_cov_43.295097	99.99		True
local misassembly
30083	103918	69991	143839	NC_002945.4	NODE_8_length_143839_cov_43.295097	99.96		True
CONTIG	NODE_8_length_143839_cov_43.295097	143839	correct
1638965	1769053	120	130206	NC_002945.4	NODE_9_length_130298_cov_44.875518	99.99		True
CONTIG	NODE_9_length_130298_cov_44.875518	130298	correct
2957090	3015608	1	58466	NC_002945.4	NODE_10_length_124195_cov_41.671462	99.9		True
local misassembly
3015912	3081542	58467	124195	NC_002945.4	NODE_10_length_124195_cov_41.671462	99.83		True
CONTIG	NODE_10_length_124195_cov_41.671462	124195	correct
970273	1009472	174	39372	NC_002945.4	NODE_11_length_120052_cov_41.910961	99.98		True
relocation, inconsistency = 1457
1010930	1091475	39373	119921	NC_002945.4	NODE_11_length_120052_cov_41.910961	99.99		True
CONTIG	NODE_11_length_120052_cov_41.910961	120052	misassembled
3297493	3338802	41479	1	NC_002945.4	NODE_12_length_119669_cov_42.079135	99.81		True
indel: stretch of mismatches
3219360	3297478	119669	41494	NC_002945.4	NODE_12_length_119669_cov_42.079135	99.92		True
CONTIG	NODE_12_length_119669_cov_42.079135	119669	correct
3343594	3442410	98885	1	NC_002945.4	NODE_13_length_98885_cov_42.327386	99.92		True
CONTIG	NODE_13_length_98885_cov_42.327386	98885	correct
2083596	2140681	57222	137	NC_002945.4	NODE_14_length_83998_cov_41.472833	99.99		True
local misassembly
2056967	2083604	83998	57361	NC_002945.4	NODE_14_length_83998_cov_41.472833	99.98		True
CONTIG	NODE_14_length_83998_cov_41.472833	83998	correct
3897145	3979510	1	82357	NC_002945.4	NODE_15_length_82359_cov_42.127092	99.97		True
CONTIG	NODE_15_length_82359_cov_42.127092	82359	correct
2693912	2773105	79306	114	NC_002945.4	NODE_16_length_79306_cov_40.712057	99.99		True
CONTIG	NODE_16_length_79306_cov_40.712057	79306	correct
1779460	1853485	1	74026	NC_002945.4	NODE_17_length_74226_cov_41.250719	99.99		True
CONTIG	NODE_17_length_74226_cov_41.250719	74226	correct
3125103	3193870	1	68714	NC_002945.4	NODE_18_length_68714_cov_42.106084	99.91		True
CONTIG	NODE_18_length_68714_cov_42.106084	68714	correct
1096985	1165170	1	68175	NC_002945.4	NODE_19_length_68175_cov_41.779553	99.97		True
CONTIG	NODE_19_length_68175_cov_41.779553	68175	correct
1387473	1417336	29864	1	NC_002945.4	NODE_20_length_65891_cov_43.856350	99.98		True
relocation, inconsistency = 792725
2210062	2246088	29865	65891	NC_002945.4	NODE_20_length_65891_cov_43.856350	99.99		True
CONTIG	NODE_20_length_65891_cov_43.856350	65891	misassembled
3445573	3510803	65361	128	NC_002945.4	NODE_21_length_65361_cov_43.162753	99.97		True
CONTIG	NODE_21_length_65361_cov_43.162753	65361	correct
2852146	2916393	95	64341	NC_002945.4	NODE_22_length_64341_cov_39.478322	99.98		True
CONTIG	NODE_22_length_64341_cov_39.478322	64341	correct
4194926	4259153	64228	1	NC_002945.4	NODE_23_length_64228_cov_44.527589	99.99		True
CONTIG	NODE_23_length_64228_cov_44.527589	64228	correct
1280097	1343223	1	63189	NC_002945.4	NODE_24_length_63189_cov_45.090308	99.89		True
CONTIG	NODE_24_length_63189_cov_45.090308	63189	correct
1219525	1278412	58888	1	NC_002945.4	NODE_25_length_58890_cov_40.694110	99.98		True
CONTIG	NODE_25_length_58890_cov_40.694110	58890	correct
3777400	3835785	58318	1	NC_002945.4	NODE_26_length_58318_cov_41.923923	99.87		True
CONTIG	NODE_26_length_58318_cov_41.923923	58318	correct
2611697	2665719	54234	158	NC_002945.4	NODE_27_length_54307_cov_40.120118	99.87		True
CONTIG	NODE_27_length_54307_cov_40.120118	54307	correct
1418316	1470724	52352	1	NC_002945.4	NODE_28_length_52352_cov_45.107190	99.88		True
CONTIG	NODE_28_length_52352_cov_45.107190	52352	correct
3984881	4000742	167	16017	NC_002945.4	NODE_29_length_50903_cov_40.879490	99.93		True
local misassembly
4000854	4035739	16018	50903	NC_002945.4	NODE_29_length_50903_cov_40.879490	99.98		True
CONTIG	NODE_29_length_50903_cov_40.879490	50903	correct
1574070	1623835	49766	1	NC_002945.4	NODE_30_length_49766_cov_39.892222	99.98		True
CONTIG	NODE_30_length_49766_cov_39.892222	49766	correct
842521	891078	48558	1	NC_002945.4	NODE_31_length_48730_cov_40.284900	99.99		True
CONTIG	NODE_31_length_48730_cov_40.284900	48730	correct
625515	673260	9	47754	NC_002945.4	NODE_32_length_47956_cov_40.687386	99.99		True
CONTIG	NODE_32_length_47956_cov_40.687386	47956	correct
3878380	3881530	3025	1	NC_002945.4	NODE_33_length_44194_cov_38.089114	95.58		True
local misassembly
3836888	3878064	44194	3026	NC_002945.4	NODE_33_length_44194_cov_38.089114	99.96		True
CONTIG	NODE_33_length_44194_cov_38.089114	44194	correct
1997056	2040880	43946	122	NC_002945.4	NODE_34_length_43946_cov_42.124489	99.98		True
CONTIG	NODE_34_length_43946_cov_42.124489	43946	correct
1492001	1535110	43110	1	NC_002945.4	NODE_35_length_43242_cov_47.043071	99.98		True
CONTIG	NODE_35_length_43242_cov_47.043071	43242	correct
1343879	1386533	1	42660	NC_002945.4	NODE_36_length_42667_cov_40.935755	99.99		True
CONTIG	NODE_36_length_42667_cov_40.935755	42667	correct
2801012	2843521	1	42510	NC_002945.4	NODE_37_length_42510_cov_42.406083	99.99		True
CONTIG	NODE_37_length_42510_cov_42.406083	42510	correct
3082645	3124563	1	41185	NC_002945.4	NODE_38_length_41256_cov_42.600890	98.18		True
CONTIG	NODE_38_length_41256_cov_42.600890	41256	correct
930749	970118	39490	1	NC_002945.4	NODE_39_length_39508_cov_41.540641	99.68		True
CONTIG	NODE_39_length_39508_cov_41.540641	39508	correct
2246249	2283745	118	37616	NC_002945.4	NODE_40_length_37616_cov_45.170903	99.95		True
CONTIG	NODE_40_length_37616_cov_45.170903	37616	correct
1535942	1573312	1	37371	NC_002945.4	NODE_41_length_37504_cov_41.274340	99.98		True
CONTIG	NODE_41_length_37504_cov_41.274340	37504	correct
364086	401308	247	37469	NC_002945.4	NODE_42_length_37469_cov_39.931927	99.99		True
CONTIG	NODE_42_length_37469_cov_39.931927	37469	correct
4259930	4293948	34017	1	NC_002945.4	NODE_43_length_34017_cov_43.688640	99.99		True
CONTIG	NODE_43_length_34017_cov_43.688640	34017	correct
3737665	3758842	21254	77	NC_002945.4	NODE_44_length_33863_cov_42.824787	100.0		True
local misassembly
3724846	3737454	33863	21255	NC_002945.4	NODE_44_length_33863_cov_42.824787	99.98		True
CONTIG	NODE_44_length_33863_cov_42.824787	33863	correct
2161798	2192094	1	30298	NC_002945.4	NODE_45_length_30298_cov_43.433927	99.99		True
CONTIG	NODE_45_length_30298_cov_43.433927	30298	correct
2423267	2453624	30244	1	NC_002945.4	NODE_46_length_30244_cov_40.921307	99.61		True
CONTIG	NODE_46_length_30244_cov_40.921307	30244	correct
2294650	2324490	1	29841	NC_002945.4	NODE_47_length_29845_cov_38.464096	99.99		True
CONTIG	NODE_47_length_29845_cov_38.464096	29845	correct
2666146	2693421	27275	1	NC_002945.4	NODE_48_length_27280_cov_41.659338	99.95		True
CONTIG	NODE_48_length_27280_cov_41.659338	27280	correct
105040	132035	1	26996	NC_002945.4	NODE_49_length_27199_cov_40.470634	99.97		True
CONTIG	NODE_49_length_27199_cov_40.470634	27199	correct
306705	333298	1	26489	NC_002945.4	NODE_50_length_26674_cov_40.142427	99.6		True
CONTIG	NODE_50_length_26674_cov_40.142427	26674	correct
2345823	2372350	26528	1	NC_002945.4	NODE_51_length_26652_cov_41.520641	99.98		True
CONTIG	NODE_51_length_26652_cov_41.520641	26652	correct
339034	363825	24705	1	NC_002945.4	NODE_52_length_24996_cov_37.097270	99.62		True
CONTIG	NODE_52_length_24996_cov_37.097270	24996	correct
2386668	2408736	22069	1	NC_002945.4	NODE_53_length_22069_cov_34.385562	100.0		True
CONTIG	NODE_53_length_22069_cov_34.385562	22069	correct
1171083	1189860	1	18778	NC_002945.4	NODE_54_length_21699_cov_37.523085	99.99		True
local misassembly
1190092	1193012	18779	21699	NC_002945.4	NODE_54_length_21699_cov_37.523085	99.97		True
CONTIG	NODE_54_length_21699_cov_37.523085	21699	correct
2140783	2158516	1	17734	NC_002945.4	NODE_55_length_20369_cov_45.386869	99.96		True
local misassembly
2158655	2158913	17735	17993	NC_002945.4	NODE_55_length_20369_cov_45.386869	100.0		True
fake: scaffold gap size wrong estimation (local)
2158914	2160444	18025	19555	NC_002945.4	NODE_55_length_20369_cov_45.386869	95.49		True
CONTIG	NODE_55_length_20369_cov_45.386869	20369	correct
1490961	1491395	435	1	NC_002945.4	NODE_56_length_19249_cov_51.161385	100.0		True
local misassembly
1471935	1490747	19249	436	NC_002945.4	NODE_56_length_19249_cov_51.161385	99.97		True
CONTIG	NODE_56_length_19249_cov_51.161385	19249	correct
3760100	3777383	17286	1	NC_002945.4	NODE_57_length_17538_cov_38.915800	99.97		True
CONTIG	NODE_57_length_17538_cov_38.915800	17538	correct
2326286	2343778	17493	1	NC_002945.4	NODE_58_length_17493_cov_36.717033	99.98		True
CONTIG	NODE_58_length_17493_cov_36.717033	17493	correct
2192685	2210006	1	17322	NC_002945.4	NODE_59_length_17425_cov_48.509192	99.98		True
CONTIG	NODE_59_length_17425_cov_48.509192	17425	correct
892165	909508	17344	1	NC_002945.4	NODE_60_length_17344_cov_44.655224	99.99		True
CONTIG	NODE_60_length_17344_cov_44.655224	17344	correct
132520	149790	1	17271	NC_002945.4	NODE_61_length_17315_cov_45.805155	99.84		True
CONTIG	NODE_61_length_17315_cov_45.805155	17315	correct
2776928	2793845	16923	6	NC_002945.4	NODE_62_length_16977_cov_45.492107	99.98		True
CONTIG	NODE_62_length_16977_cov_45.492107	16977	correct
910050	926326	1	16277	NC_002945.4	NODE_63_length_16277_cov_44.891269	99.98		True
CONTIG	NODE_63_length_16277_cov_44.891269	16277	correct
2040889	2056870	1	15982	NC_002945.4	NODE_64_length_16029_cov_43.297321	99.96		True
CONTIG	NODE_64_length_16029_cov_43.297321	16029	correct
3193780	3209285	1	15506	NC_002945.4	NODE_65_length_15625_cov_43.349077	100.0		True
CONTIG	NODE_65_length_15625_cov_43.349077	15625	correct
2916851	2932441	1	15591	NC_002945.4	NODE_66_length_15591_cov_45.978531	99.97		True
CONTIG	NODE_66_length_15591_cov_45.978531	15591	correct
609085	624302	15324	107	NC_002945.4	NODE_67_length_15324_cov_38.317234	99.99		True
CONTIG	NODE_67_length_15324_cov_38.317234	15324	correct
4294602	4309408	1	14807	NC_002945.4	NODE_68_length_14807_cov_38.672820	99.99		True
CONTIG	NODE_68_length_14807_cov_38.672820	14807	correct
2372424	2386761	14338	1	NC_002945.4	NODE_69_length_14529_cov_41.591098	99.98		True
CONTIG	NODE_69_length_14529_cov_41.591098	14529	correct
2409056	2422776	1	13721	NC_002945.4	NODE_70_length_13721_cov_39.816537	99.97		True
CONTIG	NODE_70_length_13721_cov_39.816537	13721	correct
3712180	3724845	12739	74	NC_002945.4	NODE_71_length_12739_cov_28.973200	99.96		True
CONTIG	NODE_71_length_12739_cov_28.973200	12739	correct
2944619	2957127	1	12509	NC_002945.4	NODE_72_length_12509_cov_40.999273	99.98		True
CONTIG	NODE_72_length_12509_cov_40.999273	12509	correct
1193002	1204739	1	11738	NC_002945.4	NODE_73_length_11738_cov_45.001636	99.97		True
CONTIG	NODE_73_length_11738_cov_45.001636	11738	correct
3700278	3711403	11126	1	NC_002945.4	NODE_74_length_11169_cov_27.748143	100.0		True
CONTIG	NODE_74_length_11169_cov_27.748143	11169	correct
2933783	2943963	1	10181	NC_002945.4	NODE_75_length_10181_cov_41.435548	99.99		True
CONTIG	NODE_75_length_10181_cov_41.435548	10181	correct
3209302	3219347	10046	1	NC_002945.4	NODE_76_length_10046_cov_41.799072	100.0		True
CONTIG	NODE_76_length_10046_cov_41.799072	10046	correct
3882903	3884154	1252	1	NC_002945.4	NODE_77_length_9462_cov_16.356936	100.0		True
relocation, inconsistency = -10631
3890969	3893533	3817	1253	NC_002945.4	NODE_77_length_9462_cov_16.356936	99.9		True
local misassembly
3884643	3890278	9462	3818	NC_002945.4	NODE_77_length_9462_cov_16.356936	99.79		True
CONTIG	NODE_77_length_9462_cov_16.356936	9462	misassembled
1623933	1633328	94	9432	NC_002945.4	NODE_78_length_9432_cov_34.390435	99.32		True
CONTIG	NODE_78_length_9432_cov_34.390435	9432	correct
1204847	1213474	8741	114	NC_002945.4	NODE_79_length_8883_cov_38.973847	99.98		True
CONTIG	NODE_79_length_8883_cov_38.973847	8883	correct
2843506	2852044	8538	1	NC_002945.4	NODE_80_length_8538_cov_40.888004	99.99		True
CONTIG	NODE_80_length_8538_cov_40.888004	8538	correct
2793847	2799828	1	5982	NC_002945.4	NODE_81_length_5982_cov_40.767891	99.98		True
CONTIG	NODE_81_length_5982_cov_40.767891	5982	correct
1987019	1992127	1	5110	NC_002945.4	NODE_82_length_5110_cov_42.139274	99.98		True
CONTIG	NODE_82_length_5110_cov_42.139274	5110	correct
1214750	1218385	3636	1	NC_002945.4	NODE_83_length_4551_cov_30.416365	99.97		True
local misassembly
1213979	1214774	4551	3756	NC_002945.4	NODE_83_length_4551_cov_30.416365	99.37		True
CONTIG	NODE_83_length_4551_cov_30.416365	4551	correct
3980257	3984608	186	4537	NC_002945.4	NODE_84_length_4537_cov_38.577778	99.95		True
CONTIG	NODE_84_length_4537_cov_38.577778	4537	correct
1165899	1169900	4002	1	NC_002945.4	NODE_85_length_4002_cov_42.103484	99.98		True
CONTIG	NODE_85_length_4002_cov_42.103484	4002	correct
1092487	1096461	1	3975	NC_002945.4	NODE_86_length_3975_cov_35.475312	99.97		True
CONTIG	NODE_86_length_3975_cov_35.475312	3975	correct
1638385	1638830	446	1	NC_002945.4	NODE_87_length_3081_cov_19.221395	100.0		True
local misassembly
1635657	1638240	3081	447	NC_002945.4	NODE_87_length_3081_cov_19.221395	98.06		True
CONTIG	NODE_87_length_3081_cov_19.221395	3081	correct
2284620	2287647	1	3028	NC_002945.4	NODE_88_length_3028_cov_29.639090	99.77		True
CONTIG	NODE_88_length_3028_cov_29.639090	3028	correct
2290710	2293716	3007	1	NC_002945.4	NODE_89_length_3007_cov_29.864236	100.0		True
CONTIG	NODE_89_length_3007_cov_29.864236	3007	correct
1993335	1996072	2867	130	NC_002945.4	NODE_90_length_2867_cov_45.204745	100.0		True
CONTIG	NODE_90_length_2867_cov_45.204745	2867	correct
928970	930606	1731	95	NC_002945.4	NODE_91_length_2530_cov_10.997503	100.0		True
local misassembly
928324	928975	2530	1870	NC_002945.4	NODE_91_length_2530_cov_10.997503	98.18		True
CONTIG	NODE_91_length_2530_cov_10.997503	2530	correct
2609387	2611609	2223	1	NC_002945.4	NODE_92_length_2223_cov_29.058683	100.0		True
CONTIG	NODE_92_length_2223_cov_29.058683	2223	correct
2775851	2776136	310	25	NC_002945.4	NODE_93_length_1927_cov_6.225556	99.3		True
indel: indel (> 5bp)
2775688	2775766	389	311	NC_002945.4	NODE_93_length_1927_cov_6.225556	100.0		True
local misassembly
2774489	2775537	1438	390	NC_002945.4	NODE_93_length_1927_cov_6.225556	100.0		True
local misassembly
2773644	2774005	1800	1439	NC_002945.4	NODE_93_length_1927_cov_6.225556	100.0		True
relocation, inconsistency = 136368
2637149	2637275	1927	1801	NC_002945.4	NODE_93_length_1927_cov_6.225556	100.0		True
CONTIG	NODE_93_length_1927_cov_6.225556	1927	misassembled
2343821	2345662	1	1842	NC_002945.4	NODE_94_length_1842_cov_28.816327	100.0		True
CONTIG	NODE_94_length_1842_cov_28.816327	1842	correct
674722	676291	1760	191	NC_002945.4	NODE_95_length_1768_cov_4.623400	99.87		True
CONTIG	NODE_95_length_1768_cov_4.623400	1768	correct
336693	338176	1489	6	NC_002945.4	NODE_96_length_1649_cov_17.146518	99.8		True
CONTIG	NODE_96_length_1649_cov_17.146518	1649	correct
607662	609211	1550	1	NC_002945.4	NODE_97_length_1550_cov_65.509487	99.94		True
CONTIG	NODE_97_length_1550_cov_65.509487	1550	correct
4193589	4195052	1464	1	NC_002945.4	NODE_98_length_1464_cov_98.638743	100.0		True
CONTIG	NODE_98_length_1464_cov_98.638743	1464	correct
3443593	3445031	1	1439	NC_002945.4	NODE_99_length_1439_cov_59.900915	100.0		True
CONTIG	NODE_99_length_1439_cov_59.900915	1439	correct
3081416	3082771	1	1356	NC_002945.4	NODE_100_length_1356_cov_105.392189	100.0		True
CONTIG	NODE_100_length_1356_cov_105.392189	1356	correct
2324608	2325841	1234	1	NC_002945.4	NODE_101_length_1354_cov_34.991850	100.0		True
CONTIG	NODE_101_length_1354_cov_34.991850	1354	correct
890952	892291	1340	1	NC_002945.4	NODE_102_length_1340_cov_77.257214	100.0		True
CONTIG	NODE_102_length_1340_cov_77.257214	1340	correct
3339137	3340461	1325	1	NC_002945.4	NODE_103_length_1325_cov_43.697830	100.0		True
CONTIG	NODE_103_length_1325_cov_43.697830	1325	correct
3835659	3836979	1321	1	NC_002945.4	NODE_104_length_1321_cov_77.618090	99.7		True
CONTIG	NODE_104_length_1321_cov_77.618090	1321	correct
2288581	2289835	1255	1	NC_002945.4	NODE_105_length_1255_cov_43.657801	100.0		True
CONTIG	NODE_105_length_1255_cov_43.657801	1255	correct
2287521	2288707	1	1187	NC_002945.4	NODE_106_length_1187_cov_28.603774	100.0		True
CONTIG	NODE_106_length_1187_cov_28.603774	1187	correct
2283619	2284746	1	1128	NC_002945.4	NODE_107_length_1128_cov_75.347652	99.91		True
CONTIG	NODE_107_length_1128_cov_75.347652	1128	correct
839639	840733	1095	1	NC_002945.4	NODE_108_length_1095_cov_19.052686	100.0		True
CONTIG	NODE_108_length_1095_cov_19.052686	1095	correct
3758873	3759732	1074	212	NC_002945.4	NODE_109_length_1074_cov_1.140444	98.61		True
CONTIG	NODE_109_length_1074_cov_1.140444	1074	correct
3711277	3712306	1030	1	NC_002945.4	NODE_110_length_1030_cov_82.812846	100.0		True
CONTIG	NODE_110_length_1030_cov_82.812846	1030	correct
1165044	1166025	982	1	NC_002945.4	NODE_111_length_982_cov_83.007018	99.9		True
CONTIG	NODE_111_length_982_cov_83.007018	982	correct
3881803	3882155	1	353	NC_002945.4	NODE_112_length_940_cov_2.783518	98.87		True
local misassembly
3882139	3882442	505	808	NC_002945.4	NODE_112_length_940_cov_2.783518	100.0		True
CONTIG	NODE_112_length_940_cov_2.783518	940	correct
335591	336507	1	917	NC_002945.4	NODE_113_length_926_cov_5.563204	99.67		True
CONTIG	NODE_113_length_926_cov_5.563204	926	correct
338173	338757	151	735	NC_002945.4	NODE_114_length_919_cov_2.300505	99.83		True
CONTIG	NODE_114_length_919_cov_2.300505	919	correct
3442285	3443193	1	909	NC_002945.4	NODE_115_length_909_cov_266.026854	100.0		True
CONTIG	NODE_115_length_909_cov_266.026854	909	correct
3341521	3342410	890	1	NC_002945.4	NODE_116_length_890_cov_32.676278	100.0		True
CONTIG	NODE_116_length_890_cov_32.676278	890	correct
1278286	1279129	844	1	NC_002945.4	NODE_117_length_844_cov_90.297071	100.0		True
CONTIG	NODE_117_length_844_cov_90.297071	844	correct
1633388	1634182	808	14	NC_002945.4	NODE_118_length_808_cov_5.803231	99.62		True
CONTIG	NODE_118_length_808_cov_5.803231	808	correct
3444905	3445699	1	795	NC_002945.4	NODE_119_length_795_cov_106.591317	100.0		True
CONTIG	NODE_119_length_795_cov_106.591317	795	correct
2422650	2423393	744	1	NC_002945.4	NODE_120_length_744_cov_64.546191	100.0		True
CONTIG	NODE_120_length_744_cov_64.546191	744	correct
1985774	1986452	688	10	NC_002945.4	NODE_121_length_688_cov_3.042781	100.0		True
CONTIG	NODE_121_length_688_cov_3.042781	688	correct
3340552	3341186	1	635	NC_002945.4	NODE_122_length_635_cov_33.125984	100.0		True
CONTIG	NODE_122_length_635_cov_33.125984	635	correct
132213	132463	432	182	NC_002945.4	NODE_123_length_604_cov_1.058700	100.0		True
CONTIG	NODE_123_length_604_cov_1.058700	604	correct
673472	673997	597	72	NC_002945.4	NODE_124_length_597_cov_2.578723	99.62		True
CONTIG	NODE_124_length_597_cov_2.578723	597	correct
CONTIG	NODE_125_length_592_cov_0.797849	592	unaligned
1491445	1491851	407	1	NC_002945.4	NODE_126_length_590_cov_0.745140	98.53		True
CONTIG	NODE_126_length_590_cov_0.745140	590	correct
3338676	3339263	588	1	NC_002945.4	NODE_127_length_588_cov_58.123644	100.0		True
CONTIG	NODE_127_length_588_cov_58.123644	588	correct
674082	674608	1	527	NC_002945.4	NODE_128_length_565_cov_2.509132	98.48		True
CONTIG	NODE_128_length_565_cov_2.509132	565	correct
1535045	1535408	1	364	NC_002945.4	NODE_129_length_531_cov_38.346535	96.98		True
relocation, inconsistency = 2310255
3845679	3845830	531	380	NC_002945.4	NODE_129_length_531_cov_38.346535	95.39		True
CONTIG	NODE_129_length_531_cov_38.346535	531	misassembled
1091567	1091899	1	333	NC_002945.4	NODE_130_length_525_cov_1.625628	100.0		True
CONTIG	NODE_130_length_525_cov_1.625628	525	correct
4294092	4294610	519	1	NC_002945.4	NODE_131_length_519_cov_4.150510	100.0		True
CONTIG	NODE_131_length_519_cov_4.150510	519	correct
2932498	2932868	149	519	NC_002945.4	NODE_132_length_519_cov_1.834184	100.0		True
CONTIG	NODE_132_length_519_cov_1.834184	519	correct
1996570	1997081	1	512	NC_002945.4	NODE_133_length_512_cov_7.659740	100.0		True
CONTIG	NODE_133_length_512_cov_7.659740	512	correct
841617	842127	1	511	NC_002945.4	NODE_134_length_511_cov_2.984375	99.22		True
CONTIG	NODE_134_length_511_cov_2.984375	511	correct
