S1	E1	S2	E2	Reference	Contig	IDY	Ambiguous	Best_group
3015725	3193870	177456	1	NC_002945.4	NODE_1_length_235990_cov_54.829070	99.48		True
local misassembly
2957039	3015625	235990	177457	NC_002945.4	NODE_1_length_235990_cov_54.829070	99.9		True
CONTIG	NODE_1_length_235990_cov_54.829070	235990	correct
3445573	3673271	227591	1	NC_002945.4	NODE_2_length_227591_cov_56.452432	99.93		True
CONTIG	NODE_2_length_227591_cov_56.452432	227591	correct
2444879	2665696	220870	1	NC_002945.4	NODE_3_length_220870_cov_54.622122	99.96		True
CONTIG	NODE_3_length_220870_cov_54.622122	220870	correct
402605	607788	1	204915	NC_002945.4	NODE_4_length_204915_cov_55.095723	99.86		True
CONTIG	NODE_4_length_204915_cov_55.095723	204915	correct
676593	824045	1	147454	NC_002945.4	NODE_5_length_160966_cov_54.868931	99.99		True
local misassembly
824601	838020	147455	160874	NC_002945.4	NODE_5_length_160966_cov_54.868931	99.97		True
CONTIG	NODE_5_length_160966_cov_54.868931	160966	correct
4294631	4349904	56	55328	NC_002945.4	NODE_6_length_158647_cov_56.859999	99.99		True
fake: not a misassembly [linear representation of circular genome]
1	29469	55329	84797	NC_002945.4	NODE_6_length_158647_cov_56.859999	99.99		True
local misassembly
30083	103918	84799	158647	NC_002945.4	NODE_6_length_158647_cov_56.859999	99.96		True
CONTIG	NODE_6_length_158647_cov_56.859999	158647	correct
930651	968988	1	38578	NC_002945.4	NODE_7_length_158571_cov_56.282314	99.36		True
relocation, inconsistency = 1185
970174	1009472	38579	77876	NC_002945.4	NODE_7_length_158571_cov_56.282314	99.98		True
relocation, inconsistency = 1457
1010930	1091475	77877	158425	NC_002945.4	NODE_7_length_158571_cov_56.282314	99.99		True
CONTIG	NODE_7_length_158571_cov_56.282314	158571	misassembled
150245	306666	122	156516	NC_002945.4	NODE_8_length_156575_cov_56.100922	99.97		True
CONTIG	NODE_8_length_156575_cov_56.100922	156575	correct
1853829	1985614	1	131320	NC_002945.4	NODE_9_length_131368_cov_53.251880	99.63		True
CONTIG	NODE_9_length_131368_cov_53.251880	131368	correct
1638907	1769053	130238	93	NC_002945.4	NODE_10_length_130299_cov_57.003956	99.99		True
CONTIG	NODE_10_length_130299_cov_57.003956	130299	correct
3297493	3338802	41479	1	NC_002945.4	NODE_11_length_119862_cov_55.831202	99.82		True
indel: stretch of mismatches
3219373	3297478	119656	41494	NC_002945.4	NODE_11_length_119862_cov_55.831202	99.92		True
CONTIG	NODE_11_length_119862_cov_55.831202	119862	correct
3343594	3442410	1	98885	NC_002945.4	NODE_12_length_98885_cov_56.539379	99.92		True
CONTIG	NODE_12_length_98885_cov_56.539379	98885	correct
2083596	2140666	57159	89	NC_002945.4	NODE_13_length_83938_cov_55.241197	99.99		True
local misassembly
2057110	2083604	83792	57298	NC_002945.4	NODE_13_length_83938_cov_55.241197	99.98		True
CONTIG	NODE_13_length_83938_cov_55.241197	83938	correct
1386934	1470724	83734	1	NC_002945.4	NODE_14_length_83825_cov_55.059380	99.92		True
CONTIG	NODE_14_length_83825_cov_55.059380	83825	correct
3897145	3980095	1	82825	NC_002945.4	NODE_15_length_82858_cov_55.725762	99.83		True
CONTIG	NODE_15_length_82858_cov_55.725762	82858	correct
1492001	1573589	81712	124	NC_002945.4	NODE_16_length_82019_cov_57.250904	99.93		True
CONTIG	NODE_16_length_82019_cov_57.250904	82019	correct
2693912	2773104	1	79192	NC_002945.4	NODE_17_length_79212_cov_53.563128	99.99		True
CONTIG	NODE_17_length_79212_cov_53.563128	79212	correct
1779460	1853476	74189	173	NC_002945.4	NODE_18_length_74189_cov_55.218574	99.99		True
CONTIG	NODE_18_length_74189_cov_55.218574	74189	correct
1096985	1165170	68186	1	NC_002945.4	NODE_19_length_68186_cov_54.026213	99.99		True
CONTIG	NODE_19_length_68186_cov_54.026213	68186	correct
2852106	2916393	64288	1	NC_002945.4	NODE_20_length_64288_cov_53.184411	99.98		True
CONTIG	NODE_20_length_64288_cov_53.184411	64288	correct
4194926	4259153	1	64228	NC_002945.4	NODE_21_length_64228_cov_58.279855	99.99		True
CONTIG	NODE_21_length_64228_cov_58.279855	64228	correct
1993068	2056416	167	63515	NC_002945.4	NODE_22_length_63515_cov_54.018489	99.98		True
CONTIG	NODE_22_length_63515_cov_54.018489	63515	correct
4035925	4097403	148	61625	NC_002945.4	NODE_23_length_61625_cov_53.244252	99.99		True
CONTIG	NODE_23_length_61625_cov_53.244252	61625	correct
1280097	1340762	1	60728	NC_002945.4	NODE_24_length_60728_cov_57.990116	99.89		True
CONTIG	NODE_24_length_60728_cov_57.990116	60728	correct
1219470	1278412	54	58996	NC_002945.4	NODE_25_length_58996_cov_55.446143	99.99		True
CONTIG	NODE_25_length_58996_cov_55.446143	58996	correct
3777400	3835785	58318	1	NC_002945.4	NODE_26_length_58318_cov_57.045024	99.87		True
CONTIG	NODE_26_length_58318_cov_57.045024	58318	correct
3836888	3881367	1	44364	NC_002945.4	NODE_27_length_55799_cov_45.997413	99.68		True
local misassembly
3882139	3884027	44842	46778	NC_002945.4	NODE_27_length_55799_cov_45.997413	97.69		True
local misassembly
3884643	3890278	46779	52423	NC_002945.4	NODE_27_length_55799_cov_45.997413	99.79		True
local misassembly
3890969	3894344	52424	55799	NC_002945.4	NODE_27_length_55799_cov_45.997413	99.95		True
CONTIG	NODE_27_length_55799_cov_45.997413	55799	correct
2192685	2246070	1	53386	NC_002945.4	NODE_28_length_53496_cov_60.886451	99.99		True
CONTIG	NODE_28_length_53496_cov_60.886451	53496	correct
3737665	3777383	39724	1	NC_002945.4	NODE_29_length_52333_cov_53.107382	99.97		True
local misassembly
3724846	3737454	52333	39725	NC_002945.4	NODE_29_length_52333_cov_53.107382	99.98		True
CONTIG	NODE_29_length_52333_cov_53.107382	52333	correct
4141985	4193715	1	51731	NC_002945.4	NODE_30_length_51731_cov_57.636075	99.99		True
CONTIG	NODE_30_length_51731_cov_57.636075	51731	correct
2801012	2852068	1	51057	NC_002945.4	NODE_31_length_51057_cov_55.499175	99.99		True
CONTIG	NODE_31_length_51057_cov_55.499175	51057	correct
3984859	4000631	141	15913	NC_002945.4	NODE_32_length_50871_cov_55.793178	100.0		True
fake: scaffold gap size wrong estimation (local)
4000854	4035711	16014	50871	NC_002945.4	NODE_32_length_50871_cov_55.793178	99.98		True
CONTIG	NODE_32_length_50871_cov_55.793178	50871	correct
1573918	1623838	50031	111	NC_002945.4	NODE_33_length_50031_cov_53.927000	99.98		True
CONTIG	NODE_33_length_50031_cov_53.927000	50031	correct
2372435	2408615	1	36123	NC_002945.4	NODE_34_length_49729_cov_50.932563	99.83		True
local misassembly
2409171	2422776	36124	49729	NC_002945.4	NODE_34_length_49729_cov_50.932563	99.98		True
CONTIG	NODE_34_length_49729_cov_50.932563	49729	correct
625292	674097	48806	1	NC_002945.4	NODE_35_length_48806_cov_53.360155	99.99		True
CONTIG	NODE_35_length_48806_cov_53.360155	48806	correct
842404	891078	88	48762	NC_002945.4	NODE_36_length_48762_cov_54.643117	99.99		True
CONTIG	NODE_36_length_48762_cov_54.643117	48762	correct
4097387	4141969	1	44583	NC_002945.4	NODE_37_length_44583_cov_56.399091	99.99		True
CONTIG	NODE_37_length_44583_cov_56.399091	44583	correct
1343879	1386678	42805	1	NC_002945.4	NODE_38_length_42805_cov_54.688177	99.98		True
CONTIG	NODE_38_length_42805_cov_54.688177	42805	correct
363993	401308	80	37395	NC_002945.4	NODE_39_length_37395_cov_52.501181	99.99		True
CONTIG	NODE_39_length_37395_cov_52.501181	37395	correct
2246369	2283745	37379	1	NC_002945.4	NODE_40_length_37379_cov_57.695211	99.95		True
CONTIG	NODE_40_length_37379_cov_57.695211	37379	correct
4259930	4293938	34007	1	NC_002945.4	NODE_41_length_34007_cov_54.761777	99.98		True
CONTIG	NODE_41_length_34007_cov_54.761777	34007	correct
2294650	2325843	31194	1	NC_002945.4	NODE_42_length_31194_cov_52.239193	99.99		True
CONTIG	NODE_42_length_31194_cov_52.239193	31194	correct
2161798	2192094	1	30298	NC_002945.4	NODE_43_length_30298_cov_55.532067	99.99		True
CONTIG	NODE_43_length_30298_cov_55.532067	30298	correct
2343811	2372207	28397	1	NC_002945.4	NODE_44_length_28397_cov_52.791404	99.99		True
CONTIG	NODE_44_length_28397_cov_52.791404	28397	correct
2665964	2693421	27457	1	NC_002945.4	NODE_45_length_27457_cov_54.244969	99.99		True
CONTIG	NODE_45_length_27457_cov_54.244969	27457	correct
105040	131913	27100	227	NC_002945.4	NODE_46_length_27100_cov_53.963519	99.98		True
CONTIG	NODE_46_length_27100_cov_53.963519	27100	correct
333299	333426	166	39	NC_002945.4	NODE_47_length_26870_cov_53.685750	99.76		True
indel: stretch of mismatches
306721	333298	26639	167	NC_002945.4	NODE_47_length_26870_cov_53.685750	99.6		True
CONTIG	NODE_47_length_26870_cov_53.685750	26870	correct
338165	362803	190	24741	NC_002945.4	NODE_48_length_25683_cov_49.176006	99.62		True
local misassembly
362924	363842	24742	25660	NC_002945.4	NODE_48_length_25683_cov_49.176006	100.0		True
CONTIG	NODE_48_length_25683_cov_49.176006	25683	correct
3674358	3698370	1	23995	NC_002945.4	NODE_49_length_24009_cov_44.254124	99.88		True
CONTIG	NODE_49_length_24009_cov_44.254124	24009	correct
2776972	2799828	22857	1	NC_002945.4	NODE_50_length_23383_cov_55.543086	100.0		True
relocation, inconsistency = 1934882
841564	842089	22858	23383	NC_002945.4	NODE_50_length_23383_cov_55.543086	99.81		True
CONTIG	NODE_50_length_23383_cov_55.543086	23383	misassembled
2423267	2444896	21630	1	NC_002945.4	NODE_51_length_21630_cov_56.407246	99.99		True
CONTIG	NODE_51_length_21630_cov_56.407246	21630	correct
1170557	1189860	1	19304	NC_002945.4	NODE_52_length_19601_cov_59.234056	99.99		True
local misassembly
1190092	1190388	19305	19601	NC_002945.4	NODE_52_length_19601_cov_59.234056	100.0		True
CONTIG	NODE_52_length_19601_cov_59.234056	19601	correct
1490961	1491312	355	4	NC_002945.4	NODE_53_length_19169_cov_60.521846	100.0		True
local misassembly
1471935	1490747	19169	356	NC_002945.4	NODE_53_length_19169_cov_60.521846	99.97		True
CONTIG	NODE_53_length_19169_cov_60.521846	19169	correct
2140778	2158365	1	17588	NC_002945.4	NODE_54_length_17588_cov_56.131550	99.97		True
CONTIG	NODE_54_length_17588_cov_56.131550	17588	correct
2326444	2343819	126	17501	NC_002945.4	NODE_55_length_17501_cov_49.170024	99.99		True
CONTIG	NODE_55_length_17501_cov_49.170024	17501	correct
132643	149931	17289	1	NC_002945.4	NODE_56_length_17371_cov_60.640571	99.96		True
CONTIG	NODE_56_length_17371_cov_60.640571	17371	correct
892165	909508	17344	1	NC_002945.4	NODE_57_length_17344_cov_55.449091	99.99		True
CONTIG	NODE_57_length_17344_cov_55.449091	17344	correct
910050	926217	1	16168	NC_002945.4	NODE_58_length_16254_cov_58.228189	99.98		True
CONTIG	NODE_58_length_16254_cov_58.228189	16254	correct
2916851	2932814	1	15964	NC_002945.4	NODE_59_length_16084_cov_58.897788	99.97		True
CONTIG	NODE_59_length_16084_cov_58.897788	16084	correct
3193780	3209295	15616	1	NC_002945.4	NODE_60_length_15616_cov_55.860288	100.0		True
CONTIG	NODE_60_length_15616_cov_55.860288	15616	correct
609085	624344	1	15260	NC_002945.4	NODE_61_length_15421_cov_53.595070	99.98		True
CONTIG	NODE_61_length_15421_cov_53.595070	15421	correct
1190378	1204758	1	14381	NC_002945.4	NODE_62_length_14381_cov_50.358706	99.97		True
CONTIG	NODE_62_length_14381_cov_50.358706	14381	correct
3698290	3711403	194	13307	NC_002945.4	NODE_63_length_13307_cov_34.046358	100.0		True
CONTIG	NODE_63_length_13307_cov_34.046358	13307	correct
3712180	3724772	12598	6	NC_002945.4	NODE_64_length_12598_cov_41.829444	99.96		True
CONTIG	NODE_64_length_12598_cov_41.829444	12598	correct
2944619	2957076	12458	1	NC_002945.4	NODE_65_length_12458_cov_52.912254	99.98		True
CONTIG	NODE_65_length_12458_cov_52.912254	12458	correct
2933878	2943963	10086	1	NC_002945.4	NODE_66_length_10499_cov_52.354801	99.98		True
CONTIG	NODE_66_length_10499_cov_52.354801	10499	correct
3209302	3219354	1	10053	NC_002945.4	NODE_67_length_10053_cov_51.882128	100.0		True
CONTIG	NODE_67_length_10053_cov_51.882128	10053	correct
1623828	1633293	167	9584	NC_002945.4	NODE_68_length_9584_cov_47.335624	99.41		True
CONTIG	NODE_68_length_9584_cov_47.335624	9584	correct
1204846	1213474	8767	139	NC_002945.4	NODE_69_length_8899_cov_48.112517	99.98		True
CONTIG	NODE_69_length_8899_cov_48.112517	8899	correct
1987117	1992127	198	5209	NC_002945.4	NODE_70_length_5209_cov_55.666470	99.96		True
CONTIG	NODE_70_length_5209_cov_55.666470	5209	correct
1214750	1218340	3731	141	NC_002945.4	NODE_71_length_4720_cov_42.952536	100.0		True
local misassembly
1213909	1214774	4716	3851	NC_002945.4	NODE_71_length_4720_cov_42.952536	99.54		True
CONTIG	NODE_71_length_4720_cov_42.952536	4720	correct
3980205	3984649	1	4445	NC_002945.4	NODE_72_length_4445_cov_47.685966	99.96		True
CONTIG	NODE_72_length_4445_cov_47.685966	4445	correct
1092426	1096461	4036	1	NC_002945.4	NODE_73_length_4036_cov_48.247634	99.98		True
CONTIG	NODE_73_length_4036_cov_48.247634	4036	correct
1165899	1169900	1	4002	NC_002945.4	NODE_74_length_4002_cov_57.526194	99.98		True
CONTIG	NODE_74_length_4002_cov_57.526194	4002	correct
1633368	1634168	1	801	NC_002945.4	NODE_75_length_3269_cov_29.588479	100.0		True
relocation, inconsistency = 1488
1635657	1638073	3269	802	NC_002945.4	NODE_75_length_3269_cov_29.588479	97.93		True
CONTIG	NODE_75_length_3269_cov_29.588479	3269	misassembled
2284620	2287647	3028	1	NC_002945.4	NODE_76_length_3028_cov_37.154430	99.77		True
CONTIG	NODE_76_length_3028_cov_37.154430	3028	correct
2290710	2293716	1	3007	NC_002945.4	NODE_77_length_3007_cov_36.871875	100.0		True
CONTIG	NODE_77_length_3007_cov_36.871875	3007	correct
2158341	2158913	1	573	NC_002945.4	NODE_78_length_2949_cov_59.606662	100.0		True
fake: scaffold gap size wrong estimation (local)
2158914	2160444	605	2135	NC_002945.4	NODE_78_length_2949_cov_59.606662	95.49		True
CONTIG	NODE_78_length_2949_cov_59.606662	2949	correct
928970	930631	1662	1	NC_002945.4	NODE_79_length_2556_cov_13.647592	100.0		True
local misassembly
928401	928975	2384	1801	NC_002945.4	NODE_79_length_2556_cov_13.647592	98.46		True
CONTIG	NODE_79_length_2556_cov_13.647592	2556	correct
334077	336363	1	2287	NC_002945.4	NODE_80_length_2554_cov_10.908117	99.87		True
CONTIG	NODE_80_length_2554_cov_10.908117	2554	correct
674177	676294	153	2270	NC_002945.4	NODE_81_length_2464_cov_5.319641	100.0		True
CONTIG	NODE_81_length_2464_cov_5.319641	2464	correct
401182	402731	1	1550	NC_002945.4	NODE_82_length_1550_cov_95.266339	99.87		True
CONTIG	NODE_82_length_1550_cov_95.266339	1550	correct
336693	338010	1414	97	NC_002945.4	NODE_83_length_1505_cov_20.871553	99.85		True
CONTIG	NODE_83_length_1505_cov_20.871553	1505	correct
4193589	4195052	1	1464	NC_002945.4	NODE_84_length_1464_cov_125.421092	100.0		True
CONTIG	NODE_84_length_1464_cov_125.421092	1464	correct
3443593	3445031	1439	1	NC_002945.4	NODE_85_length_1439_cov_68.791921	100.0		True
CONTIG	NODE_85_length_1439_cov_68.791921	1439	correct
890952	892291	1340	1	NC_002945.4	NODE_86_length_1340_cov_113.361088	100.0		True
CONTIG	NODE_86_length_1340_cov_113.361088	1340	correct
3339137	3340461	1325	1	NC_002945.4	NODE_87_length_1325_cov_53.674457	100.0		True
CONTIG	NODE_87_length_1325_cov_53.674457	1325	correct
3835659	3836979	1	1321	NC_002945.4	NODE_88_length_1321_cov_119.257956	99.77		True
CONTIG	NODE_88_length_1321_cov_119.257956	1321	correct
2288581	2289835	1	1255	NC_002945.4	NODE_89_length_1255_cov_58.575355	100.0		True
CONTIG	NODE_89_length_1255_cov_58.575355	1255	correct
2287521	2288707	1187	1	NC_002945.4	NODE_90_length_1187_cov_43.563208	100.0		True
CONTIG	NODE_90_length_1187_cov_43.563208	1187	correct
2289709	2290836	1128	1	NC_002945.4	NODE_91_length_1128_cov_104.062937	99.91		True
CONTIG	NODE_91_length_1128_cov_104.062937	1128	correct
1340970	1342059	1090	1	NC_002945.4	NODE_92_length_1090_cov_44.244029	99.91		True
CONTIG	NODE_92_length_1090_cov_44.244029	1090	correct
3711277	3712306	1	1030	NC_002945.4	NODE_93_length_1030_cov_115.469546	100.0		True
CONTIG	NODE_93_length_1030_cov_115.469546	1030	correct
1165044	1166025	982	1	NC_002945.4	NODE_94_length_982_cov_115.935673	99.9		True
CONTIG	NODE_94_length_982_cov_115.935673	982	correct
3442285	3443193	909	1	NC_002945.4	NODE_95_length_909_cov_348.029412	100.0		True
CONTIG	NODE_95_length_909_cov_348.029412	909	correct
3341521	3342410	890	1	NC_002945.4	NODE_96_length_890_cov_52.937090	100.0		True
CONTIG	NODE_96_length_890_cov_52.937090	890	correct
1278286	1279129	844	1	NC_002945.4	NODE_97_length_844_cov_101.185495	100.0		True
CONTIG	NODE_97_length_844_cov_101.185495	844	correct
3444905	3445699	1	795	NC_002945.4	NODE_98_length_795_cov_120.287425	100.0		True
CONTIG	NODE_98_length_795_cov_120.287425	795	correct
2693295	2694038	1	744	NC_002945.4	NODE_99_length_744_cov_102.387358	100.0		True
CONTIG	NODE_99_length_744_cov_102.387358	744	correct
2773538	2774133	596	1	NC_002945.4	NODE_100_length_704_cov_6.391681	99.5		True
CONTIG	NODE_100_length_704_cov_6.391681	704	correct
1985862	1986498	1	637	NC_002945.4	NODE_101_length_637_cov_5.841176	99.84		True
CONTIG	NODE_101_length_637_cov_5.841176	637	correct
927969	928346	637	260	NC_002945.4	NODE_102_length_637_cov_0.919608	100.0		True
CONTIG	NODE_102_length_637_cov_0.919608	637	correct
3340552	3341186	635	1	NC_002945.4	NODE_103_length_635_cov_42.903543	100.0		True
CONTIG	NODE_103_length_635_cov_42.903543	635	correct
1342064	1342697	634	1	NC_002945.4	NODE_104_length_634_cov_63.499014	100.0		True
CONTIG	NODE_104_length_634_cov_63.499014	634	correct
1853538	1853855	215	532	NC_002945.4	NODE_105_length_615_cov_1.063525	100.0		True
CONTIG	NODE_105_length_615_cov_1.063525	615	correct
3341060	3341647	588	1	NC_002945.4	NODE_106_length_588_cov_82.136659	100.0		True
CONTIG	NODE_106_length_588_cov_82.136659	588	correct
1091454	1091805	1	352	NC_002945.4	NODE_107_length_569_cov_2.038462	98.58		True
CONTIG	NODE_107_length_569_cov_2.038462	569	correct
2775089	2775204	116	1	NC_002945.4	NODE_108_length_565_cov_11.152968	100.0		True
local misassembly
2775078	2775526	565	117	NC_002945.4	NODE_108_length_565_cov_11.152968	100.0		True
CONTIG	NODE_108_length_565_cov_11.152968	565	correct
1985588	1985764	362	186	NC_002945.4	NODE_109_length_549_cov_0.440758	98.31		True
CONTIG	NODE_109_length_549_cov_0.440758	549	correct
2932844	2933377	1	534	NC_002945.4	NODE_110_length_534_cov_0.609337	99.81		True
CONTIG	NODE_110_length_534_cov_0.609337	534	correct
