S1	E1	S2	E2	Reference	Contig	IDY	Ambiguous	Best_group
3445573	3673271	227591	1	NC_002945.4	NODE_1_length_227591_cov_51.290296	99.93		True
CONTIG	NODE_1_length_227591_cov_51.290296	227591	correct
402605	607788	1	204915	NC_002945.4	NODE_2_length_204915_cov_49.733749	99.86		True
CONTIG	NODE_2_length_204915_cov_49.733749	204915	correct
338147	363476	1	25252	NC_002945.4	NODE_3_length_182942_cov_49.611635	99.6		True
relocation, inconsistency = 3672434
4035911	4193715	25253	182942	NC_002945.4	NODE_3_length_182942_cov_49.611635	99.92		True
CONTIG	NODE_3_length_182942_cov_49.611635	182942	misassembled
1218468	1218955	488	1	NC_002945.4	NODE_4_length_161445_cov_50.275177	100.0		True
relocation, inconsistency = 394422
676579	824045	489	147956	NC_002945.4	NODE_4_length_161445_cov_50.275177	99.99		True
local misassembly
824601	838089	147957	161445	NC_002945.4	NODE_4_length_161445_cov_50.275177	99.98		True
CONTIG	NODE_4_length_161445_cov_50.275177	161445	misassembled
1853844	1985614	131335	31	NC_002945.4	NODE_5_length_156726_cov_47.226311	99.63		True
relocation, inconsistency = -1845923
3674358	3699766	156726	131336	NC_002945.4	NODE_5_length_156726_cov_47.226311	99.93		True
CONTIG	NODE_5_length_156726_cov_47.226311	156726	misassembled
150065	306659	1	156568	NC_002945.4	NODE_6_length_156568_cov_50.470637	99.97		True
CONTIG	NODE_6_length_156568_cov_50.470637	156568	correct
2453617	2609246	1	155631	NC_002945.4	NODE_7_length_155681_cov_50.372469	99.99		True
CONTIG	NODE_7_length_155681_cov_50.372469	155681	correct
2957039	3108521	1	150794	NC_002945.4	NODE_8_length_151017_cov_50.627888	99.39		True
CONTIG	NODE_8_length_151017_cov_50.627888	151017	correct
30083	103918	73849	1	NC_002945.4	NODE_9_length_142867_cov_51.316996	99.96		True
local misassembly
1	29469	103319	73851	NC_002945.4	NODE_9_length_142867_cov_51.316996	99.99		True
fake: not a misassembly [linear representation of circular genome]
4310356	4349904	142867	103320	NC_002945.4	NODE_9_length_142867_cov_51.316996	99.99		True
CONTIG	NODE_9_length_142867_cov_51.316996	142867	correct
1638890	1769053	130255	93	NC_002945.4	NODE_10_length_130356_cov_52.607975	99.99		True
CONTIG	NODE_10_length_130356_cov_52.607975	130356	correct
3209297	3338802	1	129678	NC_002945.4	NODE_11_length_129678_cov_50.429468	99.85		True
CONTIG	NODE_11_length_129678_cov_50.429468	129678	correct
970157	1009472	1	39315	NC_002945.4	NODE_12_length_120337_cov_50.617528	99.98		True
relocation, inconsistency = 1457
1010930	1091805	39316	120194	NC_002945.4	NODE_12_length_120337_cov_50.617528	99.99		True
CONTIG	NODE_12_length_120337_cov_50.617528	120337	misassembled
3343594	3442410	1	98885	NC_002945.4	NODE_13_length_98885_cov_51.526054	99.92		True
CONTIG	NODE_13_length_98885_cov_51.526054	98885	correct
3108556	3193870	127	85387	NC_002945.4	NODE_14_length_85387_cov_49.683908	99.92		True
CONTIG	NODE_14_length_85387_cov_49.683908	85387	correct
2057004	2083604	1	26601	NC_002945.4	NODE_15_length_84098_cov_52.107668	99.98		True
local misassembly
2083596	2140778	26740	83922	NC_002945.4	NODE_15_length_84098_cov_52.107668	99.99		True
CONTIG	NODE_15_length_84098_cov_52.107668	84098	correct
1491996	1573712	170	81886	NC_002945.4	NODE_16_length_81892_cov_52.142164	99.93		True
CONTIG	NODE_16_length_81892_cov_52.142164	81892	correct
3898832	3979556	1	80725	NC_002945.4	NODE_17_length_80725_cov_50.522147	99.99		True
CONTIG	NODE_17_length_80725_cov_50.522147	80725	correct
2693912	2773060	79148	1	NC_002945.4	NODE_18_length_79148_cov_48.970135	99.99		True
CONTIG	NODE_18_length_79148_cov_48.970135	79148	correct
1779460	1853460	1	74001	NC_002945.4	NODE_19_length_74178_cov_50.204197	99.99		True
CONTIG	NODE_19_length_74178_cov_50.204197	74178	correct
1997199	2056268	59289	220	NC_002945.4	NODE_20_length_73479_cov_51.701630	99.98		True
relocation, inconsistency = 316361
2372630	2386819	59290	73479	NC_002945.4	NODE_20_length_73479_cov_51.701630	99.98		True
CONTIG	NODE_20_length_73479_cov_51.701630	73479	misassembled
1096919	1165170	68252	1	NC_002945.4	NODE_21_length_68252_cov_50.396051	99.99		True
CONTIG	NODE_21_length_68252_cov_50.396051	68252	correct
2852146	2916393	89	64336	NC_002945.4	NODE_22_length_64336_cov_49.043452	99.98		True
CONTIG	NODE_22_length_64336_cov_49.043452	64336	correct
4194926	4259153	64228	1	NC_002945.4	NODE_23_length_64228_cov_52.623220	99.99		True
CONTIG	NODE_23_length_64228_cov_52.623220	64228	correct
1280097	1343223	1	63189	NC_002945.4	NODE_24_length_63189_cov_53.630950	99.89		True
CONTIG	NODE_24_length_63189_cov_53.630950	63189	correct
1219369	1278412	59044	1	NC_002945.4	NODE_25_length_59064_cov_49.887728	99.96		True
CONTIG	NODE_25_length_59064_cov_49.887728	59064	correct
3777400	3835785	58318	1	NC_002945.4	NODE_26_length_58318_cov_52.128181	99.87		True
CONTIG	NODE_26_length_58318_cov_52.128181	58318	correct
1413935	1470724	56733	1	NC_002945.4	NODE_27_length_56733_cov_51.983818	99.89		True
CONTIG	NODE_27_length_56733_cov_51.983818	56733	correct
2611778	2665752	54026	1	NC_002945.4	NODE_28_length_54026_cov_49.771035	99.88		True
CONTIG	NODE_28_length_54026_cov_49.771035	54026	correct
2801012	2852061	51050	1	NC_002945.4	NODE_29_length_51050_cov_50.275239	99.99		True
CONTIG	NODE_29_length_51050_cov_50.275239	51050	correct
3984850	4000631	148	15929	NC_002945.4	NODE_30_length_50851_cov_50.773303	100.0		True
fake: scaffold gap size wrong estimation (local)
4000854	4035558	16030	50734	NC_002945.4	NODE_30_length_50851_cov_50.773303	99.98		True
CONTIG	NODE_30_length_50851_cov_50.773303	50851	correct
1573988	1623822	49835	1	NC_002945.4	NODE_31_length_49835_cov_49.639897	99.98		True
CONTIG	NODE_31_length_49835_cov_49.639897	49835	correct
625100	673280	1	48181	NC_002945.4	NODE_32_length_48386_cov_48.371247	99.99		True
CONTIG	NODE_32_length_48386_cov_48.371247	48386	correct
842776	891078	50	48352	NC_002945.4	NODE_33_length_48352_cov_49.119440	99.99		True
CONTIG	NODE_33_length_48352_cov_49.119440	48352	correct
3893027	3894344	1318	1	NC_002945.4	NODE_34_length_45552_cov_46.695828	99.92		True
relocation, inconsistency = 11897
3836888	3880428	45552	2020	NC_002945.4	NODE_34_length_45552_cov_46.695828	99.91		True
CONTIG	NODE_34_length_45552_cov_46.695828	45552	misassembled
1343879	1386377	1	42504	NC_002945.4	NODE_35_length_42630_cov_50.316778	99.98		True
CONTIG	NODE_35_length_42630_cov_50.316778	42630	correct
1171083	1189853	1	18771	NC_002945.4	NODE_36_length_42275_cov_46.651680	99.99		True
local misassembly
1190085	1213474	18772	42161	NC_002945.4	NODE_36_length_42275_cov_46.651680	99.97		True
CONTIG	NODE_36_length_42275_cov_46.651680	42275	correct
930668	969872	39671	227	NC_002945.4	NODE_37_length_39855_cov_50.491492	99.37		True
CONTIG	NODE_37_length_39855_cov_50.491492	39855	correct
2246102	2283745	37646	1	NC_002945.4	NODE_38_length_37834_cov_53.419816	99.95		True
CONTIG	NODE_38_length_37834_cov_53.419816	37834	correct
363892	401308	1	37417	NC_002945.4	NODE_39_length_37417_cov_49.318423	99.99		True
CONTIG	NODE_39_length_37417_cov_49.318423	37417	correct
2210054	2246088	36035	1	NC_002945.4	NODE_40_length_36035_cov_55.697449	100.0		True
CONTIG	NODE_40_length_36035_cov_55.697449	36035	correct
3724846	3737454	1	12609	NC_002945.4	NODE_41_length_33966_cov_49.815509	99.98		True
local misassembly
3737665	3758851	12610	33796	NC_002945.4	NODE_41_length_33966_cov_49.815509	100.0		True
CONTIG	NODE_41_length_33966_cov_49.815509	33966	correct
2294650	2325828	1	31178	NC_002945.4	NODE_42_length_31259_cov_46.554478	99.99		True
CONTIG	NODE_42_length_31259_cov_46.554478	31259	correct
2161798	2192094	1	30298	NC_002945.4	NODE_43_length_30298_cov_52.298366	99.99		True
CONTIG	NODE_43_length_30298_cov_52.298366	30298	correct
2343944	2372315	28372	1	NC_002945.4	NODE_44_length_28533_cov_49.687953	99.98		True
CONTIG	NODE_44_length_28533_cov_49.687953	28533	correct
2665824	2693421	1	27597	NC_002945.4	NODE_45_length_27597_cov_50.041718	99.99		True
CONTIG	NODE_45_length_27597_cov_50.041718	27597	correct
105040	131913	26971	98	NC_002945.4	NODE_46_length_26971_cov_48.703844	99.98		True
CONTIG	NODE_46_length_26971_cov_48.703844	26971	correct
306736	333298	46	26503	NC_002945.4	NODE_47_length_26722_cov_49.185787	99.6		True
CONTIG	NODE_47_length_26722_cov_49.185787	26722	correct
1386902	1412955	26054	1	NC_002945.4	NODE_48_length_26054_cov_48.778571	99.98		True
CONTIG	NODE_48_length_26054_cov_48.778571	26054	correct
2776681	2799828	23007	1	NC_002945.4	NODE_49_length_23007_cov_52.601661	99.38		True
CONTIG	NODE_49_length_23007_cov_52.601661	23007	correct
2386726	2408699	1	21974	NC_002945.4	NODE_50_length_21974_cov_42.107566	100.0		True
CONTIG	NODE_50_length_21974_cov_42.107566	21974	correct
4259930	4281668	21737	1	NC_002945.4	NODE_51_length_21737_cov_50.892966	99.98		True
CONTIG	NODE_51_length_21737_cov_50.892966	21737	correct
2423267	2444953	21687	1	NC_002945.4	NODE_52_length_21687_cov_53.023609	99.99		True
CONTIG	NODE_52_length_21687_cov_53.023609	21687	correct
2140783	2158516	1	17734	NC_002945.4	NODE_53_length_20369_cov_53.243948	99.94		True
local misassembly
2158655	2158913	17735	17993	NC_002945.4	NODE_53_length_20369_cov_53.243948	100.0		True
fake: scaffold gap size wrong estimation (local)
2158914	2160444	18025	19555	NC_002945.4	NODE_53_length_20369_cov_53.243948	95.49		True
CONTIG	NODE_53_length_20369_cov_53.243948	20369	correct
1490961	1491538	578	1	NC_002945.4	NODE_54_length_19392_cov_57.397249	100.0		True
local misassembly
1471935	1490747	19392	579	NC_002945.4	NODE_54_length_19392_cov_57.397249	99.97		True
CONTIG	NODE_54_length_19392_cov_57.397249	19392	correct
2325866	2343888	18028	6	NC_002945.4	NODE_55_length_18101_cov_43.928786	99.94		True
CONTIG	NODE_55_length_18101_cov_43.928786	18101	correct
3759912	3777383	17474	1	NC_002945.4	NODE_56_length_17474_cov_47.066409	99.96		True
CONTIG	NODE_56_length_17474_cov_47.066409	17474	correct
132578	149931	4	17357	NC_002945.4	NODE_57_length_17357_cov_52.675102	99.97		True
CONTIG	NODE_57_length_17357_cov_52.675102	17357	correct
892165	909508	17344	1	NC_002945.4	NODE_58_length_17344_cov_50.714701	99.99		True
CONTIG	NODE_58_length_17344_cov_50.714701	17344	correct
2192685	2210018	17334	1	NC_002945.4	NODE_59_length_17334_cov_58.820887	99.99		True
CONTIG	NODE_59_length_17334_cov_58.820887	17334	correct
910050	926366	16317	1	NC_002945.4	NODE_60_length_16317_cov_53.175355	99.99		True
CONTIG	NODE_60_length_16317_cov_53.175355	16317	correct
2916851	2932932	16082	1	NC_002945.4	NODE_61_length_16082_cov_53.021373	99.97		True
CONTIG	NODE_61_length_16082_cov_53.021373	16082	correct
3193780	3209288	1	15609	NC_002945.4	NODE_62_length_15609_cov_51.407505	100.0		True
CONTIG	NODE_62_length_15609_cov_51.407505	15609	correct
609085	624489	1	15405	NC_002945.4	NODE_63_length_15405_cov_50.078282	99.98		True
CONTIG	NODE_63_length_15405_cov_50.078282	15405	correct
2409040	2422776	13737	1	NC_002945.4	NODE_64_length_13737_cov_51.379133	99.98		True
CONTIG	NODE_64_length_13737_cov_51.379133	13737	correct
3712180	3724793	12654	41	NC_002945.4	NODE_65_length_12654_cov_38.965914	99.94		True
CONTIG	NODE_65_length_12654_cov_38.965914	12654	correct
2944619	2957076	1	12458	NC_002945.4	NODE_66_length_12458_cov_48.896521	99.98		True
CONTIG	NODE_66_length_12458_cov_48.896521	12458	correct
4281731	4293948	12218	1	NC_002945.4	NODE_67_length_12298_cov_48.494865	99.98		True
CONTIG	NODE_67_length_12298_cov_48.494865	12298	correct
3700317	3711403	11087	1	NC_002945.4	NODE_68_length_11140_cov_37.608554	100.0		True
CONTIG	NODE_68_length_11140_cov_37.608554	11140	correct
2933840	2943963	163	10286	NC_002945.4	NODE_69_length_10286_cov_50.623782	99.94		True
CONTIG	NODE_69_length_10286_cov_50.623782	10286	correct
1623843	1632544	181	8834	NC_002945.4	NODE_70_length_10108_cov_40.732191	99.41		True
relocation, inconsistency = 1141780
2774325	2775598	8835	10108	NC_002945.4	NODE_70_length_10108_cov_40.732191	100.0		True
CONTIG	NODE_70_length_10108_cov_40.732191	10108	misassembled
2444936	2453567	8741	110	NC_002945.4	NODE_71_length_8741_cov_50.379266	99.99		True
CONTIG	NODE_71_length_8741_cov_50.379266	8741	correct
4301894	4310269	8496	121	NC_002945.4	NODE_72_length_8606_cov_47.147895	99.99		True
CONTIG	NODE_72_length_8606_cov_47.147895	8606	correct
3890969	3892655	1958	272	NC_002945.4	NODE_73_length_7586_cov_24.453010	99.86		True
local misassembly
3884660	3890278	7586	1959	NC_002945.4	NODE_73_length_7586_cov_24.453010	99.79		True
CONTIG	NODE_73_length_7586_cov_24.453010	7586	correct
4294602	4301868	1	7267	NC_002945.4	NODE_74_length_7267_cov_44.208263	99.99		True
CONTIG	NODE_74_length_7267_cov_44.208263	7267	correct
1987117	1992127	273	5284	NC_002945.4	NODE_75_length_5284_cov_46.706225	99.96		True
CONTIG	NODE_75_length_5284_cov_46.706225	5284	correct
1213934	1214774	1	841	NC_002945.4	NODE_76_length_4605_cov_38.246315	99.76		True
local misassembly
1214750	1218392	961	4603	NC_002945.4	NODE_76_length_4605_cov_38.246315	99.97		True
CONTIG	NODE_76_length_4605_cov_38.246315	4605	correct
3980165	3984510	4363	18	NC_002945.4	NODE_77_length_4363_cov_44.601275	99.98		True
CONTIG	NODE_77_length_4363_cov_44.601275	4363	correct
1165899	1169900	4002	1	NC_002945.4	NODE_78_length_4002_cov_54.168516	99.98		True
CONTIG	NODE_78_length_4002_cov_54.168516	4002	correct
1635657	1638240	1	2533	NC_002945.4	NODE_79_length_3150_cov_27.651671	98.03		True
local misassembly
1638385	1638824	2534	2973	NC_002945.4	NODE_79_length_3150_cov_27.651671	100.0		True
CONTIG	NODE_79_length_3150_cov_27.651671	3150	correct
2284620	2287647	1	3028	NC_002945.4	NODE_80_length_3028_cov_35.773182	99.77		True
CONTIG	NODE_80_length_3028_cov_35.773182	3028	correct
2290710	2293716	3007	1	NC_002945.4	NODE_81_length_3007_cov_33.288542	100.0		True
CONTIG	NODE_81_length_3007_cov_33.288542	3007	correct
1993335	1996100	1	2766	NC_002945.4	NODE_82_length_2766_cov_58.502084	100.0		True
CONTIG	NODE_82_length_2766_cov_58.502084	2766	correct
928970	930549	1580	1	NC_002945.4	NODE_83_length_2746_cov_11.092784	100.0		True
local misassembly
928134	928975	2569	1719	NC_002945.4	NODE_83_length_2746_cov_11.092784	98.94		True
CONTIG	NODE_83_length_2746_cov_11.092784	2746	correct
334077	336477	1	2401	NC_002945.4	NODE_84_length_2401_cov_10.097186	99.88		True
CONTIG	NODE_84_length_2401_cov_10.097186	2401	correct
2609387	2611609	1	2223	NC_002945.4	NODE_85_length_2223_cov_39.003340	100.0		True
CONTIG	NODE_85_length_2223_cov_39.003340	2223	correct
3882139	3883639	1549	1	NC_002945.4	NODE_86_length_2013_cov_6.204136	96.9		True
local misassembly
3881843	3882155	2013	1701	NC_002945.4	NODE_86_length_2013_cov_6.204136	99.68		True
CONTIG	NODE_86_length_2013_cov_6.204136	2013	correct
674618	676276	1683	25	NC_002945.4	NODE_87_length_1865_cov_6.039701	99.76		True
CONTIG	NODE_87_length_1865_cov_6.039701	1865	correct
1092431	1094240	1	1810	NC_002945.4	NODE_88_length_1810_cov_38.840166	100.0		True
CONTIG	NODE_88_length_1810_cov_38.840166	1810	correct
1094890	1096461	1572	1	NC_002945.4	NODE_89_length_1572_cov_43.911419	100.0		True
CONTIG	NODE_89_length_1572_cov_43.911419	1572	correct
607662	609211	1	1550	NC_002945.4	NODE_90_length_1550_cov_78.060436	99.87		True
CONTIG	NODE_90_length_1550_cov_78.060436	1550	correct
4193589	4195052	1	1464	NC_002945.4	NODE_91_length_1464_cov_115.132386	100.0		True
CONTIG	NODE_91_length_1464_cov_115.132386	1464	correct
3443593	3445031	1439	1	NC_002945.4	NODE_92_length_1439_cov_69.311738	100.0		True
CONTIG	NODE_92_length_1439_cov_69.311738	1439	correct
3897145	3898585	1	1432	NC_002945.4	NODE_93_length_1432_cov_30.363985	99.38		True
CONTIG	NODE_93_length_1432_cov_30.363985	1432	correct
336693	337980	111	1398	NC_002945.4	NODE_94_length_1398_cov_22.099135	100.0		True
CONTIG	NODE_94_length_1398_cov_22.099135	1398	correct
890952	892291	1340	1	NC_002945.4	NODE_95_length_1340_cov_95.424567	100.0		True
CONTIG	NODE_95_length_1340_cov_95.424567	1340	correct
3339137	3340461	1325	1	NC_002945.4	NODE_96_length_1325_cov_53.212855	100.0		True
CONTIG	NODE_96_length_1325_cov_53.212855	1325	correct
3835659	3836979	1	1321	NC_002945.4	NODE_97_length_1321_cov_105.290620	99.77		True
CONTIG	NODE_97_length_1321_cov_105.290620	1321	correct
2288581	2289835	1	1255	NC_002945.4	NODE_98_length_1255_cov_52.797872	100.0		True
CONTIG	NODE_98_length_1255_cov_52.797872	1255	correct
1996147	1997178	15	1046	NC_002945.4	NODE_99_length_1252_cov_2.129778	99.42		True
CONTIG	NODE_99_length_1252_cov_2.129778	1252	correct
2287521	2288707	1	1187	NC_002945.4	NODE_100_length_1187_cov_42.794340	100.0		True
CONTIG	NODE_100_length_1187_cov_42.794340	1187	correct
839659	840819	1170	10	NC_002945.4	NODE_101_length_1170_cov_18.514861	100.0		True
CONTIG	NODE_101_length_1170_cov_18.514861	1170	correct
2289709	2290836	1128	1	NC_002945.4	NODE_102_length_1128_cov_90.907093	99.91		True
CONTIG	NODE_102_length_1128_cov_90.907093	1128	correct
3711277	3712306	1030	1	NC_002945.4	NODE_103_length_1030_cov_103.275748	100.0		True
CONTIG	NODE_103_length_1030_cov_103.275748	1030	correct
1165044	1166025	982	1	NC_002945.4	NODE_104_length_982_cov_98.616374	100.0		True
CONTIG	NODE_104_length_982_cov_98.616374	982	correct
3342811	3343719	909	1	NC_002945.4	NODE_105_length_909_cov_315.794118	100.0		True
CONTIG	NODE_105_length_909_cov_315.794118	909	correct
3341521	3342410	890	1	NC_002945.4	NODE_106_length_890_cov_49.900393	100.0		True
CONTIG	NODE_106_length_890_cov_49.900393	890	correct
1278286	1279129	844	1	NC_002945.4	NODE_107_length_844_cov_103.525802	100.0		True
CONTIG	NODE_107_length_844_cov_103.525802	844	correct
673511	674074	734	171	NC_002945.4	NODE_108_length_840_cov_3.011220	99.82		True
CONTIG	NODE_108_length_840_cov_3.011220	840	correct
909382	910176	795	1	NC_002945.4	NODE_109_length_795_cov_105.236527	100.0		True
CONTIG	NODE_109_length_795_cov_105.236527	795	correct
2693295	2694038	744	1	NC_002945.4	NODE_110_length_744_cov_97.622366	100.0		True
CONTIG	NODE_110_length_744_cov_97.622366	744	correct
1985962	1986511	550	1	NC_002945.4	NODE_111_length_733_cov_4.539604	100.0		True
CONTIG	NODE_111_length_733_cov_4.539604	733	correct
3884045	3884786	1	724	NC_002945.4	NODE_112_length_724_cov_19.984925	97.44		True
CONTIG	NODE_112_length_724_cov_19.984925	724	correct
2916267	2916977	711	1	NC_002945.4	NODE_113_length_711_cov_69.785959	100.0		True
CONTIG	NODE_113_length_711_cov_69.785959	711	correct
131934	132383	57	506	NC_002945.4	NODE_114_length_661_cov_1.408240	98.44		True
CONTIG	NODE_114_length_661_cov_1.408240	661	correct
3340552	3341186	635	1	NC_002945.4	NODE_115_length_635_cov_40.629921	100.0		True
CONTIG	NODE_115_length_635_cov_40.629921	635	correct
841437	841979	635	102	NC_002945.4	NODE_116_length_635_cov_2.131890	98.34		True
CONTIG	NODE_116_length_635_cov_2.131890	635	correct
3883521	3883639	119	1	NC_002945.4	NODE_117_length_592_cov_8.243011	100.0		True
local misassembly
3883513	3883985	592	120	NC_002945.4	NODE_117_length_592_cov_8.243011	100.0		True
CONTIG	NODE_117_length_592_cov_8.243011	592	correct
3338676	3339263	588	1	NC_002945.4	NODE_118_length_588_cov_87.791757	100.0		True
CONTIG	NODE_118_length_588_cov_87.791757	588	correct
2773535	2774036	502	1	NC_002945.4	NODE_119_length_559_cov_6.298611	100.0		True
CONTIG	NODE_119_length_559_cov_6.298611	559	correct
4294086	4294601	516	1	NC_002945.4	NODE_120_length_516_cov_7.444730	100.0		True
CONTIG	NODE_120_length_516_cov_7.444730	516	correct
3898459	3898958	1	500	NC_002945.4	NODE_121_length_500_cov_94.951743	100.0		True
CONTIG	NODE_121_length_500_cov_94.951743	500	correct
