S1	E1	S2	E2	Reference	Contig	IDY	Ambiguous	Best_group
2957039	3193870	1	236242	NC_002945.4	NODE_1_length_236242_cov_45.659895	99.58		True
CONTIG	NODE_1_length_236242_cov_45.659895	236242	correct
3445573	3673271	1	227591	NC_002945.4	NODE_2_length_227591_cov_46.519933	99.93		True
CONTIG	NODE_2_length_227591_cov_46.519933	227591	correct
2453620	2665716	1	212149	NC_002945.4	NODE_3_length_212218_cov_45.412719	99.96		True
CONTIG	NODE_3_length_212218_cov_45.412719	212218	correct
402605	581801	179082	1	NC_002945.4	NODE_4_length_179082_cov_44.853287	99.92		True
CONTIG	NODE_4_length_179082_cov_44.853287	179082	correct
824601	838008	13489	82	NC_002945.4	NODE_5_length_160951_cov_45.414391	99.97		True
local misassembly
676585	824045	160951	13490	NC_002945.4	NODE_5_length_160951_cov_45.414391	99.99		True
CONTIG	NODE_5_length_160951_cov_45.414391	160951	correct
150059	306687	156602	1	NC_002945.4	NODE_6_length_156602_cov_44.416118	99.97		True
CONTIG	NODE_6_length_156602_cov_44.416118	156602	correct
4310393	4349904	15	39525	NC_002945.4	NODE_7_length_142844_cov_46.240462	99.99		True
fake: not a misassembly [linear representation of circular genome]
1	29469	39526	68994	NC_002945.4	NODE_7_length_142844_cov_46.240462	99.99		True
local misassembly
30083	103918	68996	142844	NC_002945.4	NODE_7_length_142844_cov_46.240462	99.96		True
CONTIG	NODE_7_length_142844_cov_46.240462	142844	correct
1638935	1769053	130210	93	NC_002945.4	NODE_8_length_132777_cov_47.618379	99.99		True
local misassembly
1635657	1638223	132777	130211	NC_002945.4	NODE_8_length_132777_cov_47.618379	100.0		True
CONTIG	NODE_8_length_132777_cov_47.618379	132777	correct
970273	1009472	104	39302	NC_002945.4	NODE_9_length_120794_cov_45.077246	99.98		True
relocation, inconsistency = 1457
1010930	1092227	39303	120603	NC_002945.4	NODE_9_length_120794_cov_45.077246	99.99		True
CONTIG	NODE_9_length_120794_cov_45.077246	120794	misassembled
3297493	3338802	41479	1	NC_002945.4	NODE_10_length_119668_cov_45.883412	99.82		True
indel: stretch of mismatches
3219361	3297478	119668	41494	NC_002945.4	NODE_10_length_119668_cov_45.883412	99.92		True
CONTIG	NODE_10_length_119668_cov_45.883412	119668	correct
3984842	4000631	128	15917	NC_002945.4	NODE_11_length_112566_cov_43.088830	100.0		True
fake: scaffold gap size wrong estimation (local)
4000854	4097403	16018	112566	NC_002945.4	NODE_11_length_112566_cov_43.088830	99.99		True
CONTIG	NODE_11_length_112566_cov_43.088830	112566	correct
1885213	1985599	1	100053	NC_002945.4	NODE_12_length_100230_cov_45.689929	99.65		True
CONTIG	NODE_12_length_100230_cov_45.689929	100230	correct
3343594	3442410	98885	1	NC_002945.4	NODE_13_length_98885_cov_47.648261	99.92		True
CONTIG	NODE_13_length_98885_cov_47.648261	98885	correct
4097387	4193715	1	96329	NC_002945.4	NODE_14_length_96329_cov_45.587815	99.99		True
CONTIG	NODE_14_length_96329_cov_45.587815	96329	correct
2057073	2083601	137	26665	NC_002945.4	NODE_15_length_83954_cov_45.798144	99.96		True
local misassembly
2083596	2140715	26807	83926	NC_002945.4	NODE_15_length_83954_cov_45.798144	99.99		True
CONTIG	NODE_15_length_83954_cov_45.798144	83954	correct
1491980	1573364	81532	148	NC_002945.4	NODE_16_length_81655_cov_49.075888	99.92		True
CONTIG	NODE_16_length_81655_cov_49.075888	81655	correct
3898832	3979417	80586	1	NC_002945.4	NODE_17_length_80586_cov_44.706198	99.99		True
CONTIG	NODE_17_length_80586_cov_44.706198	80586	correct
2693912	2773074	79162	1	NC_002945.4	NODE_18_length_79162_cov_45.531992	99.99		True
CONTIG	NODE_18_length_79162_cov_45.531992	79162	correct
2409223	2422776	13554	1	NC_002945.4	NODE_19_length_77944_cov_41.860442	99.97		True
local misassembly
2372453	2408646	49690	13555	NC_002945.4	NODE_19_length_77944_cov_41.860442	99.83		True
local misassembly
2343944	2372095	77842	49691	NC_002945.4	NODE_19_length_77944_cov_41.860442	99.98		True
CONTIG	NODE_19_length_77944_cov_41.860442	77944	correct
3759750	3835785	76182	1	NC_002945.4	NODE_20_length_76197_cov_43.428605	99.97		True
CONTIG	NODE_20_length_76197_cov_43.428605	76197	correct
1779460	1853746	1	74287	NC_002945.4	NODE_21_length_74395_cov_44.606412	99.99		True
CONTIG	NODE_21_length_74395_cov_44.606412	74395	correct
1096919	1165170	1	68252	NC_002945.4	NODE_22_length_68252_cov_43.958004	99.99		True
CONTIG	NODE_22_length_68252_cov_43.958004	68252	correct
2852105	2916695	1	64591	NC_002945.4	NODE_23_length_64591_cov_43.183063	99.98		True
CONTIG	NODE_23_length_64591_cov_43.183063	64591	correct
4194926	4259153	64228	1	NC_002945.4	NODE_24_length_64228_cov_47.550491	99.99		True
CONTIG	NODE_24_length_64228_cov_47.550491	64228	correct
1996143	2056719	116	60692	NC_002945.4	NODE_25_length_60810_cov_44.650034	99.98		True
CONTIG	NODE_25_length_60810_cov_44.650034	60810	correct
1280097	1340762	1	60728	NC_002945.4	NODE_26_length_60728_cov_47.876619	99.89		True
CONTIG	NODE_26_length_60728_cov_47.876619	60728	correct
1574165	1633307	98	59175	NC_002945.4	NODE_27_length_59175_cov_42.026927	99.87		True
CONTIG	NODE_27_length_59175_cov_42.026927	59175	correct
1219407	1278412	59006	1	NC_002945.4	NODE_28_length_59031_cov_44.764074	99.99		True
CONTIG	NODE_28_length_59031_cov_44.764074	59031	correct
1413935	1470724	56733	1	NC_002945.4	NODE_29_length_56733_cov_49.046462	99.89		True
CONTIG	NODE_29_length_56733_cov_49.046462	56733	correct
2192685	2246092	53408	1	NC_002945.4	NODE_30_length_53408_cov_52.300238	99.99		True
CONTIG	NODE_30_length_53408_cov_52.300238	53408	correct
2801012	2852056	1	51045	NC_002945.4	NODE_31_length_51045_cov_46.009113	99.99		True
CONTIG	NODE_31_length_51045_cov_46.009113	51045	correct
842469	891078	1	48610	NC_002945.4	NODE_32_length_48610_cov_44.484747	99.98		True
CONTIG	NODE_32_length_48610_cov_44.484747	48610	correct
625497	673262	65	47830	NC_002945.4	NODE_33_length_48273_cov_42.740041	99.99		True
local misassembly
673614	674056	47831	48273	NC_002945.4	NODE_33_length_48273_cov_42.740041	99.78		True
CONTIG	NODE_33_length_48273_cov_42.740041	48273	correct
1343879	1386582	1	42709	NC_002945.4	NODE_34_length_46819_cov_42.841493	99.99		True
relocation, inconsistency = 125573
1214750	1218305	46265	42710	NC_002945.4	NODE_34_length_46819_cov_42.841493	100.0		True
local misassembly
1214521	1214774	46638	46385	NC_002945.4	NODE_34_length_46819_cov_42.841493	98.82		True
CONTIG	NODE_34_length_46819_cov_42.841493	46819	misassembled
3836888	3880024	43256	137	NC_002945.4	NODE_35_length_43256_cov_42.086879	99.94		True
CONTIG	NODE_35_length_43256_cov_42.086879	43256	correct
928970	970020	41291	1	NC_002945.4	NODE_36_length_42031_cov_41.098344	99.4		True
local misassembly
928383	928975	42031	41430	NC_002945.4	NODE_36_length_42031_cov_41.098344	98.5		True
CONTIG	NODE_36_length_42031_cov_41.098344	42031	correct
1853877	1869375	15499	1	NC_002945.4	NODE_37_length_40854_cov_31.177548	99.99		True
relocation, inconsistency = -1845923
3674358	3699799	40854	15500	NC_002945.4	NODE_37_length_40854_cov_31.177548	99.66		True
CONTIG	NODE_37_length_40854_cov_31.177548	40854	misassembled
2246102	2283745	169	37814	NC_002945.4	NODE_38_length_37814_cov_51.389073	99.95		True
CONTIG	NODE_38_length_37814_cov_51.389073	37814	correct
363938	401308	34	37404	NC_002945.4	NODE_39_length_37404_cov_43.376076	99.99		True
CONTIG	NODE_39_length_37404_cov_43.376076	37404	correct
4259930	4293931	1	34000	NC_002945.4	NODE_40_length_34006_cov_45.992886	99.99		True
CONTIG	NODE_40_length_34006_cov_45.992886	34006	correct
3737665	3758844	21279	100	NC_002945.4	NODE_41_length_33888_cov_44.178075	99.99		True
local misassembly
3724846	3737454	33888	21280	NC_002945.4	NODE_41_length_33888_cov_44.178075	99.98		True
CONTIG	NODE_41_length_33888_cov_44.178075	33888	correct
2161798	2192094	1	30298	NC_002945.4	NODE_42_length_30298_cov_47.213384	99.99		True
CONTIG	NODE_42_length_30298_cov_47.213384	30298	correct
2423267	2453623	30243	1	NC_002945.4	NODE_43_length_30243_cov_44.388697	99.62		True
CONTIG	NODE_43_length_30243_cov_44.388697	30243	correct
2294650	2324492	1	29843	NC_002945.4	NODE_44_length_29843_cov_42.583995	99.99		True
CONTIG	NODE_44_length_29843_cov_42.583995	29843	correct
2665806	2693421	260	27823	NC_002945.4	NODE_45_length_27823_cov_43.308492	99.8		True
CONTIG	NODE_45_length_27823_cov_43.308492	27823	correct
105040	132641	1	27518	NC_002945.4	NODE_46_length_27666_cov_44.653146	99.66		True
CONTIG	NODE_46_length_27666_cov_44.653146	27666	correct
306710	333298	26688	205	NC_002945.4	NODE_47_length_26719_cov_42.929039	99.6		True
CONTIG	NODE_47_length_26719_cov_42.929039	26719	correct
1387000	1412955	25956	1	NC_002945.4	NODE_48_length_26089_cov_42.695940	99.98		True
CONTIG	NODE_48_length_26089_cov_42.695940	26089	correct
581820	607788	25969	1	NC_002945.4	NODE_49_length_25969_cov_45.075962	99.99		True
CONTIG	NODE_49_length_25969_cov_45.075962	25969	correct
3193780	3219347	1	25668	NC_002945.4	NODE_50_length_25668_cov_47.448886	100.0		True
CONTIG	NODE_50_length_25668_cov_47.448886	25668	correct
338173	363659	134	25485	NC_002945.4	NODE_51_length_25658_cov_39.034977	99.44		True
CONTIG	NODE_51_length_25658_cov_39.034977	25658	correct
2776943	2800354	12	23423	NC_002945.4	NODE_52_length_23423_cov_52.260388	100.0		True
CONTIG	NODE_52_length_23423_cov_52.260388	23423	correct
1171083	1189860	1	18778	NC_002945.4	NODE_53_length_21693_cov_42.911203	99.99		True
local misassembly
1190092	1192984	18779	21671	NC_002945.4	NODE_53_length_21693_cov_42.911203	99.86		True
CONTIG	NODE_53_length_21693_cov_42.911203	21693	correct
1471935	1490747	1	18814	NC_002945.4	NODE_54_length_19356_cov_46.909980	99.98		True
local misassembly
1490961	1491502	18815	19356	NC_002945.4	NODE_54_length_19356_cov_46.909980	100.0		True
CONTIG	NODE_54_length_19356_cov_46.909980	19356	correct
2140903	2158365	180	17642	NC_002945.4	NODE_55_length_17642_cov_44.656066	99.97		True
CONTIG	NODE_55_length_17642_cov_44.656066	17642	correct
2326308	2343803	1	17496	NC_002945.4	NODE_56_length_17496_cov_41.140250	99.99		True
CONTIG	NODE_56_length_17496_cov_41.140250	17496	correct
892165	909508	1	17344	NC_002945.4	NODE_57_length_17344_cov_47.110995	99.99		True
CONTIG	NODE_57_length_17344_cov_47.110995	17344	correct
133106	149954	1	16849	NC_002945.4	NODE_58_length_16849_cov_52.596819	99.96		True
CONTIG	NODE_58_length_16849_cov_52.596819	16849	correct
910050	926202	16153	1	NC_002945.4	NODE_59_length_16153_cov_48.299326	99.99		True
CONTIG	NODE_59_length_16153_cov_48.299326	16153	correct
1869390	1885284	1	15895	NC_002945.4	NODE_60_length_15895_cov_35.805492	99.99		True
CONTIG	NODE_60_length_15895_cov_35.805492	15895	correct
609085	624364	15438	159	NC_002945.4	NODE_61_length_15438_cov_39.814904	99.97		True
CONTIG	NODE_61_length_15438_cov_39.814904	15438	correct
2916851	2932213	1	15363	NC_002945.4	NODE_62_length_15363_cov_49.735232	99.97		True
CONTIG	NODE_62_length_15363_cov_49.735232	15363	correct
3712180	3724846	12728	62	NC_002945.4	NODE_63_length_12728_cov_25.656456	99.96		True
CONTIG	NODE_63_length_12728_cov_25.656456	12728	correct
2944619	2957076	1	12458	NC_002945.4	NODE_64_length_12458_cov_43.309545	99.98		True
CONTIG	NODE_64_length_12458_cov_43.309545	12458	correct
1193002	1204650	11876	228	NC_002945.4	NODE_65_length_11876_cov_47.218912	99.97		True
CONTIG	NODE_65_length_11876_cov_47.218912	11876	correct
3700298	3711403	11106	1	NC_002945.4	NODE_66_length_11106_cov_28.648146	100.0		True
CONTIG	NODE_66_length_11106_cov_28.648146	11106	correct
2933872	2943963	10092	1	NC_002945.4	NODE_67_length_10291_cov_40.746458	99.99		True
CONTIG	NODE_67_length_10291_cov_40.746458	10291	correct
3881827	3882155	1	329	NC_002945.4	NODE_68_length_10199_cov_15.962272	100.0		True
local misassembly
3882139	3884027	481	2417	NC_002945.4	NODE_68_length_10199_cov_15.962272	97.69		True
local misassembly
3884643	3890278	2418	8062	NC_002945.4	NODE_68_length_10199_cov_15.962272	99.79		True
relocation, inconsistency = 1929
3893243	3894344	9098	10199	NC_002945.4	NODE_68_length_10199_cov_15.962272	99.91		True
CONTIG	NODE_68_length_10199_cov_15.962272	10199	misassembled
1204782	1213711	1	8855	NC_002945.4	NODE_69_length_9076_cov_40.344620	99.14		True
CONTIG	NODE_69_length_9076_cov_40.344620	9076	correct
4301855	4310381	8624	98	NC_002945.4	NODE_70_length_8674_cov_40.126477	99.95		True
CONTIG	NODE_70_length_8674_cov_40.126477	8674	correct
4294599	4301847	7357	109	NC_002945.4	NODE_71_length_7357_cov_36.619917	99.99		True
CONTIG	NODE_71_length_7357_cov_36.619917	7357	correct
1986999	1992127	5130	1	NC_002945.4	NODE_72_length_5137_cov_39.205788	99.96		True
CONTIG	NODE_72_length_5137_cov_39.205788	5137	correct
3980171	3984754	201	4784	NC_002945.4	NODE_73_length_4821_cov_32.477418	99.96		True
CONTIG	NODE_73_length_4821_cov_32.477418	4821	correct
1165899	1169900	4002	1	NC_002945.4	NODE_74_length_4002_cov_47.888516	99.98		True
CONTIG	NODE_74_length_4002_cov_47.888516	4002	correct
2284620	2287647	1	3028	NC_002945.4	NODE_75_length_3028_cov_31.298173	99.77		True
CONTIG	NODE_75_length_3028_cov_31.298173	3028	correct
2290710	2293716	1	3007	NC_002945.4	NODE_76_length_3007_cov_29.464931	100.0		True
CONTIG	NODE_76_length_3007_cov_29.464931	3007	correct
1993335	1995974	1	2640	NC_002945.4	NODE_77_length_2831_cov_40.492604	100.0		True
CONTIG	NODE_77_length_2831_cov_40.492604	2831	correct
2158479	2158913	1	435	NC_002945.4	NODE_78_length_2811_cov_45.191133	100.0		True
fake: scaffold gap size wrong estimation (local)
2158914	2160444	467	1997	NC_002945.4	NODE_78_length_2811_cov_45.191133	95.49		True
CONTIG	NODE_78_length_2811_cov_45.191133	2811	correct
1092431	1094668	1	2238	NC_002945.4	NODE_79_length_2238_cov_26.857414	100.0		True
CONTIG	NODE_79_length_2238_cov_26.857414	2238	correct
336693	337793	1137	37	NC_002945.4	NODE_80_length_2088_cov_14.334013	100.0		True
local misassembly
335487	336248	1899	1138	NC_002945.4	NODE_80_length_2088_cov_14.334013	99.87		True
CONTIG	NODE_80_length_2088_cov_14.334013	2088	correct
3897451	3898585	1135	1	NC_002945.4	NODE_81_length_2075_cov_16.334189	100.0		True
indel: indel (> 5bp)
3897272	3897441	1305	1136	NC_002945.4	NODE_81_length_2075_cov_16.334189	99.35		True
local misassembly
3895866	3896635	2075	1306	NC_002945.4	NODE_81_length_2075_cov_16.334189	99.87		True
CONTIG	NODE_81_length_2075_cov_16.334189	2075	correct
401182	402731	1550	1	NC_002945.4	NODE_82_length_1550_cov_75.983134	99.87		True
CONTIG	NODE_82_length_1550_cov_75.983134	1550	correct
674720	676107	1532	145	NC_002945.4	NODE_83_length_1532_cov_5.005694	100.0		True
CONTIG	NODE_83_length_1532_cov_5.005694	1532	correct
4193589	4195052	1	1464	NC_002945.4	NODE_84_length_1464_cov_97.544503	100.0		True
CONTIG	NODE_84_length_1464_cov_97.544503	1464	correct
3443593	3445031	1	1439	NC_002945.4	NODE_85_length_1439_cov_58.551067	100.0		True
CONTIG	NODE_85_length_1439_cov_58.551067	1439	correct
2774201	2775594	1394	1	NC_002945.4	NODE_86_length_1394_cov_6.719811	100.0		True
CONTIG	NODE_86_length_1394_cov_6.719811	1394	correct
2324560	2325829	117	1386	NC_002945.4	NODE_87_length_1386_cov_27.411438	100.0		True
CONTIG	NODE_87_length_1386_cov_27.411438	1386	correct
1094890	1096261	1372	1	NC_002945.4	NODE_88_length_1372_cov_36.479518	100.0		True
CONTIG	NODE_88_length_1372_cov_36.479518	1372	correct
890952	892291	1	1340	NC_002945.4	NODE_89_length_1340_cov_95.613355	100.0		True
CONTIG	NODE_89_length_1340_cov_95.613355	1340	correct
3339137	3340461	1	1325	NC_002945.4	NODE_90_length_1325_cov_43.617696	100.0		True
CONTIG	NODE_90_length_1325_cov_43.617696	1325	correct
3835659	3836979	1	1321	NC_002945.4	NODE_91_length_1321_cov_100.824958	99.77		True
CONTIG	NODE_91_length_1321_cov_100.824958	1321	correct
2288581	2289835	1255	1	NC_002945.4	NODE_92_length_1255_cov_35.430851	100.0		True
CONTIG	NODE_92_length_1255_cov_35.430851	1255	correct
CONTIG	NODE_93_length_1209_cov_1.960259	1209	unaligned
2293590	2294776	1	1187	NC_002945.4	NODE_94_length_1187_cov_32.673585	100.0		True
CONTIG	NODE_94_length_1187_cov_32.673585	1187	correct
2283619	2284746	1	1128	NC_002945.4	NODE_95_length_1128_cov_74.144855	99.91		True
CONTIG	NODE_95_length_1128_cov_74.144855	1128	correct
839711	840812	1112	11	NC_002945.4	NODE_96_length_1112_cov_15.623350	99.91		True
CONTIG	NODE_96_length_1112_cov_15.623350	1112	correct
1340970	1342059	1	1090	NC_002945.4	NODE_97_length_1090_cov_33.532710	99.91		True
CONTIG	NODE_97_length_1090_cov_33.532710	1090	correct
3711277	3712306	1030	1	NC_002945.4	NODE_98_length_1030_cov_95.301218	99.9		True
CONTIG	NODE_98_length_1030_cov_95.301218	1030	correct
1165044	1166025	982	1	NC_002945.4	NODE_99_length_982_cov_94.010526	99.9		True
CONTIG	NODE_99_length_982_cov_94.010526	982	correct
1985748	1986489	9	750	NC_002945.4	NODE_100_length_969_cov_2.039192	99.87		True
local misassembly
1986673	1986792	751	870	NC_002945.4	NODE_100_length_969_cov_2.039192	99.25		True
CONTIG	NODE_100_length_969_cov_2.039192	969	correct
2800228	2801136	909	1	NC_002945.4	NODE_101_length_909_cov_274.113811	100.0		True
CONTIG	NODE_101_length_909_cov_274.113811	909	correct
3894591	3895499	1	909	NC_002945.4	NODE_102_length_909_cov_34.584399	99.78		True
CONTIG	NODE_102_length_909_cov_34.584399	909	correct
CONTIG	NODE_103_length_894_cov_2.477184	894	unaligned
3341521	3342410	1	890	NC_002945.4	NODE_104_length_890_cov_34.318480	100.0		True
CONTIG	NODE_104_length_890_cov_34.318480	890	correct
CONTIG	NODE_105_length_869_cov_0.568733	869	unaligned
1213933	1214550	49	666	NC_002945.4	NODE_106_length_861_cov_1.731608	99.51		True
CONTIG	NODE_106_length_861_cov_1.731608	861	correct
1278286	1279129	844	1	NC_002945.4	NODE_107_length_844_cov_87.557880	100.0		True
CONTIG	NODE_107_length_844_cov_87.557880	844	correct
909382	910176	795	1	NC_002945.4	NODE_108_length_795_cov_103.485030	100.0		True
CONTIG	NODE_108_length_795_cov_103.485030	795	correct
CONTIG	NODE_109_length_782_cov_0.587786	782	unaligned
CONTIG	NODE_110_length_773_cov_3.006192	773	unaligned
2693295	2694038	744	1	NC_002945.4	NODE_111_length_744_cov_80.288493	100.0		True
CONTIG	NODE_111_length_744_cov_80.288493	744	correct
2932303	2932847	545	1	NC_002945.4	NODE_112_length_717_cov_1.171186	99.63		True
CONTIG	NODE_112_length_717_cov_1.171186	717	correct
2773632	2774141	169	678	NC_002945.4	NODE_113_length_678_cov_3.506352	100.0		True
CONTIG	NODE_113_length_678_cov_3.506352	678	correct
3340552	3341186	635	1	NC_002945.4	NODE_114_length_635_cov_27.143701	100.0		True
CONTIG	NODE_114_length_635_cov_27.143701	635	correct
1342064	1342697	634	1	NC_002945.4	NODE_115_length_634_cov_57.733728	100.0		True
CONTIG	NODE_115_length_634_cov_57.733728	634	correct
3880512	3881088	51	627	NC_002945.4	NODE_116_length_627_cov_21.738000	100.0		True
CONTIG	NODE_116_length_627_cov_21.738000	627	correct
1573347	1573753	206	612	NC_002945.4	NODE_117_length_612_cov_1.065979	99.75		True
CONTIG	NODE_117_length_612_cov_1.065979	612	correct
674178	674652	496	22	NC_002945.4	NODE_118_length_599_cov_4.131356	100.0		True
CONTIG	NODE_118_length_599_cov_4.131356	599	correct
4294078	4294597	520	1	NC_002945.4	NODE_119_length_597_cov_9.093617	100.0		True
indel: indel (> 5bp)
4293950	4294026	597	521	NC_002945.4	NODE_119_length_597_cov_9.093617	100.0		True
CONTIG	NODE_119_length_597_cov_9.093617	597	correct
3341060	3341647	588	1	NC_002945.4	NODE_120_length_588_cov_66.555315	100.0		True
CONTIG	NODE_120_length_588_cov_66.555315	588	correct
1634578	1634907	444	115	NC_002945.4	NODE_121_length_520_cov_3.669211	100.0		True
local misassembly
1634358	1634433	520	445	NC_002945.4	NODE_121_length_520_cov_3.669211	100.0		True
CONTIG	NODE_121_length_520_cov_3.669211	520	correct
CONTIG	NODE_122_length_514_cov_2.328165	514	unaligned
927072	927441	506	137	NC_002945.4	NODE_123_length_508_cov_1.477690	100.0		True
CONTIG	NODE_123_length_508_cov_1.477690	508	correct
3898459	3898958	500	1	NC_002945.4	NODE_124_length_500_cov_78.981233	100.0		True
CONTIG	NODE_124_length_500_cov_78.981233	500	correct
