S1	E1	S2	E2	Reference	Contig	IDY	Ambiguous	Best_group
2957039	3193870	236088	1	NC_002945.4	NODE_1_length_236088_cov_50.944088	99.58		True
CONTIG	NODE_1_length_236088_cov_50.944088	236088	correct
3445573	3673271	1	227591	NC_002945.4	NODE_2_length_227591_cov_52.024817	99.93		True
CONTIG	NODE_2_length_227591_cov_52.024817	227591	correct
1779460	1985644	205719	1	NC_002945.4	NODE_3_length_205719_cov_49.463267	99.76		True
CONTIG	NODE_3_length_205719_cov_49.463267	205719	correct
402605	607788	204915	1	NC_002945.4	NODE_4_length_204915_cov_51.051985	99.86		True
CONTIG	NODE_4_length_204915_cov_51.051985	204915	correct
1574008	1632846	1	58774	NC_002945.4	NODE_5_length_190190_cov_51.444900	99.87		True
local misassembly
1633561	1634449	58775	59663	NC_002945.4	NODE_5_length_190190_cov_51.444900	100.0		True
relocation, inconsistency = 3935
1638385	1638740	59664	60019	NC_002945.4	NODE_5_length_190190_cov_51.444900	100.0		True
local misassembly
1638975	1769053	60020	190098	NC_002945.4	NODE_5_length_190190_cov_51.444900	99.99		True
CONTIG	NODE_5_length_190190_cov_51.444900	190190	misassembled
333299	333426	222	95	NC_002945.4	NODE_6_length_183236_cov_50.510450	99.76		True
indel: stretch of mismatches
306774	333298	26642	223	NC_002945.4	NODE_6_length_183236_cov_50.510450	99.6		True
local misassembly
150012	306632	183236	26643	NC_002945.4	NODE_6_length_183236_cov_50.510450	99.97		True
CONTIG	NODE_6_length_183236_cov_50.510450	183236	correct
676696	824045	19	147369	NC_002945.4	NODE_7_length_160878_cov_51.077318	99.99		True
local misassembly
824601	838003	147370	160772	NC_002945.4	NODE_7_length_160878_cov_51.077318	99.98		True
CONTIG	NODE_7_length_160878_cov_51.077318	160878	correct
2453626	2609245	155621	1	NC_002945.4	NODE_8_length_155621_cov_50.578717	99.98		True
CONTIG	NODE_8_length_155621_cov_50.578717	155621	correct
2083596	2140632	57141	105	NC_002945.4	NODE_9_length_146358_cov_51.121329	99.99		True
local misassembly
2057110	2083604	83774	57280	NC_002945.4	NODE_9_length_146358_cov_51.121329	99.98		True
local misassembly
2041071	2056887	99591	83775	NC_002945.4	NODE_9_length_146358_cov_51.121329	99.99		True
local misassembly
1993335	2040101	146358	99592	NC_002945.4	NODE_9_length_146358_cov_51.121329	99.98		True
CONTIG	NODE_9_length_146358_cov_51.121329	146358	correct
4310411	4349904	1	39493	NC_002945.4	NODE_10_length_142812_cov_53.026015	99.99		True
fake: not a misassembly [linear representation of circular genome]
1	29469	39494	68962	NC_002945.4	NODE_10_length_142812_cov_53.026015	99.99		True
local misassembly
30083	103918	68964	142812	NC_002945.4	NODE_10_length_142812_cov_53.026015	99.96		True
CONTIG	NODE_10_length_142812_cov_53.026015	142812	correct
3209301	3338802	1	129674	NC_002945.4	NODE_11_length_129674_cov_50.265556	99.85		True
CONTIG	NODE_11_length_129674_cov_50.265556	129674	correct
970194	1009472	1	39278	NC_002945.4	NODE_12_length_120389_cov_51.476742	99.98		True
relocation, inconsistency = 1457
1010930	1091888	39279	120240	NC_002945.4	NODE_12_length_120389_cov_51.476742	99.98		True
CONTIG	NODE_12_length_120389_cov_51.476742	120389	misassembled
3343594	3442410	98885	1	NC_002945.4	NODE_13_length_98885_cov_52.071498	99.92		True
CONTIG	NODE_13_length_98885_cov_52.071498	98885	correct
4097330	4193715	96386	1	NC_002945.4	NODE_14_length_96386_cov_51.726768	99.99		True
CONTIG	NODE_14_length_96386_cov_51.726768	96386	correct
3897145	3980059	1	82906	NC_002945.4	NODE_15_length_82906_cov_50.531451	99.98		True
CONTIG	NODE_15_length_82906_cov_50.531451	82906	correct
1491995	1573729	81855	121	NC_002945.4	NODE_16_length_82173_cov_52.396314	99.93		True
CONTIG	NODE_16_length_82173_cov_52.396314	82173	correct
2693912	2773057	79317	173	NC_002945.4	NODE_17_length_79317_cov_49.899861	99.99		True
CONTIG	NODE_17_length_79317_cov_49.899861	79317	correct
1096985	1165170	68186	1	NC_002945.4	NODE_18_length_68186_cov_50.802950	99.99		True
CONTIG	NODE_18_length_68186_cov_50.802950	68186	correct
2343797	2372197	1	28401	NC_002945.4	NODE_19_length_64711_cov_47.413477	99.98		True
local misassembly
2372435	2408682	28402	64591	NC_002945.4	NODE_19_length_64711_cov_47.413477	99.83		True
CONTIG	NODE_19_length_64711_cov_47.413477	64711	correct
2852146	2916393	81	64328	NC_002945.4	NODE_20_length_64328_cov_47.787013	99.98		True
CONTIG	NODE_20_length_64328_cov_47.787013	64328	correct
4194926	4259153	1	64228	NC_002945.4	NODE_21_length_64228_cov_53.394066	99.98		True
CONTIG	NODE_21_length_64228_cov_53.394066	64228	correct
1280097	1343223	1	63189	NC_002945.4	NODE_22_length_63189_cov_55.118804	99.89		True
CONTIG	NODE_22_length_63189_cov_55.118804	63189	correct
4035865	4097346	61480	1	NC_002945.4	NODE_23_length_61480_cov_48.916597	99.99		True
CONTIG	NODE_23_length_61480_cov_48.916597	61480	correct
1219613	1278412	1	58800	NC_002945.4	NODE_24_length_58800_cov_50.460587	99.98		True
CONTIG	NODE_24_length_58800_cov_50.460587	58800	correct
3777400	3835785	58318	1	NC_002945.4	NODE_25_length_58318_cov_51.191920	99.87		True
CONTIG	NODE_25_length_58318_cov_51.191920	58318	correct
1413935	1470724	56733	1	NC_002945.4	NODE_26_length_56733_cov_52.573490	99.89		True
CONTIG	NODE_26_length_56733_cov_52.573490	56733	correct
2611816	2665692	53931	1	NC_002945.4	NODE_27_length_54076_cov_49.061614	99.89		True
CONTIG	NODE_27_length_54076_cov_49.061614	54076	correct
2192685	2245161	52477	1	NC_002945.4	NODE_28_length_52477_cov_56.831060	99.99		True
CONTIG	NODE_28_length_52477_cov_56.831060	52477	correct
2801012	2851974	1	50963	NC_002945.4	NODE_29_length_51081_cov_51.189288	99.99		True
CONTIG	NODE_29_length_51081_cov_51.189288	51081	correct
4000854	4035740	35032	147	NC_002945.4	NODE_30_length_50928_cov_51.976516	99.97		True
fake: scaffold gap size wrong estimation (local)
3984836	4000631	50928	35133	NC_002945.4	NODE_30_length_50928_cov_51.976516	100.0		True
CONTIG	NODE_30_length_50928_cov_51.976516	50928	correct
842998	891078	1	48081	NC_002945.4	NODE_31_length_48081_cov_51.414501	99.99		True
CONTIG	NODE_31_length_48081_cov_51.414501	48081	correct
625282	673260	1	47979	NC_002945.4	NODE_32_length_48033_cov_49.402058	99.99		True
CONTIG	NODE_32_length_48033_cov_49.402058	48033	correct
3712180	3737477	1	25298	NC_002945.4	NODE_33_length_46568_cov_46.856872	99.97		True
local misassembly
3737688	3758844	25299	46455	NC_002945.4	NODE_33_length_46568_cov_46.856872	100.0		True
CONTIG	NODE_33_length_46568_cov_46.856872	46568	correct
105040	149990	1	44951	NC_002945.4	NODE_34_length_44951_cov_50.512962	99.97		True
CONTIG	NODE_34_length_44951_cov_50.512962	44951	correct
1343879	1386917	43044	1	NC_002945.4	NODE_35_length_43044_cov_49.690333	99.99		True
CONTIG	NODE_35_length_43044_cov_49.690333	43044	correct
3836888	3878173	41461	184	NC_002945.4	NODE_36_length_41461_cov_50.252939	99.96		True
CONTIG	NODE_36_length_41461_cov_50.252939	41461	correct
930614	970132	39759	1	NC_002945.4	NODE_37_length_39759_cov_51.324864	99.38		True
CONTIG	NODE_37_length_39759_cov_51.324864	39759	correct
364066	401308	37243	1	NC_002945.4	NODE_38_length_37416_cov_49.067983	99.99		True
CONTIG	NODE_38_length_37416_cov_49.067983	37416	correct
2246369	2283745	1	37379	NC_002945.4	NODE_39_length_37379_cov_53.993316	99.95		True
CONTIG	NODE_39_length_37379_cov_53.993316	37379	correct
4259930	4293950	1	34019	NC_002945.4	NODE_40_length_34019_cov_51.932344	99.98		True
CONTIG	NODE_40_length_34019_cov_51.932344	34019	correct
1190092	1204706	14744	130	NC_002945.4	NODE_41_length_33522_cov_48.295104	99.97		True
local misassembly
1171083	1189860	33522	14745	NC_002945.4	NODE_41_length_33522_cov_48.295104	99.99		True
CONTIG	NODE_41_length_33522_cov_48.295104	33522	correct
2161798	2192094	1	30298	NC_002945.4	NODE_42_length_30298_cov_53.197441	99.99		True
CONTIG	NODE_42_length_30298_cov_53.197441	30298	correct
2294650	2324498	1	29849	NC_002945.4	NODE_43_length_29849_cov_48.464168	99.99		True
CONTIG	NODE_43_length_29849_cov_48.464168	29849	correct
2665933	2693421	1	27488	NC_002945.4	NODE_44_length_27488_cov_49.935967	99.99		True
CONTIG	NODE_44_length_27488_cov_49.935967	27488	correct
1387040	1412955	25916	1	NC_002945.4	NODE_45_length_26069_cov_48.763241	99.98		True
CONTIG	NODE_45_length_26069_cov_48.763241	26069	correct
3674358	3700317	25942	1	NC_002945.4	NODE_46_length_25942_cov_38.214875	99.91		True
CONTIG	NODE_46_length_25942_cov_38.214875	25942	correct
338173	363619	25556	197	NC_002945.4	NODE_47_length_25719_cov_45.025359	99.63		True
CONTIG	NODE_47_length_25719_cov_45.025359	25719	correct
2776915	2799828	22914	1	NC_002945.4	NODE_48_length_22968_cov_53.005079	99.99		True
CONTIG	NODE_48_length_22968_cov_53.005079	22968	correct
2423267	2444953	21687	1	NC_002945.4	NODE_49_length_21687_cov_51.960297	99.99		True
CONTIG	NODE_49_length_21687_cov_51.960297	21687	correct
2140774	2158516	1	17743	NC_002945.4	NODE_50_length_20378_cov_51.046961	99.96		True
local misassembly
2158655	2158913	17744	18002	NC_002945.4	NODE_50_length_20378_cov_51.046961	100.0		True
fake: scaffold gap size wrong estimation (local)
2158914	2160444	18034	19564	NC_002945.4	NODE_50_length_20378_cov_51.046961	95.49		True
CONTIG	NODE_50_length_20378_cov_51.046961	20378	correct
1490961	1491532	572	1	NC_002945.4	NODE_51_length_19386_cov_58.682330	100.0		True
local misassembly
1471935	1490747	19386	573	NC_002945.4	NODE_51_length_19386_cov_58.682330	99.98		True
CONTIG	NODE_51_length_19386_cov_58.682330	19386	correct
2326289	2343731	17443	1	NC_002945.4	NODE_52_length_17443_cov_46.833853	99.98		True
CONTIG	NODE_52_length_17443_cov_46.833853	17443	correct
3759968	3777383	17418	1	NC_002945.4	NODE_53_length_17418_cov_47.985715	99.96		True
CONTIG	NODE_53_length_17418_cov_47.985715	17418	correct
892165	909508	17344	1	NC_002945.4	NODE_54_length_17344_cov_54.986873	99.99		True
CONTIG	NODE_54_length_17344_cov_54.986873	17344	correct
910050	926299	1	16250	NC_002945.4	NODE_55_length_16250_cov_55.197978	99.99		True
CONTIG	NODE_55_length_16250_cov_55.197978	16250	correct
4294612	4310405	15824	31	NC_002945.4	NODE_56_length_15824_cov_46.612729	99.99		True
CONTIG	NODE_56_length_15824_cov_46.612729	15824	correct
3193780	3209295	15616	1	NC_002945.4	NODE_57_length_15616_cov_51.017819	100.0		True
CONTIG	NODE_57_length_15616_cov_51.017819	15616	correct
609085	624476	1	15392	NC_002945.4	NODE_58_length_15392_cov_49.037668	99.99		True
CONTIG	NODE_58_length_15392_cov_49.037668	15392	correct
2916851	2931863	15013	1	NC_002945.4	NODE_59_length_15013_cov_56.220005	99.97		True
CONTIG	NODE_59_length_15013_cov_56.220005	15013	correct
2409042	2422776	13735	1	NC_002945.4	NODE_60_length_13736_cov_47.447351	99.98		True
CONTIG	NODE_60_length_13736_cov_47.447351	13736	correct
2944619	2957076	12458	1	NC_002945.4	NODE_61_length_12458_cov_49.283756	99.98		True
CONTIG	NODE_61_length_12458_cov_49.283756	12458	correct
3890969	3894344	3376	1	NC_002945.4	NODE_62_length_11515_cov_18.237882	99.84		True
local misassembly
3884643	3890278	9021	3377	NC_002945.4	NODE_62_length_11515_cov_18.237882	99.79		True
local misassembly
3882139	3884027	10958	9022	NC_002945.4	NODE_62_length_11515_cov_18.237882	97.69		True
local misassembly
3881750	3882155	11515	11110	NC_002945.4	NODE_62_length_11515_cov_18.237882	100.0		True
CONTIG	NODE_62_length_11515_cov_18.237882	11515	correct
3700287	3711048	1	10762	NC_002945.4	NODE_63_length_10762_cov_36.939915	100.0		True
CONTIG	NODE_63_length_10762_cov_36.939915	10762	correct
2933881	2943963	10083	1	NC_002945.4	NODE_64_length_10230_cov_51.649807	99.99		True
CONTIG	NODE_64_length_10230_cov_51.649807	10230	correct
2444936	2453749	8917	104	NC_002945.4	NODE_65_length_8917_cov_47.708419	99.86		True
CONTIG	NODE_65_length_8917_cov_47.708419	8917	correct
1204750	1213474	8829	105	NC_002945.4	NODE_66_length_8829_cov_47.622960	99.98		True
CONTIG	NODE_66_length_8829_cov_47.622960	8829	correct
1987187	1992127	4942	1	NC_002945.4	NODE_67_length_5106_cov_51.642298	99.9		True
CONTIG	NODE_67_length_5106_cov_51.642298	5106	correct
3980130	3984773	4635	1	NC_002945.4	NODE_68_length_4635_cov_42.248225	99.81		True
CONTIG	NODE_68_length_4635_cov_42.248225	4635	correct
1214750	1218390	3641	1	NC_002945.4	NODE_69_length_4618_cov_39.310399	100.0		True
local misassembly
1213949	1214774	4586	3761	NC_002945.4	NODE_69_length_4618_cov_39.310399	99.76		True
CONTIG	NODE_69_length_4618_cov_39.310399	4618	correct
1092444	1096461	4018	1	NC_002945.4	NODE_70_length_4018_cov_41.305834	99.98		True
CONTIG	NODE_70_length_4018_cov_41.305834	4018	correct
1165899	1169900	4002	1	NC_002945.4	NODE_71_length_4002_cov_58.448258	99.98		True
CONTIG	NODE_71_length_4002_cov_58.448258	4002	correct
2284620	2287647	3028	1	NC_002945.4	NODE_72_length_3028_cov_40.843502	99.77		True
CONTIG	NODE_72_length_3028_cov_40.843502	3028	correct
2290710	2293716	3007	1	NC_002945.4	NODE_73_length_3007_cov_35.504861	100.0		True
CONTIG	NODE_73_length_3007_cov_35.504861	3007	correct
928228	928975	23	779	NC_002945.4	NODE_74_length_2685_cov_12.062940	98.15		True
local misassembly
928970	930627	918	2575	NC_002945.4	NODE_74_length_2685_cov_12.062940	99.94		True
CONTIG	NODE_74_length_2685_cov_12.062940	2685	correct
3880504	3881088	585	1	NC_002945.4	NODE_75_length_2662_cov_10.004734	99.49		True
local misassembly
3878316	3880324	2647	639	NC_002945.4	NODE_75_length_2662_cov_10.004734	100.0		True
CONTIG	NODE_75_length_2662_cov_10.004734	2662	correct
1635657	1638030	2323	1	NC_002945.4	NODE_76_length_2323_cov_35.639344	97.85		True
CONTIG	NODE_76_length_2323_cov_35.639344	2323	correct
2609387	2611609	2223	1	NC_002945.4	NODE_77_length_2223_cov_33.857824	100.0		True
CONTIG	NODE_77_length_2223_cov_33.857824	2223	correct
674107	676200	2094	1	NC_002945.4	NODE_78_length_2176_cov_5.656906	99.95		True
CONTIG	NODE_78_length_2176_cov_5.656906	2176	correct
841697	842078	745	364	NC_002945.4	NODE_79_length_1780_cov_11.721113	99.02		True
local misassembly
839711	840745	1780	746	NC_002945.4	NODE_79_length_1780_cov_11.721113	100.0		True
CONTIG	NODE_79_length_1780_cov_11.721113	1780	correct
336693	338111	133	1551	NC_002945.4	NODE_80_length_1551_cov_19.429073	100.0		True
CONTIG	NODE_80_length_1551_cov_19.429073	1551	correct
607662	609211	1550	1	NC_002945.4	NODE_81_length_1550_cov_84.698524	99.94		True
CONTIG	NODE_81_length_1550_cov_84.698524	1550	correct
4193589	4195052	1464	1	NC_002945.4	NODE_82_length_1464_cov_120.283470	100.0		True
CONTIG	NODE_82_length_1464_cov_120.283470	1464	correct
1992001	1993461	1461	1	NC_002945.4	NODE_83_length_1461_cov_66.458771	100.0		True
CONTIG	NODE_83_length_1461_cov_66.458771	1461	correct
3443593	3445031	1439	1	NC_002945.4	NODE_84_length_1439_cov_66.682927	100.0		True
CONTIG	NODE_84_length_1439_cov_66.682927	1439	correct
2324616	2325848	121	1353	NC_002945.4	NODE_85_length_1353_cov_35.424144	100.0		True
CONTIG	NODE_85_length_1353_cov_35.424144	1353	correct
890952	892291	1	1340	NC_002945.4	NODE_86_length_1340_cov_102.464963	100.0		True
CONTIG	NODE_86_length_1340_cov_102.464963	1340	correct
3339137	3340461	1325	1	NC_002945.4	NODE_87_length_1325_cov_50.950751	100.0		True
CONTIG	NODE_87_length_1325_cov_50.950751	1325	correct
3835659	3836979	1321	1	NC_002945.4	NODE_88_length_1321_cov_118.497487	99.77		True
CONTIG	NODE_88_length_1321_cov_118.497487	1321	correct
2288581	2289835	1	1255	NC_002945.4	NODE_89_length_1255_cov_56.493794	100.0		True
CONTIG	NODE_89_length_1255_cov_56.493794	1255	correct
2293590	2294776	1	1187	NC_002945.4	NODE_90_length_1187_cov_44.783962	100.0		True
CONTIG	NODE_90_length_1187_cov_44.783962	1187	correct
3758997	3759903	1088	182	NC_002945.4	NODE_91_length_1147_cov_1.081373	99.56		True
CONTIG	NODE_91_length_1147_cov_1.081373	1147	correct
2289709	2290836	1	1128	NC_002945.4	NODE_92_length_1128_cov_99.248751	99.91		True
CONTIG	NODE_92_length_1128_cov_99.248751	1128	correct
3711277	3712306	1	1030	NC_002945.4	NODE_93_length_1030_cov_105.978959	100.0		True
CONTIG	NODE_93_length_1030_cov_105.978959	1030	correct
1165044	1166025	982	1	NC_002945.4	NODE_94_length_982_cov_100.205848	100.0		True
CONTIG	NODE_94_length_982_cov_100.205848	982	correct
3442285	3443193	909	1	NC_002945.4	NODE_95_length_909_cov_321.616368	100.0		True
CONTIG	NODE_95_length_909_cov_321.616368	909	correct
3341521	3342410	890	1	NC_002945.4	NODE_96_length_890_cov_35.508519	100.0		True
CONTIG	NODE_96_length_890_cov_35.508519	890	correct
335638	336431	794	1	NC_002945.4	NODE_97_length_855_cov_4.387363	100.0		True
CONTIG	NODE_97_length_855_cov_4.387363	855	correct
2191968	2192811	844	1	NC_002945.4	NODE_98_length_844_cov_101.309623	100.0		True
CONTIG	NODE_98_length_844_cov_101.309623	844	correct
3444905	3445699	1	795	NC_002945.4	NODE_99_length_795_cov_113.082335	100.0		True
CONTIG	NODE_99_length_795_cov_113.082335	795	correct
2693295	2694038	744	1	NC_002945.4	NODE_100_length_744_cov_98.847650	100.0		True
CONTIG	NODE_100_length_744_cov_98.847650	744	correct
2773476	2774114	642	4	NC_002945.4	NODE_101_length_734_cov_6.647446	99.84		True
CONTIG	NODE_101_length_734_cov_6.647446	734	correct
1985818	1986497	680	1	NC_002945.4	NODE_102_length_680_cov_3.394213	100.0		True
CONTIG	NODE_102_length_680_cov_3.394213	680	correct
1091761	1092406	668	23	NC_002945.4	NODE_103_length_668_cov_1.035120	99.69		True
CONTIG	NODE_103_length_668_cov_1.035120	668	correct
4292689	4292761	1	73	NC_002945.4	NODE_104_length_639_cov_4.628906	100.0		True
relocation, inconsistency = 1347
4294109	4294603	568	74	NC_002945.4	NODE_104_length_639_cov_4.628906	99.19		True
CONTIG	NODE_104_length_639_cov_4.628906	639	misassembled
3340552	3341186	635	1	NC_002945.4	NODE_105_length_635_cov_36.848425	100.0		True
CONTIG	NODE_105_length_635_cov_36.848425	635	correct
673472	673728	1	257	NC_002945.4	NODE_106_length_635_cov_3.661417	100.0		True
indel: indel (> 5bp)
673765	674127	258	620	NC_002945.4	NODE_106_length_635_cov_3.661417	98.62		True
CONTIG	NODE_106_length_635_cov_3.661417	635	correct
3341060	3341647	588	1	NC_002945.4	NODE_107_length_588_cov_73.566161	100.0		True
CONTIG	NODE_107_length_588_cov_73.566161	588	correct
2781274	2781350	1	77	NC_002945.4	NODE_108_length_569_cov_2.319005	100.0		True
relocation, inconsistency = 150964
2932315	2932806	569	78	NC_002945.4	NODE_108_length_569_cov_2.319005	100.0		True
CONTIG	NODE_108_length_569_cov_2.319005	569	misassembled
3894466	3895024	559	1	NC_002945.4	NODE_109_length_559_cov_51.715278	100.0		True
CONTIG	NODE_109_length_559_cov_51.715278	559	correct
335273	335406	178	311	NC_002945.4	NODE_110_length_535_cov_0.607843	100.0		True
CONTIG	NODE_110_length_535_cov_0.607843	535	correct
