S1	E1	S2	E2	Reference	Contig	IDY	Ambiguous	Best_group
3445573	3673271	227591	1	NC_002945.4	NODE_1_length_227591_cov_47.316367	99.93		True
CONTIG	NODE_1_length_227591_cov_47.316367	227591	correct
402605	607788	204915	1	NC_002945.4	NODE_2_length_204915_cov_46.359562	99.86		True
CONTIG	NODE_2_length_204915_cov_46.359562	204915	correct
2326259	2343529	1	17271	NC_002945.4	NODE_3_length_183869_cov_45.623314	99.99		True
relocation, inconsistency = 672192
3015725	3124421	125335	17275	NC_002945.4	NODE_3_length_183869_cov_45.623314	99.2		True
local misassembly
2957039	3015625	183869	125336	NC_002945.4	NODE_3_length_183869_cov_45.623314	99.9		True
CONTIG	NODE_3_length_183869_cov_45.623314	183869	misassembled
676594	824045	1	147453	NC_002945.4	NODE_4_length_160940_cov_46.385765	99.99		True
local misassembly
824601	838087	147454	160940	NC_002945.4	NODE_4_length_160940_cov_46.385765	99.98		True
CONTIG	NODE_4_length_160940_cov_46.385765	160940	correct
4036104	4193715	157497	1	NC_002945.4	NODE_5_length_157547_cov_46.246417	99.92		True
CONTIG	NODE_5_length_157547_cov_46.246417	157547	correct
150093	306646	156527	1	NC_002945.4	NODE_6_length_156527_cov_46.654156	99.97		True
CONTIG	NODE_6_length_156527_cov_46.654156	156527	correct
30083	103918	73849	1	NC_002945.4	NODE_7_length_151372_cov_46.870283	99.96		True
local misassembly
1	29469	103319	73851	NC_002945.4	NODE_7_length_151372_cov_46.870283	99.99		True
fake: not a misassembly [linear representation of circular genome]
4301851	4349904	151372	103320	NC_002945.4	NODE_7_length_151372_cov_46.870283	99.99		True
CONTIG	NODE_7_length_151372_cov_46.870283	151372	correct
2453646	2489323	129	35805	NC_002945.4	NODE_8_length_146845_cov_47.420740	99.99		True
local misassembly
2489501	2600538	35806	146845	NC_002945.4	NODE_8_length_146845_cov_47.420740	99.98		True
CONTIG	NODE_8_length_146845_cov_47.420740	146845	correct
1638898	1769053	130247	93	NC_002945.4	NODE_9_length_130387_cov_48.670098	99.99		True
CONTIG	NODE_9_length_130387_cov_48.670098	130387	correct
970273	1009472	159	39357	NC_002945.4	NODE_10_length_119997_cov_47.026754	99.97		True
relocation, inconsistency = 1457
1010930	1091367	39358	119798	NC_002945.4	NODE_10_length_119997_cov_47.026754	99.99		True
CONTIG	NODE_10_length_119997_cov_47.026754	119997	misassembled
3297493	3338802	41479	1	NC_002945.4	NODE_11_length_119672_cov_46.890292	99.82		True
indel: stretch of mismatches
3219357	3297478	119672	41494	NC_002945.4	NODE_11_length_119672_cov_46.890292	99.92		True
CONTIG	NODE_11_length_119672_cov_46.890292	119672	correct
1869397	1985612	115750	1	NC_002945.4	NODE_12_length_115750_cov_46.332806	99.58		True
CONTIG	NODE_12_length_115750_cov_46.332806	115750	correct
1779460	1869413	1	89954	NC_002945.4	NODE_13_length_90054_cov_43.635716	99.98		True
CONTIG	NODE_13_length_90054_cov_43.635716	90054	correct
2083596	2140716	57188	68	NC_002945.4	NODE_14_length_83934_cov_47.620044	99.99		True
local misassembly
2056997	2083604	83934	57327	NC_002945.4	NODE_14_length_83934_cov_47.620044	99.98		True
CONTIG	NODE_14_length_83934_cov_47.620044	83934	correct
3897145	3979424	1	82271	NC_002945.4	NODE_15_length_82491_cov_46.766670	99.98		True
CONTIG	NODE_15_length_82491_cov_46.766670	82491	correct
1491904	1573888	81985	1	NC_002945.4	NODE_16_length_81985_cov_47.665335	99.93		True
CONTIG	NODE_16_length_81985_cov_47.665335	81985	correct
3343593	3424518	1	80994	NC_002945.4	NODE_17_length_81189_cov_46.771977	99.91		True
CONTIG	NODE_17_length_81189_cov_46.771977	81189	correct
2693912	2773105	1	79193	NC_002945.4	NODE_18_length_79377_cov_45.360732	99.99		True
CONTIG	NODE_18_length_79377_cov_45.360732	79377	correct
3124686	3193870	28	69158	NC_002945.4	NODE_19_length_69158_cov_46.711782	99.91		True
CONTIG	NODE_19_length_69158_cov_46.711782	69158	correct
1096985	1165170	1	68186	NC_002945.4	NODE_20_length_68186_cov_46.815513	99.99		True
CONTIG	NODE_20_length_68186_cov_46.815513	68186	correct
2852121	2916393	29	64301	NC_002945.4	NODE_21_length_64301_cov_44.798376	99.98		True
CONTIG	NODE_21_length_64301_cov_44.798376	64301	correct
4194926	4259153	64228	1	NC_002945.4	NODE_22_length_64228_cov_48.195332	99.99		True
CONTIG	NODE_22_length_64228_cov_48.195332	64228	correct
1280097	1343223	63189	1	NC_002945.4	NODE_23_length_63189_cov_49.979592	99.89		True
CONTIG	NODE_23_length_63189_cov_49.979592	63189	correct
1219393	1278412	59020	1	NC_002945.4	NODE_24_length_59025_cov_46.719209	99.98		True
CONTIG	NODE_24_length_59025_cov_46.719209	59025	correct
1413935	1470724	1	56733	NC_002945.4	NODE_25_length_56733_cov_48.255538	99.89		True
CONTIG	NODE_25_length_56733_cov_48.255538	56733	correct
2611645	2665694	3	54103	NC_002945.4	NODE_26_length_54261_cov_45.900192	99.86		True
CONTIG	NODE_26_length_54261_cov_45.900192	54261	correct
2192685	2246087	1	53403	NC_002945.4	NODE_27_length_53403_cov_50.897383	99.99		True
CONTIG	NODE_27_length_53403_cov_50.897383	53403	correct
3777400	3830706	53307	1	NC_002945.4	NODE_28_length_53307_cov_45.834957	99.99		True
CONTIG	NODE_28_length_53307_cov_45.834957	53307	correct
2801012	2852048	1	51037	NC_002945.4	NODE_29_length_51037_cov_46.832430	99.99		True
CONTIG	NODE_29_length_51037_cov_46.832430	51037	correct
1574014	1623844	49991	161	NC_002945.4	NODE_30_length_49991_cov_45.891846	99.98		True
CONTIG	NODE_30_length_49991_cov_45.891846	49991	correct
842482	891078	48597	1	NC_002945.4	NODE_31_length_48597_cov_45.010171	99.99		True
CONTIG	NODE_31_length_48597_cov_45.010171	48597	correct
625328	673271	47944	1	NC_002945.4	NODE_32_length_47978_cov_45.600071	99.99		True
CONTIG	NODE_32_length_47978_cov_45.600071	47978	correct
1214750	1218396	3647	1	NC_002945.4	NODE_33_length_46747_cov_42.839254	100.0		True
local misassembly
1213954	1214774	4587	3767	NC_002945.4	NODE_33_length_46747_cov_42.839254	99.52		True
local misassembly
1190085	1213473	27976	4588	NC_002945.4	NODE_33_length_46747_cov_42.839254	99.96		True
local misassembly
1171083	1189853	46747	27977	NC_002945.4	NODE_33_length_46747_cov_42.839254	99.99		True
CONTIG	NODE_33_length_46747_cov_42.839254	46747	correct
1997108	2040735	43628	1	NC_002945.4	NODE_34_length_44475_cov_44.549360	99.97		True
local misassembly
1996173	1996999	44455	43629	NC_002945.4	NODE_34_length_44475_cov_44.549360	99.88		True
CONTIG	NODE_34_length_44475_cov_44.549360	44475	correct
3880661	3881577	917	1	NC_002945.4	NODE_35_length_44442_cov_44.381000	100.0		True
local misassembly
3836888	3880420	44442	918	NC_002945.4	NODE_35_length_44442_cov_44.381000	99.91		True
CONTIG	NODE_35_length_44442_cov_44.381000	44442	correct
1343879	1386536	42735	73	NC_002945.4	NODE_36_length_42735_cov_46.149784	99.99		True
CONTIG	NODE_36_length_42735_cov_46.149784	42735	correct
4000854	4024975	24310	189	NC_002945.4	NODE_37_length_40850_cov_45.934312	99.98		True
fake: scaffold gap size wrong estimation (local)
3984608	4000631	40434	24411	NC_002945.4	NODE_37_length_40850_cov_45.934312	100.0		True
CONTIG	NODE_37_length_40850_cov_45.934312	40850	correct
930722	970113	39512	1	NC_002945.4	NODE_38_length_39693_cov_46.912147	99.68		True
CONTIG	NODE_38_length_39693_cov_46.912147	39693	correct
2246078	2283745	1	37670	NC_002945.4	NODE_39_length_37670_cov_48.586501	99.95		True
CONTIG	NODE_39_length_37670_cov_48.586501	37670	correct
363892	401308	37417	1	NC_002945.4	NODE_40_length_37417_cov_45.179324	99.99		True
CONTIG	NODE_40_length_37417_cov_45.179324	37417	correct
2372707	2408894	267	36396	NC_002945.4	NODE_41_length_36408_cov_41.899975	99.83		True
CONTIG	NODE_41_length_36408_cov_41.899975	36408	correct
4259930	4293953	34196	175	NC_002945.4	NODE_42_length_34196_cov_46.226012	99.98		True
CONTIG	NODE_42_length_34196_cov_46.226012	34196	correct
3737665	3758843	21352	174	NC_002945.4	NODE_43_length_33961_cov_45.678873	99.99		True
local misassembly
3724846	3737454	33961	21353	NC_002945.4	NODE_43_length_33961_cov_45.678873	99.98		True
CONTIG	NODE_43_length_33961_cov_45.678873	33961	correct
2161798	2192094	1	30298	NC_002945.4	NODE_44_length_30298_cov_48.409764	99.99		True
CONTIG	NODE_44_length_30298_cov_48.409764	30298	correct
2294650	2324495	29846	1	NC_002945.4	NODE_45_length_29846_cov_44.777079	99.99		True
CONTIG	NODE_45_length_29846_cov_44.777079	29846	correct
2343802	2372207	1	28406	NC_002945.4	NODE_46_length_28406_cov_44.672690	99.99		True
CONTIG	NODE_46_length_28406_cov_44.672690	28406	correct
2666298	2693421	27123	1	NC_002945.4	NODE_47_length_27319_cov_46.902398	99.99		True
CONTIG	NODE_47_length_27319_cov_46.902398	27319	correct
105040	132204	1	27165	NC_002945.4	NODE_48_length_27165_cov_44.660219	99.98		True
CONTIG	NODE_48_length_27165_cov_44.660219	27165	correct
306706	333298	26633	146	NC_002945.4	NODE_49_length_26633_cov_45.799668	99.6		True
CONTIG	NODE_49_length_26633_cov_45.799668	26633	correct
1386914	1412955	1	26042	NC_002945.4	NODE_50_length_26042_cov_44.200540	99.98		True
CONTIG	NODE_50_length_26042_cov_44.200540	26042	correct
3674358	3700223	1	25848	NC_002945.4	NODE_51_length_25848_cov_35.190389	99.93		True
CONTIG	NODE_51_length_25848_cov_35.190389	25848	correct
338753	362767	24074	147	NC_002945.4	NODE_52_length_24125_cov_43.823444	99.6		True
CONTIG	NODE_52_length_24125_cov_43.823444	24125	correct
2776970	2799828	22859	1	NC_002945.4	NODE_53_length_22967_cov_48.839842	100.0		True
CONTIG	NODE_53_length_22967_cov_48.839842	22967	correct
2423267	2444953	1	21687	NC_002945.4	NODE_54_length_21687_cov_49.454035	99.99		True
CONTIG	NODE_54_length_21687_cov_49.454035	21687	correct
2140781	2158516	1	17736	NC_002945.4	NODE_55_length_20371_cov_47.932079	99.95		True
local misassembly
2158655	2158913	17737	17995	NC_002945.4	NODE_55_length_20371_cov_47.932079	100.0		True
fake: scaffold gap size wrong estimation (local)
2158914	2160444	18027	19557	NC_002945.4	NODE_55_length_20371_cov_47.932079	95.49		True
CONTIG	NODE_55_length_20371_cov_47.932079	20371	correct
1490961	1491356	396	1	NC_002945.4	NODE_56_length_19210_cov_49.598858	100.0		True
local misassembly
1471935	1490747	19210	397	NC_002945.4	NODE_56_length_19210_cov_49.598858	99.98		True
CONTIG	NODE_56_length_19210_cov_49.598858	19210	correct
3759052	3777383	18334	1	NC_002945.4	NODE_57_length_18334_cov_43.200417	99.97		True
CONTIG	NODE_57_length_18334_cov_43.200417	18334	correct
3424511	3442410	17900	1	NC_002945.4	NODE_58_length_18237_cov_48.380232	99.99		True
CONTIG	NODE_58_length_18237_cov_48.380232	18237	correct
132637	149842	207	17412	NC_002945.4	NODE_59_length_17530_cov_49.315865	99.97		True
CONTIG	NODE_59_length_17530_cov_49.315865	17530	correct
892165	909508	1	17344	NC_002945.4	NODE_60_length_17344_cov_46.726259	99.99		True
CONTIG	NODE_60_length_17344_cov_46.726259	17344	correct
910050	926247	16198	1	NC_002945.4	NODE_61_length_16198_cov_50.418891	99.99		True
CONTIG	NODE_61_length_16198_cov_50.418891	16198	correct
841597	841948	440	89	NC_002945.4	NODE_62_length_15792_cov_45.075008	99.24		True
relocation, inconsistency = 217160
609085	624436	15792	441	NC_002945.4	NODE_62_length_15792_cov_45.075008	99.98		True
CONTIG	NODE_62_length_15792_cov_45.075008	15792	misassembled
3193780	3209294	1	15615	NC_002945.4	NODE_63_length_15615_cov_45.930204	100.0		True
CONTIG	NODE_63_length_15615_cov_45.930204	15615	correct
2041037	2056402	15409	44	NC_002945.4	NODE_64_length_15409_cov_46.732496	99.99		True
CONTIG	NODE_64_length_15409_cov_46.732496	15409	correct
2916851	2931521	14671	1	NC_002945.4	NODE_65_length_14671_cov_52.388889	99.97		True
CONTIG	NODE_65_length_14671_cov_52.388889	14671	correct
2409145	2422776	13632	1	NC_002945.4	NODE_66_length_13977_cov_44.036968	99.98		True
CONTIG	NODE_66_length_13977_cov_44.036968	13977	correct
3712180	3724828	1	12649	NC_002945.4	NODE_67_length_12649_cov_33.216180	99.96		True
CONTIG	NODE_67_length_12649_cov_33.216180	12649	correct
2944619	2957076	12458	1	NC_002945.4	NODE_68_length_12458_cov_45.093423	99.98		True
CONTIG	NODE_68_length_12458_cov_45.093423	12458	correct
3890969	3894344	3376	1	NC_002945.4	NODE_69_length_11628_cov_17.356925	100.0		True
local misassembly
3884643	3890278	9021	3377	NC_002945.4	NODE_69_length_11628_cov_17.356925	99.82		True
local misassembly
3882139	3884027	10958	9022	NC_002945.4	NODE_69_length_11628_cov_17.356925	97.69		True
local misassembly
3881673	3882155	11592	11110	NC_002945.4	NODE_69_length_11628_cov_17.356925	100.0		True
CONTIG	NODE_69_length_11628_cov_17.356925	11628	correct
3700309	3711403	11095	1	NC_002945.4	NODE_70_length_11095_cov_32.127097	100.0		True
CONTIG	NODE_70_length_11095_cov_32.127097	11095	correct
4024997	4035740	10827	84	NC_002945.4	NODE_71_length_11002_cov_45.650115	99.99		True
CONTIG	NODE_71_length_11002_cov_45.650115	11002	correct
2933801	2943963	10163	1	NC_002945.4	NODE_72_length_10163_cov_45.804803	99.99		True
CONTIG	NODE_72_length_10163_cov_45.804803	10163	correct
3209302	3219347	1	10046	NC_002945.4	NODE_73_length_10046_cov_44.137111	100.0		True
CONTIG	NODE_73_length_10046_cov_44.137111	10046	correct
1623839	1633109	7	9231	NC_002945.4	NODE_74_length_9231_cov_40.639279	99.42		True
CONTIG	NODE_74_length_9231_cov_40.639279	9231	correct
2444936	2453625	1	8690	NC_002945.4	NODE_75_length_8785_cov_43.235851	100.0		True
CONTIG	NODE_75_length_8785_cov_43.235851	8785	correct
2600539	2609245	1	8707	NC_002945.4	NODE_76_length_8707_cov_37.476340	99.85		True
CONTIG	NODE_76_length_8707_cov_37.476340	8707	correct
4294618	4301849	7407	176	NC_002945.4	NODE_77_length_7407_cov_39.163874	99.99		True
CONTIG	NODE_77_length_7407_cov_39.163874	7407	correct
1986991	1992127	1	5138	NC_002945.4	NODE_78_length_5138_cov_47.167432	99.96		True
CONTIG	NODE_78_length_5138_cov_47.167432	5138	correct
3830715	3835785	5071	1	NC_002945.4	NODE_79_length_5071_cov_55.917071	100.0		True
CONTIG	NODE_79_length_5071_cov_55.917071	5071	correct
3980100	3984572	4684	212	NC_002945.4	NODE_80_length_4684_cov_39.644503	99.98		True
CONTIG	NODE_80_length_4684_cov_39.644503	4684	correct
1092446	1096461	121	4136	NC_002945.4	NODE_81_length_4136_cov_36.636069	100.0		True
CONTIG	NODE_81_length_4136_cov_36.636069	4136	correct
1165899	1169900	4002	1	NC_002945.4	NODE_82_length_4002_cov_50.484903	99.98		True
CONTIG	NODE_82_length_4002_cov_50.484903	4002	correct
1635657	1638240	1	2533	NC_002945.4	NODE_83_length_3158_cov_23.477400	98.03		True
local misassembly
1638385	1638824	2534	2973	NC_002945.4	NODE_83_length_3158_cov_23.477400	100.0		True
CONTIG	NODE_83_length_3158_cov_23.477400	3158	correct
2284620	2287647	1	3028	NC_002945.4	NODE_84_length_3028_cov_31.923130	99.77		True
CONTIG	NODE_84_length_3028_cov_31.923130	3028	correct
2290710	2293716	1	3007	NC_002945.4	NODE_85_length_3007_cov_36.597917	100.0		True
CONTIG	NODE_85_length_3007_cov_36.597917	3007	correct
1993335	1996102	2768	1	NC_002945.4	NODE_86_length_2768_cov_51.782279	100.0		True
CONTIG	NODE_86_length_2768_cov_51.782279	2768	correct
928970	930589	1620	1	NC_002945.4	NODE_87_length_2360_cov_11.503807	100.0		True
local misassembly
928383	928975	2360	1759	NC_002945.4	NODE_87_length_2360_cov_11.503807	98.5		True
CONTIG	NODE_87_length_2360_cov_11.503807	2360	correct
2609387	2611609	2223	1	NC_002945.4	NODE_88_length_2223_cov_29.075382	100.0		True
CONTIG	NODE_88_length_2223_cov_29.075382	2223	correct
337079	337212	1	134	NC_002945.4	NODE_89_length_2110_cov_9.679274	99.25		True
local misassembly
337061	338908	205	2061	NC_002945.4	NODE_89_length_2110_cov_9.679274	98.49		True
CONTIG	NODE_89_length_2110_cov_9.679274	2110	correct
674728	676205	1	1478	NC_002945.4	NODE_90_length_1694_cov_5.761966	100.0		True
CONTIG	NODE_90_length_1694_cov_5.761966	1694	correct
CONTIG	NODE_91_length_1691_cov_0.796675	1691	unaligned
2774189	2775585	169	1565	NC_002945.4	NODE_92_length_1565_cov_7.464534	99.93		True
CONTIG	NODE_92_length_1565_cov_7.464534	1565	correct
334077	335439	1	1363	NC_002945.4	NODE_93_length_1553_cov_9.626227	99.78		True
CONTIG	NODE_93_length_1553_cov_9.626227	1553	correct
401182	402731	1550	1	NC_002945.4	NODE_94_length_1550_cov_81.702741	99.94		True
CONTIG	NODE_94_length_1550_cov_81.702741	1550	correct
4193589	4195052	1464	1	NC_002945.4	NODE_95_length_1464_cov_99.707554	100.0		True
CONTIG	NODE_95_length_1464_cov_99.707554	1464	correct
3443593	3445031	1	1439	NC_002945.4	NODE_96_length_1439_cov_56.724848	100.0		True
CONTIG	NODE_96_length_1439_cov_56.724848	1439	correct
2324569	2325846	110	1387	NC_002945.4	NODE_97_length_1387_cov_42.119048	100.0		True
CONTIG	NODE_97_length_1387_cov_42.119048	1387	correct
3673145	3674484	1340	1	NC_002945.4	NODE_98_length_1340_cov_85.255565	100.0		True
CONTIG	NODE_98_length_1340_cov_85.255565	1340	correct
3339137	3340461	1	1325	NC_002945.4	NODE_99_length_1325_cov_41.137730	100.0		True
CONTIG	NODE_99_length_1325_cov_41.137730	1325	correct
3835659	3836979	1	1321	NC_002945.4	NODE_100_length_1321_cov_93.985762	99.77		True
CONTIG	NODE_100_length_1321_cov_93.985762	1321	correct
2931522	2932827	1306	1	NC_002945.4	NODE_101_length_1306_cov_20.399163	99.85		True
CONTIG	NODE_101_length_1306_cov_20.399163	1306	correct
2288581	2289835	1	1255	NC_002945.4	NODE_102_length_1255_cov_55.085993	100.0		True
CONTIG	NODE_102_length_1255_cov_55.085993	1255	correct
673511	674627	32	1148	NC_002945.4	NODE_103_length_1200_cov_2.606710	99.73		True
CONTIG	NODE_103_length_1200_cov_2.606710	1200	correct
2287521	2288707	1	1187	NC_002945.4	NODE_104_length_1187_cov_37.609434	100.0		True
CONTIG	NODE_104_length_1187_cov_37.609434	1187	correct
CONTIG	NODE_105_length_1183_cov_5.125000	1183	unaligned
2283619	2284746	1	1128	NC_002945.4	NODE_106_length_1128_cov_92.725275	99.91		True
CONTIG	NODE_106_length_1128_cov_92.725275	1128	correct
839687	840706	1	1020	NC_002945.4	NODE_107_length_1117_cov_18.715152	100.0		True
CONTIG	NODE_107_length_1117_cov_18.715152	1117	correct
3711277	3712306	1030	1	NC_002945.4	NODE_108_length_1030_cov_90.021041	100.0		True
CONTIG	NODE_108_length_1030_cov_90.021041	1030	correct
1165044	1166025	1	982	NC_002945.4	NODE_109_length_982_cov_91.637427	100.0		True
CONTIG	NODE_109_length_982_cov_91.637427	982	correct
CONTIG	NODE_110_length_964_cov_1.129032	964	unaligned
362877	363832	3	958	NC_002945.4	NODE_111_length_958_cov_3.393502	99.9		True
CONTIG	NODE_111_length_958_cov_3.393502	958	correct
2800228	2801136	1	909	NC_002945.4	NODE_112_length_909_cov_309.540921	100.0		True
CONTIG	NODE_112_length_909_cov_309.540921	909	correct
3341521	3342410	1	890	NC_002945.4	NODE_113_length_890_cov_31.661861	100.0		True
CONTIG	NODE_113_length_890_cov_31.661861	890	correct
335765	336409	224	868	NC_002945.4	NODE_114_length_868_cov_7.437247	100.0		True
CONTIG	NODE_114_length_868_cov_7.437247	868	correct
2191968	2192811	1	844	NC_002945.4	NODE_115_length_844_cov_91.626220	100.0		True
CONTIG	NODE_115_length_844_cov_91.626220	844	correct
3444905	3445699	795	1	NC_002945.4	NODE_116_length_795_cov_97.494012	100.0		True
CONTIG	NODE_116_length_795_cov_97.494012	795	correct
2422650	2423393	1	744	NC_002945.4	NODE_117_length_744_cov_91.910859	100.0		True
CONTIG	NODE_117_length_744_cov_91.910859	744	correct
3979419	3980043	625	1	NC_002945.4	NODE_118_length_743_cov_1.860390	99.52		True
CONTIG	NODE_118_length_743_cov_1.860390	743	correct
1091418	1092121	1	704	NC_002945.4	NODE_119_length_704_cov_1.485269	99.01		True
CONTIG	NODE_119_length_704_cov_1.485269	704	correct
CONTIG	NODE_120_length_703_cov_1.399306	703	unaligned
1985820	1986476	657	1	NC_002945.4	NODE_121_length_657_cov_3.241509	100.0		True
CONTIG	NODE_121_length_657_cov_3.241509	657	correct
2773506	2774151	646	1	NC_002945.4	NODE_122_length_646_cov_3.628131	100.0		True
CONTIG	NODE_122_length_646_cov_3.628131	646	correct
CONTIG	NODE_123_length_641_cov_0.525292	641	unaligned
3340552	3341186	1	635	NC_002945.4	NODE_124_length_635_cov_37.972441	100.0		True
CONTIG	NODE_124_length_635_cov_37.972441	635	correct
CONTIG	NODE_125_length_627_cov_1.650000	627	unaligned
CONTIG	NODE_126_length_615_cov_0.887295	615	unaligned
3341060	3341647	588	1	NC_002945.4	NODE_127_length_588_cov_79.301518	100.0		True
CONTIG	NODE_127_length_588_cov_79.301518	588	correct
CONTIG	NODE_128_length_571_cov_0.833333	571	unaligned
1386517	1386912	396	1	NC_002945.4	NODE_129_length_558_cov_0.661253	98.99		True
CONTIG	NODE_129_length_558_cov_0.661253	558	correct
CONTIG	NODE_130_length_557_cov_1.232558	557	unaligned
CONTIG	NODE_131_length_538_cov_0.924574	538	unaligned
CONTIG	NODE_132_length_518_cov_0.680307	518	unaligned
2932948	2933087	355	216	NC_002945.4	NODE_133_length_518_cov_0.631714	97.14		True
CONTIG	NODE_133_length_518_cov_0.631714	518	correct
CONTIG	NODE_134_length_507_cov_1.952632	507	unaligned
CONTIG	NODE_135_length_503_cov_1.210106	503	unaligned
