S1	E1	S2	E2	Reference	Contig	IDY	Ambiguous	Best_group
3445573	3673271	1	227591	NC_002945.4	NODE_1_length_227591_cov_47.878631	99.93		True
CONTIG	NODE_1_length_227591_cov_47.878631	227591	correct
2453641	2665668	212168	83	NC_002945.4	NODE_2_length_212192_cov_47.477613	99.96		True
CONTIG	NODE_2_length_212192_cov_47.477613	212192	correct
402605	607788	1	204915	NC_002945.4	NODE_3_length_204915_cov_46.776671	99.86		True
CONTIG	NODE_3_length_204915_cov_46.776671	204915	correct
676717	726351	150	49784	NC_002945.4	NODE_4_length_160780_cov_46.732243	99.98		True
local misassembly
726546	824045	49807	147307	NC_002945.4	NODE_4_length_160780_cov_46.732243	99.99		True
local misassembly
824601	838029	147308	160736	NC_002945.4	NODE_4_length_160780_cov_46.732243	99.98		True
CONTIG	NODE_4_length_160780_cov_46.732243	160780	correct
150092	306669	1	156551	NC_002945.4	NODE_5_length_156551_cov_47.521634	99.97		True
CONTIG	NODE_5_length_156551_cov_47.521634	156551	correct
30083	103918	73849	1	NC_002945.4	NODE_6_length_142832_cov_48.233040	99.96		True
local misassembly
1	29469	103319	73851	NC_002945.4	NODE_6_length_142832_cov_48.233040	99.98		True
fake: not a misassembly [linear representation of circular genome]
4310391	4349904	142832	103320	NC_002945.4	NODE_6_length_142832_cov_48.233040	99.98		True
CONTIG	NODE_6_length_142832_cov_48.233040	142832	correct
1854190	1985613	130958	1	NC_002945.4	NODE_7_length_131192_cov_45.131858	99.63		True
CONTIG	NODE_7_length_131192_cov_45.131858	131192	correct
1638940	1769053	124	130236	NC_002945.4	NODE_8_length_130328_cov_48.853404	99.99		True
CONTIG	NODE_8_length_130328_cov_48.853404	130328	correct
970273	1009472	71	39269	NC_002945.4	NODE_9_length_120000_cov_47.610555	99.97		True
relocation, inconsistency = 1457
1010930	1091476	39270	119819	NC_002945.4	NODE_9_length_120000_cov_47.610555	99.99		True
CONTIG	NODE_9_length_120000_cov_47.610555	120000	misassembled
3297493	3338802	41479	1	NC_002945.4	NODE_10_length_119671_cov_46.960215	99.81		True
indel: stretch of mismatches
3219358	3297478	119671	41494	NC_002945.4	NODE_10_length_119671_cov_46.960215	99.92		True
CONTIG	NODE_10_length_119671_cov_46.960215	119671	correct
1387062	1417336	30275	1	NC_002945.4	NODE_11_length_104895_cov_46.613174	99.98		True
relocation, inconsistency = -467096
1779460	1854157	104895	30276	NC_002945.4	NODE_11_length_104895_cov_46.613174	99.89		True
CONTIG	NODE_11_length_104895_cov_46.613174	104895	misassembled
3343594	3442410	1	98885	NC_002945.4	NODE_12_length_98885_cov_48.479090	99.92		True
CONTIG	NODE_12_length_98885_cov_48.479090	98885	correct
3015723	3108486	1	92128	NC_002945.4	NODE_13_length_92129_cov_46.405687	99.06		True
CONTIG	NODE_13_length_92129_cov_46.405687	92129	correct
3124583	3209295	1	84703	NC_002945.4	NODE_14_length_84703_cov_47.033922	99.86		True
CONTIG	NODE_14_length_84703_cov_47.033922	84703	correct
3897145	3979670	82517	1	NC_002945.4	NODE_15_length_82517_cov_47.584403	99.98		True
CONTIG	NODE_15_length_82517_cov_47.584403	82517	correct
1491976	1573356	99	81479	NC_002945.4	NODE_16_length_81696_cov_49.530949	99.93		True
CONTIG	NODE_16_length_81696_cov_49.530949	81696	correct
2693912	2773104	79319	128	NC_002945.4	NODE_17_length_79319_cov_45.788767	99.99		True
CONTIG	NODE_17_length_79319_cov_45.788767	79319	correct
1092436	1165170	1	72724	NC_002945.4	NODE_18_length_72724_cov_47.042206	99.96		True
CONTIG	NODE_18_length_72724_cov_47.042206	72724	correct
2944619	3015672	70902	4	NC_002945.4	NODE_19_length_70902_cov_46.654807	99.77		True
CONTIG	NODE_19_length_70902_cov_46.654807	70902	correct
4194926	4259153	64228	1	NC_002945.4	NODE_20_length_64228_cov_49.414892	99.99		True
CONTIG	NODE_20_length_64228_cov_49.414892	64228	correct
2852105	2916214	64109	1	NC_002945.4	NODE_21_length_64109_cov_46.831734	99.98		True
CONTIG	NODE_21_length_64109_cov_46.831734	64109	correct
1280097	1343223	63190	1	NC_002945.4	NODE_22_length_63190_cov_50.960246	99.89		True
CONTIG	NODE_22_length_63190_cov_50.960246	63190	correct
4035858	4097403	4	61549	NC_002945.4	NODE_23_length_61549_cov_44.999398	99.98		True
CONTIG	NODE_23_length_61549_cov_44.999398	61549	correct
1219555	1278412	58858	1	NC_002945.4	NODE_24_length_58858_cov_48.044372	99.99		True
CONTIG	NODE_24_length_58858_cov_48.044372	58858	correct
1997099	2054984	57886	1	NC_002945.4	NODE_25_length_57886_cov_47.866826	99.98		True
CONTIG	NODE_25_length_57886_cov_47.866826	57886	correct
2083596	2140714	163	57281	NC_002945.4	NODE_26_length_57309_cov_49.888531	99.99		True
CONTIG	NODE_26_length_57309_cov_49.888531	57309	correct
3777400	3830673	53333	61	NC_002945.4	NODE_27_length_53333_cov_47.387851	99.98		True
CONTIG	NODE_27_length_53333_cov_47.387851	53333	correct
2192685	2245161	52477	1	NC_002945.4	NODE_28_length_52477_cov_52.296600	99.99		True
CONTIG	NODE_28_length_52477_cov_52.296600	52477	correct
1418316	1470724	52352	1	NC_002945.4	NODE_29_length_52352_cov_49.049861	99.88		True
CONTIG	NODE_29_length_52352_cov_49.049861	52352	correct
4141985	4193715	1	51731	NC_002945.4	NODE_30_length_51731_cov_48.408379	99.98		True
CONTIG	NODE_30_length_51731_cov_48.408379	51731	correct
4000854	4035714	35051	191	NC_002945.4	NODE_31_length_51117_cov_46.440851	99.98		True
fake: scaffold gap size wrong estimation (local)
3984859	4000631	50924	35152	NC_002945.4	NODE_31_length_51117_cov_46.440851	100.0		True
CONTIG	NODE_31_length_51117_cov_46.440851	51117	correct
2801012	2852056	1	51045	NC_002945.4	NODE_32_length_51045_cov_48.140834	99.99		True
CONTIG	NODE_32_length_51045_cov_48.140834	51045	correct
1574013	1623832	49820	1	NC_002945.4	NODE_33_length_49820_cov_46.121647	99.98		True
CONTIG	NODE_33_length_49820_cov_46.121647	49820	correct
842426	891078	48626	1	NC_002945.4	NODE_34_length_49646_cov_45.413902	99.93		True
CONTIG	NODE_34_length_49646_cov_45.413902	49646	correct
624949	673371	1	48390	NC_002945.4	NODE_35_length_48394_cov_45.423913	99.92		True
CONTIG	NODE_35_length_48394_cov_45.423913	48394	correct
4097387	4141972	1	44586	NC_002945.4	NODE_36_length_44758_cov_46.595729	100.0		True
CONTIG	NODE_36_length_44758_cov_46.595729	44758	correct
1343879	1386510	43061	425	NC_002945.4	NODE_37_length_43061_cov_46.305306	99.99		True
CONTIG	NODE_37_length_43061_cov_46.305306	43061	correct
3836888	3878134	41239	1	NC_002945.4	NODE_38_length_41239_cov_47.171483	99.96		True
CONTIG	NODE_38_length_41239_cov_47.171483	41239	correct
1192713	1213474	20917	153	NC_002945.4	NODE_39_length_39689_cov_46.120317	99.89		True
relocation, inconsistency = 2858
1171083	1189854	39689	20918	NC_002945.4	NODE_39_length_39689_cov_46.120317	99.99		True
CONTIG	NODE_39_length_39689_cov_46.120317	39689	misassembled
930638	970082	1	39565	NC_002945.4	NODE_40_length_39565_cov_47.081343	99.68		True
CONTIG	NODE_40_length_39565_cov_47.081343	39565	correct
363939	401308	37370	1	NC_002945.4	NODE_41_length_37571_cov_45.504700	99.99		True
CONTIG	NODE_41_length_37571_cov_45.504700	37571	correct
2246369	2283745	1	37379	NC_002945.4	NODE_42_length_37379_cov_50.800574	99.95		True
CONTIG	NODE_42_length_37379_cov_50.800574	37379	correct
4259930	4293944	1	34013	NC_002945.4	NODE_43_length_34013_cov_47.344183	99.98		True
CONTIG	NODE_43_length_34013_cov_47.344183	34013	correct
3737665	3758851	21260	74	NC_002945.4	NODE_44_length_33869_cov_46.910231	99.98		True
local misassembly
3724846	3737454	33869	21261	NC_002945.4	NODE_44_length_33869_cov_46.910231	99.98		True
CONTIG	NODE_44_length_33869_cov_46.910231	33869	correct
2161798	2192094	30298	1	NC_002945.4	NODE_45_length_30298_cov_48.439064	99.99		True
CONTIG	NODE_45_length_30298_cov_48.439064	30298	correct
2294650	2324499	29850	1	NC_002945.4	NODE_46_length_29850_cov_45.351176	99.99		True
CONTIG	NODE_46_length_29850_cov_45.351176	29850	correct
2344589	2372341	27753	1	NC_002945.4	NODE_47_length_27753_cov_45.612322	99.99		True
CONTIG	NODE_47_length_27753_cov_45.612322	27753	correct
2666131	2693421	331	27620	NC_002945.4	NODE_48_length_27620_cov_47.135453	99.99		True
CONTIG	NODE_48_length_27620_cov_47.135453	27620	correct
105040	132612	27573	1	NC_002945.4	NODE_49_length_27573_cov_46.037091	99.98		True
CONTIG	NODE_49_length_27573_cov_46.037091	27573	correct
2057110	2083479	191	26560	NC_002945.4	NODE_50_length_26681_cov_46.944679	99.98		True
CONTIG	NODE_50_length_26681_cov_46.944679	26681	correct
306711	333298	1	26483	NC_002945.4	NODE_51_length_26649_cov_46.239235	99.6		True
CONTIG	NODE_51_length_26649_cov_46.239235	26649	correct
338784	363823	24958	6	NC_002945.4	NODE_52_length_25393_cov_41.137022	99.62		True
CONTIG	NODE_52_length_25393_cov_41.137022	25393	correct
3674358	3699724	1	25232	NC_002945.4	NODE_53_length_25232_cov_35.771520	99.47		True
CONTIG	NODE_53_length_25232_cov_35.771520	25232	correct
2386668	2408721	1	22054	NC_002945.4	NODE_54_length_22054_cov_39.350162	100.0		True
CONTIG	NODE_54_length_22054_cov_39.350162	22054	correct
2423267	2444953	21687	1	NC_002945.4	NODE_55_length_21687_cov_49.220083	99.99		True
CONTIG	NODE_55_length_21687_cov_49.220083	21687	correct
2158655	2160849	2226	1	NC_002945.4	NODE_56_length_19947_cov_51.108325	100.0		True
local misassembly
2140796	2158516	19947	2227	NC_002945.4	NODE_56_length_19947_cov_51.108325	99.96		True
CONTIG	NODE_56_length_19947_cov_51.108325	19947	correct
1490961	1491727	767	1	NC_002945.4	NODE_57_length_19581_cov_49.864347	100.0		True
local misassembly
1471935	1490747	19581	768	NC_002945.4	NODE_57_length_19581_cov_49.864347	99.98		True
CONTIG	NODE_57_length_19581_cov_49.864347	19581	correct
2326281	2343758	17478	1	NC_002945.4	NODE_58_length_17659_cov_43.434406	99.98		True
CONTIG	NODE_58_length_17659_cov_43.434406	17659	correct
3759947	3777383	10	17448	NC_002945.4	NODE_59_length_17448_cov_44.446106	99.95		True
CONTIG	NODE_59_length_17448_cov_44.446106	17448	correct
892165	909508	1	17344	NC_002945.4	NODE_60_length_17344_cov_48.476854	99.99		True
CONTIG	NODE_60_length_17344_cov_48.476854	17344	correct
132714	149944	17231	1	NC_002945.4	NODE_61_length_17231_cov_50.639266	99.96		True
CONTIG	NODE_61_length_17231_cov_50.639266	17231	correct
2776926	2793846	16946	26	NC_002945.4	NODE_62_length_16946_cov_50.055651	100.0		True
CONTIG	NODE_62_length_16946_cov_50.055651	16946	correct
910050	926301	1	16252	NC_002945.4	NODE_63_length_16252_cov_50.395845	99.99		True
CONTIG	NODE_63_length_16252_cov_50.395845	16252	correct
3108543	3124627	71	16155	NC_002945.4	NODE_64_length_16155_cov_44.175256	99.98		True
CONTIG	NODE_64_length_16155_cov_44.175256	16155	correct
4294631	4310456	15963	138	NC_002945.4	NODE_65_length_15990_cov_43.014751	99.97		True
CONTIG	NODE_65_length_15990_cov_43.014751	15990	correct
2916851	2932195	15411	67	NC_002945.4	NODE_66_length_15411_cov_52.536509	99.96		True
CONTIG	NODE_66_length_15411_cov_52.536509	15411	correct
609085	624460	1	15376	NC_002945.4	NODE_67_length_15376_cov_45.712571	99.99		True
CONTIG	NODE_67_length_15376_cov_45.712571	15376	correct
2372369	2386761	1	14393	NC_002945.4	NODE_68_length_14393_cov_47.962428	99.98		True
CONTIG	NODE_68_length_14393_cov_47.962428	14393	correct
2409215	2422776	319	13880	NC_002945.4	NODE_69_length_13880_cov_45.866356	99.98		True
CONTIG	NODE_69_length_13880_cov_45.866356	13880	correct
3712180	3724845	12704	39	NC_002945.4	NODE_70_length_12704_cov_33.177944	99.96		True
CONTIG	NODE_70_length_12704_cov_33.177944	12704	correct
3700432	3711403	128	11099	NC_002945.4	NODE_71_length_11099_cov_33.652479	100.0		True
CONTIG	NODE_71_length_11099_cov_33.652479	11099	correct
2933798	2943963	10166	1	NC_002945.4	NODE_72_length_10166_cov_47.188067	99.98		True
CONTIG	NODE_72_length_10166_cov_47.188067	10166	correct
3209296	3219347	1	10052	NC_002945.4	NODE_73_length_10052_cov_47.151436	100.0		True
CONTIG	NODE_73_length_10052_cov_47.151436	10052	correct
1623846	1633320	1	9418	NC_002945.4	NODE_74_length_9418_cov_39.358196	99.37		True
CONTIG	NODE_74_length_9418_cov_39.358196	9418	correct
2444936	2453623	8610	1	NC_002945.4	NODE_75_length_8610_cov_46.596959	99.1		True
CONTIG	NODE_75_length_8610_cov_46.596959	8610	correct
3884660	3890278	1	5628	NC_002945.4	NODE_76_length_8091_cov_23.032019	99.79		True
local misassembly
3890969	3893222	5629	7882	NC_002945.4	NODE_76_length_8091_cov_23.032019	99.92		True
CONTIG	NODE_76_length_8091_cov_23.032019	8091	correct
2793832	2799828	5997	1	NC_002945.4	NODE_77_length_5997_cov_43.496763	99.98		True
CONTIG	NODE_77_length_5997_cov_43.496763	5997	correct
1987019	1992127	5110	1	NC_002945.4	NODE_78_length_5110_cov_45.712623	99.98		True
CONTIG	NODE_78_length_5110_cov_45.712623	5110	correct
3830708	3835785	5078	1	NC_002945.4	NODE_79_length_5091_cov_53.079774	100.0		True
CONTIG	NODE_79_length_5091_cov_53.079774	5091	correct
1213951	1214774	1	824	NC_002945.4	NODE_80_length_4654_cov_33.804948	98.79		True
local misassembly
1214750	1218294	944	4488	NC_002945.4	NODE_80_length_4654_cov_33.804948	100.0		True
CONTIG	NODE_80_length_4654_cov_33.804948	4654	correct
3980165	3984476	1	4312	NC_002945.4	NODE_81_length_4416_cov_40.102821	100.0		True
CONTIG	NODE_81_length_4416_cov_40.102821	4416	correct
1165899	1169900	1	4002	NC_002945.4	NODE_82_length_4002_cov_45.749419	99.98		True
CONTIG	NODE_82_length_4002_cov_45.749419	4002	correct
3894591	3895303	1	713	NC_002945.4	NODE_83_length_3271_cov_15.352099	100.0		True
relocation, inconsistency = -13642
3882139	3884171	1191	3271	NC_002945.4	NODE_83_length_3271_cov_15.352099	97.69		True
CONTIG	NODE_83_length_3271_cov_15.352099	3271	misassembled
1638385	1638698	496	183	NC_002945.4	NODE_84_length_3080_cov_23.627159	100.0		True
local misassembly
1635657	1638240	3080	497	NC_002945.4	NODE_84_length_3080_cov_23.627159	100.0		True
CONTIG	NODE_84_length_3080_cov_23.627159	3080	correct
2284620	2287647	1	3028	NC_002945.4	NODE_85_length_3028_cov_36.748363	99.77		True
CONTIG	NODE_85_length_3028_cov_36.748363	3028	correct
2290710	2293716	3007	1	NC_002945.4	NODE_86_length_3007_cov_35.265625	100.0		True
CONTIG	NODE_86_length_3007_cov_35.265625	3007	correct
1993335	1996068	2916	183	NC_002945.4	NODE_87_length_2916_cov_50.564719	100.0		True
CONTIG	NODE_87_length_2916_cov_50.564719	2916	correct
928970	930552	1675	93	NC_002945.4	NODE_88_length_2893_cov_9.459508	100.0		True
local misassembly
928336	928975	2462	1814	NC_002945.4	NODE_88_length_2893_cov_9.459508	98.61		True
relocation, inconsistency = 86366
841547	841969	2885	2463	NC_002945.4	NODE_88_length_2893_cov_9.459508	95.86		True
CONTIG	NODE_88_length_2893_cov_9.459508	2893	misassembled
1190378	1193012	2635	1	NC_002945.4	NODE_89_length_2635_cov_17.426635	99.96		True
CONTIG	NODE_89_length_2635_cov_17.426635	2635	correct
3878889	3879001	1	113	NC_002945.4	NODE_90_length_2147_cov_6.285149	99.25		True
local misassembly
3878384	3880417	114	2147	NC_002945.4	NODE_90_length_2147_cov_6.285149	100.0		True
CONTIG	NODE_90_length_2147_cov_6.285149	2147	correct
3884045	3884466	1	404	NC_002945.4	NODE_91_length_2038_cov_6.047619	95.5		True
relocation, inconsistency = 3207677
674869	676357	1903	415	NC_002945.4	NODE_91_length_2038_cov_6.047619	99.66		True
CONTIG	NODE_91_length_2038_cov_6.047619	2038	misassembled
607662	609211	1550	1	NC_002945.4	NODE_92_length_1550_cov_76.104006	99.94		True
CONTIG	NODE_92_length_1550_cov_76.104006	1550	correct
2054985	2056454	1470	1	NC_002945.4	NODE_93_length_1470_cov_32.899812	100.0		True
CONTIG	NODE_93_length_1470_cov_32.899812	1470	correct
4193589	4195052	1	1464	NC_002945.4	NODE_94_length_1464_cov_109.418848	100.0		True
CONTIG	NODE_94_length_1464_cov_109.418848	1464	correct
1992001	1993461	1461	1	NC_002945.4	NODE_95_length_1461_cov_66.008246	100.0		True
CONTIG	NODE_95_length_1461_cov_66.008246	1461	correct
3443593	3445031	1439	1	NC_002945.4	NODE_96_length_1439_cov_56.625762	100.0		True
CONTIG	NODE_96_length_1439_cov_56.625762	1439	correct
2324533	2325837	1305	1	NC_002945.4	NODE_97_length_1423_cov_36.676698	100.0		True
CONTIG	NODE_97_length_1423_cov_36.676698	1423	correct
2774309	2775598	1290	1	NC_002945.4	NODE_98_length_1407_cov_8.451562	99.61		True
CONTIG	NODE_98_length_1407_cov_8.451562	1407	correct
3673145	3674484	1340	1	NC_002945.4	NODE_99_length_1340_cov_95.838417	100.0		True
CONTIG	NODE_99_length_1340_cov_95.838417	1340	correct
3339137	3340461	1325	1	NC_002945.4	NODE_100_length_1325_cov_47.499165	100.0		True
CONTIG	NODE_100_length_1325_cov_47.499165	1325	correct
3835659	3836979	1	1321	NC_002945.4	NODE_101_length_1321_cov_99.034338	99.7		True
CONTIG	NODE_101_length_1321_cov_99.034338	1321	correct
673511	674718	1163	1	NC_002945.4	NODE_102_length_1304_cov_3.231946	96.19		True
CONTIG	NODE_102_length_1304_cov_3.231946	1304	correct
2288581	2289835	1	1255	NC_002945.4	NODE_103_length_1255_cov_51.000000	100.0		True
CONTIG	NODE_103_length_1255_cov_51.000000	1255	correct
336693	337778	1096	11	NC_002945.4	NODE_104_length_1220_cov_17.828911	99.91		True
CONTIG	NODE_104_length_1220_cov_17.828911	1220	correct
2287521	2288707	1187	1	NC_002945.4	NODE_105_length_1187_cov_32.293396	100.0		True
CONTIG	NODE_105_length_1187_cov_32.293396	1187	correct
2289709	2290836	1	1128	NC_002945.4	NODE_106_length_1128_cov_85.240759	99.91		True
CONTIG	NODE_106_length_1128_cov_85.240759	1128	correct
839693	840737	11	1055	NC_002945.4	NODE_107_length_1083_cov_19.664226	100.0		True
CONTIG	NODE_107_length_1083_cov_19.664226	1083	correct
3711277	3712306	1030	1	NC_002945.4	NODE_108_length_1030_cov_99.923588	100.0		True
CONTIG	NODE_108_length_1030_cov_99.923588	1030	correct
1165044	1166025	1	982	NC_002945.4	NODE_109_length_982_cov_87.204678	100.0		True
CONTIG	NODE_109_length_982_cov_87.204678	982	correct
1169775	1170683	909	1	NC_002945.4	NODE_110_length_909_cov_308.796675	100.0		True
CONTIG	NODE_110_length_909_cov_308.796675	909	correct
3758951	3759796	846	1	NC_002945.4	NODE_111_length_901_cov_1.667959	99.76		True
CONTIG	NODE_111_length_901_cov_1.667959	901	correct
3341521	3342410	890	1	NC_002945.4	NODE_112_length_890_cov_31.214941	100.0		True
CONTIG	NODE_112_length_890_cov_31.214941	890	correct
1278286	1279129	844	1	NC_002945.4	NODE_113_length_844_cov_96.545328	100.0		True
CONTIG	NODE_113_length_844_cov_96.545328	844	correct
2773502	2774071	747	178	NC_002945.4	NODE_114_length_836_cov_3.074753	99.3		True
CONTIG	NODE_114_length_836_cov_3.074753	836	correct
338175	338755	670	90	NC_002945.4	NODE_115_length_805_cov_3.455752	100.0		True
CONTIG	NODE_115_length_805_cov_3.455752	805	correct
909382	910176	795	1	NC_002945.4	NODE_116_length_795_cov_99.494012	100.0		True
CONTIG	NODE_116_length_795_cov_99.494012	795	correct
2343835	2344588	754	1	NC_002945.4	NODE_117_length_754_cov_24.221339	100.0		True
CONTIG	NODE_117_length_754_cov_24.221339	754	correct
2693295	2694038	744	1	NC_002945.4	NODE_118_length_744_cov_91.212318	100.0		True
CONTIG	NODE_118_length_744_cov_91.212318	744	correct
1091352	1092053	4	705	NC_002945.4	NODE_119_length_705_cov_1.524221	98.15		True
CONTIG	NODE_119_length_705_cov_1.524221	705	correct
1219033	1219499	30	496	NC_002945.4	NODE_120_length_691_cov_0.659574	99.79		True
CONTIG	NODE_120_length_691_cov_0.659574	691	correct
2160895	2161533	639	1	NC_002945.4	NODE_121_length_639_cov_50.607422	100.0		True
CONTIG	NODE_121_length_639_cov_50.607422	639	correct
3340552	3341186	635	1	NC_002945.4	NODE_122_length_635_cov_30.818898	100.0		True
CONTIG	NODE_122_length_635_cov_30.818898	635	correct
1996501	1996934	596	163	NC_002945.4	NODE_123_length_596_cov_5.339019	100.0		True
CONTIG	NODE_123_length_596_cov_5.339019	596	correct
3880498	3881088	1	591	NC_002945.4	NODE_124_length_591_cov_27.000000	100.0		True
CONTIG	NODE_124_length_591_cov_27.000000	591	correct
1218426	1218875	1	450	NC_002945.4	NODE_125_length_589_cov_1.084416	99.78		True
CONTIG	NODE_125_length_589_cov_1.084416	589	correct
3338676	3339263	588	1	NC_002945.4	NODE_126_length_588_cov_65.885033	100.0		True
CONTIG	NODE_126_length_588_cov_65.885033	588	correct
1985853	1986411	1	559	NC_002945.4	NODE_127_length_559_cov_5.287037	100.0		True
CONTIG	NODE_127_length_559_cov_5.287037	559	correct
4294093	4294601	509	1	NC_002945.4	NODE_128_length_509_cov_5.858639	100.0		True
CONTIG	NODE_128_length_509_cov_5.858639	509	correct
