S1	E1	S2	E2	Reference	Contig	IDY	Ambiguous	Best_group
2944619	3193870	248407	1	NC_002945.4	NODE_1_length_248407_cov_45.105474	99.56		True
CONTIG	NODE_1_length_248407_cov_45.105474	248407	correct
2423267	2665748	1	242426	NC_002945.4	NODE_2_length_242426_cov_44.747267	99.92		True
CONTIG	NODE_2_length_242426_cov_44.747267	242426	correct
3445573	3673271	1	227591	NC_002945.4	NODE_3_length_227591_cov_46.042257	99.93		True
CONTIG	NODE_3_length_227591_cov_46.042257	227591	correct
402456	607788	205064	1	NC_002945.4	NODE_4_length_205064_cov_45.237883	99.86		True
CONTIG	NODE_4_length_205064_cov_45.237883	205064	correct
824601	838057	13457	1	NC_002945.4	NODE_5_length_160913_cov_45.621572	99.98		True
local misassembly
676591	824045	160913	13458	NC_002945.4	NODE_5_length_160913_cov_45.621572	99.99		True
CONTIG	NODE_5_length_160913_cov_45.621572	160913	correct
4035885	4193715	157698	1	NC_002945.4	NODE_6_length_157698_cov_45.467434	99.91		True
CONTIG	NODE_6_length_157698_cov_45.467434	157698	correct
150265	306697	124	156529	NC_002945.4	NODE_7_length_156529_cov_45.278686	99.97		True
CONTIG	NODE_7_length_156529_cov_45.278686	156529	correct
4310316	4349904	170	39757	NC_002945.4	NODE_8_length_143076_cov_47.185843	99.98		True
fake: not a misassembly [linear representation of circular genome]
1	29469	39758	69226	NC_002945.4	NODE_8_length_143076_cov_47.185843	99.99		True
local misassembly
30083	103918	69228	143076	NC_002945.4	NODE_8_length_143076_cov_47.185843	99.96		True
CONTIG	NODE_8_length_143076_cov_47.185843	143076	correct
1853819	1985614	131335	6	NC_002945.4	NODE_9_length_131335_cov_43.680896	99.63		True
CONTIG	NODE_9_length_131335_cov_43.680896	131335	correct
1638907	1769053	130238	93	NC_002945.4	NODE_10_length_130373_cov_47.344786	99.99		True
CONTIG	NODE_10_length_130373_cov_47.344786	130373	correct
1387434	1470724	83234	1	NC_002945.4	NODE_11_length_125840_cov_45.622728	99.91		True
local misassembly
1343879	1386479	125840	83235	NC_002945.4	NODE_11_length_125840_cov_45.622728	99.92		True
CONTIG	NODE_11_length_125840_cov_45.622728	125840	correct
3219392	3338802	99	119735	NC_002945.4	NODE_12_length_119735_cov_44.747182	99.88		True
CONTIG	NODE_12_length_119735_cov_44.747182	119735	correct
1010930	1090884	79958	1	NC_002945.4	NODE_13_length_119218_cov_45.662166	99.99		True
relocation, inconsistency = 1457
970212	1009472	119218	79959	NC_002945.4	NODE_13_length_119218_cov_45.662166	99.98		True
CONTIG	NODE_13_length_119218_cov_45.662166	119218	misassembled
2160997	2161605	609	1	NC_002945.4	NODE_14_length_104463_cov_45.576407	99.84		True
fake: scaffold gap size wrong estimation (local)
2160645	2160846	911	710	NC_002945.4	NODE_14_length_104463_cov_45.576407	100.0		True
fake: scaffold gap size wrong estimation (local)
2158655	2159088	2707	2274	NC_002945.4	NODE_14_length_104463_cov_45.576407	100.0		True
local misassembly
2083596	2158516	77628	2708	NC_002945.4	NODE_14_length_104463_cov_45.576407	99.98		True
local misassembly
2056908	2083604	104463	77767	NC_002945.4	NODE_14_length_104463_cov_45.576407	99.98		True
CONTIG	NODE_14_length_104463_cov_45.576407	104463	correct
3343594	3442410	98885	1	NC_002945.4	NODE_15_length_98885_cov_46.190840	99.92		True
CONTIG	NODE_15_length_98885_cov_46.190840	98885	correct
3897323	3979557	82390	165	NC_002945.4	NODE_16_length_91700_cov_42.650170	99.97		True
relocation, inconsistency = 5174
3890969	3892148	83570	82391	NC_002945.4	NODE_16_length_91700_cov_42.650170	99.62		True
local misassembly
3884643	3890278	89215	83571	NC_002945.4	NODE_16_length_91700_cov_42.650170	99.79		True
local misassembly
3882139	3884027	91152	89216	NC_002945.4	NODE_16_length_91700_cov_42.650170	97.69		True
local misassembly
3881814	3882155	91645	91304	NC_002945.4	NODE_16_length_91700_cov_42.650170	100.0		True
CONTIG	NODE_16_length_91700_cov_42.650170	91700	misassembled
1491921	1573287	1	81367	NC_002945.4	NODE_17_length_81367_cov_47.723572	99.93		True
CONTIG	NODE_17_length_81367_cov_47.723572	81367	correct
2693912	2773105	79212	20	NC_002945.4	NODE_18_length_79212_cov_44.633319	99.99		True
CONTIG	NODE_18_length_79212_cov_44.633319	79212	correct
1779460	1853511	1	74052	NC_002945.4	NODE_19_length_74052_cov_45.403287	99.99		True
CONTIG	NODE_19_length_74052_cov_45.403287	74052	correct
1092465	1165170	174	72868	NC_002945.4	NODE_20_length_72868_cov_44.986225	99.96		True
CONTIG	NODE_20_length_72868_cov_44.986225	72868	correct
4194926	4259153	1	64228	NC_002945.4	NODE_21_length_64228_cov_48.197142	99.99		True
CONTIG	NODE_21_length_64228_cov_48.197142	64228	correct
2852106	2916172	64066	1	NC_002945.4	NODE_22_length_64082_cov_43.212540	99.98		True
CONTIG	NODE_22_length_64082_cov_43.212540	64082	correct
1280097	1343223	1	63189	NC_002945.4	NODE_23_length_63189_cov_48.831356	99.89		True
CONTIG	NODE_23_length_63189_cov_48.831356	63189	correct
1996148	2056268	60340	220	NC_002945.4	NODE_24_length_60340_cov_44.427250	99.98		True
CONTIG	NODE_24_length_60340_cov_44.427250	60340	correct
1219360	1278412	1	59053	NC_002945.4	NODE_25_length_59053_cov_45.034212	99.99		True
CONTIG	NODE_25_length_59053_cov_45.034212	59053	correct
3777400	3835785	58318	1	NC_002945.4	NODE_26_length_58318_cov_45.300923	99.87		True
CONTIG	NODE_26_length_58318_cov_45.300923	58318	correct
363840	402731	236	39127	NC_002945.4	NODE_27_length_54391_cov_44.887863	99.99		True
relocation, inconsistency = 206480
609212	624475	39128	54391	NC_002945.4	NODE_27_length_54391_cov_44.887863	99.99		True
CONTIG	NODE_27_length_54391_cov_44.887863	54391	misassembled
2801012	2852054	1	51043	NC_002945.4	NODE_28_length_51043_cov_45.483522	99.99		True
CONTIG	NODE_28_length_51043_cov_45.483522	51043	correct
4000854	4035740	35010	124	NC_002945.4	NODE_29_length_51040_cov_44.976254	99.98		True
fake: scaffold gap size wrong estimation (local)
3984850	4000631	50892	35111	NC_002945.4	NODE_29_length_51040_cov_44.976254	100.0		True
CONTIG	NODE_29_length_51040_cov_44.976254	51040	correct
1573894	1623828	49935	1	NC_002945.4	NODE_30_length_49935_cov_42.707597	99.98		True
CONTIG	NODE_30_length_49935_cov_42.707597	49935	correct
2409171	2422776	13606	1	NC_002945.4	NODE_31_length_49643_cov_41.404879	99.98		True
local misassembly
2372707	2408615	49457	13607	NC_002945.4	NODE_31_length_49643_cov_41.404879	99.82		True
CONTIG	NODE_31_length_49643_cov_41.404879	49643	correct
842614	891078	136	48600	NC_002945.4	NODE_32_length_48600_cov_45.888990	99.99		True
CONTIG	NODE_32_length_48600_cov_45.888990	48600	correct
625372	673271	19	47918	NC_002945.4	NODE_33_length_48070_cov_44.604405	99.98		True
CONTIG	NODE_33_length_48070_cov_44.604405	48070	correct
2326418	2372346	45929	1	NC_002945.4	NODE_34_length_46047_cov_42.313001	99.98		True
CONTIG	NODE_34_length_46047_cov_42.313001	46047	correct
1171083	1189853	1	18771	NC_002945.4	NODE_35_length_42322_cov_42.667757	99.99		True
local misassembly
1190085	1213474	18772	42161	NC_002945.4	NODE_35_length_42322_cov_42.667757	99.97		True
CONTIG	NODE_35_length_42322_cov_42.667757	42322	correct
3836888	3878313	1	41418	NC_002945.4	NODE_36_length_41633_cov_44.140510	99.96		True
CONTIG	NODE_36_length_41633_cov_44.140510	41633	correct
930637	970127	170	39900	NC_002945.4	NODE_37_length_39900_cov_45.875343	99.37		True
CONTIG	NODE_37_length_39900_cov_45.875343	39900	correct
2246369	2283745	1	37379	NC_002945.4	NODE_38_length_37379_cov_48.520267	99.95		True
CONTIG	NODE_38_length_37379_cov_48.520267	37379	correct
3674358	3711403	1	37028	NC_002945.4	NODE_39_length_37028_cov_33.260481	99.95		True
CONTIG	NODE_39_length_37028_cov_33.260481	37028	correct
2210062	2245161	1	35100	NC_002945.4	NODE_40_length_35100_cov_50.388528	100.0		True
CONTIG	NODE_40_length_35100_cov_50.388528	35100	correct
3737665	3759468	21807	1	NC_002945.4	NODE_41_length_34530_cov_44.045432	99.98		True
local misassembly
3724810	3737454	34452	21808	NC_002945.4	NODE_41_length_34530_cov_44.045432	99.94		True
CONTIG	NODE_41_length_34530_cov_44.045432	34530	correct
4259930	4293929	33998	1	NC_002945.4	NODE_42_length_33998_cov_46.551534	99.99		True
CONTIG	NODE_42_length_33998_cov_46.551534	33998	correct
2294650	2325838	1	31146	NC_002945.4	NODE_43_length_31172_cov_41.535223	99.85		True
CONTIG	NODE_43_length_31172_cov_41.535223	31172	correct
2161870	2192094	30226	1	NC_002945.4	NODE_44_length_30226_cov_45.847304	99.99		True
CONTIG	NODE_44_length_30226_cov_45.847304	30226	correct
105040	132456	27514	182	NC_002945.4	NODE_45_length_27514_cov_43.193596	99.67		True
CONTIG	NODE_45_length_27514_cov_43.193596	27514	correct
2666070	2693421	124	27474	NC_002945.4	NODE_46_length_27474_cov_44.949281	99.99		True
CONTIG	NODE_46_length_27474_cov_44.949281	27474	correct
306705	333298	162	26650	NC_002945.4	NODE_47_length_26734_cov_43.561131	99.6		True
CONTIG	NODE_47_length_26734_cov_43.561131	26734	correct
338175	363657	141	25536	NC_002945.4	NODE_48_length_25694_cov_39.178550	99.62		True
CONTIG	NODE_48_length_25694_cov_39.178550	25694	correct
2776930	2799828	124	23022	NC_002945.4	NODE_49_length_23022_cov_47.247783	100.0		True
CONTIG	NODE_49_length_23022_cov_47.247783	23022	correct
1490961	1491394	434	1	NC_002945.4	NODE_50_length_19248_cov_50.435908	100.0		True
local misassembly
1471935	1490747	19248	435	NC_002945.4	NODE_50_length_19248_cov_50.435908	99.98		True
CONTIG	NODE_50_length_19248_cov_50.435908	19248	correct
3759646	3777383	1	17740	NC_002945.4	NODE_51_length_17740_cov_43.890195	99.93		True
CONTIG	NODE_51_length_17740_cov_43.890195	17740	correct
2192685	2209982	17506	209	NC_002945.4	NODE_52_length_17506_cov_50.012486	99.99		True
CONTIG	NODE_52_length_17506_cov_50.012486	17506	correct
892165	909508	1	17344	NC_002945.4	NODE_53_length_17344_cov_45.935877	99.99		True
CONTIG	NODE_53_length_17344_cov_45.935877	17344	correct
132526	149555	17030	1	NC_002945.4	NODE_54_length_17030_cov_49.557061	99.96		True
CONTIG	NODE_54_length_17030_cov_49.557061	17030	correct
910050	926336	1	16287	NC_002945.4	NODE_55_length_16287_cov_46.096473	99.99		True
CONTIG	NODE_55_length_16287_cov_46.096473	16287	correct
2916851	2932802	1	15952	NC_002945.4	NODE_56_length_15952_cov_47.495608	99.97		True
CONTIG	NODE_56_length_15952_cov_47.495608	15952	correct
3193780	3209295	15616	1	NC_002945.4	NODE_57_length_15616_cov_46.231132	100.0		True
CONTIG	NODE_57_length_15616_cov_46.231132	15616	correct
4294606	4309320	1	14715	NC_002945.4	NODE_58_length_14872_cov_42.863140	99.99		True
CONTIG	NODE_58_length_14872_cov_42.863140	14872	correct
3712180	3724824	1	12645	NC_002945.4	NODE_59_length_12645_cov_33.043378	99.96		True
CONTIG	NODE_59_length_12645_cov_33.043378	12645	correct
2933699	2943963	1	10265	NC_002945.4	NODE_60_length_10265_cov_45.672914	99.99		True
CONTIG	NODE_60_length_10265_cov_45.672914	10265	correct
3209297	3219347	10051	1	NC_002945.4	NODE_61_length_10095_cov_42.490269	100.0		True
CONTIG	NODE_61_length_10095_cov_42.490269	10095	correct
1623842	1633328	9430	1	NC_002945.4	NODE_62_length_9430_cov_37.475223	99.37		True
CONTIG	NODE_62_length_9430_cov_37.475223	9430	correct
1987019	1992127	1	5110	NC_002945.4	NODE_63_length_5110_cov_48.689344	99.98		True
CONTIG	NODE_63_length_5110_cov_48.689344	5110	correct
1214750	1218351	3745	144	NC_002945.4	NODE_64_length_4717_cov_32.916993	100.0		True
local misassembly
1213922	1214774	4717	3865	NC_002945.4	NODE_64_length_4717_cov_32.916993	99.65		True
CONTIG	NODE_64_length_4717_cov_32.916993	4717	correct
3980257	3984573	185	4501	NC_002945.4	NODE_65_length_4535_cov_40.823730	100.0		True
CONTIG	NODE_65_length_4535_cov_40.823730	4535	correct
1165899	1169900	4002	1	NC_002945.4	NODE_66_length_4002_cov_46.720000	99.98		True
CONTIG	NODE_66_length_4002_cov_46.720000	4002	correct
3878416	3881375	3130	171	NC_002945.4	NODE_67_length_3250_cov_11.833173	99.93		True
CONTIG	NODE_67_length_3250_cov_11.833173	3250	correct
2284620	2287647	3028	1	NC_002945.4	NODE_68_length_3028_cov_33.310927	99.77		True
CONTIG	NODE_68_length_3028_cov_33.310927	3028	correct
2290710	2293716	1	3007	NC_002945.4	NODE_69_length_3007_cov_35.103819	100.0		True
CONTIG	NODE_69_length_3007_cov_35.103819	3007	correct
1993335	1995957	2802	180	NC_002945.4	NODE_70_length_2802_cov_49.495701	100.0		True
CONTIG	NODE_70_length_2802_cov_49.495701	2802	correct
928065	928975	3	922	NC_002945.4	NODE_71_length_2657_cov_11.876680	98.91		True
local misassembly
928970	930562	1061	2653	NC_002945.4	NODE_71_length_2657_cov_11.876680	100.0		True
CONTIG	NODE_71_length_2657_cov_11.876680	2657	correct
1635657	1638245	2651	12	NC_002945.4	NODE_72_length_2651_cov_27.382726	98.07		True
CONTIG	NODE_72_length_2651_cov_27.382726	2651	correct
674000	676359	2398	39	NC_002945.4	NODE_73_length_2582_cov_4.234623	99.96		True
CONTIG	NODE_73_length_2582_cov_4.234623	2582	correct
3892121	3893413	35	1327	NC_002945.4	NODE_74_length_1985_cov_7.618407	99.77		True
local misassembly
3893687	3894344	1328	1985	NC_002945.4	NODE_74_length_1985_cov_7.618407	99.86		True
CONTIG	NODE_74_length_1985_cov_7.618407	1985	correct
336721	338027	1307	1	NC_002945.4	NODE_75_length_1807_cov_16.516667	99.54		True
relocation, inconsistency = -337249
673503	673969	1774	1308	NC_002945.4	NODE_75_length_1807_cov_16.516667	99.18		True
CONTIG	NODE_75_length_1807_cov_16.516667	1807	misassembled
4193589	4195052	1464	1	NC_002945.4	NODE_76_length_1464_cov_112.304413	100.0		True
CONTIG	NODE_76_length_1464_cov_112.304413	1464	correct
1992001	1993461	1	1461	NC_002945.4	NODE_77_length_1461_cov_59.365817	100.0		True
CONTIG	NODE_77_length_1461_cov_59.365817	1461	correct
3443593	3445031	1	1439	NC_002945.4	NODE_78_length_1439_cov_54.153963	100.0		True
CONTIG	NODE_78_length_1439_cov_54.153963	1439	correct
2774182	2775598	1417	1	NC_002945.4	NODE_79_length_1417_cov_9.556589	100.0		True
CONTIG	NODE_79_length_1417_cov_9.556589	1417	correct
3673145	3674484	1	1340	NC_002945.4	NODE_80_length_1340_cov_83.906018	100.0		True
CONTIG	NODE_80_length_1340_cov_83.906018	1340	correct
3339137	3340461	1	1325	NC_002945.4	NODE_81_length_1325_cov_49.539232	100.0		True
CONTIG	NODE_81_length_1325_cov_49.539232	1325	correct
3835659	3836979	1	1321	NC_002945.4	NODE_82_length_1321_cov_110.398660	99.7		True
CONTIG	NODE_82_length_1321_cov_110.398660	1321	correct
2288581	2289835	1	1255	NC_002945.4	NODE_83_length_1255_cov_48.598404	100.0		True
CONTIG	NODE_83_length_1255_cov_48.598404	1255	correct
839633	840792	1	1160	NC_002945.4	NODE_84_length_1233_cov_16.614828	100.0		True
local misassembly
840931	841003	1161	1233	NC_002945.4	NODE_84_length_1233_cov_16.614828	100.0		True
CONTIG	NODE_84_length_1233_cov_16.614828	1233	correct
2287521	2288707	1	1187	NC_002945.4	NODE_85_length_1187_cov_36.888679	100.0		True
CONTIG	NODE_85_length_1187_cov_36.888679	1187	correct
2283619	2284746	1	1128	NC_002945.4	NODE_86_length_1128_cov_84.629371	99.91		True
CONTIG	NODE_86_length_1128_cov_84.629371	1128	correct
3711277	3712306	1	1030	NC_002945.4	NODE_87_length_1030_cov_94.106312	100.0		True
CONTIG	NODE_87_length_1030_cov_94.106312	1030	correct
1165044	1166025	982	1	NC_002945.4	NODE_88_length_982_cov_94.818713	100.0		True
CONTIG	NODE_88_length_982_cov_94.818713	982	correct
4309401	4310352	1	952	NC_002945.4	NODE_89_length_952_cov_23.750303	99.89		True
CONTIG	NODE_89_length_952_cov_23.750303	952	correct
335468	336387	920	1	NC_002945.4	NODE_90_length_920_cov_6.983607	99.78		True
CONTIG	NODE_90_length_920_cov_6.983607	920	correct
1169775	1170683	909	1	NC_002945.4	NODE_91_length_909_cov_284.457801	100.0		True
CONTIG	NODE_91_length_909_cov_284.457801	909	correct
3341521	3342410	1	890	NC_002945.4	NODE_92_length_890_cov_32.912189	100.0		True
CONTIG	NODE_92_length_890_cov_32.912189	890	correct
3759950	3760050	1	101	NC_002945.4	NODE_93_length_848_cov_1.287101	99.01		True
relocation, inconsistency = -2186953
1573297	1573844	301	848	NC_002945.4	NODE_93_length_848_cov_1.287101	99.45		True
CONTIG	NODE_93_length_848_cov_1.287101	848	misassembled
2191968	2192811	844	1	NC_002945.4	NODE_94_length_844_cov_75.634589	100.0		True
CONTIG	NODE_94_length_844_cov_75.634589	844	correct
3444905	3445699	1	795	NC_002945.4	NODE_95_length_795_cov_106.672156	100.0		True
CONTIG	NODE_95_length_795_cov_106.672156	795	correct
2422650	2423393	1	744	NC_002945.4	NODE_96_length_744_cov_76.792545	100.0		True
CONTIG	NODE_96_length_744_cov_76.792545	744	correct
1091719	1092329	716	106	NC_002945.4	NODE_97_length_716_cov_2.101868	99.02		True
CONTIG	NODE_97_length_716_cov_2.101868	716	correct
1985820	1986525	706	1	NC_002945.4	NODE_98_length_706_cov_3.400691	100.0		True
CONTIG	NODE_98_length_706_cov_3.400691	706	correct
3340552	3341186	635	1	NC_002945.4	NODE_99_length_635_cov_36.464567	100.0		True
CONTIG	NODE_99_length_635_cov_36.464567	635	correct
2773501	2774131	631	1	NC_002945.4	NODE_100_length_631_cov_4.531746	100.0		True
CONTIG	NODE_100_length_631_cov_4.531746	631	correct
3338676	3339263	1	588	NC_002945.4	NODE_101_length_588_cov_68.785249	100.0		True
CONTIG	NODE_101_length_588_cov_68.785249	588	correct
841601	842104	504	1	NC_002945.4	NODE_102_length_543_cov_1.552885	98.61		True
CONTIG	NODE_102_length_543_cov_1.552885	543	correct
838599	838981	4	386	NC_002945.4	NODE_103_length_510_cov_1.020888	99.74		True
CONTIG	NODE_103_length_510_cov_1.020888	510	correct
1218497	1218997	1	501	NC_002945.4	NODE_104_length_501_cov_0.989305	100.0		True
CONTIG	NODE_104_length_501_cov_0.989305	501	correct
