"";"Assembly";"X..contigs.....0.bp.";"X..contigs.....1000.bp.";"X..contigs.....5000.bp.";"X..contigs.....10000.bp.";"X..contigs.....25000.bp.";"X..contigs.....50000.bp.";"Total.length.....0.bp.";"Total.length.....1000.bp.";"Total.length.....5000.bp.";"Total.length.....10000.bp.";"Total.length.....25000.bp.";"Total.length.....50000.bp.";"X..contigs";"Largest.contig";"Total.length";"GC....";"N50";"N75";"L50";"L75";"X..N.s.per.100.kbp"
"1";"00_11MIDNR_S22_L001.contigs";185;114;83;79;50;29;4308234;4273650;4210580;4182084;3695284;2910463;143;204915;4293862;65,48;79060;42750;17;36;11,64
"2";"00_16MIDNRdeerAlp_S20_L001.contigs";192;115;86;77;53;29;4312044;4275458;4213544;4146870;3752985;2873196;145;227594;4296072;65,54;69118;41361;17;37;11,64
"3";"00_20MIDNR_S30_L001.contigs";197;110;84;76;52;29;4309836;4268257;4221285;4165037;3780812;2946541;143;212299;4291692;65,49;81128;43155;16;35;11,65
"4";"00_22MIDNRdeerAlc_1_S6_L001.contigs";177;113;81;75;51;30;4303597;4274275;4207496;4161728;3764870;2993931;134;227588;4288977;65,52;78488;43553;17;35;9,33
"5";"00_25MIDNR_S26_L001.contigs";239;119;83;74;51;34;4318126;4260071;4184908;4124238;3735762;3094384;161;227591;4289235;65,44;74225;48598;19;37;6,99
"6";"00_2684_S9_L001.contigs";207;93;70;64;45;27;4342335;4292929;4246758;4197309;3886939;3223219;122;235980;4311159;65,52;120949;48658;12;28;9,28
"7";"00_27MIDNRdeerAlp_S27_L001.contigs";174;112;83;76;54;30;4310417;4280998;4222281;4168844;3829206;2939110;133;212257;4295788;65,54;79397;44688;17;36;11,64
"8";"00_28MIDNRdeerEmm_S2_L001.contigs";184;116;86;77;51;30;4307702;4275111;4210612;4143599;3714987;2967948;141;212178;4293322;65,54;74253;41354;17;36;11,65
"9";"00_3221_S6_L001.contigs";140;90;70;68;48;32;4310509;4286676;4245390;4234923;3927677;3342521;108;223512;4299740;65,55;101076;52477;15;30;16,28
"10";"00_34MIDNRdeerAlc_S17_L001.contigs";194;121;89;79;56;31;4304353;4266347;4200998;4133369;3744997;2845153;157;204915;4292162;65,52;67098;37752;20;40;13,98
"11";"00_3942_S7_L001.contigs";4321;1178;579;315;54;2;9843249;9053746;7518305;5638736;1717496;113231;1404;60220;9212758;67,58;12585;6502;224;474;0
"12";"00_3MIDNRdeerMontm_S2_L001.contigs";159;98;71;67;52;29;4315758;4287556;4226999;4194595;3956376;3116969;114;235555;4299321;65,55;84093;47348;15;32;11,63
"13";"00_42MIDNRdeerAlp_S21_L001.contigs";168;100;75;68;51;31;4310094;4277952;4228444;4177789;3912325;3177590;122;248159;4294139;65,54;83988;49813;15;32;11,64
"14";"00_43MIDNRdeerMontm_S17_L001.contigs";143;97;74;69;48;31;4305346;4285492;4237482;4201821;3872827;3263692;109;212192;4294701;65,54;89106;50699;14;31;11,64
"15";"00_48MIDNRdeerMontm_S20_L001.contigs";148;96;71;65;49;30;4308447;4285591;4236487;4189555;3918809;3212740;115;227591;4298965;65,54;98885;49851;14;31;11,63
"16";"00_50MIDNRdeerAlc_S2_L001.contigs";247;122;94;84;56;28;4304063;4257426;4199545;4128216;3681872;2648667;153;227494;4278980;65,52;64550;37633;20;41;0
"17";"00_53MIDNRdeerAlc_S26_L001.contigs";251;114;88;83;51;27;4309537;4265272;4213881;4181384;3679067;2813339;136;227494;4280914;65,53;74317;37608;17;37;0
"18";"00_5559_S10_L001.contigs";137;90;66;65;48;32;4316308;4293260;4242727;4237585;3965499;3366988;110;221093;4307235;65,57;101573;52352;14;30;16,25
"19";"00_55MIDNRelk_Montm_S23_L001.contigs";140;101;74;69;47;29;4298684;4280184;4223595;4186340;3843560;3173501;117;260391;4292169;65,53;98885;49905;14;30;9,32
"20";"00_6095_S2_L001.contigs";136;89;65;64;47;28;4312252;4291953;4247861;4242430;3974643;3261094;101;235980;4301086;65,57;119656;52352;13;28;9,3
"21";"01_19MIDNRdeerAlc_S13_L001.contigs";185;118;85;77;54;27;4317717;4282888;4216781;4154386;3780168;2775005;151;221193;4306186;65,51;76206;42750;17;37;16,26
"22";"01_23MIDNRdeerAlc_S37_L001.contigs";168;109;80;74;53;26;4314981;4285328;4225468;4183436;3853950;2845746;135;251613;4303312;65,53;79152;42510;15;35;16,27
"23";"01_2452_S5_L001.contigs";141;94;71;67;49;28;4315945;4292004;4248704;4220225;3946574;3164845;116;248381;4307612;65,58;98885;48384;14;30;9,29
"24";"01_2508_S2_L001.contigs";149;92;63;62;49;29;4320532;4295888;4236874;4228899;4045634;3295780;109;326075;4308705;65,57;101663;52477;13;28;9,28
"25";"01_2509_S3_L001.contigs";148;101;78;70;50;31;4310301;4288677;4243774;4186984;3875142;3197399;118;227590;4300216;65,56;80727;48806;15;32;18,6
"26";"01_26MIDNRdeerAlc_S8_L001.contigs";153;103;74;68;50;31;4311141;4284298;4228719;4180420;3897183;3243611;127;236089;4301545;65,52;96386;50100;15;31;16,27
"27";"01_28MIDNRdeerAlp_S18_L001.contigs";202;131;90;82;58;31;4304005;4268224;4186183;4125614;3758804;2757501;164;196105;4290833;65,53;64228;40438;21;42;9,32
"28";"01_29MIDNRdeerAlc_S21_L001.contigs";185;119;84;77;52;28;4308383;4278501;4201561;4150778;3742566;2887389;141;227591;4293311;65,51;79135;37324;17;36;11,65
"29";"01_32MIDNRdeerMontm_S44_L001.contigs";159;108;78;73;51;34;4312675;4287852;4225215;4189834;3831780;3227001;128;227591;4301738;65,55;80835;51030;17;34;11,62
"30";"01_3695_S2_L001.contigs";156;94;69;68;47;27;4315984;4286737;4232020;4226820;3877835;3129026;116;236012;4302144;65,56;98885;48780;13;29;11,62
"31";"01_3872_S7_L001.contigs";141;94;65;61;48;31;4310910;4290498;4224738;4191963;3984326;3334282;106;235980;4299367;65,55;99964;52352;14;29;11,63
"32";"01_4535_S7_L001.contigs";153;98;74;70;49;30;4318787;4292262;4243451;4208511;3869251;3163468;120;227588;4307832;65,59;81252;48345;15;32;9,29
"33";"01_47MIDNRdeerAlp_S17_L001.contigs";174;108;77;71;51;33;4309446;4277216;4208421;4166137;3832213;3193306;133;260504;4294964;65,53;80108;49879;17;34;13,97
"34";"01_50MIDNRdeerAlc_S2_L001.contigs";187;118;86;76;50;29;4311693;4279561;4208703;4136277;3708842;2917678;142;227591;4296071;65,52;83979;43723;17;36;11,64
"35";"01_5845_S6_L001.contigs";660;233;180;152;95;49;7696845;7567135;7455189;7259821;6277403;4629604;289;231967;7607000;67,14;64228;34420;35;76;6,57
"36";"01_61MIDNRelkMontm_S10_L001.contigs";141;99;73;67;50;33;4302578;4281586;4225641;4178993;3912844;3316701;120;227591;4297153;65,55;84811;51037;16;32;11,64
"37";"01_6221_S3_L001.contigs";257;94;68;66;49;31;4368098;4294093;4240285;4225997;3959911;3306315;133;248242;4319702;65,54;96386;52333;14;30;9,26
"38";"01_62MIDNRdeerAlc_S32_L001.contigs";169;107;78;72;53;28;4313461;4282591;4226798;4179321;3874541;2959194;133;235483;4301141;65,53;79255;43379;16;34;16,27
"39";"01_8MIDNRdeerAlp_S2_L001.contigs";148;104;79;76;52;31;4301821;4280219;4227382;4204471;3825735;3077622;123;184786;4293386;65,54;82440;44068;17;35;11,65
"40";"02_3376_S4_L001.contigs";151;90;66;64;49;32;4323834;4296208;4248894;4234100;4004307;3354953;107;248600;4308641;65,58;101041;53592;15;30;11,6
"41";"02_4263_S7_L001.contigs";146;85;64;61;46;31;4322759;4292777;4250332;4230521;3964145;3367736;105;290116;4307717;65,57;83831;51733;13;29;6,96
"42";"02_4486_S3_L001.contigs";186;86;63;59;48;31;4342371;4297724;4252617;4220719;4053818;3438510;114;213384;4316235;65,54;110438;60234;14;28;18,53
"43";"02_5042_S9_L001.contigs";170;105;74;68;48;30;4320903;4290169;4230599;4188007;3874582;3193430;130;227594;4307778;65,57;84032;49965;16;31;16,25
"44";"02_5341_S5_L001.contigs";171;96;74;67;47;29;4330754;4296439;4252706;4204951;3881328;3209734;116;236242;4310806;65,58;106332;46025;13;30;13,92
"45";"02_5342_S6_L001.contigs";5744;157;73;67;52;29;6856643;4397579;4237844;4198140;3963115;3092650;814;227591;4817844;63,07;74305;37796;18;41;10,38
"46";"02_5980_S8_L001.contigs";159;93;68;63;45;31;4321297;4291548;4247550;4209997;3909695;3390606;117;235483;4308570;65,57;103007;56213;13;28;11,6
"47";"02_6234.contigs";442;166;121;100;56;25;4280641;4220254;4119694;3966704;3206289;2044498;207;177829;4249489;65,44;47297;25385;27;56;0
"48";"02_6627_S5_L001.contigs";166;86;62;58;45;30;4342536;4306248;4259062;4230881;4025570;3464582;105;260553;4318934;65,58;119815;60728;13;26;16,21
"49";"02_MIDNRcoyoteAF1477_S33_L001.contigs";376;106;75;71;52;32;4407264;4281498;4219302;4192933;3897121;3198294;161;227591;4319413;65,42;82054;48299;16;33;11,58
"50";"02_MIDNRdeerAF1597_S19_L001.contigs";183;114;82;74;48;28;4303785;4268832;4203410;4144101;3717898;2970930;146;227591;4291334;65,53;82203;43750;16;34;13,98
"51";"02_MIDNRdeerAF1615_S32_L001.contigs";613;114;83;76;52;28;4517709;4284099;4218466;4161840;3771863;2900969;241;236089;4363990;65,53;79139;40515;17;37;16,04
"52";"02_MIDNRdeerAF1617_S18_L001.contigs";170;103;73;66;46;31;4314108;4282751;4225512;4176632;3854407;3347202;125;236089;4298539;65,54;98885;51735;14;29;11,63
"53";"02_MIDNRdeerAF1618_S24_L001.contigs";164;99;74;73;49;31;4311933;4283000;4229953;4224828;3831072;3192079;117;227591;4296253;65,55;84101;48642;16;32;11,64
"54";"02_MIDNRdeerAF1665_S35_L001.contigs";162;103;78;77;51;32;4313762;4283273;4231350;4226113;3807680;3140131;131;219639;4303840;65,52;81773;48159;17;34;11,62
"55";"03_0752_S7_L001.contigs";268;91;64;61;45;28;4374999;4291878;4242105;4219816;3957032;3319322;139;287547;4322672;65,54;110329;59536;14;27;13,88
"56";"03_1057_S10_L001.contigs";148;97;70;66;48;27;4319551;4295031;4241125;4208140;3902188;3131429;119;236089;4310709;65,59;99931;47157;14;30;16,24
"57";"03_2070_S1_L001.contigs";284;101;73;69;49;28;4386183;4293050;4237074;4205312;3868364;3135835;183;235662;4346230;65,52;98885;43000;14;31;18,41
"58";"03_2925_S2_L001.contigs";3277;278;80;72;50;28;6107677;4482471;4214069;4155484;3789276;2965298;1761;227591;5457763;64,91;58663;12601;24;67;12,83
"59";"03_32MIDNRdeerMontm_S2_L001.contigs";167;109;84;81;55;31;4309516;4282369;4234018;4214974;3801915;2935248;129;220843;4297166;65,54;72830;41946;18;38;11,64
"60";"03_33MIDNRelkPI_S29_L001.contigs";160;111;82;72;51;30;4293687;4270618;4215643;4142905;3808522;3077235;131;227591;4285064;65,51;79670;47722;15;33;11,67
"61";"03_34MIDNRelkMontm_S33_L001.contigs";167;112;81;75;52;32;4305182;4279186;4218804;4174644;3804578;3059063;134;227591;4294877;65,52;69233;44763;17;36;11,64
"62";"04_0563_S7_L001.contigs";138;97;68;65;48;29;4320983;4300232;4240413;4217893;3940361;3208627;112;236133;4311554;65,58;98885;48821;14;30;16,24
"63";"04_13MIDNRdeerAlp_S27_L001.contigs";160;106;79;72;50;31;4311918;4285273;4230436;4177530;3822122;3150327;128;227591;4301238;65,53;90501;48363;16;33;9,3
"64";"04_1858_S3_L001.contigs";128;92;67;64;48;29;4316336;4299114;4249653;4228372;3972338;3255755;107;236015;4309931;65,58;104419;51242;13;29;13,92
"65";"04_23MIDNRdeerMontm_S41_L001.contigs";205;110;82;78;50;28;4322221;4278487;4221490;4196207;3741319;2946547;135;227591;4295954;65,51;81007;43044;16;34;11,64
"66";"04_24MIDNRdeerMontm_S7_L001.contigs";163;103;78;70;49;27;4306756;4277832;4224916;4161256;3827850;3015785;127;235961;4294127;65,53;83942;44209;14;32;11,64
"67";"04_25MIDNRdeerPI_S6_L001.contigs";152;103;77;73;51;31;4311870;4288287;4231332;4202065;3858667;3135137;125;212235;4304515;65,54;82453;48597;16;33;11,62
"68";"04_2695_S32_L001.contigs";163;99;73;69;48;27;4310224;4281524;4226100;4195979;3843402;3067008;118;227591;4295132;65,55;82667;48106;14;31;9,31
"69";"04_3033_S24_L001.contigs";188;114;81;73;50;32;4304381;4269785;4199637;4142461;3773083;3142257;134;227591;4284367;65,51;80457;46547;16;34;11,67
"70";"04_3296_S14_L001.contigs";188;120;87;79;51;28;4301244;4268262;4205112;4144801;3687324;2830938;147;209815;4287291;65,52;79201;42130;17;37;9,33
"71";"04_4174_S18_L001.contigs";150;98;76;70;47;30;4304803;4280853;4231980;4192445;3812969;3219483;118;227591;4294681;65,53;89891;48733;14;31;11,64
"72";"04_4915_S17_L001.contigs";159;105;77;71;49;29;4305532;4279413;4223576;4174649;3826406;3067391;127;227591;4295065;65,51;85378;46094;16;33;11,64
"73";"04_4916_S18_L001.contigs";166;114;86;79;49;28;4306504;4281950;4226146;4174432;3700153;2942743;132;236088;4294944;65,53;82027;41956;16;35;11,64
"74";"04_5356_S28_L001.contigs";149;102;77;72;50;26;4295065;4274780;4222268;4185423;3843734;2998693;120;263783;4287713;65,52;83936;42576;14;31;11,66
"75";"04_5357_S25_L001.contigs";153;101;74;69;47;27;4294226;4271441;4214997;4177288;3819917;3071787;119;227591;4284368;65,51;92324;47860;15;30;9,34
"76";"04_5590_S15_L001.contigs";156;106;79;75;52;29;4298191;4276076;4222029;4194067;3842006;3025651;120;204915;4286627;65,52;81483;42750;16;34;9,33
"77";"04_5742_S29_L001.contigs";155;97;72;68;49;28;4300952;4275033;4222052;4191672;3885967;3144806;118;227591;4290053;65,51;104434;48439;14;30;6,99
"78";"04_5799_S12_L001.contigs";155;104;77;71;49;29;4294251;4269483;4215417;4170219;3819493;3071135;126;263523;4285587;65,52;82466;47672;15;32;9,33
"79";"04_7295_S5_L001.contigs";147;90;68;67;50;31;4320605;4293186;4253321;4243701;3973583;3272577;110;221056;4307484;65,56;96517;50063;14;31;11,61
"80";"04_8158_S4_L001.contigs";150;85;62;61;47;31;4319538;4288131;4244094;4238728;4025439;3445842;109;235980;4305183;65,56;101535;59286;13;27;11,61
"81";"04_8159_S3_L001.contigs";158;95;68;65;48;29;4326105;4296949;4243435;4222398;3960257;3271687;111;236133;4308631;65,57;110880;51315;14;29;16,25
"82";"04_8160_S5_L001.contigs";155;96;67;62;50;32;4320029;4293427;4231392;4192156;3988958;3353845;113;233631;4305935;65,58;84299;53473;14;30;18,58
"83";"05_0370_S24_L001.contigs";2300;149;81;77;54;33;5408498;4327701;4224597;4194629;3839448;3086737;926;196274;4820513;65,33;64228;33420;22;47;10,37
"84";"05_10MIDNRdeerAlp_S27_L001.contigs";185;117;82;77;55;31;4316614;4284618;4215687;4176697;3827205;2984016;140;204915;4301748;65,53;78530;41278;18;37;6,97
"85";"05_12MIDNRdeerOsco_S14_L001.contigs";164;113;81;74;51;31;4304542;4280224;4214507;4161182;3799210;3046164;131;212219;4294004;65,5;82159;46431;17;35;11,64
"86";"05_1597.contigs";3673;208;146;132;86;41;7916840;6880864;6762680;6662194;5900686;4357979;577;565996;7116230;52,65;63676;32473;27;66;0
"87";"05_3MIDNRdeerAlp_S40_L001.contigs";227;115;85;75;55;32;4334793;4282627;4218472;4141440;3815968;2973665;145;204915;4303223;65,52;69229;43725;18;38;11,62
"88";"05_9MIDNRdeerAlp_S6_L001.contigs";180;110;78;71;55;33;4315178;4281708;4219211;4167631;3919936;3108488;132;183222;4297437;65,5;72929;48301;18;36;9,31
"89";"06_0380_S7_L001.contigs";544;103;68;64;46;30;4521463;4307478;4237767;4205206;3917196;3347654;236;236089;4395148;65,56;101553;51727;14;29;11,38
"90";"06_1787_S8_L001.contigs";1403;648;488;377;175;68;13383145;13169184;12731339;11909487;8569411;4929676;724;203590;13222621;64,92;35087;18300;109;238;2,27
"91";"06_1870_S9_L001.contigs";849;365;283;252;174;89;13305366;13160809;12976716;12752332;11438318;8425014;434;275033;13208409;64,91;68422;35728;57;124;3,03
"92";"06_32MIDNRdeerAlc_S32_L001.contigs";224;101;74;69;45;29;4335334;4278107;4223720;4185844;3792179;3183018;135;227591;4301378;65,52;98885;49812;14;30;9,3
"93";"06_37MIDNRdeerAlp_S20_L001.contigs";193;114;82;75;52;31;4316599;4278939;4209340;4156654;3777886;3001457;142;212244;4298273;65,51;74138;46827;18;36;9,31
"94";"06_4031_S7_L001.contigs";231;162;123;111;80;49;7585680;7555983;7477293;7391581;6882536;5750742;184;352092;7571914;67,15;102079;52333;22;48;6,6
"95";"06_4043_S10_L001.contigs";338;191;147;130;89;49;7598583;7542522;7448344;7329798;6649049;5192149;223;352091;7565346;67,13;79305;44501;27;60;5,29
"96";"06_45MIDNRelkMontm_S8_L001.contigs";159;103;75;69;49;30;4305014;4277432;4222588;4180058;3869780;3177586;127;227591;4295119;65,51;84040;48355;15;31;9,31
"97";"06_5189_S55_L001.contigs";198;106;76;71;49;32;4314618;4273880;4212825;4177874;3817924;3209520;130;227591;4290576;65,52;82317;48694;16;33;11,65
"98";"06_5620_S6_L001.contigs";206;90;65;64;50;31;4344067;4290652;4236690;4231325;4002143;3349344;117;235980;4310254;65,53;98885;52477;14;29;11,6
"99";"06_6007_S7_L001.contigs";257;97;71;68;50;31;4367434;4293170;4241729;4218426;3934698;3214760;142;251619;4323400;65,45;82884;48507;15;32;9,25
"100";"06_6546_S1_L001.contigs";173;108;76;70;51;30;4319517;4289407;4225378;4175061;3857873;3076857;131;212334;4305811;65,57;83783;46419;16;34;11,61
"101";"06_6566_S3_L001.contigs";263;177;130;117;85;51;7584457;7547813;7453190;7353011;6830228;5635120;203;325752;7566647;67,14;98885;49830;25;52;7,93
"102";"06_6987_S9_L001.contigs";140;88;64;61;47;30;4317760;4294737;4248387;4229158;4004562;3372520;104;227591;4305953;65,56;101549;52477;13;28;9,29
"103";"06_8109_S2_L001.contigs";3274;735;424;240;58;17;8155183;7566955;6719967;5390456;2641740;1289990;850;134092;7649556;67,13;17116;8676;117;278;2,61
"104";"06_8110_S4_L001.contigs";267;190;141;124;87;51;7579336;7547195;7451232;7331666;6703752;5361331;212;238386;7562943;67,15;83977;46617;28;58;9,26
"105";"06_9383_S6_L001.contigs";138;86;60;58;47;32;4321753;4298618;4249476;4235274;4061907;3498050;104;227591;4311078;65,58;100887;62805;14;28;13,92
"106";"07_0578_S10_L001.contigs";3428;1739;148;72;47;29;9007812;7962619;4778347;4272285;3871039;3230043;2837;221118;8755193;62,48;8449;2029;84;759;4,57
"107";"07_10MIDNRdeerAlc_S56_L001.contigs";202;117;85;78;53;30;4323624;4284711;4212911;4159136;3754291;2897749;143;212185;4303109;65,54;69443;42510;18;38;11,62
"108";"07_13MIDNRdeerAlp_S18_L001.contigs";226;120;85;79;57;31;4335309;4286683;4208424;4164059;3823290;2914402;149;212376;4305921;65,54;64471;39641;19;38;11,61
"109";"07_16MIDNRdeerAlp_S14_L001.contigs";164;106;77;72;48;28;4307155;4280676;4219026;4181909;3789001;3039887;127;212143;4295214;65,53;86060;46513;15;32;11,64
"110";"07_1MIDNRdeerMontm_1_S7_L001.contigs";180;112;82;77;55;31;4318357;4285729;4228333;4189394;3836284;2938154;139;212181;4304496;65,52;73016;44580;18;38;11,62
"111";"07_30MIDNRdeerMontm_S11_L001.contigs";140;93;67;64;47;30;4303166;4283251;4227543;4204691;3931271;3311673;110;236088;4295512;65,55;98885;51081;13;29;11,64
"112";"07_3557_S3_L001.contigs";235;81;56;54;45;31;4362278;4295922;4246365;4231823;4100028;3595016;104;242576;4311143;65,56;130370;62805;12;25;13,92
"113";"07_4MIDNRdeerMontm_S22_L001.contigs";206;118;85;79;50;29;4316377;4276361;4217041;4171969;3702208;2949851;139;227591;4291146;65,52;81735;42561;17;35;11,65
"114";"07_5123_S6_L001.contigs";131;91;68;66;51;29;4314038;4296382;4248035;4234340;3989375;3199102;103;366975;4304946;65,57;81303;48666;13;30;9,29
"115";"07_5138_S1_L001.contigs";158;106;74;72;50;29;4313612;4289711;4218396;4208020;3846011;3095322;122;227594;4301296;65,55;96329;47885;15;32;11,62
"116";"07_5151_S10_L001.contigs";160;106;73;67;51;31;4319945;4294527;4229102;4187498;3923804;3214248;129;220996;4310657;65,57;98885;48650;15;32;16,24
"117";"07_5172_S4_L001.contigs";249;95;68;64;49;31;4364381;4297336;4242427;4210427;3958860;3290430;119;239851;4313715;65,56;101835;52156;14;30;11,59
"118";"07_5173_S6_L001.contigs";205;96;69;67;45;29;4345787;4296371;4236946;4223037;3866662;3301113;121;236089;4313351;65,56;100165;52352;14;28;18,55
"119";"07_5180_S8_L001.contigs";258;102;76;71;50;28;4364650;4296752;4235575;4198350;3865841;3098921;129;242515;4314627;65,55;96386;48311;14;31;11,59
"120";"07_6884.contigs";433;139;102;95;58;29;4296253;4239017;4149762;4099265;3478214;2459380;171;181483;4261995;65,41;57653;30243;23;48;0
"121";"08_0245_GATCAG_L008.contigs";524;219;152;118;59;16;4262061;4183575;4015720;3764134;2791337;1264414;268;134773;4217786;65,39;35358;18642;36;77;0
"122";"08_0954_ATCACG_L007.contigs";440;151;104;93;61;27;4293541;4234330;4136420;4058427;3488898;2306455;179;180335;4255787;65,49;54904;30269;24;51;0
"123";"08_1086_S8_L001.contigs";131;85;62;61;46;28;4316736;4295862;4250686;4245575;4016175;3313207;99;239549;4306372;65,56;119671;52477;13;27;11,61
"124";"08_2564_S6_L001.contigs";145;93;67;63;44;26;4318361;4294569;4243053;4210779;3882723;3197586;114;236089;4309147;65,57;130365;49567;13;27;13,92
"125";"08_39MIDNRdeerAlp_S7_L001.contigs";177;118;85;82;55;30;4309408;4281724;4216613;4193779;3761895;2849504;138;179082;4295350;65,52;71318;41179;19;39;9,31
"126";"08_4MIDNRdeerMontm_S3_L001.contigs";190;114;84;75;52;28;4314595;4278681;4214047;4147586;3772373;2905807;136;212204;4295009;65,52;81554;42750;17;35;16,3
"127";"08_8482_S8_L001.contigs";125;89;64;62;47;28;4312463;4294988;4244969;4230352;3983015;3235434;103;248560;4305722;65,57;119709;51736;13;28;13,93
"128";"09_3596_S2_L001.contigs";272;122;84;76;52;30;4346133;4285928;4212704;4155097;3761860;2953324;161;220964;4312754;65,43;70847;43049;18;36;11,59
"129";"09_3597_S4_L001.contigs";171;100;69;67;50;28;4338287;4304753;4241545;4227608;3950735;3085101;124;212282;4322023;65,53;98885;48529;15;32;11,57
"130";"09_4305_S4_L001.contigs";391;212;149;138;112;82;13162673;13090999;12954742;12877974;12453818;11407173;263;503300;13126598;64,9;160925;70602;25;55;3,81
"131";"09_9970_S7_L001.contigs";159;101;70;67;50;33;4322985;4295516;4234942;4216034;3957517;3332383;122;221089;4310248;65,57;87538;52477;15;32;9,28
"132";"10_0327_S2_L001.contigs";153;83;60;57;46;31;4326348;4294613;4252663;4233537;4056309;3486286;102;235980;4307998;65,57;123121;60567;13;27;11,61
"133";"10_4612_S3_L001.contigs";164;104;78;72;52;33;4302039;4272311;4222921;4181168;3855249;3162684;128;227591;4289816;65,53;81744;48564;17;35;11,66
"134";"10_4614_S23_L001.contigs";166;99;74;70;49;30;4307564;4274726;4224216;4194164;3857842;3149825;127;227591;4294893;65,54;84068;48266;15;32;9,31
"135";"10_4638.contigs";782;134;93;83;61;31;4329275;4262242;4180677;4110073;3732099;2667627;161;178297;4282122;65,5;58096;35862;22;44;0
"136";"10_4639_S10_L001.contigs";1011;845;412;225;63;29;9423074;9320465;8183069;6872633;4505546;3306893;953;248594;9401020;62,28;22156;9062;72;244;5,32
"137";"10_5288_S6_L001.contigs";157;90;63;62;47;33;4316901;4286881;4230192;4220446;3985904;3461177;110;248594;4300943;65,55;98885;62817;15;29;11,63
"138";"10_5290_S4_L001.contigs";138;89;60;58;46;29;4321475;4299050;4241398;4227244;4028566;3423048;104;236089;4310102;65,58;120995;56733;12;26;11,6
"139";"10_5948_S4_L001.contigs";197;109;74;69;52;30;4480993;4446300;4377065;4343929;4072918;3254419;131;307571;4462143;65,56;84148;48196;14;32;11,21
"140";"10_7041_S4_L001.contigs";1332;109;69;65;50;28;4933817;4311443;4240985;4216026;3973461;3143778;604;236242;4624509;65,79;96386;43180;16;35;17,3
"141";"10_7224_S2_L001.contigs";2087;441;311;246;123;67;12255141;11826943;11504037;11020239;8945588;6995103;537;478710;11889920;59,47;60055;25095;48;122;5,05
"142";"10_7335_S15_L001.contigs";167;116;85;75;51;35;4302637;4276467;4213341;4145704;3735375;3164578;139;184591;4293364;65,53;73142;42750;19;37;11,65
"143";"10_7341_S17_L001.contigs";176;116;81;73;50;33;4300378;4272149;4204758;4147495;3771014;3150960;138;204915;4288304;65,52;81565;47957;17;35;13,99
"144";"10_7350_S4_L001.contigs";152;94;68;65;48;30;4318080;4292666;4236776;4217367;3934224;3296714;110;248407;4304335;65,57;96386;51097;13;29;9,29
"145";"10_7354_S3_L001.contigs";1514;976;341;181;73;39;9831838;9535907;7988559;6840835;5175585;4037437;1236;249462;9718824;48,64;28914;8269;62;231;6,17
"146";"10_8963_S1_L001.contigs";169;84;61;59;44;28;4327323;4289150;4244566;4229748;3976831;3378618;103;236089;4303144;65,57;130414;58318;12;26;9,3
"147";"10_8965_S2_L001.contigs";157;89;62;60;46;30;4321511;4291618;4240796;4226439;4000939;3413813;106;295590;4304189;65,56;119708;58318;12;27;6,97
"148";"11_4613_S7_L001.contigs";180;114;78;72;50;31;4313468;4284993;4216908;4171822;3836888;3148926;133;235824;4298350;65,54;83692;48133;15;33;11,63
"149";"11_5260_S5_L001.contigs";151;92;64;60;46;27;4316281;4290426;4233118;4202207;3976958;3265094;109;235678;4302654;65,56;119711;52352;13;27;11,62
"150";"11_5263_S3_L001.contigs";149;101;69;65;44;29;4310252;4289731;4227030;4194616;3842642;3298406;115;235843;4299864;65,56;124503;52477;13;28;11,63
"151";"11_5267_S3_L001.contigs";194;94;65;64;46;31;4344056;4295829;4231248;4226152;3946769;3387729;130;236133;4320025;65,57;98885;60010;14;29;18,52
"152";"11_5432_S6_L001.contigs";178;121;85;77;51;31;4306395;4279653;4209365;4151546;3742675;3053000;143;204915;4295820;65,54;75073;42570;17;35;9,31
"153";"11_7412_S4_L001.contigs";188;92;68;63;47;30;4335300;4291640;4244222;4204236;3961054;3336149;118;236089;4309662;65,56;111207;52333;13;28;11,6
"154";"12_10087_S6_L001.contigs";313;104;74;69;53;31;4390265;4293241;4231833;4194119;3939907;3120841;159;220966;4328614;65,51;79285;48256;16;34;9,24
"155";"12_10088_S2_L001.contigs";175;100;72;68;52;27;4321159;4286732;4225607;4194660;3944041;3048619;119;235980;4300792;65,56;98885;46078;13;31;9,3
"156";"12_10497_S2_L001.contigs";163;81;62;58;47;32;4329075;4292001;4253247;4220738;4053948;3514444;102;236089;4306602;65,57;113236;55667;13;27;11,61
"157";"12_2775_S10_L001.contigs";266;105;71;66;51;29;4421149;4352354;4287259;4241030;3992735;3189997;134;212276;4371020;65,46;98885;48850;15;31;16,01
"158";"12_4617_S3_L001.contigs";152;74;53;50;43;30;4374957;4342900;4299041;4278278;4164689;3671883;93;248279;4356376;65,61;141031;64292;11;23;11,48
"159";"12_5919_S7_L001.contigs";158;105;76;71;52;28;4309186;4284410;4220235;4180237;3870990;2979985;123;235534;4297895;65,54;82139;43047;15;34;9,31
"160";"12_9603_S3_L001.contigs";184;101;73;68;50;28;4331442;4294495;4240914;4200829;3906463;3104337;121;247019;4308234;65,58;84041;46583;14;31;11,61
"161";"12_9604_S4_L001.contigs";168;102;73;69;46;26;4320050;4290387;4231920;4200428;3810846;3075207;121;235930;4303732;65,57;110808;44812;13;30;18,59
"162";"13_11MIDNRdeerOsco_S24_L001.contigs";162;100;74;69;49;33;4300061;4268816;4216733;4182908;3869018;3316432;126;227591;4288040;65,5;84180;51011;15;32;11,66
"163";"13_1416_S5_L001.contigs";192;103;74;69;48;30;4329311;4290419;4233166;4195328;3845145;3159269;122;236089;4303865;65,55;83831;48362;15;32;11,62
"164";"13_14MIDNRdeerMontm_S9_L001.contigs";192;106;79;74;49;31;4322181;4281474;4225234;4187678;3778359;3118348;133;227591;4300604;65,52;82109;48040;17;34;11,63
"165";"13_1929_S9_L001.contigs";168;105;78;68;52;28;4312509;4285741;4227825;4152056;3895116;3024774;123;220940;4299286;65,55;84002;42750;15;33;9,3
"166";"13_1932_S8_L001.contigs";157;97;71;70;50;29;4310506;4285554;4227894;4218890;3900914;3115797;115;242440;4298599;65,55;89930;47797;15;32;11,63
"167";"13_1935_S1_L001.contigs";172;117;80;76;51;30;4304918;4276979;4203128;4174805;3754945;2992177;140;227591;4294154;65,53;75891;42908;17;35;16,3
"168";"13_1936_S10_L001.contigs";142;97;68;65;46;29;4313633;4293250;4235742;4216677;3912242;3218526;114;227591;4305104;65,57;98885;49444;14;30;11,61
"169";"13_1938_S5_L001.contigs";146;101;73;68;49;30;4312397;4292045;4234611;4196983;3883212;3181213;118;248342;4304044;65,56;83834;49795;14;31;9,29
"170";"13_1941_S4_L001.contigs";440;213;160;154;114;76;10288917;10204890;10102790;10061589;9422248;7965037;255;349379;10233065;59,03;83973;52057;33;71;6,84
"171";"13_1944_S5_L001.contigs";134;84;61;59;45;30;4321598;4298462;4254027;4239344;4009065;3491370;101;236089;4311303;65,59;120964;58318;12;26;11,6
"172";"13_1947_S6_L001.contigs";139;87;61;59;46;29;4322027;4300033;4247316;4232475;4039110;3397317;101;236089;4310588;65,58;119811;58318;13;26;11,6
"173";"13_1950_S7_L001.contigs";146;98;72;66;45;27;4316460;4293720;4242560;4196257;3845068;3193347;121;236089;4309546;65,57;104354;49829;13;28;11,6
"174";"13_1953_S2_L001.contigs";340;164;127;109;61;33;4452286;4396082;4317193;4184924;3408699;2499260;184;139136;4410807;65,56;57481;26524;28;58;15,87
"175";"13_2056_S8_L001.contigs";133;85;62;60;44;27;4321161;4298634;4254088;4239592;3989567;3337909;104;242565;4312128;65,58;119798;58318;13;26;9,28
"176";"13_2365_S4_L001.contigs";131;92;65;63;46;30;4311876;4294930;4243528;4228960;3946386;3348214;104;221025;4303623;65,56;117728;55808;14;28;11,62
"177";"13_2518_S5_L001.contigs";185;105;75;68;50;28;4340817;4310951;4253607;4206472;3932886;3111657;121;235980;4322623;65,56;85522;46432;14;31;16,19
"178";"13_2519_S6_L001.contigs";140;95;67;64;50;31;4313451;4292481;4241333;4217951;3996378;3290881;112;235980;4304151;65,57;96386;56113;15;30;11,62
"179";"13_2522_S4_L001.contigs";120;81;61;58;43;29;4313771;4295046;4256447;4231894;3982083;3477966;96;236089;4306611;65,57;129680;58318;12;25;11,61
"180";"13_2530_S4_L001.contigs";197;110;79;74;54;33;4491289;4456614;4396557;4366856;4046082;3284006;133;335001;4472476;65,55;82206;48373;16;35;11,18
"181";"13_2531_S9_L001.contigs";225;89;65;63;49;31;4356713;4293553;4244884;4229498;4003837;3345855;126;248336;4317873;65,5;104408;51730;13;29;11,58
"182";"13_2533_S2_combined.contigs";2760;726;294;118;11;0;4739236;4118353;3086860;1819686;310044;0;1003;35246;4311204;65,59;8474;4459;155;325;0
"183";"13_2534_S3_L001.contigs";178;101;76;71;51;30;4323103;4291291;4240383;4203736;3883342;3128250;117;236089;4303334;65,56;84038;44502;15;33;11,62
"184";"13_2538_S5_L001.contigs";485;405;309;258;140;53;10640175;10607028;10354308;9975319;8050914;4877185;426;318427;10622614;56,99;46578;25410;63;137;4,71
"185";"13_2540_S3_L001.contigs";139;90;65;59;46;31;4316925;4294190;4247403;4199493;3991368;3421932;111;287144;4308382;65,57;105031;55653;12;28;6,96
"186";"13_2541_S3_L001.contigs";135;94;68;63;47;29;4316470;4296260;4242056;4204850;3968636;3288708;112;220982;4309705;65,58;119753;55672;14;28;11,6
"187";"13_2543_S7_L001.contigs";191;105;79;74;51;34;4322241;4286710;4232325;4195627;3827945;3240765;125;204915;4300689;65,56;79356;51070;17;34;11,63
"188";"13_2625_S8_L001.contigs";183;105;76;69;49;30;4317727;4285121;4229291;4183551;3863105;3167476;129;235990;4301250;65,55;82083;48246;15;32;9,3
"189";"13_2642_S9_L001.contigs";250;127;86;83;56;32;4332208;4282671;4200224;4180960;3746788;2857183;155;227591;4302607;65,54;64228;43104;20;40;13,95
"190";"13_2656_S3_L001.contigs";234;91;67;64;47;33;4359123;4289620;4241770;4214789;3950266;3425570;137;248600;4320970;65,5;98885;52352;14;30;13,89
"191";"13_2661_S5_L001.contigs";210;97;73;68;50;27;4343155;4291451;4244072;4203919;3918143;3095334;123;235311;4309464;65,52;106338;47959;14;30;9,28
"192";"13_2673_S10_L001.contigs";138;92;67;65;47;29;4321425;4299323;4251623;4238464;3942382;3261742;111;236089;4312350;65,58;105020;51078;14;29;18,55
"193";"13_2691_S10_L001.contigs";198;106;78;74;50;30;4332013;4291568;4234142;4203507;3801903;3098882;129;236089;4307431;65,57;81003;46088;15;33;16,25
"194";"13_2706_S1_L001.contigs";148;100;72;68;50;27;4303264;4281764;4218145;4192266;3908364;3044360;117;236089;4293797;65,53;98885;43958;13;31;11,64
"195";"13_2723_S5_L001.contigs";147;91;68;64;50;30;4325257;4299814;4256098;4224129;3991840;3228864;107;242805;4311749;65,58;97002;48754;15;31;11,6
"196";"13_2724_S6_L001.contigs";173;92;68;65;52;29;4330358;4293338;4247235;4225970;4011651;3163382;113;220958;4307968;65,56;99964;48742;15;31;11,61
"197";"13_2730_S2_L001.contigs";237;86;62;59;48;32;4363397;4296795;4246993;4223357;4060843;3459699;119;242520;4318798;65,5;99775;52477;14;28;11,58
"198";"13_2745_S8_L001.contigs";217;91;63;62;46;30;4357291;4299048;4249952;4241067;3983711;3406176;121;236242;4319339;65,53;117281;58318;13;27;13,89
"199";"13_2757_S1_L001.contigs";127;91;69;65;47;29;4316062;4298172;4254360;4228950;3923484;3251183;105;227591;4308540;65,58;96386;51078;14;29;13,93
"200";"13_2760_S9_L001.contigs";136;88;65;63;49;28;4318887;4296449;4252954;4233864;4001712;3232977;103;236242;4307255;65,57;98250;51110;14;28;16,25
"201";"13_2894_S4_L001.contigs";181;90;62;58;45;34;4333083;4293780;4234005;4205397;3998346;3591822;105;227591;4304241;65,56;100896;59396;14;28;11,62
"202";"13_3069_S10_L001.contigs";141;96;72;69;51;28;4316910;4298063;4253617;4230481;3944115;3082772;109;236133;4306844;65,56;81275;45884;14;32;11,61
"203";"13_3073_S8_L001.contigs";132;88;68;63;48;28;4309703;4291166;4251725;4214170;3974661;3252807;102;236089;4301625;65,56;119714;51057;13;28;11,62
"204";"13_3082_S5_L001.contigs";384;96;64;62;46;30;4452111;4303143;4241947;4226940;3984591;3358348;218;236089;4385275;65,54;124766;52333;13;29;11,4
"205";"13_3942_S1_L001.contigs";153;97;68;66;49;30;4315549;4292272;4231649;4212536;3947764;3240419;112;227591;4302875;65,57;99945;51386;14;30;11,62
"206";"13_3957_S3_L001.contigs";129;86;62;60;48;31;4320311;4300618;4254399;4240332;4043655;3429916;100;236089;4311232;65,59;105882;58318;14;28;11,6
"207";"13_3958_S10_L001.contigs";127;82;57;54;45;31;4314594;4296448;4245634;4222240;4086443;3566295;93;248407;4304664;65,57;119672;63666;13;25;13,94
"208";"13_3959_S7_L001.contigs";139;84;62;61;46;30;4323615;4298158;4256330;4251067;4020160;3424914;98;236089;4308956;65,59;107703;58318;13;27;13,92
"209";"13_3960_S6_L001.contigs";130;85;63;60;49;29;4317193;4297013;4255687;4232681;4061770;3300140;98;236089;4307369;65,58;98885;52333;12;28;13,93
"210";"13_3970_S2_L001.contigs";172;97;73;69;52;29;4323723;4291665;4247556;4218269;3945974;3116882;116;227591;4305158;65,56;98885;48367;14;32;11,61
"211";"13_4228_S4_L001.contigs";182;93;64;61;47;31;4324526;4285050;4224346;4196996;3970697;3385941;116;235924;4301784;65,56;98885;56733;13;28;11,62
"212";"13_4229_S9_L001.contigs";138;92;67;65;48;31;4319187;4297285;4246255;4232055;3961262;3350184;110;235980;4310582;65,58;98885;52477;13;29;11,6
"213";"13_5223_S7_L001.contigs";154;90;65;61;46;30;4317210;4292037;4237366;4208119;3975043;3398082;105;236014;4302955;65,56;119743;55648;13;27;11,62
"214";"13_5470_S6_L001.contigs";148;99;70;66;50;30;4307682;4289347;4223241;4193839;3946812;3214168;109;227591;4297223;65,55;83993;49332;14;31;9,31
"215";"13_5489_S3_L001.contigs";4217;1986;93;68;50;31;9221326;7817572;4398353;4250566;3977303;3285332;3551;235980;8937165;57,63;4548;1526;108;1086;4,48
"216";"13_5783_S5_L001.contigs";152;94;67;61;49;27;4317557;4291948;4231617;4184731;3991555;3165910;115;227591;4306486;65,57;112205;49715;14;29;16,25
"217";"13_6216_S3_L001.contigs";136;89;68;66;48;30;4311351;4289406;4245539;4228593;3939001;3285755;106;248594;4301739;65,55;96386;51258;14;29;11,62
"218";"13_8MIDNRdeerOsco_S13_L001.contigs";189;109;82;77;50;29;4310618;4271889;4218017;4184369;3743772;2971347;135;227591;4290211;65,51;79387;42798;17;35;11,65
"219";"14_0065_S5_L001.contigs";328;108;78;71;48;32;4386549;4279234;4216801;4164633;3792537;3207820;194;227591;4334847;65,53;80995;49698;16;33;11,53
"220";"14_0588_S10_L001.contigs";157;106;75;72;53;32;4308277;4287937;4225439;4200832;3894509;3131359;121;204915;4298788;65,55;82031;49365;17;34;11,63
"221";"14_0589_S5_L001.contigs";194;105;72;70;54;26;4322630;4281793;4207076;4188793;3946514;2914403;134;248407;4302612;65,55;79302;45037;15;33;9,3
"222";"14_0590_S12_L001.contigs";212;135;97;86;57;28;4309311;4272485;4186055;4101917;3634907;2581741;166;227591;4295267;65,52;59515;36083;21;44;9,31
"223";"14_0926_S9_L001.contigs";147;96;69;65;47;31;4314018;4292299;4235382;4202860;3926695;3333227;112;227591;4303601;65,56;101307;58318;14;29;9,29
"224";"14_10MIDNRdeerAlc_S11_L001.contigs";169;113;83;77;54;34;4290254;4263905;4210109;4166830;3802534;3080608;135;227591;4280255;65,51;74136;48284;19;37;7,01
"225";"14_1422_S1_L001.contigs";154;105;75;68;49;27;4307760;4284007;4219287;4169667;3850205;3022200;128;227591;4299919;65,55;98885;46513;14;32;11,63
"226";"14_1593_S3_L001.contigs";159;98;72;68;46;29;4318161;4289254;4237154;4204896;3840195;3259621;117;227591;4302876;65,52;103264;51050;13;29;11,62
"227";"14_2088_S14_L001.contigs";164;103;77;71;50;29;4303120;4274857;4223733;4176242;3823138;3056266;126;227591;4291825;65,53;81846;47839;16;33;11,65
"228";"14_2089_S6_L001.contigs";1797;283;72;68;50;32;5437150;4574289;4277842;4255237;3962167;3298080;1141;236089;5156564;61,18;64290;27775;20;47;9,7
"229";"14_2091_S1_L001.contigs";148;99;73;68;51;31;4304522;4283093;4229095;4190426;3921018;3189375;114;227591;4294399;65,54;83720;49907;15;32;11,64
"230";"14_2092_S6_L001.contigs";136;99;74;71;50;30;4309509;4291657;4237995;4214402;3867293;3155113;116;221239;4303994;65,56;82703;48820;16;32;11,62
"231";"14_2093_S10_L001.contigs";145;98;71;69;47;27;4308543;4286298;4230282;4215746;3860958;3148576;116;236089;4299644;65,55;110511;48711;13;29;13,95
"232";"14_2111_S15_L001.contigs";164;105;78;73;50;28;4317402;4289102;4228789;4189637;3816556;3017868;126;227591;4304095;65,55;96386;43326;15;33;11,62
"233";"14_2239_S4_L001.contigs";156;101;75;70;48;30;4310315;4285991;4238451;4203542;3842798;3188886;120;227591;4299314;65,54;96386;49711;16;31;11,63
"234";"14_2302_S12_L001.contigs";160;99;71;68;46;29;4304170;4276596;4218364;4195926;3832382;3205081;119;227591;4291495;65,53;82305;49912;14;30;11,65
"235";"14_2479_S16_L001.contigs";159;102;77;72;51;30;4310000;4285145;4233436;4198470;3861814;3068115;117;251604;4296129;65,55;81825;44836;16;34;11,64
"236";"14_2480_S14_L001.contigs";155;96;73;69;49;29;4309947;4281256;4230757;4200197;3874602;3141225;122;227591;4299403;65,56;98885;48290;14;31;11,63
"237";"14_2481_S18_L001.contigs";151;97;72;67;49;31;4305429;4280209;4227522;4188615;3897618;3229879;117;248342;4294080;65,54;84002;51044;15;31;11,64
"238";"14_2737_S9_L001.contigs";169;114;85;76;53;29;4306666;4280689;4226174;4161484;3795583;2931630;133;227591;4294567;65,53;81518;41276;17;36;13,97
"239";"14_2738_S7_L001.contigs";214;87;65;63;49;29;4341220;4282830;4240009;4225332;4007195;3276838;128;248407;4309575;65,54;119706;50908;13;29;11,6
"240";"14_3411_S18_L001.contigs";147;105;80;73;53;29;4288017;4269328;4218311;4163365;3847039;2968017;120;212279;4280853;65,51;81423;42750;16;35;7,01
"241";"14_3413_S20_L001.contigs";153;106;79;74;50;33;4295135;4273515;4213963;4180960;3786012;3163588;125;227591;4286916;65,52;79110;49851;17;35;9,33
"242";"14_3414_S11_L001.contigs";154;108;79;73;52;32;4302390;4280623;4217736;4173113;3817328;3112152;127;212174;4294387;65,55;79369;42988;17;35;9,31
"243";"14_3415_S21_L001.contigs";153;105;77;69;49;28;4289931;4267648;4207328;4147844;3839118;3074493;123;256395;4280999;65,5;91852;48114;15;31;11,68
"244";"14_3416_S8_L001.contigs";152;104;77;70;49;28;4299207;4276384;4220434;4170612;3843826;3071780;125;235384;4291863;65,53;83759;43698;15;32;9,32
"245";"14_3417_S15_L001.contigs";158;106;80;71;50;31;4293744;4270389;4215037;4149107;3806041;3110594;126;184786;4285044;65,51;84375;48084;16;34;4,67
"246";"14_3418_S6_L001.contigs";172;111;81;72;48;29;4294634;4267494;4205220;4138285;3736885;3021018;132;227591;4283072;65,52;83401;43796;16;34;7
"247";"14_3419_S5_L001.contigs";161;109;81;74;51;30;4299727;4274969;4218245;4168539;3799433;3044290;129;227591;4289563;65,53;81547;43928;16;34;11,66
"248";"14_3420_S9_L001.contigs";185;113;87;79;54;30;4295984;4262742;4212444;4156480;3754292;2877816;140;196104;4281397;65,52;73290;39163;19;38;7,01
"249";"14_3423_S18_L001.contigs";155;106;78;73;52;29;4300607;4276565;4220004;4186861;3850801;3006522;127;227591;4291773;65,54;81684;43704;16;34;9,32
"250";"14_3424_S16_L001.contigs";156;100;72;69;52;31;4309984;4284582;4232627;4212267;3958067;3173602;120;212235;4298319;65,52;82308;48301;16;33;11,63
"251";"14_3426_S23_L001.contigs";152;108;81;74;53;30;4299757;4279381;4224615;4172338;3833420;3016028;125;227591;4292086;65,55;81845;42028;17;35;9,32
"252";"14_3427_S3_L001.contigs";152;101;76;71;52;28;4293209;4270822;4217523;4183565;3869763;2954995;118;230097;4282555;65,51;82306;44557;16;34;11,68
"253";"14_3428_S3_L001.contigs";166;106;81;72;50;28;4299903;4272411;4220478;4151776;3786277;2958968;123;212770;4285229;65,51;82297;42750;16;34;9,33
"254";"14_3429_S20_L001.contigs";149;101;77;70;50;28;4305535;4283545;4233962;4181462;3850399;3024601;118;213270;4296223;65,55;84118;44609;15;33;11,64
"255";"14_3430_S9_L001.contigs";162;111;85;76;51;29;4290679;4267333;4211197;4144481;3734674;2947356;130;227591;4281366;65,51;80583;41283;17;35;7,01
"256";"14_3431_S6_L001.contigs";147;107;81;74;51;28;4291209;4273710;4222101;4172145;3797060;2942901;123;212198;4284904;65,52;81586;43517;16;34;7
"257";"14_3433_S8_L001.contigs";164;105;76;69;52;29;4308149;4280473;4218901;4166460;3893779;3047876;131;227591;4298904;65,55;83952;43195;16;33;9,3
"258";"14_3434_S12_L001.contigs";172;105;76;70;50;30;4299009;4271185;4212510;4170363;3846102;3134345;117;256598;4280104;65,5;84555;48302;15;32;9,35
"259";"14_3437_S14_L001.contigs";143;97;73;70;53;31;4303790;4284004;4237979;4221397;3954628;3135457;110;227591;4293399;65,54;82342;48955;16;33;9,32
"260";"14_8MIDNRdeerAlc_head_S7_L001.contigs";159;107;79;73;49;30;4289081;4263504;4203960;4159620;3754088;3056029;132;209288;4281478;65,51;82956;43471;16;34;9,34
"261";"15_12MIDNRdeerOsco_S45_L001.contigs";191;113;83;76;54;28;4307991;4272390;4215325;4158817;3801885;2877708;136;212184;4288597;65,5;74313;42517;17;36;11,66
"262";"15_1470_S22_L001.contigs";162;108;78;72;53;31;4315356;4289767;4231543;4188445;3893116;3097245;129;212232;4304689;65,52;79193;48010;17;34;13,94
"263";"15_1471_S6_L001.contigs";176;108;77;73;54;32;4299751;4267947;4204016;4176314;3886633;3059459;136;209565;4287702;65,51;79147;46685;18;36;9,33
"264";"15_1472_S21_L001.contigs";189;115;85;77;51;28;4313075;4276077;4216256;4154002;3731600;2889348;142;220924;4295854;65,55;79309;41203;16;36;11,64
"265";"15_1473_S9_L001.contigs";195;117;86;80;52;30;4309352;4273093;4210715;4158789;3696223;2904731;145;212224;4292450;65,52;69190;37704;18;38;11,65
"266";"15_1474_S5_L001.contigs";184;115;82;74;54;33;4305732;4273463;4204384;4147494;3831919;3015525;141;204915;4291963;65,5;69468;46427;19;38;11,65
"267";"15_1476_S8_L001.contigs";195;120;87;83;53;30;4314133;4277766;4215293;4187862;3708043;2861891;145;212353;4296429;65,5;68825;41265;18;38;11,64
"268";"15_1477_S3_L001.contigs";159;106;79;77;51;32;4308426;4282960;4226395;4212463;3807714;3124323;130;212190;4299142;65,53;81539;48383;17;35;11,63
"269";"15_1478_S9_L001.contigs";175;116;84;76;52;30;4294708;4265968;4202809;4144548;3759020;2952706;140;212186;4284322;65,5;81714;41944;17;36;9,34
"270";"15_1479_S12_L001.contigs";188;122;82;74;54;29;4307461;4276842;4193979;4132486;3804209;2859157;145;212199;4293496;65,53;74052;42797;18;37;6,99
"271";"15_3026_S9_L001.contigs";174;114;85;77;52;30;4305474;4277010;4219050;4157498;3754197;2944033;135;227591;4291883;65,51;80057;46268;18;36;11,65
"272";"15_3027_S16_L001.contigs";379;102;75;69;50;26;4412636;4283053;4229892;4184050;3862433;2982813;172;236089;4327531;65,37;83965;43213;14;32;11,55
"273";"15_3029_S16_L001.contigs";191;122;84;75;49;30;4322007;4289152;4216126;4148831;3730450;3056973;144;209410;4304553;65,5;81681;42750;16;34;11,62
"274";"15_3030_S63_L001.contigs";194;105;77;72;52;29;4325682;4283881;4227017;4190128;3885335;3058191;133;227591;4303189;65,52;82553;46549;15;33;11,62
"275";"15_3044_S17_L001.contigs";216;110;80;74;52;30;4322559;4275971;4211806;4166918;3815276;2982804;130;204915;4290640;65,5;79378;44947;17;35;11,65
"276";"15_3045_S25_L001.contigs";221;113;81;74;54;32;4324815;4272779;4211326;4161988;3852215;3061561;148;204891;4297373;65,5;74335;45043;18;36;13,96
"277";"15_3176_S1_L001.contigs";33094;343;106;89;56;32;18099366;4600411;4200730;4086916;3539138;2677656;4279;177342;7026173;57,04;26570;685;55;1203;5,69
"278";"15_3176_S30_L001.contigs";181;108;73;69;50;30;4331899;4295896;4227745;4199847;3897004;3175442;134;221058;4313923;65,5;84068;47956;15;32;16,23
"279";"15_3177_S37_L001.contigs";185;112;79;76;53;33;4318626;4283638;4218461;4196278;3822209;3085183;136;220918;4301063;65,53;69146;48217;18;36;11,63
"280";"15_3579_S31_L001.contigs";215;104;73;67;49;29;4343405;4292886;4226372;4178004;3894760;3171082;125;227591;4307991;65,51;98885;49450;14;31;11,61
"281";"15_3583_S4_L001.contigs";196;123;88;79;50;28;4304420;4269189;4192890;4120215;3647371;2796374;148;204915;4287732;65,52;80031;41160;18;38;9,33
"282";"15_4981_S6_L001.contigs";191;115;79;71;54;32;4323231;4285471;4212181;4151636;3890730;3101279;141;260300;4304820;65,48;72503;47851;17;35;11,61
"283";"15_4MIDNRdeerMontm_S34_L001.contigs";199;115;84;77;51;31;4315866;4275855;4212913;4161881;3743786;3036248;148;227591;4298500;65,49;79180;43730;17;35;9,31
"284";"15_5448_S25_L001.contigs";191;116;81;75;55;35;4315321;4278798;4210966;4169053;3830459;3105844;144;204915;4299011;65,51;65919;44485;19;38;11,63
"285";"15_5703_S25_L001.contigs";194;106;78;73;47;30;4325100;4283188;4222137;4181775;3765507;3156831;135;212373;4303828;65,52;83791;48221;15;32;13,94
"286";"15_5704_S43_L001.contigs";198;122;87;78;50;29;4309068;4271719;4198091;4136790;3664380;2902944;150;227591;4291777;65,51;69199;39463;17;37;13,98
"287";"15_5705_S5_L001.contigs";162;106;73;71;53;33;4306325;4278606;4210430;4192937;3910425;3173793;133;212372;4297749;65,52;79295;49911;17;34;9,31
"288";"15_5706_S24_L001.contigs";192;103;76;72;50;28;4324659;4280185;4227481;4200691;3849507;3038808;136;260387;4303786;65,52;82324;48488;15;32;11,62
"289";"15_5721_S5_L001.contigs";173;116;82;76;54;28;4314780;4286554;4216170;4170323;3826380;2905585;142;212284;4305125;65,54;80778;40320;17;36;11,61
"290";"15_5722_S31_L001.contigs";176;110;83;79;52;29;4310668;4279001;4221656;4192141;3743038;2921728;130;220772;4293569;65,53;79505;42750;17;36;13,97
"291";"15_5727_S37_L001.contigs";181;103;75;70;48;32;4312788;4274701;4217781;4178668;3814461;3213304;131;227591;4294886;65,54;83745;49819;16;33;11,64
"292";"16_017237_01_54MIDNRdeerAlc_S30_L001.contigs";164;114;85;75;54;31;4303081;4278300;4224001;4149515;3815770;2994639;135;196107;4293533;65,51;79157;42750;18;36;11,65
"293";"16_017237_01_67MIDNRdeerAlp_S24_L001.contigs";157;99;75;71;52;32;4304664;4278550;4227717;4199855;3906529;3199685;116;227591;4290670;65,52;82109;49814;16;33;16,31
"294";"16_017237_04_16MIDNRdeerMontm_S40_L001.contigs";178;109;78;72;50;30;4313841;4282187;4221127;4180052;3840442;3124795;127;220964;4295412;65,53;81750;48295;16;32;11,64
"295";"16_017237_04_30MIDNRdeerMontm_1_S46_L001.contigs";159;107;81;74;52;32;4300015;4276008;4221031;4170298;3820337;3100665;129;227591;4291528;65,54;74130;46437;17;35;11,65
"296";"16_0441_S17_L001.contigs";148;103;76;72;48;30;4304556;4283752;4228900;4197877;3816840;3172628;122;246810;4296491;65,52;86996;49799;15;31;11,64
"297";"16_0445_S39_L001.contigs";180;107;80;72;50;28;4313854;4280314;4226653;4169482;3814905;3026006;137;248407;4299734;65,53;80896;43847;16;33;13,95
"298";"16_0447_S23_L001.contigs";165;108;77;71;51;33;4311893;4284106;4218257;4171811;3844317;3153808;132;227591;4301052;65,54;74675;48533;17;35;13,95
"299";"16_0449_S1_L001.contigs";167;104;77;72;51;32;4310226;4281283;4228366;4191659;3847492;3121745;124;211099;4296002;65,54;81001;48185;17;35;11,64
"300";"16_0468_S42_L001.contigs";174;107;77;71;50;32;4305968;4273076;4209537;4164731;3821816;3186987;136;227591;4293153;65,53;82015;49542;16;33;11,65
"301";"16_0470_S18_L001.contigs";184;122;90;78;51;28;4302380;4273808;4204772;4119391;3669962;2817958;145;227591;4290685;65,53;74268;41316;17;37;11,65
"302";"16_0474_S41_L001.contigs";159;107;80;74;53;31;4309422;4284347;4233380;4193223;3864374;3039440;128;216007;4300099;65,53;79282;46212;17;35;11,63
"303";"16_0476_S1_L001.contigs";175;112;86;77;47;29;4308010;4275084;4216942;4150688;3677377;3043056;141;227591;4296084;65,54;81976;42592;16;33;13,97
"304";"16_1391_S33_L001.contigs";311;111;82;76;52;33;4380788;4282772;4230956;4189800;3792988;3091355;173;227591;4324847;65,51;74414;47811;18;37;11,56
"305";"16_1804_S2_L001.contigs";3603;2015;143;77;51;32;9457362;8457776;4685338;4270059;3875835;3168301;3099;212616;9242408;66,56;5314;1949;131;928;4,33
"306";"16_2200_S3_L001.contigs";157;102;74;68;52;31;4310451;4284529;4228583;4184431;3931101;3174557;123;227591;4299580;65,54;82359;48305;16;33;6,98
"307";"94_0568_S9_L001.contigs";143;95;67;63;46;30;4318194;4296362;4235640;4209952;3935182;3305040;111;227591;4307560;65,56;98885;51583;14;29;16,25
"308";"96_33MIDNRdeerAlp_S2_L001.contigs";151;97;72;68;48;29;4312412;4289058;4236155;4207718;3889125;3187101;110;227591;4298533;65,54;96329;48305;14;30;11,63
"309";"96_38MIDNRdeerAlp_S15_L001.contigs";205;99;74;72;50;27;4328156;4280433;4233743;4218716;3883067;3042703;127;235873;4299306;65,53;83408;46417;14;31;11,63
"310";"96_39MIDNRdeerMontm_S17_L001.contigs";157;101;73;69;50;35;4307071;4283933;4230653;4201882;3893940;3361271;118;220997;4295652;65,55;81616;51081;16;33;11,64
"311";"96_42MIDNRdeerMontm_S21_L001.contigs";155;99;74;70;45;29;4307136;4282157;4230254;4199735;3800990;3239395;117;236145;4294590;65,53;92019;50947;14;29;6,99
"312";"96_49MIDNRdeerMontm_S1_L001.contigs";153;102;74;68;48;28;4310922;4288301;4234694;4189418;3857280;3101909;117;236089;4299193;65,55;82335;48321;14;31;11,63
"313";"96_58MIDNRdeerAlc_S5_L001.contigs";136;90;65;64;47;31;4313320;4292073;4236620;4231540;3958577;3359636;106;347199;4303761;65,56;89920;51731;14;29;13,94
"314";"96_63MIDNRdeerAlp_S21_L001.contigs";189;103;79;75;50;30;4322129;4281028;4234051;4206652;3815045;3095406;132;303530;4301115;65,53;82191;48074;15;33;11,62
"315";"96_64MIDNRdeerAlc_S12_L001.contigs";199;101;72;65;47;31;4327051;4282136;4221954;4169324;3878877;3327414;131;242454;4302716;65,55;84705;50586;14;30;11,62
"316";"97_18MIDNRdeerMontm_S15_L001.contigs";167;98;73;70;48;31;4316616;4289498;4240743;4221880;3894937;3269735;111;242420;4299500;65,55;98885;50024;15;31;11,63
"317";"97_2MIDNRdeerAlp_S19_L001.contigs";150;101;76;72;48;28;4305247;4282180;4233121;4200993;3798957;3086158;120;239598;4296238;65,54;89803;48293;15;31;11,64
"318";"97_3MIDNRdeerAlp_S7_L001.contigs";156;104;79;73;50;29;4306832;4282281;4230870;4187619;3808325;3066138;123;227591;4295580;65,55;81264;45985;15;33;11,64
"319";"97_42MIDNRdeerAlp_S13_L001.contigs";182;120;87;78;54;32;4301917;4272679;4197946;4133943;3748963;2953699;142;197998;4288769;65,54;73028;42750;19;38;9,33
"320";"97_46MIDNRdeerMontm_S9_L001.contigs";163;103;78;74;53;27;4310483;4283489;4232889;4207530;3877993;2898934;124;235901;4298562;65,55;82397;43977;16;34;11,63
"321";"97_50MIDNRdeerAlp_S6_L001.contigs";149;92;66;64;48;33;4314067;4288592;4237778;4223737;3958123;3420986;107;242413;4299684;65,57;98885;51728;14;30;11,63
"322";"97_52MIDNRdeerAlp_2_S3_L001.contigs";133;93;71;69;51;32;4304799;4285268;4240692;4225798;3933323;3207035;108;221009;4296665;65,55;98885;49818;16;33;11,64
"323";"97_64MIDNRdeerPI_S19_L001.contigs";149;105;77;74;53;30;4301736;4281109;4218575;4199639;3871168;3036376;123;227591;4293644;65,53;82599;46405;16;34;13,97
"324";"98_0251.contigs";173;97;67;63;50;28;4319866;4285322;4228098;4201636;3994778;3168061;120;246737;4301454;65,56;101613;49747;15;30;16,27
"325";"98_10MIDNRdeerAlc_S8_L001.contigs";171;110;80;75;56;31;4312632;4283941;4223587;4185723;3880021;2936999;131;227591;4299601;65,56;68186;45675;18;37;11,63
"326";"98_1865_S6_L001.contigs";140;91;66;64;46;28;4315423;4292772;4240956;4226975;3939569;3292808;109;236089;4305737;65,57;129696;52477;12;27;11,61
"327";"98_18MIDNRdeerAlp_1_S6_L001.contigs";181;103;77;72;51;28;4313262;4277553;4225031;4188980;3872160;3057252;121;227591;4291035;65,53;82345;46378;15;32;11,65
"328";"98_19MIDNRdeerAlc_S3_L001.contigs";162;111;82;76;54;30;4303371;4280127;4219784;4176753;3821529;2943839;131;204915;4294416;65,53;79123;42715;18;36;11,64
"329";"98_2322_S7_L001.contigs";140;93;70;67;48;32;4316662;4293928;4243697;4220066;3905438;3319875;113;227591;4308075;65,58;98885;51049;15;31;11,61
"330";"98_24MIDNRdeerAlp_1_S4_L001.contigs";188;104;73;70;50;29;4325512;4285924;4223306;4206899;3905767;3150757;138;227591;4308653;65,51;84380;48565;15;31;11,6
"331";"98_30MIDNRdeerAlc_S10_L001.contigs";162;112;85;78;53;28;4299719;4274695;4218383;4166797;3768806;2880051;137;227591;4292530;65,53;79394;39583;16;36;13,98
"332";"98_37MIDNRdeerAlp_S11_L001.contigs";149;102;75;69;49;31;4299210;4279163;4219095;4172071;3851395;3200419;115;219534;4288979;65,53;83447;49859;16;32;11,66
"333";"98_51MIDNRdeerMontm_S4_L001.contigs";4694;1077;83;65;47;31;7994369;5823252;4281229;4161532;3874480;3301000;3361;227591;7418327;57,69;30298;1115;42;831;6,74
"334";"98_5MIDNRdeerAlc_2_S7_L001.contigs";138;103;75;70;48;30;4302402;4284734;4226892;4189408;3827538;3167967;121;227591;4297592;65,54;84098;48386;15;32;11,63
"335";"98_61MIDNRdeerAlc_S9_L001.contigs";158;103;73;69;51;30;4313665;4285983;4221938;4190507;3903409;3142630;128;212342;4304013;65,53;82266;48774;16;32;11,62
"336";"98_70MIDNRdeerAlp_S8_L001.contigs";142;106;77;73;54;32;4304397;4287961;4231911;4200927;3899398;3047208;121;204915;4298681;65,56;74957;48069;18;36;11,63
"337";"99_1263_S1_L001.contigs";155;100;72;67;49;30;4314886;4290010;4234280;4197593;3896874;3184768;117;227591;4302881;65,56;98885;48462;15;31;11,62
"338";"99_13MIDNRdeerAlp_cat.contigs";166;103;72;68;47;28;4305853;4275422;4215396;4188336;3834703;3180985;127;248263;4293157;65,54;98885;48403;13;29;13,98
"339";"99_16MIDNRdeerAlp_cat.contigs";173;103;74;70;49;29;4312893;4279886;4222009;4189678;3855679;3087215;132;212218;4300328;65,56;84130;48235;15;32;6,98
"340";"99_17MIDNRdeerOsco_S10_L001.contigs";146;108;80;74;49;30;4304357;4285204;4226948;4179677;3752952;3090772;127;227591;4298947;65,56;80698;48358;16;33;11,63
"341";"99_22MIDNRdeerAlc_1_S14_L001.contigs";200;93;68;65;47;30;4334924;4284612;4230249;4206285;3913228;3248570;121;248479;4304548;65,5;96386;50836;14;30;11,62
"342";"99_23MIDNRdeerMontm_S19_L001.contigs";145;105;75;73;51;31;4303194;4286129;4222994;4211859;3889590;3200711;119;205618;4296197;65,55;83270;49819;15;32;11,64
"343";"99_3043_S3_L001.contigs";155;90;65;61;48;28;4324854;4295214;4249306;4216447;4006056;3297857;109;236089;4309429;65,58;104393;58318;13;27;11,6
"344";"99_33MIDNR_S3_L001.contigs";208;113;83;75;53;31;4313096;4267413;4207559;4152019;3790156;2987449;145;196085;4289948;65,51;71955;42750;18;37;9,32
"345";"99_39MIDNRdeerIos_S2_L001.contigs";161;88;64;61;46;31;4324810;4292076;4243351;4220080;3972366;3387117;106;212374;4305653;65,56;120864;52477;14;28;9,29
"346";"99_48MIDNRdeerAlc_S19_L001.contigs";165;108;76;70;49;30;4312491;4283563;4216136;4170015;3831872;3158652;130;248336;4299332;65,54;81834;47932;15;32;11,63
"347";"99_6624_S10_L001.contigs";128;86;62;60;46;30;4315059;4297404;4250590;4235635;4012949;3425345;97;236089;4305603;65,57;104463;61586;13;27;16,26
"348";"99_6628_S4_L001.contigs";147;94;69;63;49;30;4316813;4293100;4248292;4207548;3985674;3259941;110;240448;4304955;65,57;98885;51094;14;30;11,61
"349";"99_6631_S2_L001.contigs";147;91;63;62;47;28;4317498;4292776;4241445;4231995;3980460;3273778;107;235980;4304117;65,57;105070;52352;13;28;9,29
"350";"99_7MIDNRdeerAlc_S18_L001.contigs";153;100;76;71;50;29;4307029;4282313;4237122;4197740;3854129;3076643;115;212216;4293972;65,53;81847;49055;15;32;11,64
