S1	E1	S2	E2	Reference	Contig	IDY	Ambiguous	Best_group
2453647	2665721	78	212204	NC_002945.4	NODE_1_length_212204_cov_36.742730	99.96		True
CONTIG	NODE_1_length_212204_cov_36.742730	212204	correct
3488378	3673271	184786	1	NC_002945.4	NODE_2_length_184786_cov_37.234762	99.93		True
CONTIG	NODE_2_length_184786_cov_37.234762	184786	correct
402605	581801	1	179082	NC_002945.4	NODE_3_length_179082_cov_36.496980	99.92		True
CONTIG	NODE_3_length_179082_cov_36.496980	179082	correct
2957039	3015353	1	58262	NC_002945.4	NODE_4_length_167624_cov_37.366610	99.9		True
local misassembly
3015912	3085884	58263	127599	NC_002945.4	NODE_4_length_167624_cov_37.366610	98.77		True
relocation, inconsistency = -4469
3081416	3082770	127600	128954	NC_002945.4	NODE_4_length_167624_cov_37.366610	100.0		True
relocation, inconsistency = 3111
3085882	3124551	128955	167624	NC_002945.4	NODE_4_length_167624_cov_37.366610	99.98		True
CONTIG	NODE_4_length_167624_cov_37.366610	167624	misassembled
150071	306689	195	156786	NC_002945.4	NODE_5_length_156786_cov_36.943176	99.97		True
CONTIG	NODE_5_length_156786_cov_36.943176	156786	correct
30083	103918	73849	1	NC_002945.4	NODE_6_length_142837_cov_37.363780	99.96		True
local misassembly
1	29469	103319	73851	NC_002945.4	NODE_6_length_142837_cov_37.363780	99.99		True
fake: not a misassembly [linear representation of circular genome]
4310451	4349904	142772	103320	NC_002945.4	NODE_6_length_142837_cov_37.363780	99.99		True
CONTIG	NODE_6_length_142837_cov_37.363780	142837	correct
1638948	1769053	171	130275	NC_002945.4	NODE_7_length_130367_cov_39.190694	99.99		True
CONTIG	NODE_7_length_130367_cov_39.190694	130367	correct
4070121	4193715	1	123480	NC_002945.4	NODE_8_length_123480_cov_36.831176	99.89		True
CONTIG	NODE_8_length_123480_cov_36.831176	123480	correct
1010930	1091654	80803	76	NC_002945.4	NODE_9_length_120078_cov_37.232195	99.99		True
relocation, inconsistency = 1457
970196	1009472	120078	80804	NC_002945.4	NODE_9_length_120078_cov_37.232195	99.98		True
CONTIG	NODE_9_length_120078_cov_37.232195	120078	misassembled
1869467	1985614	214	115895	NC_002945.4	NODE_10_length_115906_cov_36.918059	99.58		True
CONTIG	NODE_10_length_115906_cov_36.918059	115906	correct
3227031	3338802	249	112246	NC_002945.4	NODE_11_length_112246_cov_37.601201	99.87		True
CONTIG	NODE_11_length_112246_cov_37.601201	112246	correct
824601	838087	13487	1	NC_002945.4	NODE_12_length_111064_cov_37.745603	99.98		True
local misassembly
726470	824045	111064	13488	NC_002945.4	NODE_12_length_111064_cov_37.745603	99.99		True
CONTIG	NODE_12_length_111064_cov_37.745603	111064	correct
3343594	3442410	1	98885	NC_002945.4	NODE_13_length_98885_cov_37.963719	99.92		True
CONTIG	NODE_13_length_98885_cov_37.963719	98885	correct
2057111	2083604	130	26623	NC_002945.4	NODE_14_length_83988_cov_37.985786	99.98		True
local misassembly
2083596	2140726	26762	83892	NC_002945.4	NODE_14_length_83988_cov_37.985786	99.99		True
CONTIG	NODE_14_length_83988_cov_37.985786	83988	correct
1386929	1470724	83739	1	NC_002945.4	NODE_15_length_83753_cov_37.491857	99.92		True
CONTIG	NODE_15_length_83753_cov_37.491857	83753	correct
3896813	3979534	64	82776	NC_002945.4	NODE_16_length_82824_cov_36.424187	99.97		True
CONTIG	NODE_16_length_82824_cov_36.424187	82824	correct
1491980	1573379	155	81554	NC_002945.4	NODE_17_length_81554_cov_38.824456	99.92		True
CONTIG	NODE_17_length_81554_cov_38.824456	81554	correct
2693912	2773111	79199	1	NC_002945.4	NODE_18_length_79199_cov_36.746092	99.98		True
CONTIG	NODE_18_length_79199_cov_36.746092	79199	correct
3760286	3835785	2	75360	NC_002945.4	NODE_19_length_75360_cov_36.660854	99.74		True
CONTIG	NODE_19_length_75360_cov_36.660854	75360	correct
1779460	1853788	1	74329	NC_002945.4	NODE_20_length_74329_cov_36.579284	99.99		True
CONTIG	NODE_20_length_74329_cov_36.579284	74329	correct
3125103	3193870	1	68714	NC_002945.4	NODE_21_length_68714_cov_36.137708	99.91		True
CONTIG	NODE_21_length_68714_cov_36.137708	68714	correct
1096985	1165170	1	68175	NC_002945.4	NODE_22_length_68175_cov_36.569069	99.97		True
CONTIG	NODE_22_length_68175_cov_36.569069	68175	correct
2852146	2916393	64247	1	NC_002945.4	NODE_23_length_64308_cov_35.419096	99.98		True
CONTIG	NODE_23_length_64308_cov_35.419096	64308	correct
4194926	4259153	1	64228	NC_002945.4	NODE_24_length_64228_cov_39.515218	99.99		True
CONTIG	NODE_24_length_64228_cov_39.515218	64228	correct
1280097	1343223	63189	1	NC_002945.4	NODE_25_length_63189_cov_40.360820	99.89		True
CONTIG	NODE_25_length_63189_cov_40.360820	63189	correct
1219480	1278412	58933	1	NC_002945.4	NODE_26_length_58992_cov_36.706889	99.98		True
CONTIG	NODE_26_length_58992_cov_36.706889	58992	correct
2801012	2852028	1	51017	NC_002945.4	NODE_27_length_51017_cov_36.614384	99.99		True
CONTIG	NODE_27_length_51017_cov_36.614384	51017	correct
3984810	4000631	1	15822	NC_002945.4	NODE_28_length_50832_cov_36.985031	99.99		True
fake: scaffold gap size wrong estimation (local)
4000854	4035763	15923	50832	NC_002945.4	NODE_28_length_50832_cov_36.985031	99.98		True
CONTIG	NODE_28_length_50832_cov_36.985031	50832	correct
1573988	1623832	49986	142	NC_002945.4	NODE_29_length_49986_cov_35.283760	99.98		True
CONTIG	NODE_29_length_49986_cov_35.283760	49986	correct
676586	726474	49889	1	NC_002945.4	NODE_30_length_49889_cov_35.338933	99.98		True
CONTIG	NODE_30_length_49889_cov_35.338933	49889	correct
842760	891078	30	48348	NC_002945.4	NODE_31_length_48348_cov_36.376226	99.99		True
CONTIG	NODE_31_length_48348_cov_36.376226	48348	correct
625291	673257	47976	10	NC_002945.4	NODE_32_length_47976_cov_35.600535	99.99		True
CONTIG	NODE_32_length_47976_cov_35.600535	47976	correct
1997215	2040877	1	43663	NC_002945.4	NODE_33_length_43663_cov_37.397786	99.98		True
CONTIG	NODE_33_length_43663_cov_37.397786	43663	correct
1343879	1386638	1	42765	NC_002945.4	NODE_34_length_42965_cov_35.325225	99.98		True
CONTIG	NODE_34_length_42965_cov_35.325225	42965	correct
3445573	3488322	42750	1	NC_002945.4	NODE_35_length_42750_cov_38.320437	99.97		True
CONTIG	NODE_35_length_42750_cov_38.320437	42750	correct
3836888	3878135	1	41240	NC_002945.4	NODE_36_length_41240_cov_36.696009	99.96		True
CONTIG	NODE_36_length_41240_cov_36.696009	41240	correct
930634	970060	39667	1	NC_002945.4	NODE_37_length_39675_cov_35.926343	99.37		True
CONTIG	NODE_37_length_39675_cov_35.926343	39675	correct
2246369	2283745	37379	1	NC_002945.4	NODE_38_length_37379_cov_40.190621	99.95		True
CONTIG	NODE_38_length_37379_cov_40.190621	37379	correct
363949	401308	19	37378	NC_002945.4	NODE_39_length_37378_cov_35.481276	99.99		True
CONTIG	NODE_39_length_37378_cov_35.481276	37378	correct
2210039	2245161	35123	1	NC_002945.4	NODE_40_length_35123_cov_40.839353	100.0		True
CONTIG	NODE_40_length_35123_cov_40.839353	35123	correct
4035964	4070121	45	34202	NC_002945.4	NODE_41_length_34202_cov_35.122788	99.97		True
CONTIG	NODE_41_length_34202_cov_35.122788	34202	correct
4259930	4281520	1	21589	NC_002945.4	NODE_42_length_33762_cov_36.686487	99.98		True
local misassembly
4281767	4293939	21590	33762	NC_002945.4	NODE_42_length_33762_cov_36.686487	99.99		True
CONTIG	NODE_42_length_33762_cov_36.686487	33762	correct
3737665	3758836	21172	1	NC_002945.4	NODE_43_length_33733_cov_36.875409	100.0		True
local misassembly
3724894	3737454	33733	21173	NC_002945.4	NODE_43_length_33733_cov_36.875409	99.98		True
CONTIG	NODE_43_length_33733_cov_36.875409	33733	correct
2161798	2192094	1	30298	NC_002945.4	NODE_44_length_30298_cov_39.277949	99.99		True
CONTIG	NODE_44_length_30298_cov_39.277949	30298	correct
2294650	2324490	29841	1	NC_002945.4	NODE_45_length_29841_cov_33.904153	99.99		True
CONTIG	NODE_45_length_29841_cov_33.904153	29841	correct
2343853	2372226	28380	7	NC_002945.4	NODE_46_length_28380_cov_35.478285	99.99		True
CONTIG	NODE_46_length_28380_cov_35.478285	28380	correct
2666301	2693421	27120	1	NC_002945.4	NODE_47_length_27353_cov_37.708587	99.99		True
CONTIG	NODE_47_length_27353_cov_37.708587	27353	correct
336693	363799	87	27115	NC_002945.4	NODE_48_length_27115_cov_29.875685	99.62		True
CONTIG	NODE_48_length_27115_cov_29.875685	27115	correct
105040	131910	1	26871	NC_002945.4	NODE_49_length_26995_cov_35.755322	99.98		True
CONTIG	NODE_49_length_26995_cov_35.755322	26995	correct
306710	333426	26738	127	NC_002945.4	NODE_50_length_26743_cov_36.292155	98.95		True
CONTIG	NODE_50_length_26743_cov_36.292155	26743	correct
581820	607788	1	25969	NC_002945.4	NODE_51_length_25969_cov_36.583121	99.99		True
CONTIG	NODE_51_length_25969_cov_36.583121	25969	correct
3674358	3700050	25803	129	NC_002945.4	NODE_52_length_25803_cov_27.872098	99.92		True
CONTIG	NODE_52_length_25803_cov_27.872098	25803	correct
2386668	2408679	22036	25	NC_002945.4	NODE_53_length_22036_cov_28.740016	100.0		True
CONTIG	NODE_53_length_22036_cov_28.740016	22036	correct
2423267	2444953	1	21687	NC_002945.4	NODE_54_length_21687_cov_38.417950	99.99		True
CONTIG	NODE_54_length_21687_cov_38.417950	21687	correct
1171083	1189860	1	18778	NC_002945.4	NODE_55_length_21463_cov_33.081834	99.99		True
local misassembly
1190092	1192776	18779	21463	NC_002945.4	NODE_55_length_21463_cov_33.081834	99.96		True
CONTIG	NODE_55_length_21463_cov_33.081834	21463	correct
1193002	1213474	1	20473	NC_002945.4	NODE_56_length_20563_cov_36.136034	99.98		True
CONTIG	NODE_56_length_20563_cov_36.136034	20563	correct
1490961	1491172	298	87	NC_002945.4	NODE_57_length_19112_cov_42.002739	100.0		True
local misassembly
1471935	1490747	19112	299	NC_002945.4	NODE_57_length_19112_cov_42.002739	99.98		True
CONTIG	NODE_57_length_19112_cov_42.002739	19112	correct
2192685	2209982	1	17298	NC_002945.4	NODE_58_length_17518_cov_42.564027	99.99		True
CONTIG	NODE_58_length_17518_cov_42.564027	17518	correct
2140909	2158250	170	17511	NC_002945.4	NODE_59_length_17511_cov_40.164231	99.98		True
CONTIG	NODE_59_length_17511_cov_40.164231	17511	correct
892165	909508	1	17344	NC_002945.4	NODE_60_length_17344_cov_37.019864	99.99		True
CONTIG	NODE_60_length_17344_cov_37.019864	17344	correct
2326331	2343537	1	17207	NC_002945.4	NODE_61_length_17321_cov_33.756369	99.99		True
CONTIG	NODE_61_length_17321_cov_33.756369	17321	correct
132648	149557	1	16910	NC_002945.4	NODE_62_length_16910_cov_41.888995	99.96		True
CONTIG	NODE_62_length_16910_cov_41.888995	16910	correct
2776946	2793312	16367	1	NC_002945.4	NODE_63_length_16495_cov_41.257026	99.98		True
CONTIG	NODE_63_length_16495_cov_41.257026	16495	correct
910050	926186	1	16137	NC_002945.4	NODE_64_length_16213_cov_39.417319	99.99		True
CONTIG	NODE_64_length_16213_cov_39.417319	16213	correct
3193780	3209235	1	15556	NC_002945.4	NODE_65_length_15631_cov_37.978393	100.0		True
CONTIG	NODE_65_length_15631_cov_37.978393	15631	correct
2916851	2932365	15516	2	NC_002945.4	NODE_66_length_15516_cov_41.459159	99.94		True
CONTIG	NODE_66_length_15516_cov_41.459159	15516	correct
1853899	1869389	1	15491	NC_002945.4	NODE_67_length_15491_cov_26.768094	99.99		True
CONTIG	NODE_67_length_15491_cov_26.768094	15491	correct
609085	624364	15473	194	NC_002945.4	NODE_68_length_15473_cov_33.964747	99.99		True
CONTIG	NODE_68_length_15473_cov_33.964747	15473	correct
2041040	2056322	15418	136	NC_002945.4	NODE_69_length_15418_cov_40.120725	99.99		True
CONTIG	NODE_69_length_15418_cov_40.120725	15418	correct
2372379	2386761	14383	1	NC_002945.4	NODE_70_length_14383_cov_38.443322	99.98		True
CONTIG	NODE_70_length_14383_cov_38.443322	14383	correct
2409031	2422776	13746	1	NC_002945.4	NODE_71_length_13746_cov_35.156766	99.98		True
CONTIG	NODE_71_length_13746_cov_35.156766	13746	correct
3712180	3724845	12697	32	NC_002945.4	NODE_72_length_12697_cov_26.373270	99.96		True
CONTIG	NODE_72_length_12697_cov_26.373270	12697	correct
2944619	2957076	1	12458	NC_002945.4	NODE_73_length_12458_cov_36.999595	99.98		True
CONTIG	NODE_73_length_12458_cov_36.999595	12458	correct
2933831	2943963	10133	1	NC_002945.4	NODE_74_length_10133_cov_36.897861	99.99		True
CONTIG	NODE_74_length_10133_cov_36.897861	10133	correct
3209339	3219347	10009	1	NC_002945.4	NODE_75_length_10094_cov_36.737434	100.0		True
CONTIG	NODE_75_length_10094_cov_36.737434	10094	correct
1623837	1633313	133	9552	NC_002945.4	NODE_76_length_9552_cov_28.163183	99.35		True
CONTIG	NODE_76_length_9552_cov_28.163183	9552	correct
3219368	3227054	1	7687	NC_002945.4	NODE_77_length_7865_cov_30.589170	99.96		True
CONTIG	NODE_77_length_7865_cov_30.589170	7865	correct
3703671	3711403	46	7778	NC_002945.4	NODE_78_length_7778_cov_23.932689	99.92		True
CONTIG	NODE_78_length_7778_cov_23.932689	7778	correct
2446120	2453614	1	7495	NC_002945.4	NODE_79_length_7637_cov_37.019174	100.0		True
CONTIG	NODE_79_length_7637_cov_37.019174	7637	correct
4301949	4309415	171	7637	NC_002945.4	NODE_80_length_7637_cov_35.238349	99.99		True
CONTIG	NODE_80_length_7637_cov_35.238349	7637	correct
3884643	3890001	5368	1	NC_002945.4	NODE_81_length_7603_cov_15.644864	99.81		True
local misassembly
3882139	3884027	7305	5369	NC_002945.4	NODE_81_length_7603_cov_15.644864	97.65		True
CONTIG	NODE_81_length_7603_cov_15.644864	7603	correct
4294631	4301847	28	7244	NC_002945.4	NODE_82_length_7296_cov_34.372576	99.99		True
CONTIG	NODE_82_length_7296_cov_34.372576	7296	correct
2793852	2799828	1	5977	NC_002945.4	NODE_83_length_5977_cov_33.754701	99.98		True
CONTIG	NODE_83_length_5977_cov_33.754701	5977	correct
1987034	1992127	5095	1	NC_002945.4	NODE_84_length_5116_cov_39.024253	99.98		True
CONTIG	NODE_84_length_5116_cov_39.024253	5116	correct
1213994	1214774	32	812	NC_002945.4	NODE_85_length_4569_cov_25.556056	98.85		True
local misassembly
1214750	1218368	932	4550	NC_002945.4	NODE_85_length_4569_cov_25.556056	100.0		True
CONTIG	NODE_85_length_4569_cov_25.556056	4569	correct
3980268	3984540	182	4454	NC_002945.4	NODE_86_length_4454_cov_30.525075	100.0		True
CONTIG	NODE_86_length_4454_cov_30.525075	4454	correct
1092496	1096461	3966	1	NC_002945.4	NODE_87_length_4167_cov_28.288366	99.97		True
CONTIG	NODE_87_length_4167_cov_28.288366	4167	correct
1165899	1169900	1	4002	NC_002945.4	NODE_88_length_4002_cov_37.747097	99.98		True
CONTIG	NODE_88_length_4002_cov_37.747097	4002	correct
3700221	3703676	3456	1	NC_002945.4	NODE_89_length_3456_cov_28.222289	100.0		True
CONTIG	NODE_89_length_3456_cov_28.222289	3456	correct
1635657	1638240	1	2560	NC_002945.4	NODE_90_length_3293_cov_15.053380	99.07		True
local misassembly
1638385	1638707	2561	2883	NC_002945.4	NODE_90_length_3293_cov_15.053380	99.71		True
CONTIG	NODE_90_length_3293_cov_15.053380	3293	correct
2284620	2287647	3028	1	NC_002945.4	NODE_91_length_3028_cov_26.549121	99.77		True
CONTIG	NODE_91_length_3028_cov_26.549121	3028	correct
2290710	2293716	1	3007	NC_002945.4	NODE_92_length_3007_cov_25.021528	100.0		True
CONTIG	NODE_92_length_3007_cov_25.021528	3007	correct
2158479	2158913	1	435	NC_002945.4	NODE_93_length_2811_cov_39.889717	100.0		True
fake: scaffold gap size wrong estimation (local)
2158914	2160444	467	1997	NC_002945.4	NODE_93_length_2811_cov_39.889717	95.49		True
CONTIG	NODE_93_length_2811_cov_39.889717	2811	correct
1993335	1996101	1	2767	NC_002945.4	NODE_94_length_2767_cov_41.124242	100.0		True
CONTIG	NODE_94_length_2767_cov_41.124242	2767	correct
928970	930592	1623	1	NC_002945.4	NODE_95_length_2454_cov_8.547916	100.0		True
local misassembly
928292	928975	2454	1762	NC_002945.4	NODE_95_length_2454_cov_8.547916	98.7		True
CONTIG	NODE_95_length_2454_cov_8.547916	2454	correct
3878964	3881088	2125	1	NC_002945.4	NODE_96_length_2125_cov_7.869870	100.0		True
CONTIG	NODE_96_length_2125_cov_7.869870	2125	correct
3891286	3892937	204	1855	NC_002945.4	NODE_97_length_2021_cov_2.857445	99.82		True
CONTIG	NODE_97_length_2021_cov_2.857445	2021	correct
674749	676224	1476	1	NC_002945.4	NODE_98_length_1598_cov_3.809653	99.73		True
CONTIG	NODE_98_length_1598_cov_3.809653	1598	correct
607662	609211	1	1550	NC_002945.4	NODE_99_length_1550_cov_57.466620	99.94		True
CONTIG	NODE_99_length_1550_cov_57.466620	1550	correct
4193589	4195052	1	1464	NC_002945.4	NODE_100_length_1464_cov_85.120419	100.0		True
CONTIG	NODE_100_length_1464_cov_85.120419	1464	correct
1992001	1993461	1461	1	NC_002945.4	NODE_101_length_1461_cov_47.753373	99.93		True
CONTIG	NODE_101_length_1461_cov_47.753373	1461	correct
3443593	3445031	1	1439	NC_002945.4	NODE_102_length_1439_cov_48.361280	100.0		True
CONTIG	NODE_102_length_1439_cov_48.361280	1439	correct
2774181	2775596	24	1439	NC_002945.4	NODE_103_length_1439_cov_7.076982	99.86		True
CONTIG	NODE_103_length_1439_cov_7.076982	1439	correct
2324533	2325829	1297	1	NC_002945.4	NODE_104_length_1385_cov_29.187599	100.0		True
CONTIG	NODE_104_length_1385_cov_29.187599	1385	correct
890952	892291	1340	1	NC_002945.4	NODE_105_length_1340_cov_70.973619	100.0		True
CONTIG	NODE_105_length_1340_cov_70.973619	1340	correct
3339137	3340461	1	1325	NC_002945.4	NODE_106_length_1325_cov_39.570952	100.0		True
CONTIG	NODE_106_length_1325_cov_39.570952	1325	correct
3835659	3836979	1	1321	NC_002945.4	NODE_107_length_1321_cov_71.925461	99.7		True
CONTIG	NODE_107_length_1321_cov_71.925461	1321	correct
2444936	2446074	1	1139	NC_002945.4	NODE_108_length_1271_cov_33.019231	99.91		True
CONTIG	NODE_108_length_1271_cov_33.019231	1271	correct
2288581	2289835	1255	1	NC_002945.4	NODE_109_length_1255_cov_42.266844	100.0		True
CONTIG	NODE_109_length_1255_cov_42.266844	1255	correct
4309403	4310558	1203	48	NC_002945.4	NODE_110_length_1203_cov_19.794610	98.79		True
CONTIG	NODE_110_length_1203_cov_19.794610	1203	correct
2287521	2288707	1187	1	NC_002945.4	NODE_111_length_1187_cov_25.279245	100.0		True
CONTIG	NODE_111_length_1187_cov_25.279245	1187	correct
2289709	2290836	1128	1	NC_002945.4	NODE_112_length_1128_cov_62.638362	99.91		True
CONTIG	NODE_112_length_1128_cov_62.638362	1128	correct
839693	840768	9	1084	NC_002945.4	NODE_113_length_1084_cov_12.777429	99.91		True
CONTIG	NODE_113_length_1084_cov_12.777429	1084	correct
3711277	3712306	1	1030	NC_002945.4	NODE_114_length_1030_cov_73.197121	100.0		True
CONTIG	NODE_114_length_1030_cov_73.197121	1030	correct
1165044	1166025	1	982	NC_002945.4	NODE_115_length_982_cov_74.073684	100.0		True
CONTIG	NODE_115_length_982_cov_74.073684	982	correct
3878964	3879072	1	109	NC_002945.4	NODE_116_length_979_cov_2.740610	99.25		True
local misassembly
3878221	3879090	110	979	NC_002945.4	NODE_116_length_979_cov_2.740610	100.0		True
CONTIG	NODE_116_length_979_cov_2.740610	979	correct
2943837	2944745	1	909	NC_002945.4	NODE_117_length_909_cov_232.776215	100.0		True
CONTIG	NODE_117_length_909_cov_232.776215	909	correct
3341521	3342410	1	890	NC_002945.4	NODE_118_length_890_cov_28.826999	100.0		True
CONTIG	NODE_118_length_890_cov_28.826999	890	correct
1985937	1986511	575	1	NC_002945.4	NODE_119_length_852_cov_1.787586	99.3		True
CONTIG	NODE_119_length_852_cov_1.787586	852	correct
2191968	2192811	1	844	NC_002945.4	NODE_120_length_844_cov_79.923291	100.0		True
CONTIG	NODE_120_length_844_cov_79.923291	844	correct
3759787	3760104	464	147	NC_002945.4	NODE_121_length_830_cov_0.812233	96.54		True
indel: indel (> 5bp)
3759427	3759705	743	465	NC_002945.4	NODE_121_length_830_cov_0.812233	99.64		True
CONTIG	NODE_121_length_830_cov_0.812233	830	correct
1996345	1996973	790	162	NC_002945.4	NODE_122_length_829_cov_4.334758	100.0		True
CONTIG	NODE_122_length_829_cov_4.334758	829	correct
909382	910176	1	795	NC_002945.4	NODE_123_length_795_cov_96.916168	100.0		True
CONTIG	NODE_123_length_795_cov_96.916168	795	correct
3894591	3895378	788	1	NC_002945.4	NODE_124_length_788_cov_33.907716	100.0		True
CONTIG	NODE_124_length_788_cov_33.907716	788	correct
2773530	2773968	630	192	NC_002945.4	NODE_125_length_754_cov_2.834131	100.0		True
CONTIG	NODE_125_length_754_cov_2.834131	754	correct
2422650	2423393	744	1	NC_002945.4	NODE_126_length_744_cov_59.397083	100.0		True
CONTIG	NODE_126_length_744_cov_59.397083	744	correct
334856	335365	579	70	NC_002945.4	NODE_127_length_737_cov_1.808197	99.8		True
CONTIG	NODE_127_length_737_cov_1.808197	737	correct
673774	674145	439	68	NC_002945.4	NODE_128_length_707_cov_1.810345	98.66		True
indel: indel (> 5bp)
673461	673728	707	440	NC_002945.4	NODE_128_length_707_cov_1.810345	99.25		True
CONTIG	NODE_128_length_707_cov_1.810345	707	correct
2932338	2932847	167	676	NC_002945.4	NODE_129_length_676_cov_0.766849	99.22		True
CONTIG	NODE_129_length_676_cov_0.766849	676	correct
674138	674728	71	661	NC_002945.4	NODE_130_length_667_cov_2.355556	98.31		True
CONTIG	NODE_130_length_667_cov_2.355556	667	correct
3340552	3341186	635	1	NC_002945.4	NODE_131_length_635_cov_30.051181	100.0		True
CONTIG	NODE_131_length_635_cov_30.051181	635	correct
3341060	3341647	1	588	NC_002945.4	NODE_132_length_588_cov_57.869848	100.0		True
CONTIG	NODE_132_length_588_cov_57.869848	588	correct
CONTIG	NODE_133_length_559_cov_0.854167	559	unaligned
3893538	3893926	1	389	NC_002945.4	NODE_134_length_545_cov_2.311005	100.0		True
CONTIG	NODE_134_length_545_cov_2.311005	545	correct
CONTIG	NODE_135_length_515_cov_1.268041	515	unaligned
2158171	2158376	138	343	NC_002945.4	NODE_136_length_503_cov_23.295213	96.12		True
indel: indel (> 5bp)
2158446	2158605	344	503	NC_002945.4	NODE_136_length_503_cov_23.295213	100.0		True
CONTIG	NODE_136_length_503_cov_23.295213	503	correct
