S1	E1	S2	E2	Reference	Contig	IDY	Ambiguous	Best_group
2957039	3209280	1	251599	NC_002945.4	NODE_1_length_251599_cov_31.763103	99.61		True
CONTIG	NODE_1_length_251599_cov_31.763103	251599	correct
402605	607788	1	204915	NC_002945.4	NODE_2_length_204915_cov_31.426348	99.86		True
CONTIG	NODE_2_length_204915_cov_31.426348	204915	correct
3488378	3673271	1	184786	NC_002945.4	NODE_3_length_184786_cov_32.963506	99.92		True
CONTIG	NODE_3_length_184786_cov_32.963506	184786	correct
3697272	3697795	154	677	NC_002945.4	NODE_4_length_161507_cov_32.626118	99.43		True
relocation, inconsistency = -3021121
676731	824045	734	148049	NC_002945.4	NODE_4_length_161507_cov_32.626118	99.99		True
local misassembly
824601	838058	148050	161507	NC_002945.4	NODE_4_length_161507_cov_32.626118	99.98		True
CONTIG	NODE_4_length_161507_cov_32.626118	161507	misassembled
1010930	1091276	80453	104	NC_002945.4	NODE_5_length_158346_cov_31.591939	99.99		True
relocation, inconsistency = 1457
970282	1009472	119643	80454	NC_002945.4	NODE_5_length_158346_cov_31.591939	99.98		True
relocation, inconsistency = 1182
930694	969099	158169	119644	NC_002945.4	NODE_5_length_158346_cov_31.591939	99.67		True
CONTIG	NODE_5_length_158346_cov_31.591939	158346	misassembled
151061	306632	155586	15	NC_002945.4	NODE_6_length_155722_cov_30.898371	99.99		True
CONTIG	NODE_6_length_155722_cov_30.898371	155722	correct
2453777	2609205	164	155593	NC_002945.4	NODE_7_length_155593_cov_32.121049	99.99		True
CONTIG	NODE_7_length_155593_cov_32.121049	155593	correct
1638884	1769053	1	130169	NC_002945.4	NODE_8_length_130261_cov_32.532359	99.99		True
CONTIG	NODE_8_length_130261_cov_32.532359	130261	correct
1869450	1985614	115631	8	NC_002945.4	NODE_9_length_115631_cov_31.197751	99.52		True
CONTIG	NODE_9_length_115631_cov_31.197751	115631	correct
3227026	3338802	225	112227	NC_002945.4	NODE_10_length_112227_cov_31.753033	99.87		True
CONTIG	NODE_10_length_112227_cov_31.753033	112227	correct
4035867	4141984	22	106025	NC_002945.4	NODE_11_length_106025_cov_30.134214	99.88		True
CONTIG	NODE_11_length_106025_cov_30.134214	106025	correct
3343594	3442410	1	98885	NC_002945.4	NODE_12_length_98885_cov_33.073260	99.92		True
CONTIG	NODE_12_length_98885_cov_33.073260	98885	correct
2083596	2140715	57274	155	NC_002945.4	NODE_13_length_84097_cov_32.090425	99.99		True
local misassembly
2057111	2083604	83906	57413	NC_002945.4	NODE_13_length_84097_cov_32.090425	99.98		True
CONTIG	NODE_13_length_84097_cov_32.090425	84097	correct
1387295	1470724	1	83373	NC_002945.4	NODE_14_length_83373_cov_33.196814	99.92		True
CONTIG	NODE_14_length_83373_cov_33.196814	83373	correct
3897442	3979351	68	81977	NC_002945.4	NODE_15_length_82039_cov_31.586044	99.99		True
CONTIG	NODE_15_length_82039_cov_31.586044	82039	correct
21868	29469	227	7828	NC_002945.4	NODE_16_length_81678_cov_31.677674	99.99		True
local misassembly
30083	103918	7830	81678	NC_002945.4	NODE_16_length_81678_cov_31.677674	99.96		True
CONTIG	NODE_16_length_81678_cov_31.677674	81678	correct
1779460	1853802	1	74343	NC_002945.4	NODE_17_length_74344_cov_31.653718	99.99		True
CONTIG	NODE_17_length_74344_cov_31.653718	74344	correct
2693912	2766863	1	72952	NC_002945.4	NODE_18_length_72963_cov_32.919106	99.99		True
CONTIG	NODE_18_length_72963_cov_32.919106	72963	correct
1096919	1165170	1	68241	NC_002945.4	NODE_19_length_68241_cov_30.884444	99.97		True
CONTIG	NODE_19_length_68241_cov_30.884444	68241	correct
4194926	4259153	64228	1	NC_002945.4	NODE_20_length_64228_cov_31.845151	99.99		True
CONTIG	NODE_20_length_64228_cov_31.845151	64228	correct
1280097	1343223	1	63189	NC_002945.4	NODE_21_length_63189_cov_33.404982	99.89		True
CONTIG	NODE_21_length_63189_cov_33.404982	63189	correct
2852116	2914705	62589	1	NC_002945.4	NODE_22_length_62744_cov_31.449415	99.98		True
CONTIG	NODE_22_length_62744_cov_31.449415	62744	correct
4310474	4349904	143	39572	NC_002945.4	NODE_23_length_61628_cov_30.940798	99.98		True
fake: not a misassembly [linear representation of circular genome]
1	21828	39573	61400	NC_002945.4	NODE_23_length_61628_cov_30.940798	99.99		True
CONTIG	NODE_23_length_61628_cov_30.940798	61628	correct
1219875	1278412	58538	1	NC_002945.4	NODE_24_length_58538_cov_31.068189	99.99		True
CONTIG	NODE_24_length_58538_cov_31.068189	58538	correct
3777400	3835785	1	58318	NC_002945.4	NODE_25_length_58318_cov_30.271726	99.87		True
CONTIG	NODE_25_length_58318_cov_30.271726	58318	correct
1997105	2040051	18	42964	NC_002945.4	NODE_26_length_58294_cov_31.174515	99.97		True
relocation, inconsistency = 1143
2041195	2056516	42965	58286	NC_002945.4	NODE_26_length_58294_cov_31.174515	99.97		True
CONTIG	NODE_26_length_58294_cov_31.174515	58294	misassembled
2611833	2665688	1	53910	NC_002945.4	NODE_27_length_54060_cov_31.472475	99.89		True
CONTIG	NODE_27_length_54060_cov_31.472475	54060	correct
4141989	4193715	1	51727	NC_002945.4	NODE_28_length_51727_cov_32.017345	99.99		True
CONTIG	NODE_28_length_51727_cov_32.017345	51727	correct
1574014	1623827	49766	1	NC_002945.4	NODE_29_length_49766_cov_30.513588	99.88		True
CONTIG	NODE_29_length_49766_cov_30.513588	49766	correct
625543	673226	47777	130	NC_002945.4	NODE_30_length_47824_cov_30.818039	99.9		True
CONTIG	NODE_30_length_47824_cov_30.818039	47824	correct
2326988	2343691	16795	92	NC_002945.4	NODE_31_length_46537_cov_30.052467	99.98		True
relocation, inconsistency = 2596
2294650	2324391	46537	16796	NC_002945.4	NODE_31_length_46537_cov_30.052467	99.99		True
CONTIG	NODE_31_length_46537_cov_30.052467	46537	misassembled
1491998	1535540	75	43617	NC_002945.4	NODE_32_length_43652_cov_34.339506	99.92		True
CONTIG	NODE_32_length_43652_cov_34.339506	43652	correct
3445573	3488322	1	42750	NC_002945.4	NODE_33_length_42750_cov_31.023626	99.97		True
CONTIG	NODE_33_length_42750_cov_31.023626	42750	correct
1343879	1386327	42690	237	NC_002945.4	NODE_34_length_42690_cov_29.903202	99.99		True
CONTIG	NODE_34_length_42690_cov_29.903202	42690	correct
2801012	2843526	42631	117	NC_002945.4	NODE_35_length_42631_cov_32.874882	99.98		True
CONTIG	NODE_35_length_42631_cov_32.874882	42631	correct
849132	891078	1	41947	NC_002945.4	NODE_36_length_41947_cov_31.932018	99.99		True
CONTIG	NODE_36_length_41947_cov_31.932018	41947	correct
4000854	4024975	24334	213	NC_002945.4	NODE_37_length_40014_cov_31.809788	99.98		True
fake: scaffold gap size wrong estimation (local)
3985227	4000631	39839	24435	NC_002945.4	NODE_37_length_40014_cov_31.809788	99.99		True
CONTIG	NODE_37_length_40014_cov_31.809788	40014	correct
2246107	2283745	52	37692	NC_002945.4	NODE_38_length_37692_cov_35.267137	99.95		True
CONTIG	NODE_38_length_37692_cov_35.267137	37692	correct
1535942	1573505	1	37564	NC_002945.4	NODE_39_length_37592_cov_30.993220	99.95		True
CONTIG	NODE_39_length_37592_cov_30.993220	37592	correct
363946	401308	180	37542	NC_002945.4	NODE_40_length_37542_cov_29.312041	99.99		True
CONTIG	NODE_40_length_37542_cov_29.312041	37542	correct
2210044	2246080	13	36049	NC_002945.4	NODE_41_length_36049_cov_37.221675	99.99		True
CONTIG	NODE_41_length_36049_cov_37.221675	36049	correct
3724926	3737454	1	12529	NC_002945.4	NODE_42_length_33745_cov_31.798917	99.97		True
local misassembly
3737665	3758880	12530	33745	NC_002945.4	NODE_42_length_33745_cov_31.798917	100.0		True
CONTIG	NODE_42_length_33745_cov_31.798917	33745	correct
3878311	3880403	2145	152	NC_002945.4	NODE_43_length_33500_cov_29.228268	95.23		True
local misassembly
3846144	3877497	33500	2146	NC_002945.4	NODE_43_length_33500_cov_29.228268	99.98		True
CONTIG	NODE_43_length_33500_cov_29.228268	33500	correct
2161798	2192094	1	30298	NC_002945.4	NODE_44_length_30298_cov_31.728216	99.99		True
CONTIG	NODE_44_length_30298_cov_31.728216	30298	correct
105040	131877	1	26838	NC_002945.4	NODE_45_length_28421_cov_31.471231	99.98		True
relocation, inconsistency = 960791
1092669	1094238	26839	28408	NC_002945.4	NODE_45_length_28421_cov_31.471231	100.0		True
CONTIG	NODE_45_length_28421_cov_31.471231	28421	misassembled
2343853	2372209	28357	1	NC_002945.4	NODE_46_length_28357_cov_32.250514	99.99		True
CONTIG	NODE_46_length_28357_cov_32.250514	28357	correct
2666161	2693421	27260	1	NC_002945.4	NODE_47_length_27260_cov_31.940958	99.97		True
CONTIG	NODE_47_length_27260_cov_31.940958	27260	correct
332249	332743	1048	554	NC_002945.4	NODE_48_length_26469_cov_31.120036	99.64		True
local misassembly
306723	332143	26469	1049	NC_002945.4	NODE_48_length_26469_cov_31.120036	99.99		True
CONTIG	NODE_48_length_26469_cov_31.120036	26469	correct
339412	363706	24295	1	NC_002945.4	NODE_49_length_25475_cov_26.920704	99.98		True
relocation, inconsistency = 4155
334077	335256	25475	24296	NC_002945.4	NODE_49_length_25475_cov_26.920704	99.5		True
CONTIG	NODE_49_length_25475_cov_26.920704	25475	misassembled
2386668	2408709	1	22042	NC_002945.4	NODE_50_length_22042_cov_25.874104	100.0		True
CONTIG	NODE_50_length_22042_cov_25.874104	22042	correct
3674358	3696124	1	21767	NC_002945.4	NODE_51_length_21873_cov_24.589626	99.98		True
CONTIG	NODE_51_length_21873_cov_24.589626	21873	correct
4259930	4281689	1	21758	NC_002945.4	NODE_52_length_21758_cov_29.295964	99.98		True
CONTIG	NODE_52_length_21758_cov_29.295964	21758	correct
2423267	2444953	21687	1	NC_002945.4	NODE_53_length_21687_cov_31.275788	99.99		True
CONTIG	NODE_53_length_21687_cov_31.275788	21687	correct
2140800	2158516	1	17717	NC_002945.4	NODE_54_length_20352_cov_30.644203	99.96		True
local misassembly
2158655	2158913	17718	17976	NC_002945.4	NODE_54_length_20352_cov_30.644203	100.0		True
fake: scaffold gap size wrong estimation (local)
2158914	2160444	18008	19538	NC_002945.4	NODE_54_length_20352_cov_30.644203	95.49		True
CONTIG	NODE_54_length_20352_cov_30.644203	20352	correct
1854162	1869337	15176	1	NC_002945.4	NODE_55_length_19591_cov_23.158549	99.96		True
relocation, inconsistency = -2130416
3980163	3984577	19591	15177	NC_002945.4	NODE_55_length_19591_cov_23.158549	99.91		True
CONTIG	NODE_55_length_19591_cov_23.158549	19591	misassembled
1471935	1490747	1	18814	NC_002945.4	NODE_56_length_18990_cov_31.927636	99.98		True
CONTIG	NODE_56_length_18990_cov_31.927636	18990	correct
1171083	1189264	1	18182	NC_002945.4	NODE_57_length_18355_cov_32.727562	99.99		True
CONTIG	NODE_57_length_18355_cov_32.727562	18355	correct
3759828	3777386	93	17537	NC_002945.4	NODE_58_length_17537_cov_32.283113	99.31		True
CONTIG	NODE_58_length_17537_cov_32.283113	17537	correct
2192685	2209982	1	17298	NC_002945.4	NODE_59_length_17460_cov_34.682629	99.99		True
CONTIG	NODE_59_length_17460_cov_34.682629	17460	correct
892165	909508	17344	1	NC_002945.4	NODE_60_length_17344_cov_33.851252	99.99		True
CONTIG	NODE_60_length_17344_cov_33.851252	17344	correct
2776886	2793876	16991	1	NC_002945.4	NODE_61_length_16991_cov_33.483278	100.0		True
CONTIG	NODE_61_length_16991_cov_33.483278	16991	correct
132709	149549	1	16841	NC_002945.4	NODE_62_length_16841_cov_37.436700	99.95		True
CONTIG	NODE_62_length_16841_cov_37.436700	16841	correct
910050	926152	16232	130	NC_002945.4	NODE_63_length_16232_cov_33.165725	99.99		True
CONTIG	NODE_63_length_16232_cov_33.165725	16232	correct
609085	624597	15513	1	NC_002945.4	NODE_64_length_15513_cov_28.637073	99.98		True
CONTIG	NODE_64_length_15513_cov_28.637073	15513	correct
2916851	2932295	15445	1	NC_002945.4	NODE_65_length_15445_cov_34.138138	99.96		True
CONTIG	NODE_65_length_15445_cov_34.138138	15445	correct
2372352	2386761	1	14410	NC_002945.4	NODE_66_length_14410_cov_33.327942	99.96		True
CONTIG	NODE_66_length_14410_cov_33.327942	14410	correct
2409042	2422776	12	13746	NC_002945.4	NODE_67_length_13746_cov_26.516705	99.98		True
CONTIG	NODE_67_length_13746_cov_26.516705	13746	correct
2944619	2957076	1	12458	NC_002945.4	NODE_68_length_12458_cov_30.133890	99.98		True
CONTIG	NODE_68_length_12458_cov_30.133890	12458	correct
4281713	4293929	1	12217	NC_002945.4	NODE_69_length_12217_cov_30.908602	99.99		True
CONTIG	NODE_69_length_12217_cov_30.908602	12217	correct
1193025	1204737	140	11852	NC_002945.4	NODE_70_length_11852_cov_33.065245	99.97		True
CONTIG	NODE_70_length_11852_cov_33.065245	11852	correct
3700309	3711403	11095	1	NC_002945.4	NODE_71_length_11095_cov_17.693928	99.95		True
CONTIG	NODE_71_length_11095_cov_17.693928	11095	correct
4025053	4035824	115	10886	NC_002945.4	NODE_72_length_10886_cov_30.630914	99.98		True
CONTIG	NODE_72_length_10886_cov_30.630914	10886	correct
2933863	2943963	10101	1	NC_002945.4	NODE_73_length_10298_cov_27.676826	99.97		True
CONTIG	NODE_73_length_10298_cov_27.676826	10298	correct
3209306	3219345	1	10040	NC_002945.4	NODE_74_length_10042_cov_31.695613	100.0		True
CONTIG	NODE_74_length_10042_cov_31.695613	10042	correct
1623861	1633062	73	9217	NC_002945.4	NODE_75_length_9253_cov_25.732194	99.27		True
CONTIG	NODE_75_length_9253_cov_25.732194	9253	correct
3716041	3724646	193	8798	NC_002945.4	NODE_76_length_8798_cov_15.421635	99.93		True
CONTIG	NODE_76_length_8798_cov_15.421635	8798	correct
1204759	1213468	8764	55	NC_002945.4	NODE_77_length_8764_cov_30.578905	99.98		True
CONTIG	NODE_77_length_8764_cov_30.578905	8764	correct
4301917	4310395	8479	1	NC_002945.4	NODE_78_length_8632_cov_27.176955	99.99		True
CONTIG	NODE_78_length_8632_cov_27.176955	8632	correct
3836888	3845503	8616	1	NC_002945.4	NODE_79_length_8616_cov_37.063730	99.95		True
CONTIG	NODE_79_length_8616_cov_37.063730	8616	correct
2843503	2852039	1	8537	NC_002945.4	NODE_80_length_8537_cov_31.112961	100.0		True
CONTIG	NODE_80_length_8537_cov_31.112961	8537	correct
3219386	3227046	106	7766	NC_002945.4	NODE_81_length_7938_cov_29.901165	99.99		True
CONTIG	NODE_81_length_7938_cov_29.901165	7938	correct
2446129	2453612	7484	1	NC_002945.4	NODE_82_length_7587_cov_29.874933	99.97		True
CONTIG	NODE_82_length_7587_cov_29.874933	7587	correct
4294608	4301854	7252	6	NC_002945.4	NODE_83_length_7252_cov_24.992140	99.97		True
CONTIG	NODE_83_length_7252_cov_24.992140	7252	correct
842772	849111	83	6422	NC_002945.4	NODE_84_length_6618_cov_23.450316	99.97		True
CONTIG	NODE_84_length_6618_cov_23.450316	6618	correct
2793880	2799828	5949	1	NC_002945.4	NODE_85_length_5949_cov_29.359842	99.98		True
CONTIG	NODE_85_length_5949_cov_29.359842	5949	correct
2766880	2772832	5877	1	NC_002945.4	NODE_86_length_5945_cov_21.692678	98.66		True
CONTIG	NODE_86_length_5945_cov_21.692678	5945	correct
1987019	1992127	5110	1	NC_002945.4	NODE_87_length_5110_cov_28.466586	99.98		True
CONTIG	NODE_87_length_5110_cov_28.466586	5110	correct
3884660	3889388	4944	207	NC_002945.4	NODE_88_length_4944_cov_17.825202	99.77		True
CONTIG	NODE_88_length_4944_cov_17.825202	4944	correct
1165899	1169900	4002	1	NC_002945.4	NODE_89_length_4002_cov_33.777806	99.98		True
CONTIG	NODE_89_length_4002_cov_33.777806	4002	correct
1214750	1218321	260	3831	NC_002945.4	NODE_90_length_3983_cov_19.451763	100.0		True
CONTIG	NODE_90_length_3983_cov_19.451763	3983	correct
1190085	1192736	1150	3801	NC_002945.4	NODE_91_length_3802_cov_8.440272	99.36		True
CONTIG	NODE_91_length_3802_cov_8.440272	3802	correct
3712180	3715929	3750	1	NC_002945.4	NODE_92_length_3750_cov_22.000552	99.97		True
CONTIG	NODE_92_length_3750_cov_22.000552	3750	correct
2284620	2287647	1	3028	NC_002945.4	NODE_93_length_3028_cov_22.961048	99.77		True
CONTIG	NODE_93_length_3028_cov_22.961048	3028	correct
2290710	2293716	3007	1	NC_002945.4	NODE_94_length_3007_cov_24.972917	100.0		True
CONTIG	NODE_94_length_3007_cov_24.972917	3007	correct
1993335	1996058	1	2724	NC_002945.4	NODE_95_length_2724_cov_29.474394	100.0		True
CONTIG	NODE_95_length_2724_cov_29.474394	2724	correct
928261	928975	28	733	NC_002945.4	NODE_96_length_2537_cov_4.497510	96.13		True
local misassembly
928970	930574	872	2476	NC_002945.4	NODE_96_length_2537_cov_4.497510	100.0		True
CONTIG	NODE_96_length_2537_cov_4.497510	2537	correct
1635657	1638142	1	2432	NC_002945.4	NODE_97_length_2522_cov_14.172025	97.71		True
CONTIG	NODE_97_length_2522_cov_14.172025	2522	correct
2914579	2916977	1	2399	NC_002945.4	NODE_98_length_2399_cov_19.714349	99.96		True
CONTIG	NODE_98_length_2399_cov_19.714349	2399	correct
2609387	2611609	1	2223	NC_002945.4	NODE_99_length_2223_cov_20.357347	100.0		True
CONTIG	NODE_99_length_2223_cov_20.357347	2223	correct
3698290	3699920	1637	7	NC_002945.4	NODE_100_length_1824_cov_2.535062	99.51		True
CONTIG	NODE_100_length_1824_cov_2.535062	1824	correct
3890842	3892575	1	1734	NC_002945.4	NODE_101_length_1734_cov_2.558805	99.83		True
CONTIG	NODE_101_length_1734_cov_2.558805	1734	correct
1094890	1096209	1	1320	NC_002945.4	NODE_102_length_1664_cov_23.279766	99.7		True
relocation, inconsistency = -1885
1094325	1094668	1321	1664	NC_002945.4	NODE_102_length_1664_cov_23.279766	97.69		True
CONTIG	NODE_102_length_1664_cov_23.279766	1664	misassembled
674779	676394	1643	28	NC_002945.4	NODE_103_length_1655_cov_3.378272	99.51		True
CONTIG	NODE_103_length_1655_cov_3.378272	1655	correct
401182	402731	1	1550	NC_002945.4	NODE_104_length_1550_cov_47.150387	99.94		True
CONTIG	NODE_104_length_1550_cov_47.150387	1550	correct
2775620	2775775	1	156	NC_002945.4	NODE_105_length_1534_cov_2.670931	99.44		True
relocation, inconsistency = -1572
2774204	2775581	157	1534	NC_002945.4	NODE_105_length_1534_cov_2.670931	99.71		True
CONTIG	NODE_105_length_1534_cov_2.670931	1534	misassembled
4193589	4195052	1464	1	NC_002945.4	NODE_106_length_1464_cov_63.050860	100.0		True
CONTIG	NODE_106_length_1464_cov_63.050860	1464	correct
3443593	3445031	1439	1	NC_002945.4	NODE_107_length_1439_cov_42.399390	100.0		True
CONTIG	NODE_107_length_1439_cov_42.399390	1439	correct
2324529	2325804	1276	1	NC_002945.4	NODE_108_length_1437_cov_16.968702	100.0		True
relocation, inconsistency = 588740
2914579	2914705	1311	1437	NC_002945.4	NODE_108_length_1437_cov_16.968702	100.0		True
CONTIG	NODE_108_length_1437_cov_16.968702	1437	misassembled
336693	337969	1277	1	NC_002945.4	NODE_109_length_1401_cov_13.127159	99.45		True
CONTIG	NODE_109_length_1401_cov_13.127159	1401	correct
3673145	3674484	1	1340	NC_002945.4	NODE_110_length_1340_cov_64.268755	100.0		True
CONTIG	NODE_110_length_1340_cov_64.268755	1340	correct
3339137	3340461	1325	1	NC_002945.4	NODE_111_length_1325_cov_23.010851	100.0		True
CONTIG	NODE_111_length_1325_cov_23.010851	1325	correct
3835659	3836979	1321	1	NC_002945.4	NODE_112_length_1321_cov_63.420436	99.7		True
CONTIG	NODE_112_length_1321_cov_63.420436	1321	correct
2444936	2446068	1273	141	NC_002945.4	NODE_113_length_1273_cov_28.662304	100.0		True
CONTIG	NODE_113_length_1273_cov_28.662304	1273	correct
2288581	2289835	1255	1	NC_002945.4	NODE_114_length_1255_cov_27.077128	100.0		True
CONTIG	NODE_114_length_1255_cov_27.077128	1255	correct
2287521	2288707	1187	1	NC_002945.4	NODE_115_length_1187_cov_19.130189	100.0		True
CONTIG	NODE_115_length_1187_cov_19.130189	1187	correct
2283619	2284746	1	1128	NC_002945.4	NODE_116_length_1128_cov_54.184815	99.91		True
CONTIG	NODE_116_length_1128_cov_54.184815	1128	correct
335476	336431	956	1	NC_002945.4	NODE_117_length_1117_cov_3.840404	99.58		True
CONTIG	NODE_117_length_1117_cov_3.840404	1117	correct
3892592	3893485	1040	147	NC_002945.4	NODE_118_length_1052_cov_0.820541	99.11		True
CONTIG	NODE_118_length_1052_cov_0.820541	1052	correct
3711277	3712306	1030	1	NC_002945.4	NODE_119_length_1030_cov_63.053156	100.0		True
CONTIG	NODE_119_length_1030_cov_63.053156	1030	correct
1213944	1214766	36	858	NC_002945.4	NODE_120_length_1002_cov_1.309714	99.03		True
CONTIG	NODE_120_length_1002_cov_1.309714	1002	correct
150095	150956	1	862	NC_002945.4	NODE_121_length_983_cov_4.549065	100.0		True
CONTIG	NODE_121_length_983_cov_4.549065	983	correct
1165044	1166025	982	1	NC_002945.4	NODE_122_length_982_cov_66.182456	100.0		True
CONTIG	NODE_122_length_982_cov_66.182456	982	correct
3342811	3343719	909	1	NC_002945.4	NODE_123_length_909_cov_186.185422	100.0		True
CONTIG	NODE_123_length_909_cov_186.185422	909	correct
3341521	3342410	890	1	NC_002945.4	NODE_124_length_890_cov_21.106160	100.0		True
CONTIG	NODE_124_length_890_cov_21.106160	890	correct
332777	333423	864	218	NC_002945.4	NODE_125_length_864_cov_4.363636	99.69		True
CONTIG	NODE_125_length_864_cov_4.363636	864	correct
1278286	1279129	844	1	NC_002945.4	NODE_126_length_844_cov_57.775453	100.0		True
CONTIG	NODE_126_length_844_cov_57.775453	844	correct
3444905	3445699	1	795	NC_002945.4	NODE_127_length_795_cov_81.447605	100.0		True
CONTIG	NODE_127_length_795_cov_81.447605	795	correct
1854702	1854821	1	120	NC_002945.4	NODE_128_length_793_cov_28.247748	97.52		True
relocation, inconsistency = 2039769
3894591	3895263	793	121	NC_002945.4	NODE_128_length_793_cov_28.247748	100.0		True
CONTIG	NODE_128_length_793_cov_28.247748	793	misassembled
3877385	3878160	17	783	NC_002945.4	NODE_129_length_783_cov_3.963415	97.94		True
CONTIG	NODE_129_length_783_cov_3.963415	783	correct
CONTIG	NODE_130_length_781_cov_1.070336	781	unaligned
3697863	3698314	578	127	NC_002945.4	NODE_131_length_748_cov_2.185185	98.67		True
CONTIG	NODE_131_length_748_cov_2.185185	748	correct
2693295	2694038	1	744	NC_002945.4	NODE_132_length_744_cov_52.307942	100.0		True
CONTIG	NODE_132_length_744_cov_52.307942	744	correct
1573512	1573856	552	208	NC_002945.4	NODE_133_length_731_cov_0.781457	99.71		True
CONTIG	NODE_133_length_731_cov_0.781457	731	correct
3884045	3884786	1	724	NC_002945.4	NODE_134_length_724_cov_11.648241	97.44		True
CONTIG	NODE_134_length_724_cov_11.648241	724	correct
3882949	3883538	72	661	NC_002945.4	NODE_135_length_661_cov_3.691011	100.0		True
CONTIG	NODE_135_length_661_cov_3.691011	661	correct
673491	673728	1	238	NC_002945.4	NODE_136_length_652_cov_1.360000	100.0		True
indel: indel (> 5bp)
673774	674074	239	539	NC_002945.4	NODE_136_length_652_cov_1.360000	99.67		True
CONTIG	NODE_136_length_652_cov_1.360000	652	correct
3340552	3341186	1	635	NC_002945.4	NODE_137_length_635_cov_17.165354	100.0		True
CONTIG	NODE_137_length_635_cov_17.165354	635	correct
2773516	2774141	626	1	NC_002945.4	NODE_138_length_626_cov_1.643287	100.0		True
CONTIG	NODE_138_length_626_cov_1.643287	626	correct
3882303	3882726	28	451	NC_002945.4	NODE_139_length_622_cov_1.797980	97.88		True
CONTIG	NODE_139_length_622_cov_1.797980	622	correct
1985810	1986429	1	620	NC_002945.4	NODE_140_length_620_cov_2.701826	100.0		True
CONTIG	NODE_140_length_620_cov_2.701826	620	correct
625370	625575	218	423	NC_002945.4	NODE_141_length_609_cov_0.535270	99.03		True
CONTIG	NODE_141_length_609_cov_0.535270	609	correct
3696927	3697206	178	457	NC_002945.4	NODE_142_length_601_cov_2.092827	99.64		True
CONTIG	NODE_142_length_601_cov_2.092827	601	correct
3882139	3882268	293	422	NC_002945.4	NODE_143_length_594_cov_0.571734	99.23		True
CONTIG	NODE_143_length_594_cov_0.571734	594	correct
3883513	3883985	473	1	NC_002945.4	NODE_144_length_592_cov_3.516129	100.0		True
local misassembly
3883859	3883977	592	474	NC_002945.4	NODE_144_length_592_cov_3.516129	100.0		True
CONTIG	NODE_144_length_592_cov_3.516129	592	correct
3341060	3341647	1	588	NC_002945.4	NODE_145_length_588_cov_33.642082	100.0		True
CONTIG	NODE_145_length_588_cov_33.642082	588	correct
1996583	1996977	1	395	NC_002945.4	NODE_146_length_547_cov_2.221429	100.0		True
CONTIG	NODE_146_length_547_cov_2.221429	547	correct
3699906	3700271	380	15	NC_002945.4	NODE_147_length_533_cov_0.724138	97.0		True
CONTIG	NODE_147_length_533_cov_0.724138	533	correct
3845679	3846209	531	1	NC_002945.4	NODE_148_length_531_cov_26.873762	100.0		True
CONTIG	NODE_148_length_531_cov_26.873762	531	correct
3984850	3985200	351	1	NC_002945.4	NODE_149_length_522_cov_0.802532	100.0		True
CONTIG	NODE_149_length_522_cov_0.802532	522	correct
4294092	4294606	515	1	NC_002945.4	NODE_150_length_515_cov_4.224227	100.0		True
CONTIG	NODE_150_length_515_cov_4.224227	515	correct
