S1	E1	S2	E2	Reference	Contig	IDY	Ambiguous	Best_group
2453646	2665698	62	212166	NC_002945.4	NODE_1_length_333610_cov_55.450884	99.96		True
relocation, inconsistency = 1359284
1092706	1094361	213822	212167	NC_002945.4	NODE_1_length_333610_cov_55.450884	100.0		True
relocation, inconsistency = 1401
1010930	1091304	294200	213823	NC_002945.4	NODE_1_length_333610_cov_55.450884	99.97		True
relocation, inconsistency = 1457
970273	1009472	333399	294201	NC_002945.4	NODE_1_length_333610_cov_55.450884	99.98		True
CONTIG	NODE_1_length_333610_cov_55.450884	333610	misassembled
3445573	3673271	1	227591	NC_002945.4	NODE_2_length_227591_cov_56.243419	99.93		True
CONTIG	NODE_2_length_227591_cov_56.243419	227591	correct
402605	607788	204915	1	NC_002945.4	NODE_3_length_204915_cov_55.510098	99.86		True
CONTIG	NODE_3_length_204915_cov_55.510098	204915	correct
2957039	3124580	166853	1	NC_002945.4	NODE_4_length_166853_cov_54.605544	99.45		True
CONTIG	NODE_4_length_166853_cov_54.605544	166853	correct
676587	824045	1	147460	NC_002945.4	NODE_5_length_160908_cov_55.449655	99.99		True
local misassembly
824601	838048	147461	160908	NC_002945.4	NODE_5_length_160908_cov_55.449655	99.98		True
CONTIG	NODE_5_length_160908_cov_55.449655	160908	correct
4294602	4349904	1	55302	NC_002945.4	NODE_6_length_158621_cov_56.141646	99.99		True
fake: not a misassembly [linear representation of circular genome]
1	29469	55303	84771	NC_002945.4	NODE_6_length_158621_cov_56.141646	99.99		True
local misassembly
30083	103918	84773	158621	NC_002945.4	NODE_6_length_158621_cov_56.141646	99.96		True
CONTIG	NODE_6_length_158621_cov_56.141646	158621	correct
1853844	1985649	131415	1	NC_002945.4	NODE_7_length_156806_cov_51.556309	99.69		True
relocation, inconsistency = -1845923
3674358	3699766	156806	131416	NC_002945.4	NODE_7_length_156806_cov_51.556309	99.93		True
CONTIG	NODE_7_length_156806_cov_51.556309	156806	misassembled
150081	306694	1	156587	NC_002945.4	NODE_8_length_156587_cov_55.615301	99.97		True
CONTIG	NODE_8_length_156587_cov_55.615301	156587	correct
1638948	1769053	130197	93	NC_002945.4	NODE_9_length_130346_cov_57.463143	99.99		True
CONTIG	NODE_9_length_130346_cov_57.463143	130346	correct
3219364	3338802	22	119686	NC_002945.4	NODE_10_length_119686_cov_55.321691	99.88		True
CONTIG	NODE_10_length_119686_cov_55.321691	119686	correct
4035857	4141949	34	106011	NC_002945.4	NODE_11_length_106011_cov_54.407965	99.88		True
CONTIG	NODE_11_length_106011_cov_54.407965	106011	correct
3343594	3442410	1	98885	NC_002945.4	NODE_12_length_98885_cov_55.846635	99.92		True
CONTIG	NODE_12_length_98885_cov_55.846635	98885	correct
3124549	3209295	1	84737	NC_002945.4	NODE_13_length_84737_cov_55.590108	99.85		True
CONTIG	NODE_13_length_84737_cov_55.590108	84737	correct
2056544	2056887	149	492	NC_002945.4	NODE_14_length_84584_cov_56.354642	100.0		True
local misassembly
2057038	2083604	493	27059	NC_002945.4	NODE_14_length_84584_cov_56.354642	99.98		True
local misassembly
2083596	2140771	27198	84373	NC_002945.4	NODE_14_length_84584_cov_56.354642	99.99		True
CONTIG	NODE_14_length_84584_cov_56.354642	84584	correct
1387398	1470724	83270	1	NC_002945.4	NODE_15_length_83487_cov_55.630290	99.92		True
CONTIG	NODE_15_length_83487_cov_55.630290	83487	correct
3897145	3979618	82465	1	NC_002945.4	NODE_16_length_82465_cov_55.486385	99.98		True
CONTIG	NODE_16_length_82465_cov_55.486385	82465	correct
1491916	1573856	81941	1	NC_002945.4	NODE_17_length_81941_cov_57.305583	99.93		True
CONTIG	NODE_17_length_81941_cov_57.305583	81941	correct
2693912	2773105	79227	35	NC_002945.4	NODE_18_length_79227_cov_54.527889	99.99		True
CONTIG	NODE_18_length_79227_cov_54.527889	79227	correct
1779460	1853639	1	74180	NC_002945.4	NODE_19_length_74298_cov_56.052015	99.99		True
CONTIG	NODE_19_length_74298_cov_56.052015	74298	correct
1096919	1165170	1	68241	NC_002945.4	NODE_20_length_68241_cov_55.898817	99.97		True
CONTIG	NODE_20_length_68241_cov_55.898817	68241	correct
2852110	2916393	64283	1	NC_002945.4	NODE_21_length_64283_cov_53.872561	99.98		True
CONTIG	NODE_21_length_64283_cov_53.872561	64283	correct
4194926	4259153	1	64229	NC_002945.4	NODE_22_length_64229_cov_57.343047	99.99		True
CONTIG	NODE_22_length_64229_cov_57.343047	64229	correct
1280097	1343223	63189	1	NC_002945.4	NODE_23_length_63189_cov_59.945355	99.89		True
CONTIG	NODE_23_length_63189_cov_59.945355	63189	correct
1996295	2056439	60145	1	NC_002945.4	NODE_24_length_60156_cov_54.670443	99.98		True
CONTIG	NODE_24_length_60156_cov_54.670443	60156	correct
1219589	1278412	161	58984	NC_002945.4	NODE_25_length_58984_cov_55.032961	99.99		True
CONTIG	NODE_25_length_58984_cov_55.032961	58984	correct
3777400	3835785	58318	1	NC_002945.4	NODE_26_length_58318_cov_55.564881	99.87		True
CONTIG	NODE_26_length_58318_cov_55.564881	58318	correct
4141985	4193715	51731	1	NC_002945.4	NODE_27_length_51735_cov_57.430108	99.99		True
CONTIG	NODE_27_length_51735_cov_57.430108	51735	correct
2801012	2852018	1	51007	NC_002945.4	NODE_28_length_51095_cov_55.811038	99.99		True
CONTIG	NODE_28_length_51095_cov_55.811038	51095	correct
3984697	4000631	1	15935	NC_002945.4	NODE_29_length_50955_cov_55.829720	100.0		True
fake: scaffold gap size wrong estimation (local)
4000854	4035773	16036	50955	NC_002945.4	NODE_29_length_50955_cov_55.829720	99.97		True
CONTIG	NODE_29_length_50955_cov_55.829720	50955	correct
1573951	1623827	49877	1	NC_002945.4	NODE_30_length_49887_cov_53.582436	99.98		True
CONTIG	NODE_30_length_49887_cov_53.582436	49887	correct
842404	891078	9	48684	NC_002945.4	NODE_31_length_48684_cov_53.787858	99.99		True
CONTIG	NODE_31_length_48684_cov_53.787858	48684	correct
625356	673257	47946	45	NC_002945.4	NODE_32_length_47952_cov_52.922070	99.99		True
CONTIG	NODE_32_length_47952_cov_52.922070	47952	correct
2326988	2343782	16795	1	NC_002945.4	NODE_33_length_46537_cov_53.031286	99.98		True
relocation, inconsistency = 2596
2294650	2324391	46537	16796	NC_002945.4	NODE_33_length_46537_cov_53.031286	99.99		True
CONTIG	NODE_33_length_46537_cov_53.031286	46537	misassembled
3878250	3880054	1910	106	NC_002945.4	NODE_34_length_43057_cov_52.682786	99.84		True
local misassembly
3836888	3878042	43057	1911	NC_002945.4	NODE_34_length_43057_cov_52.682786	99.96		True
CONTIG	NODE_34_length_43057_cov_52.682786	43057	correct
1343879	1386550	42677	1	NC_002945.4	NODE_35_length_42677_cov_55.252620	99.99		True
CONTIG	NODE_35_length_42677_cov_55.252620	42677	correct
930656	970091	39556	1	NC_002945.4	NODE_36_length_39556_cov_55.910421	99.68		True
CONTIG	NODE_36_length_39556_cov_55.910421	39556	correct
2246140	2283745	37608	1	NC_002945.4	NODE_37_length_37771_cov_58.789050	99.95		True
CONTIG	NODE_37_length_37771_cov_58.789050	37771	correct
363943	401308	37366	1	NC_002945.4	NODE_38_length_37407_cov_53.038251	99.99		True
CONTIG	NODE_38_length_37407_cov_53.038251	37407	correct
2210167	2246087	244	36164	NC_002945.4	NODE_39_length_36164_cov_60.860782	99.99		True
CONTIG	NODE_39_length_36164_cov_60.860782	36164	correct
2409088	2422776	13689	1	NC_002945.4	NODE_40_length_35602_cov_50.965525	99.98		True
local misassembly
2386668	2408580	35602	13690	NC_002945.4	NODE_40_length_35602_cov_50.965525	100.0		True
CONTIG	NODE_40_length_35602_cov_50.965525	35602	correct
4259930	4293816	1	33885	NC_002945.4	NODE_41_length_34003_cov_55.106801	99.99		True
CONTIG	NODE_41_length_34003_cov_55.106801	34003	correct
3724846	3737454	1	12609	NC_002945.4	NODE_42_length_33829_cov_55.068898	99.98		True
local misassembly
3737665	3758884	12610	33829	NC_002945.4	NODE_42_length_33829_cov_55.068898	100.0		True
CONTIG	NODE_42_length_33829_cov_55.068898	33829	correct
2161798	2192094	1	30298	NC_002945.4	NODE_43_length_30298_cov_56.719532	99.99		True
CONTIG	NODE_43_length_30298_cov_56.719532	30298	correct
2423267	2453624	30244	1	NC_002945.4	NODE_44_length_30244_cov_56.010824	99.61		True
CONTIG	NODE_44_length_30244_cov_56.010824	30244	correct
2343773	2372284	28605	94	NC_002945.4	NODE_45_length_28785_cov_53.141182	99.99		True
CONTIG	NODE_45_length_28785_cov_53.141182	28785	correct
105040	132658	1	27619	NC_002945.4	NODE_46_length_27744_cov_52.137126	99.97		True
CONTIG	NODE_46_length_27744_cov_52.137126	27744	correct
2666100	2693421	27321	1	NC_002945.4	NODE_47_length_27321_cov_55.519453	99.99		True
CONTIG	NODE_47_length_27321_cov_55.519453	27321	correct
306710	333298	1	26484	NC_002945.4	NODE_48_length_26715_cov_51.980593	99.6		True
CONTIG	NODE_48_length_26715_cov_51.980593	26715	correct
338145	363790	1	25568	NC_002945.4	NODE_49_length_25568_cov_48.915530	99.6		True
CONTIG	NODE_49_length_25568_cov_48.915530	25568	correct
1190378	1214563	24077	30	NC_002945.4	NODE_50_length_24077_cov_49.857537	99.35		True
CONTIG	NODE_50_length_24077_cov_49.857537	24077	correct
1490961	1491803	843	1	NC_002945.4	NODE_51_length_19657_cov_59.843676	100.0		True
local misassembly
1471935	1490747	19657	844	NC_002945.4	NODE_51_length_19657_cov_59.843676	99.98		True
CONTIG	NODE_51_length_19657_cov_59.843676	19657	correct
1190092	1190388	297	1	NC_002945.4	NODE_52_length_19075_cov_52.959574	100.0		True
local misassembly
1171083	1189860	19075	298	NC_002945.4	NODE_52_length_19075_cov_52.959574	99.99		True
CONTIG	NODE_52_length_19075_cov_52.959574	19075	correct
3759022	3777383	1	18364	NC_002945.4	NODE_53_length_18364_cov_49.968306	99.93		True
CONTIG	NODE_53_length_18364_cov_49.968306	18364	correct
2140776	2158319	1	17475	NC_002945.4	NODE_54_length_17475_cov_59.270406	99.6		True
CONTIG	NODE_54_length_17475_cov_59.270406	17475	correct
2192685	2209990	17471	166	NC_002945.4	NODE_55_length_17471_cov_62.512050	99.99		True
CONTIG	NODE_55_length_17471_cov_62.512050	17471	correct
892165	909508	17344	1	NC_002945.4	NODE_56_length_17344_cov_56.444967	99.99		True
CONTIG	NODE_56_length_17344_cov_56.444967	17344	correct
2777018	2793823	16852	47	NC_002945.4	NODE_57_length_16998_cov_59.104914	100.0		True
CONTIG	NODE_57_length_16998_cov_59.104914	16998	correct
132675	149553	16879	1	NC_002945.4	NODE_58_length_16879_cov_62.746896	99.96		True
CONTIG	NODE_58_length_16879_cov_62.746896	16879	correct
910050	926217	1	16103	NC_002945.4	NODE_59_length_16170_cov_59.279063	99.58		True
CONTIG	NODE_59_length_16170_cov_59.279063	16170	correct
609085	624436	1	15352	NC_002945.4	NODE_60_length_15820_cov_51.945007	99.98		True
relocation, inconsistency = 217160
841597	841979	15353	15735	NC_002945.4	NODE_60_length_15820_cov_51.945007	98.59		True
CONTIG	NODE_60_length_15820_cov_51.945007	15820	misassembled
2916851	2932596	1	15746	NC_002945.4	NODE_61_length_15752_cov_61.402752	99.94		True
CONTIG	NODE_61_length_15752_cov_61.402752	15752	correct
2372436	2386761	14326	1	NC_002945.4	NODE_62_length_14326_cov_57.586450	99.98		True
CONTIG	NODE_62_length_14326_cov_57.586450	14326	correct
3712180	3724959	12780	1	NC_002945.4	NODE_63_length_12780_cov_40.385600	99.96		True
CONTIG	NODE_63_length_12780_cov_40.385600	12780	correct
3890969	3895512	4544	1	NC_002945.4	NODE_64_length_12689_cov_25.147827	99.88		True
local misassembly
3884643	3890278	10189	4545	NC_002945.4	NODE_64_length_12689_cov_25.147827	99.79		True
local misassembly
3882139	3884027	12126	10190	NC_002945.4	NODE_64_length_12689_cov_25.147827	97.69		True
local misassembly
3881744	3882155	12689	12278	NC_002945.4	NODE_64_length_12689_cov_25.147827	100.0		True
CONTIG	NODE_64_length_12689_cov_25.147827	12689	correct
2944619	2957076	12458	1	NC_002945.4	NODE_65_length_12458_cov_54.845755	99.98		True
CONTIG	NODE_65_length_12458_cov_54.845755	12458	correct
3700309	3711403	11095	1	NC_002945.4	NODE_66_length_11095_cov_41.633479	100.0		True
CONTIG	NODE_66_length_11095_cov_41.633479	11095	correct
2933854	2943963	10110	1	NC_002945.4	NODE_67_length_10286_cov_56.901959	99.97		True
CONTIG	NODE_67_length_10286_cov_56.901959	10286	correct
3209328	3219357	10030	1	NC_002945.4	NODE_68_length_10073_cov_52.989141	100.0		True
CONTIG	NODE_68_length_10073_cov_52.989141	10073	correct
2774325	2775566	1359	118	NC_002945.4	NODE_69_length_10030_cov_44.426840	100.0		True
relocation, inconsistency = 1141780
1623939	1632544	9908	1360	NC_002945.4	NODE_69_length_10030_cov_44.426840	99.3		True
CONTIG	NODE_69_length_10030_cov_44.426840	10030	misassembled
2793967	2799828	119	5980	NC_002945.4	NODE_70_length_5980_cov_52.150179	99.98		True
CONTIG	NODE_70_length_5980_cov_52.150179	5980	correct
1987018	1992127	1	5111	NC_002945.4	NODE_71_length_5111_cov_57.930177	99.98		True
CONTIG	NODE_71_length_5111_cov_57.930177	5111	correct
3980213	3984616	1	4404	NC_002945.4	NODE_72_length_4404_cov_47.698387	99.98		True
CONTIG	NODE_72_length_4404_cov_47.698387	4404	correct
1214750	1218394	561	4205	NC_002945.4	NODE_73_length_4205_cov_45.738843	100.0		True
CONTIG	NODE_73_length_4205_cov_45.738843	4205	correct
1165899	1169900	4002	1	NC_002945.4	NODE_74_length_4002_cov_63.189419	99.98		True
CONTIG	NODE_74_length_4002_cov_63.189419	4002	correct
1638385	1638824	591	152	NC_002945.4	NODE_75_length_3175_cov_27.361877	100.0		True
local misassembly
1635657	1638240	3175	592	NC_002945.4	NODE_75_length_3175_cov_27.361877	100.0		True
CONTIG	NODE_75_length_3175_cov_27.361877	3175	correct
2284620	2287647	3028	1	NC_002945.4	NODE_76_length_3028_cov_43.998276	99.77		True
CONTIG	NODE_76_length_3028_cov_43.998276	3028	correct
2290710	2293716	3007	1	NC_002945.4	NODE_77_length_3007_cov_43.347222	100.0		True
CONTIG	NODE_77_length_3007_cov_43.347222	3007	correct
2158341	2158913	1	573	NC_002945.4	NODE_78_length_2949_cov_58.517364	100.0		True
fake: scaffold gap size wrong estimation (local)
2158914	2160444	605	2135	NC_002945.4	NODE_78_length_2949_cov_58.517364	95.49		True
CONTIG	NODE_78_length_2949_cov_58.517364	2949	correct
1993335	1996061	2926	200	NC_002945.4	NODE_79_length_2926_cov_57.287603	100.0		True
CONTIG	NODE_79_length_2926_cov_57.287603	2926	correct
673542	676157	2620	5	NC_002945.4	NODE_80_length_2697_cov_6.253696	99.96		True
CONTIG	NODE_80_length_2697_cov_6.253696	2697	correct
928380	928975	1	605	NC_002945.4	NODE_81_length_2392_cov_14.356291	98.51		True
local misassembly
928970	930618	744	2392	NC_002945.4	NODE_81_length_2392_cov_14.356291	100.0		True
CONTIG	NODE_81_length_2392_cov_14.356291	2392	correct
334077	336469	1	2303	NC_002945.4	NODE_82_length_2303_cov_11.049173	96.11		True
CONTIG	NODE_82_length_2303_cov_11.049173	2303	correct
1094890	1096461	1572	1	NC_002945.4	NODE_83_length_1572_cov_47.131488	100.0		True
CONTIG	NODE_83_length_1572_cov_47.131488	1572	correct
401182	402731	1550	1	NC_002945.4	NODE_84_length_1550_cov_94.430077	99.94		True
CONTIG	NODE_84_length_1550_cov_94.430077	1550	correct
336693	338039	133	1479	NC_002945.4	NODE_85_length_1479_cov_20.610207	99.78		True
CONTIG	NODE_85_length_1479_cov_20.610207	1479	correct
4193589	4195052	1	1464	NC_002945.4	NODE_86_length_1464_cov_125.038893	100.0		True
CONTIG	NODE_86_length_1464_cov_125.038893	1464	correct
3443593	3445031	1439	1	NC_002945.4	NODE_87_length_1439_cov_65.013720	100.0		True
CONTIG	NODE_87_length_1439_cov_65.013720	1439	correct
3673145	3674484	1	1340	NC_002945.4	NODE_88_length_1340_cov_111.403957	100.0		True
CONTIG	NODE_88_length_1340_cov_111.403957	1340	correct
3339137	3340461	1325	1	NC_002945.4	NODE_89_length_1325_cov_56.599332	100.0		True
CONTIG	NODE_89_length_1325_cov_56.599332	1325	correct
3835659	3836979	1	1321	NC_002945.4	NODE_90_length_1321_cov_126.159129	99.7		True
CONTIG	NODE_90_length_1321_cov_126.159129	1321	correct
2288581	2289835	1255	1	NC_002945.4	NODE_91_length_1255_cov_57.526596	100.0		True
CONTIG	NODE_91_length_1255_cov_57.526596	1255	correct
839632	840792	1	1161	NC_002945.4	NODE_92_length_1232_cov_18.137557	100.0		True
local misassembly
840931	841001	1162	1232	NC_002945.4	NODE_92_length_1232_cov_18.137557	100.0		True
CONTIG	NODE_92_length_1232_cov_18.137557	1232	correct
2287521	2288707	1187	1	NC_002945.4	NODE_93_length_1187_cov_44.546226	100.0		True
CONTIG	NODE_93_length_1187_cov_44.546226	1187	correct
2289709	2290836	1128	1	NC_002945.4	NODE_94_length_1128_cov_110.516484	99.91		True
CONTIG	NODE_94_length_1128_cov_110.516484	1128	correct
3711277	3712306	1	1030	NC_002945.4	NODE_95_length_1030_cov_121.165006	100.0		True
CONTIG	NODE_95_length_1030_cov_121.165006	1030	correct
CONTIG	NODE_96_length_1010_cov_1.105323	1010	unaligned
CONTIG	NODE_97_length_992_cov_2.327168	992	unaligned
1165044	1166025	1	982	NC_002945.4	NODE_98_length_982_cov_107.279532	100.0		True
CONTIG	NODE_98_length_982_cov_107.279532	982	correct
1985849	1986424	795	220	NC_002945.4	NODE_99_length_977_cov_2.883529	100.0		True
CONTIG	NODE_99_length_977_cov_2.883529	977	correct
3342811	3343719	1	909	NC_002945.4	NODE_100_length_909_cov_356.459079	100.0		True
CONTIG	NODE_100_length_909_cov_356.459079	909	correct
3341521	3342410	1	890	NC_002945.4	NODE_101_length_890_cov_46.816514	100.0		True
CONTIG	NODE_101_length_890_cov_46.816514	890	correct
2191968	2192811	844	1	NC_002945.4	NODE_102_length_844_cov_105.903766	100.0		True
CONTIG	NODE_102_length_844_cov_105.903766	844	correct
CONTIG	NODE_103_length_844_cov_1.443515	844	unaligned
3444905	3445699	1	795	NC_002945.4	NODE_104_length_795_cov_126.103293	100.0		True
CONTIG	NODE_104_length_795_cov_126.103293	795	correct
2325040	2325834	795	1	NC_002945.4	NODE_105_length_795_cov_44.580838	100.0		True
CONTIG	NODE_105_length_795_cov_44.580838	795	correct
CONTIG	NODE_106_length_777_cov_2.683077	777	unaligned
2422650	2423393	744	1	NC_002945.4	NODE_107_length_744_cov_107.693679	100.0		True
CONTIG	NODE_107_length_744_cov_107.693679	744	correct
1633410	1634137	1	728	NC_002945.4	NODE_108_length_728_cov_8.186356	100.0		True
CONTIG	NODE_108_length_728_cov_8.186356	728	correct
2916267	2916977	1	711	NC_002945.4	NODE_109_length_711_cov_84.744863	100.0		True
CONTIG	NODE_109_length_711_cov_84.744863	711	correct
CONTIG	NODE_110_length_683_cov_1.906475	683	unaligned
3879965	3880431	592	126	NC_002945.4	NODE_111_length_675_cov_1.848540	98.5		True
CONTIG	NODE_111_length_675_cov_1.848540	675	correct
2773727	2773982	378	123	NC_002945.4	NODE_112_length_638_cov_3.015656	100.0		True
CONTIG	NODE_112_length_638_cov_3.015656	638	correct
3340552	3341186	635	1	NC_002945.4	NODE_113_length_635_cov_44.336614	100.0		True
CONTIG	NODE_113_length_635_cov_44.336614	635	correct
3338676	3339263	588	1	NC_002945.4	NODE_114_length_588_cov_92.488069	100.0		True
CONTIG	NODE_114_length_588_cov_92.488069	588	correct
1218452	1218875	1	424	NC_002945.4	NODE_115_length_571_cov_1.738739	100.0		True
CONTIG	NODE_115_length_571_cov_1.738739	571	correct
CONTIG	NODE_116_length_570_cov_1.404063	570	unaligned
3979713	3980068	416	61	NC_002945.4	NODE_117_length_564_cov_2.997712	98.03		True
CONTIG	NODE_117_length_564_cov_2.997712	564	correct
CONTIG	NODE_118_length_545_cov_0.846890	545	unaligned
CONTIG	NODE_119_length_534_cov_5.275184	534	unaligned
CONTIG	NODE_120_length_517_cov_0.943590	517	unaligned
2325846	2326246	401	1	NC_002945.4	NODE_121_length_510_cov_5.083551	100.0		True
CONTIG	NODE_121_length_510_cov_5.083551	510	correct
2408512	2408914	108	510	NC_002945.4	NODE_122_length_510_cov_1.033943	98.76		True
CONTIG	NODE_122_length_510_cov_1.033943	510	correct
1632872	1633263	1	392	NC_002945.4	NODE_123_length_505_cov_1.362434	100.0		True
local misassembly
1632886	1632998	393	505	NC_002945.4	NODE_123_length_505_cov_1.362434	100.0		True
CONTIG	NODE_123_length_505_cov_1.362434	505	correct
