S1	E1	S2	E2	Reference	Contig	IDY	Ambiguous	Best_group
2957039	3193761	1	235980	NC_002945.4	NODE_1_length_235980_cov_105.802186	99.58		True
CONTIG	NODE_1_length_235980_cov_105.802186	235980	correct
2444879	2665697	1	220877	NC_002945.4	NODE_2_length_220997_cov_105.107661	99.96		True
CONTIG	NODE_2_length_220997_cov_105.107661	220997	correct
625425	673247	1	47823	NC_002945.4	NODE_3_length_211213_cov_104.502511	99.99		True
local misassembly
674169	824045	47824	197446	NC_002945.4	NODE_3_length_211213_cov_104.502511	99.82		True
local misassembly
824601	837985	197447	210831	NC_002945.4	NODE_3_length_211213_cov_104.502511	99.98		True
local misassembly
838691	838988	210832	211129	NC_002945.4	NODE_3_length_211213_cov_104.502511	100.0		True
CONTIG	NODE_3_length_211213_cov_104.502511	211213	correct
1779460	1985063	205199	29	NC_002945.4	NODE_4_length_205199_cov_103.546496	99.78		True
CONTIG	NODE_4_length_205199_cov_103.546496	205199	correct
105040	149952	1	44913	NC_002945.4	NODE_5_length_201525_cov_108.789923	99.97		True
local misassembly
150064	306700	44914	201523	NC_002945.4	NODE_5_length_201525_cov_108.789923	99.97		True
CONTIG	NODE_5_length_201525_cov_108.789923	201525	correct
3488378	3673271	1	184786	NC_002945.4	NODE_6_length_184786_cov_108.825408	99.93		True
CONTIG	NODE_6_length_184786_cov_108.825408	184786	correct
402605	581801	179082	1	NC_002945.4	NODE_7_length_179082_cov_107.521304	99.92		True
CONTIG	NODE_7_length_179082_cov_107.521304	179082	correct
4294608	4349904	121	55416	NC_002945.4	NODE_8_length_158735_cov_112.512950	99.99		True
fake: not a misassembly [linear representation of circular genome]
1	29469	55417	84885	NC_002945.4	NODE_8_length_158735_cov_112.512950	99.99		True
local misassembly
30083	103918	84887	158735	NC_002945.4	NODE_8_length_158735_cov_112.512950	99.96		True
CONTIG	NODE_8_length_158735_cov_112.512950	158735	correct
1638867	1769053	130278	93	NC_002945.4	NODE_9_length_130392_cov_112.678187	99.99		True
CONTIG	NODE_9_length_130392_cov_112.678187	130392	correct
3712180	3737454	1	25275	NC_002945.4	NODE_10_length_123431_cov_104.314970	99.97		True
local misassembly
3737665	3835785	25276	123431	NC_002945.4	NODE_10_length_123431_cov_104.314970	99.91		True
CONTIG	NODE_10_length_123431_cov_104.314970	123431	correct
1094890	1096364	1	1475	NC_002945.4	NODE_11_length_121668_cov_109.056170	99.93		True
relocation, inconsistency = 3088
1010930	1091801	82350	1476	NC_002945.4	NODE_11_length_121668_cov_109.056170	99.99		True
relocation, inconsistency = 1457
970272	1009472	121550	82351	NC_002945.4	NODE_11_length_121668_cov_109.056170	99.97		True
CONTIG	NODE_11_length_121668_cov_109.056170	121668	misassembled
3297493	3338802	41479	1	NC_002945.4	NODE_12_length_119753_cov_107.437940	99.81		True
indel: stretch of mismatches
3219382	3297478	119647	41494	NC_002945.4	NODE_12_length_119753_cov_107.437940	99.92		True
CONTIG	NODE_12_length_119753_cov_107.437940	119753	correct
1491995	1573710	81846	131	NC_002945.4	NODE_13_length_101535_cov_112.293557	99.93		True
local misassembly
1490961	1491835	82721	81847	NC_002945.4	NODE_13_length_101535_cov_112.293557	100.0		True
local misassembly
1471935	1490747	101535	82722	NC_002945.4	NODE_13_length_101535_cov_112.293557	99.98		True
CONTIG	NODE_13_length_101535_cov_112.293557	101535	correct
3343594	3442410	98885	1	NC_002945.4	NODE_14_length_98885_cov_109.774611	99.92		True
CONTIG	NODE_14_length_98885_cov_109.774611	98885	correct
4097330	4193715	1	96386	NC_002945.4	NODE_15_length_96386_cov_110.870786	99.99		True
CONTIG	NODE_15_length_96386_cov_110.870786	96386	correct
2083596	2140730	57296	162	NC_002945.4	NODE_16_length_84110_cov_105.150792	99.99		True
local misassembly
2057118	2083604	83921	57435	NC_002945.4	NODE_16_length_84110_cov_105.150792	99.98		True
CONTIG	NODE_16_length_84110_cov_105.150792	84110	correct
2373015	2408944	35963	92	NC_002945.4	NODE_17_length_82413_cov_97.766437	99.83		True
local misassembly
2325846	2372131	82249	35964	NC_002945.4	NODE_17_length_82413_cov_97.766437	99.98		True
CONTIG	NODE_17_length_82413_cov_97.766437	82413	correct
3898832	3980059	1	81228	NC_002945.4	NODE_18_length_81304_cov_107.745987	99.99		True
CONTIG	NODE_18_length_81304_cov_107.745987	81304	correct
2693912	2773119	1	79207	NC_002945.4	NODE_19_length_79346_cov_104.157071	99.99		True
CONTIG	NODE_19_length_79346_cov_104.157071	79346	correct
1343879	1417336	73463	1	NC_002945.4	NODE_20_length_73463_cov_103.484128	99.99		True
CONTIG	NODE_20_length_73463_cov_103.484128	73463	correct
1096985	1165170	1	68175	NC_002945.4	NODE_21_length_68175_cov_106.119445	99.97		True
CONTIG	NODE_21_length_68175_cov_106.119445	68175	correct
2852381	2916695	1	64314	NC_002945.4	NODE_22_length_64314_cov_102.119697	99.98		True
CONTIG	NODE_22_length_64314_cov_102.119697	64314	correct
4194926	4259153	1	64228	NC_002945.4	NODE_23_length_64228_cov_115.762968	99.99		True
CONTIG	NODE_23_length_64228_cov_115.762968	64228	correct
1993335	2056503	1	63169	NC_002945.4	NODE_24_length_63214_cov_106.038645	99.97		True
CONTIG	NODE_24_length_63214_cov_106.038645	63214	correct
1280097	1343223	63189	1	NC_002945.4	NODE_25_length_63189_cov_115.754242	99.89		True
CONTIG	NODE_25_length_63189_cov_115.754242	63189	correct
4035814	4097346	44	61576	NC_002945.4	NODE_26_length_61576_cov_103.403684	99.99		True
CONTIG	NODE_26_length_61576_cov_103.403684	61576	correct
1219232	1278412	182	59362	NC_002945.4	NODE_27_length_59362_cov_103.785532	99.98		True
CONTIG	NODE_27_length_59362_cov_103.785532	59362	correct
3980149	4000631	1	20483	NC_002945.4	NODE_28_length_55666_cov_104.730442	100.0		True
fake: scaffold gap size wrong estimation (local)
4000854	4035717	20584	55447	NC_002945.4	NODE_28_length_55666_cov_104.730442	99.98		True
CONTIG	NODE_28_length_55666_cov_104.730442	55666	correct
2192685	2245161	1	52477	NC_002945.4	NODE_29_length_52477_cov_117.163305	99.99		True
CONTIG	NODE_29_length_52477_cov_117.163305	52477	correct
1418316	1470724	52352	1	NC_002945.4	NODE_30_length_52352_cov_109.835117	99.88		True
CONTIG	NODE_30_length_52352_cov_109.835117	52352	correct
2801012	2852073	51075	14	NC_002945.4	NODE_31_length_51075_cov_104.165600	99.99		True
CONTIG	NODE_31_length_51075_cov_104.165600	51075	correct
1573925	1623809	49939	55	NC_002945.4	NODE_32_length_49989_cov_103.000682	99.98		True
CONTIG	NODE_32_length_49989_cov_103.000682	49989	correct
842620	891078	1	48459	NC_002945.4	NODE_33_length_48459_cov_106.553919	99.98		True
CONTIG	NODE_33_length_48459_cov_106.553919	48459	correct
3894591	3895425	1	835	NC_002945.4	NODE_34_length_43503_cov_105.063768	99.77		True
relocation, inconsistency = 15027
3836888	3879563	43503	836	NC_002945.4	NODE_34_length_43503_cov_105.063768	99.95		True
CONTIG	NODE_34_length_43503_cov_105.063768	43503	misassembled
3445573	3488322	1	42750	NC_002945.4	NODE_35_length_42750_cov_113.061540	99.97		True
CONTIG	NODE_35_length_42750_cov_113.061540	42750	correct
928030	928975	84	1038	NC_002945.4	NODE_36_length_42614_cov_101.050510	99.06		True
local misassembly
928970	970122	1177	42569	NC_002945.4	NODE_36_length_42614_cov_101.050510	99.4		True
CONTIG	NODE_36_length_42614_cov_101.050510	42614	correct
1171083	1189854	1	18772	NC_002945.4	NODE_37_length_39641_cov_105.474693	99.99		True
relocation, inconsistency = 2858
1192713	1213474	18773	39537	NC_002945.4	NODE_37_length_39641_cov_105.474693	99.89		True
CONTIG	NODE_37_length_39641_cov_105.474693	39641	misassembled
363855	401308	24	37477	NC_002945.4	NODE_38_length_37477_cov_107.938286	99.99		True
CONTIG	NODE_38_length_37477_cov_107.938286	37477	correct
2246369	2283745	37379	1	NC_002945.4	NODE_39_length_37379_cov_111.813835	99.95		True
CONTIG	NODE_39_length_37379_cov_111.813835	37379	correct
3674358	3711048	1	36673	NC_002945.4	NODE_40_length_36673_cov_84.428282	99.95		True
CONTIG	NODE_40_length_36673_cov_84.428282	36673	correct
4259930	4293938	1	34007	NC_002945.4	NODE_41_length_34047_cov_112.444723	99.98		True
CONTIG	NODE_41_length_34047_cov_112.444723	34047	correct
2161798	2192094	1	30298	NC_002945.4	NODE_42_length_30298_cov_107.810149	99.99		True
CONTIG	NODE_42_length_30298_cov_107.810149	30298	correct
2294650	2324482	1	29833	NC_002945.4	NODE_43_length_29833_cov_98.056588	99.99		True
CONTIG	NODE_43_length_29833_cov_98.056588	29833	correct
2665829	2693421	27592	1	NC_002945.4	NODE_44_length_27665_cov_105.847157	99.99		True
CONTIG	NODE_44_length_27665_cov_105.847157	27665	correct
337061	363578	26709	270	NC_002945.4	NODE_45_length_26779_cov_93.750000	99.6		True
CONTIG	NODE_45_length_26779_cov_93.750000	26779	correct
307017	333298	114	26290	NC_002945.4	NODE_46_length_26521_cov_103.464727	99.59		True
indel: stretch of mismatches
333299	333426	26291	26418	NC_002945.4	NODE_46_length_26521_cov_103.464727	99.76		True
CONTIG	NODE_46_length_26521_cov_103.464727	26521	correct
581820	607788	25969	1	NC_002945.4	NODE_47_length_25969_cov_106.497988	99.99		True
CONTIG	NODE_47_length_25969_cov_106.497988	25969	correct
2776956	2799828	22873	1	NC_002945.4	NODE_48_length_22960_cov_112.348574	99.99		True
CONTIG	NODE_48_length_22960_cov_112.348574	22960	correct
2423267	2444896	1	21630	NC_002945.4	NODE_49_length_21630_cov_108.860252	99.99		True
CONTIG	NODE_49_length_21630_cov_108.860252	21630	correct
2140976	2158516	1	17541	NC_002945.4	NODE_50_length_20176_cov_113.182852	99.96		True
local misassembly
2158655	2158913	17542	17800	NC_002945.4	NODE_50_length_20176_cov_113.182852	100.0		True
fake: scaffold gap size wrong estimation (local)
2158914	2160444	17832	19362	NC_002945.4	NODE_50_length_20176_cov_113.182852	95.49		True
CONTIG	NODE_50_length_20176_cov_113.182852	20176	correct
892165	909508	1	17344	NC_002945.4	NODE_51_length_17344_cov_110.516292	99.99		True
CONTIG	NODE_51_length_17344_cov_110.516292	17344	correct
910050	926339	16361	72	NC_002945.4	NODE_52_length_16361_cov_111.068683	99.99		True
CONTIG	NODE_52_length_16361_cov_111.068683	16361	correct
2916851	2932336	15559	74	NC_002945.4	NODE_53_length_15559_cov_115.396579	99.97		True
CONTIG	NODE_53_length_15559_cov_115.396579	15559	correct
3193724	3209270	1	15468	NC_002945.4	NODE_54_length_15497_cov_106.362394	99.49		True
CONTIG	NODE_54_length_15497_cov_106.362394	15497	correct
609085	624251	1	15167	NC_002945.4	NODE_55_length_15284_cov_104.713664	99.99		True
CONTIG	NODE_55_length_15284_cov_104.713664	15284	correct
2409058	2422776	13719	1	NC_002945.4	NODE_56_length_13782_cov_98.439107	99.98		True
CONTIG	NODE_56_length_13782_cov_98.439107	13782	correct
2944619	2957076	1	12458	NC_002945.4	NODE_57_length_12458_cov_101.450491	99.98		True
CONTIG	NODE_57_length_12458_cov_101.450491	12458	correct
3890969	3894344	3376	1	NC_002945.4	NODE_58_length_11652_cov_40.409805	99.92		True
local misassembly
3884643	3890278	9021	3377	NC_002945.4	NODE_58_length_11652_cov_40.409805	99.79		True
local misassembly
3882139	3884027	10958	9022	NC_002945.4	NODE_58_length_11652_cov_40.409805	97.69		True
local misassembly
3881733	3882155	11532	11110	NC_002945.4	NODE_58_length_11652_cov_40.409805	100.0		True
CONTIG	NODE_58_length_11652_cov_40.409805	11652	correct
2933724	2943963	169	10408	NC_002945.4	NODE_59_length_10408_cov_102.639237	99.99		True
CONTIG	NODE_59_length_10408_cov_102.639237	10408	correct
3209318	3219267	66	10015	NC_002945.4	NODE_60_length_10097_cov_104.066901	100.0		True
CONTIG	NODE_60_length_10097_cov_104.066901	10097	correct
1623896	1633264	74	9385	NC_002945.4	NODE_61_length_10081_cov_88.315552	99.36		True
local misassembly
1633544	1634239	9386	10081	NC_002945.4	NODE_61_length_10081_cov_88.315552	98.77		True
CONTIG	NODE_61_length_10081_cov_88.315552	10081	correct
1986985	1992127	223	5366	NC_002945.4	NODE_62_length_5366_cov_100.995610	99.98		True
CONTIG	NODE_62_length_5366_cov_100.995610	5366	correct
1213923	1214774	1	852	NC_002945.4	NODE_63_length_4685_cov_85.688679	99.77		True
local misassembly
1214750	1218322	972	4544	NC_002945.4	NODE_63_length_4685_cov_85.688679	100.0		True
CONTIG	NODE_63_length_4685_cov_85.688679	4685	correct
1165899	1169900	4002	1	NC_002945.4	NODE_64_length_4002_cov_114.715355	99.98		True
CONTIG	NODE_64_length_4002_cov_114.715355	4002	correct
2284620	2287647	1	3028	NC_002945.4	NODE_65_length_3028_cov_77.458118	99.77		True
CONTIG	NODE_65_length_3028_cov_77.458118	3028	correct
2290710	2293716	1	3007	NC_002945.4	NODE_66_length_3007_cov_77.379861	100.0		True
CONTIG	NODE_66_length_3007_cov_77.379861	3007	correct
1190506	1193012	3	2509	NC_002945.4	NODE_67_length_2509_cov_49.059194	99.96		True
CONTIG	NODE_67_length_2509_cov_49.059194	2509	correct
334077	336526	2464	15	NC_002945.4	NODE_68_length_2464_cov_30.452289	99.8		True
CONTIG	NODE_68_length_2464_cov_30.452289	2464	correct
1635657	1638030	2425	1	NC_002945.4	NODE_69_length_2425_cov_70.085727	97.9		True
CONTIG	NODE_69_length_2425_cov_70.085727	2425	correct
2774153	2775599	1603	157	NC_002945.4	NODE_70_length_1603_cov_20.207317	100.0		True
CONTIG	NODE_70_length_1603_cov_20.207317	1603	correct
1092550	1094106	1557	1	NC_002945.4	NODE_71_length_1557_cov_92.335511	100.0		True
CONTIG	NODE_71_length_1557_cov_92.335511	1557	correct
401182	402731	1	1550	NC_002945.4	NODE_72_length_1550_cov_177.980323	100.0		True
CONTIG	NODE_72_length_1550_cov_177.980323	1550	correct
2324631	2326003	153	1525	NC_002945.4	NODE_73_length_1547_cov_86.602817	98.91		True
CONTIG	NODE_73_length_1547_cov_86.602817	1547	correct
4193589	4195052	1	1464	NC_002945.4	NODE_74_length_1464_cov_257.697831	100.0		True
CONTIG	NODE_74_length_1464_cov_257.697831	1464	correct
1992001	1993461	1	1461	NC_002945.4	NODE_75_length_1461_cov_161.952024	100.0		True
CONTIG	NODE_75_length_1461_cov_161.952024	1461	correct
3443593	3445031	1	1439	NC_002945.4	NODE_76_length_1439_cov_145.121951	100.0		True
CONTIG	NODE_76_length_1439_cov_145.121951	1439	correct
3897145	3898585	1432	1	NC_002945.4	NODE_77_length_1432_cov_61.483525	99.38		True
CONTIG	NODE_77_length_1432_cov_61.483525	1432	correct
3673145	3674484	1	1340	NC_002945.4	NODE_78_length_1340_cov_198.525144	100.0		True
CONTIG	NODE_78_length_1340_cov_198.525144	1340	correct
3339137	3340461	1325	1	NC_002945.4	NODE_79_length_1325_cov_123.427379	100.0		True
CONTIG	NODE_79_length_1325_cov_123.427379	1325	correct
3835659	3836979	1321	1	NC_002945.4	NODE_80_length_1321_cov_247.795645	99.7		True
CONTIG	NODE_80_length_1321_cov_247.795645	1321	correct
839610	840887	1	1278	NC_002945.4	NODE_81_length_1278_cov_51.967854	100.0		True
CONTIG	NODE_81_length_1278_cov_51.967854	1278	correct
2288581	2289835	1	1255	NC_002945.4	NODE_82_length_1255_cov_104.955674	100.0		True
CONTIG	NODE_82_length_1255_cov_104.955674	1255	correct
2287521	2288707	1	1187	NC_002945.4	NODE_83_length_1187_cov_96.628302	100.0		True
CONTIG	NODE_83_length_1187_cov_96.628302	1187	correct
2283619	2284746	1128	1	NC_002945.4	NODE_84_length_1128_cov_194.793207	99.91		True
CONTIG	NODE_84_length_1128_cov_194.793207	1128	correct
3711277	3712306	1	1030	NC_002945.4	NODE_85_length_1030_cov_256.114064	100.0		True
CONTIG	NODE_85_length_1030_cov_256.114064	1030	correct
1165044	1166025	1	982	NC_002945.4	NODE_86_length_982_cov_210.535673	100.0		True
CONTIG	NODE_86_length_982_cov_210.535673	982	correct
841504	842207	80	783	NC_002945.4	NODE_87_length_955_cov_6.227053	99.86		True
CONTIG	NODE_87_length_955_cov_6.227053	955	correct
1169775	1170683	1	909	NC_002945.4	NODE_88_length_909_cov_656.638107	100.0		True
CONTIG	NODE_88_length_909_cov_656.638107	909	correct
3341521	3342410	890	1	NC_002945.4	NODE_89_length_890_cov_91.889908	100.0		True
CONTIG	NODE_89_length_890_cov_91.889908	890	correct
1638369	1638809	538	98	NC_002945.4	NODE_90_length_859_cov_10.176230	100.0		True
local misassembly
1637904	1638224	859	539	NC_002945.4	NODE_90_length_859_cov_10.176230	100.0		True
CONTIG	NODE_90_length_859_cov_10.176230	859	correct
2191968	2192811	1	844	NC_002945.4	NODE_91_length_844_cov_205.779637	100.0		True
CONTIG	NODE_91_length_844_cov_205.779637	844	correct
1985845	1986269	425	1	NC_002945.4	NODE_92_length_797_cov_20.711940	100.0		True
local misassembly
1986143	1986514	797	426	NC_002945.4	NODE_92_length_797_cov_20.711940	100.0		True
CONTIG	NODE_92_length_797_cov_20.711940	797	correct
909382	910176	795	1	NC_002945.4	NODE_93_length_795_cov_243.973054	100.0		True
CONTIG	NODE_93_length_795_cov_243.973054	795	correct
673511	674110	626	27	NC_002945.4	NODE_94_length_745_cov_8.372168	99.67		True
CONTIG	NODE_94_length_745_cov_8.372168	745	correct
2693295	2694038	1	744	NC_002945.4	NODE_95_length_744_cov_189.899514	100.0		True
CONTIG	NODE_95_length_744_cov_189.899514	744	correct
2773535	2774150	101	716	NC_002945.4	NODE_96_length_716_cov_12.509338	99.84		True
CONTIG	NODE_96_length_716_cov_12.509338	716	correct
2932189	2932870	682	1	NC_002945.4	NODE_97_length_696_cov_6.822496	99.56		True
CONTIG	NODE_97_length_696_cov_6.822496	696	correct
1218462	1219016	555	1	NC_002945.4	NODE_98_length_678_cov_5.729583	99.82		True
CONTIG	NODE_98_length_678_cov_5.729583	678	correct
3340552	3341186	1	635	NC_002945.4	NODE_99_length_635_cov_88.992126	100.0		True
CONTIG	NODE_99_length_635_cov_88.992126	635	correct
3341060	3341647	588	1	NC_002945.4	NODE_100_length_588_cov_167.754881	100.0		True
CONTIG	NODE_100_length_588_cov_167.754881	588	correct
625102	625468	512	146	NC_002945.4	NODE_101_length_575_cov_1.774554	99.46		True
CONTIG	NODE_101_length_575_cov_1.774554	575	correct
1094107	1094668	1	562	NC_002945.4	NODE_102_length_562_cov_44.105747	100.0		True
CONTIG	NODE_102_length_562_cov_44.105747	562	correct
4294090	4294615	32	557	NC_002945.4	NODE_103_length_557_cov_21.900000	100.0		True
CONTIG	NODE_103_length_557_cov_21.900000	557	correct
930176	930260	1	85	NC_002945.4	NODE_104_length_555_cov_6.147196	100.0		True
relocation, inconsistency = 2735
927050	927440	476	86	NC_002945.4	NODE_104_length_555_cov_6.147196	99.74		True
CONTIG	NODE_104_length_555_cov_6.147196	555	misassembled
839207	839507	435	135	NC_002945.4	NODE_105_length_541_cov_2.352657	99.67		True
CONTIG	NODE_105_length_541_cov_2.352657	541	correct
3880032	3880424	124	516	NC_002945.4	NODE_106_length_523_cov_8.371212	100.0		True
CONTIG	NODE_106_length_523_cov_8.371212	523	correct
3894218	3894717	1	500	NC_002945.4	NODE_107_length_500_cov_209.833780	100.0		True
CONTIG	NODE_107_length_500_cov_209.833780	500	correct
