S1	E1	S2	E2	Reference	Contig	IDY	Ambiguous	Best_group
2957039	3193870	236089	1	NC_002945.4	NODE_1_length_236089_cov_44.384570	99.58		True
CONTIG	NODE_1_length_236089_cov_44.384570	236089	correct
3445573	3673271	1	227591	NC_002945.4	NODE_2_length_227591_cov_45.194963	99.93		True
CONTIG	NODE_2_length_227591_cov_45.194963	227591	correct
2453646	2665727	212278	139	NC_002945.4	NODE_3_length_212332_cov_43.802328	99.96		True
CONTIG	NODE_3_length_212332_cov_43.802328	212332	correct
402605	607788	204915	1	NC_002945.4	NODE_4_length_204915_cov_44.210471	99.86		True
CONTIG	NODE_4_length_204915_cov_44.210471	204915	correct
676631	824045	193	147608	NC_002945.4	NODE_5_length_161075_cov_43.911729	99.99		True
local misassembly
824601	838029	147609	161037	NC_002945.4	NODE_5_length_161075_cov_43.911729	99.98		True
CONTIG	NODE_5_length_161075_cov_43.911729	161075	correct
30083	103918	73849	1	NC_002945.4	NODE_6_length_158621_cov_45.464781	99.96		True
local misassembly
1	29469	103319	73851	NC_002945.4	NODE_6_length_158621_cov_45.464781	99.99		True
fake: not a misassembly [linear representation of circular genome]
4294602	4349904	158621	103320	NC_002945.4	NODE_6_length_158621_cov_45.464781	99.99		True
CONTIG	NODE_6_length_158621_cov_45.464781	158621	correct
4035850	4193715	157751	1	NC_002945.4	NODE_7_length_157751_cov_43.897668	99.92		True
CONTIG	NODE_7_length_157751_cov_43.897668	157751	correct
150071	306631	156605	72	NC_002945.4	NODE_8_length_156785_cov_44.002738	99.97		True
CONTIG	NODE_8_length_156785_cov_44.002738	156785	correct
2057060	2083604	114	26658	NC_002945.4	NODE_9_length_134482_cov_45.149849	99.98		True
local misassembly
2083596	2158516	26797	101717	NC_002945.4	NODE_9_length_134482_cov_45.149849	99.98		True
local misassembly
2158655	2159088	101718	102151	NC_002945.4	NODE_9_length_134482_cov_45.149849	100.0		True
fake: scaffold gap size wrong estimation (local)
2160645	2160846	103514	103715	NC_002945.4	NODE_9_length_134482_cov_45.149849	100.0		True
fake: scaffold gap size wrong estimation (local)
2160997	2192094	103816	134482	NC_002945.4	NODE_9_length_134482_cov_45.149849	98.6		True
CONTIG	NODE_9_length_134482_cov_45.149849	134482	correct
1638899	1769053	130246	93	NC_002945.4	NODE_10_length_133224_cov_46.105893	99.99		True
local misassembly
1638385	1638778	130640	130247	NC_002945.4	NODE_10_length_133224_cov_46.105893	100.0		True
local misassembly
1635657	1638240	133224	130641	NC_002945.4	NODE_10_length_133224_cov_46.105893	100.0		True
CONTIG	NODE_10_length_133224_cov_46.105893	133224	correct
1853538	1985614	131719	34	NC_002945.4	NODE_11_length_131875_cov_41.856666	99.69		True
CONTIG	NODE_11_length_131875_cov_41.856666	131875	correct
970193	1009472	1	39279	NC_002945.4	NODE_12_length_120296_cov_44.349325	99.98		True
relocation, inconsistency = 1457
1010930	1091843	39280	120196	NC_002945.4	NODE_12_length_120296_cov_44.349325	99.98		True
CONTIG	NODE_12_length_120296_cov_44.349325	120296	misassembled
3219373	3338802	22	119677	NC_002945.4	NODE_13_length_119677_cov_44.300636	99.88		True
CONTIG	NODE_13_length_119677_cov_44.300636	119677	correct
3343594	3442410	1	98885	NC_002945.4	NODE_14_length_98885_cov_45.776798	99.92		True
CONTIG	NODE_14_length_98885_cov_45.776798	98885	correct
3897173	3979446	1	82265	NC_002945.4	NODE_15_length_82276_cov_43.507310	99.97		True
CONTIG	NODE_15_length_82276_cov_43.507310	82276	correct
1491980	1573878	81899	1	NC_002945.4	NODE_16_length_81984_cov_46.701174	99.93		True
CONTIG	NODE_16_length_81984_cov_46.701174	81984	correct
2693912	2773158	79246	1	NC_002945.4	NODE_17_length_79246_cov_41.873330	99.99		True
CONTIG	NODE_17_length_79246_cov_41.873330	79246	correct
3759773	3835785	17	75902	NC_002945.4	NODE_18_length_75902_cov_44.002719	99.82		True
CONTIG	NODE_18_length_75902_cov_44.002719	75902	correct
1779460	1853512	1	74053	NC_002945.4	NODE_19_length_74176_cov_44.587246	99.99		True
CONTIG	NODE_19_length_74176_cov_44.587246	74176	correct
1096985	1165170	1	68175	NC_002945.4	NODE_20_length_68175_cov_43.607571	99.97		True
CONTIG	NODE_20_length_68175_cov_43.607571	68175	correct
2852105	2916393	1	64288	NC_002945.4	NODE_21_length_64288_cov_42.180063	99.98		True
CONTIG	NODE_21_length_64288_cov_42.180063	64288	correct
4194926	4259153	1	64228	NC_002945.4	NODE_22_length_64228_cov_47.378855	99.99		True
CONTIG	NODE_22_length_64228_cov_47.378855	64228	correct
1280097	1343223	63189	1	NC_002945.4	NODE_23_length_63189_cov_48.085979	99.89		True
CONTIG	NODE_23_length_63189_cov_48.085979	63189	correct
1996202	2056458	60345	89	NC_002945.4	NODE_24_length_60345_cov_43.556910	99.97		True
CONTIG	NODE_24_length_60345_cov_43.556910	60345	correct
1219589	1278412	58824	1	NC_002945.4	NODE_25_length_58873_cov_44.136214	99.99		True
CONTIG	NODE_25_length_58873_cov_44.136214	58873	correct
1413935	1470724	1	56733	NC_002945.4	NODE_26_length_56733_cov_45.841006	99.89		True
CONTIG	NODE_26_length_56733_cov_45.841006	56733	correct
4000854	4035737	34884	1	NC_002945.4	NODE_27_length_55383_cov_44.079611	99.98		True
fake: scaffold gap size wrong estimation (local)
3984809	4000631	50807	34985	NC_002945.4	NODE_27_length_55383_cov_44.079611	100.0		True
local misassembly
3980285	3984688	55211	50808	NC_002945.4	NODE_27_length_55383_cov_44.079611	99.98		True
CONTIG	NODE_27_length_55383_cov_44.079611	55383	correct
2192685	2245161	1	52477	NC_002945.4	NODE_28_length_52477_cov_49.179924	99.99		True
CONTIG	NODE_28_length_52477_cov_49.179924	52477	correct
2801012	2852075	51064	1	NC_002945.4	NODE_29_length_51064_cov_43.897717	99.99		True
CONTIG	NODE_29_length_51064_cov_43.897717	51064	correct
1574089	1623842	13	49766	NC_002945.4	NODE_30_length_49779_cov_42.969266	99.98		True
CONTIG	NODE_30_length_49779_cov_42.969266	49779	correct
842721	891078	1	48358	NC_002945.4	NODE_31_length_48358_cov_44.249362	99.99		True
CONTIG	NODE_31_length_48358_cov_44.249362	48358	correct
625325	673284	1	47960	NC_002945.4	NODE_32_length_47960_cov_43.012920	99.99		True
CONTIG	NODE_32_length_47960_cov_43.012920	47960	correct
2326988	2343527	16637	98	NC_002945.4	NODE_33_length_46379_cov_42.585769	99.98		True
relocation, inconsistency = 2596
2294650	2324391	46379	16638	NC_002945.4	NODE_33_length_46379_cov_42.585769	99.99		True
CONTIG	NODE_33_length_46379_cov_42.585769	46379	misassembled
1343879	1386449	1	42576	NC_002945.4	NODE_34_length_42680_cov_43.709445	99.99		True
CONTIG	NODE_34_length_42680_cov_43.709445	42680	correct
3836888	3878180	1	41285	NC_002945.4	NODE_35_length_41461_cov_42.815527	99.96		True
CONTIG	NODE_35_length_41461_cov_42.815527	41461	correct
930722	970082	131	39731	NC_002945.4	NODE_36_length_39731_cov_44.023760	99.37		True
CONTIG	NODE_36_length_39731_cov_44.023760	39731	correct
363921	401308	37388	1	NC_002945.4	NODE_37_length_37388_cov_43.964735	99.99		True
CONTIG	NODE_37_length_37388_cov_43.964735	37388	correct
2246369	2283745	37379	1	NC_002945.4	NODE_38_length_37379_cov_47.329620	99.95		True
CONTIG	NODE_38_length_37379_cov_47.329620	37379	correct
3674358	3711403	37028	1	NC_002945.4	NODE_39_length_37028_cov_32.677326	99.95		True
CONTIG	NODE_39_length_37028_cov_32.677326	37028	correct
3759073	3759173	314	214	NC_002945.4	NODE_40_length_34112_cov_43.986494	100.0		True
local misassembly
3737665	3758853	21503	315	NC_002945.4	NODE_40_length_34112_cov_43.986494	100.0		True
local misassembly
3724846	3737454	34112	21504	NC_002945.4	NODE_40_length_34112_cov_43.986494	99.98		True
CONTIG	NODE_40_length_34112_cov_43.986494	34112	correct
1190092	1204731	14646	7	NC_002945.4	NODE_41_length_33424_cov_42.535183	99.97		True
local misassembly
1171083	1189860	33424	14647	NC_002945.4	NODE_41_length_33424_cov_42.535183	99.99		True
CONTIG	NODE_41_length_33424_cov_42.535183	33424	correct
2423267	2453623	1	30243	NC_002945.4	NODE_42_length_30243_cov_44.613328	99.61		True
CONTIG	NODE_42_length_30243_cov_44.613328	30243	correct
2343816	2372225	1	28410	NC_002945.4	NODE_43_length_28410_cov_41.295018	99.99		True
CONTIG	NODE_43_length_28410_cov_41.295018	28410	correct
105040	132399	1	27360	NC_002945.4	NODE_44_length_27558_cov_42.198535	99.98		True
CONTIG	NODE_44_length_27558_cov_42.198535	27558	correct
2665912	2693421	27509	1	NC_002945.4	NODE_45_length_27509_cov_43.222884	99.99		True
CONTIG	NODE_45_length_27509_cov_43.222884	27509	correct
306711	333298	26723	241	NC_002945.4	NODE_46_length_26723_cov_43.216424	99.59		True
CONTIG	NODE_46_length_26723_cov_43.216424	26723	correct
1387291	1412955	1	25665	NC_002945.4	NODE_47_length_25665_cov_42.159840	99.98		True
CONTIG	NODE_47_length_25665_cov_42.159840	25665	correct
338666	362661	87	23995	NC_002945.4	NODE_48_length_23995_cov_40.784146	99.58		True
CONTIG	NODE_48_length_23995_cov_40.784146	23995	correct
2776944	2799828	5	22889	NC_002945.4	NODE_49_length_22889_cov_44.737194	100.0		True
CONTIG	NODE_49_length_22889_cov_44.737194	22889	correct
2386668	2408719	22052	1	NC_002945.4	NODE_50_length_22052_cov_37.690399	100.0		True
CONTIG	NODE_50_length_22052_cov_37.690399	22052	correct
4259930	4281655	21724	1	NC_002945.4	NODE_51_length_21724_cov_44.875122	99.98		True
CONTIG	NODE_51_length_21724_cov_44.875122	21724	correct
1490961	1491451	491	1	NC_002945.4	NODE_52_length_19305_cov_51.773334	99.8		True
local misassembly
1471935	1490747	19305	492	NC_002945.4	NODE_52_length_19305_cov_51.773334	99.98		True
CONTIG	NODE_52_length_19305_cov_51.773334	19305	correct
132374	149995	1	17622	NC_002945.4	NODE_53_length_17622_cov_48.022578	99.94		True
CONTIG	NODE_53_length_17622_cov_48.022578	17622	correct
892165	909508	17344	1	NC_002945.4	NODE_54_length_17344_cov_45.892722	99.99		True
CONTIG	NODE_54_length_17344_cov_45.892722	17344	correct
910050	926268	1	16219	NC_002945.4	NODE_55_length_16219_cov_47.450721	99.99		True
CONTIG	NODE_55_length_16219_cov_47.450721	16219	correct
2916851	2932831	1	15981	NC_002945.4	NODE_56_length_16006_cov_47.149065	99.97		True
CONTIG	NODE_56_length_16006_cov_47.149065	16006	correct
3193780	3209295	15616	1	NC_002945.4	NODE_57_length_15616_cov_43.739299	100.0		True
CONTIG	NODE_57_length_15616_cov_43.739299	15616	correct
609085	624487	15408	6	NC_002945.4	NODE_58_length_15408_cov_42.862247	99.99		True
CONTIG	NODE_58_length_15408_cov_42.862247	15408	correct
2372627	2386761	14135	1	NC_002945.4	NODE_59_length_14352_cov_46.542777	99.97		True
CONTIG	NODE_59_length_14352_cov_46.542777	14352	correct
2409215	2422776	13562	1	NC_002945.4	NODE_60_length_13731_cov_41.834019	99.98		True
CONTIG	NODE_60_length_13731_cov_41.834019	13731	correct
3712180	3724781	12640	39	NC_002945.4	NODE_61_length_12640_cov_32.166547	99.96		True
CONTIG	NODE_61_length_12640_cov_32.166547	12640	correct
2944619	2957076	12458	1	NC_002945.4	NODE_62_length_12458_cov_43.421782	99.98		True
CONTIG	NODE_62_length_12458_cov_43.421782	12458	correct
4281670	4293934	12265	1	NC_002945.4	NODE_63_length_12265_cov_46.943154	99.99		True
CONTIG	NODE_63_length_12265_cov_46.943154	12265	correct
3890969	3893302	2450	117	NC_002945.4	NODE_64_length_11261_cov_18.608586	99.82		True
local misassembly
3884643	3890278	8095	2451	NC_002945.4	NODE_64_length_11261_cov_18.608586	99.79		True
local misassembly
3882139	3884027	10032	8096	NC_002945.4	NODE_64_length_11261_cov_18.608586	97.69		True
relocation, inconsistency = -13681
3894591	3895338	11261	10514	NC_002945.4	NODE_64_length_11261_cov_18.608586	100.0		True
CONTIG	NODE_64_length_11261_cov_18.608586	11261	misassembled
2933814	2943963	192	10341	NC_002945.4	NODE_65_length_10341_cov_43.614940	99.99		True
CONTIG	NODE_65_length_10341_cov_43.614940	10341	correct
1623861	1633263	164	9509	NC_002945.4	NODE_66_length_10139_cov_34.431982	99.36		True
local misassembly
1633561	1634190	9510	10139	NC_002945.4	NODE_66_length_10139_cov_34.431982	100.0		True
CONTIG	NODE_66_length_10139_cov_34.431982	10139	correct
3209296	3219347	10052	1	NC_002945.4	NODE_67_length_10052_cov_41.294509	100.0		True
CONTIG	NODE_67_length_10052_cov_41.294509	10052	correct
1204722	1213646	8877	28	NC_002945.4	NODE_68_length_8887_cov_42.172374	99.14		True
CONTIG	NODE_68_length_8887_cov_42.172374	8887	correct
1987019	1992127	1	5110	NC_002945.4	NODE_69_length_5110_cov_45.004816	99.94		True
CONTIG	NODE_69_length_5110_cov_45.004816	5110	correct
1214750	1218321	3781	210	NC_002945.4	NODE_70_length_4836_cov_31.902527	100.0		True
local misassembly
1213942	1214774	4733	3901	NC_002945.4	NODE_70_length_4836_cov_31.902527	99.64		True
CONTIG	NODE_70_length_4836_cov_31.902527	4836	correct
1165899	1169900	4002	1	NC_002945.4	NODE_71_length_4002_cov_45.172645	99.98		True
CONTIG	NODE_71_length_4002_cov_45.172645	4002	correct
2284620	2287647	3028	1	NC_002945.4	NODE_72_length_3028_cov_34.258532	99.77		True
CONTIG	NODE_72_length_3028_cov_34.258532	3028	correct
2290710	2293716	3007	1	NC_002945.4	NODE_73_length_3007_cov_31.154514	100.0		True
CONTIG	NODE_73_length_3007_cov_31.154514	3007	correct
3878316	3880324	151	2159	NC_002945.4	NODE_74_length_2797_cov_8.835206	99.95		True
local misassembly
3880504	3881088	2213	2797	NC_002945.4	NODE_74_length_2797_cov_8.835206	99.49		True
CONTIG	NODE_74_length_2797_cov_8.835206	2797	correct
1993335	1996121	2787	1	NC_002945.4	NODE_75_length_2787_cov_49.413534	100.0		True
CONTIG	NODE_75_length_2787_cov_49.413534	2787	correct
927984	928975	1	1001	NC_002945.4	NODE_76_length_2787_cov_12.497744	99.1		True
local misassembly
928970	930617	1140	2787	NC_002945.4	NODE_76_length_2787_cov_12.497744	100.0		True
CONTIG	NODE_76_length_2787_cov_12.497744	2787	correct
334077	336584	1	2508	NC_002945.4	NODE_77_length_2508_cov_8.819404	99.8		True
CONTIG	NODE_77_length_2508_cov_8.819404	2508	correct
1094429	1096461	1	2033	NC_002945.4	NODE_78_length_2033_cov_48.302204	99.95		True
CONTIG	NODE_78_length_2033_cov_48.302204	2033	correct
2368865	2368981	118	2	NC_002945.4	NODE_79_length_1969_cov_5.297503	100.0		True
relocation, inconsistency = 1694213
674187	674643	119	575	NC_002945.4	NODE_79_length_1969_cov_5.297503	100.0		True
local misassembly
674938	676331	576	1969	NC_002945.4	NODE_79_length_1969_cov_5.297503	100.0		True
CONTIG	NODE_79_length_1969_cov_5.297503	1969	misassembled
1092606	1094428	1	1823	NC_002945.4	NODE_80_length_1823_cov_29.769744	100.0		True
CONTIG	NODE_80_length_1823_cov_29.769744	1823	correct
401182	402731	1550	1	NC_002945.4	NODE_81_length_1550_cov_66.258609	100.0		True
CONTIG	NODE_81_length_1550_cov_66.258609	1550	correct
4193589	4195052	1464	1	NC_002945.4	NODE_82_length_1464_cov_101.308901	100.0		True
CONTIG	NODE_82_length_1464_cov_101.308901	1464	correct
1992001	1993461	1	1461	NC_002945.4	NODE_83_length_1461_cov_66.073463	100.0		True
CONTIG	NODE_83_length_1461_cov_66.073463	1461	correct
3443593	3445031	1439	1	NC_002945.4	NODE_84_length_1439_cov_56.346037	100.0		True
CONTIG	NODE_84_length_1439_cov_56.346037	1439	correct
2774217	2775611	14	1408	NC_002945.4	NODE_85_length_1408_cov_7.223263	100.0		True
CONTIG	NODE_85_length_1408_cov_7.223263	1408	correct
2324566	2325846	1281	1	NC_002945.4	NODE_86_length_1400_cov_31.435978	100.0		True
CONTIG	NODE_86_length_1400_cov_31.435978	1400	correct
3673145	3674484	1	1340	NC_002945.4	NODE_87_length_1340_cov_90.787304	100.0		True
CONTIG	NODE_87_length_1340_cov_90.787304	1340	correct
839578	840726	40	1188	NC_002945.4	NODE_88_length_1338_cov_15.341040	99.83		True
CONTIG	NODE_88_length_1338_cov_15.341040	1338	correct
3339137	3340461	1325	1	NC_002945.4	NODE_89_length_1325_cov_43.989983	100.0		True
CONTIG	NODE_89_length_1325_cov_43.989983	1325	correct
3835659	3836979	1	1321	NC_002945.4	NODE_90_length_1321_cov_91.965662	99.7		True
CONTIG	NODE_90_length_1321_cov_91.965662	1321	correct
336693	337827	133	1268	NC_002945.4	NODE_91_length_1269_cov_17.963222	99.91		True
CONTIG	NODE_91_length_1269_cov_17.963222	1269	correct
2288581	2289835	1255	1	NC_002945.4	NODE_92_length_1255_cov_51.462766	100.0		True
CONTIG	NODE_92_length_1255_cov_51.462766	1255	correct
2293590	2294776	1187	1	NC_002945.4	NODE_93_length_1187_cov_37.658491	100.0		True
CONTIG	NODE_93_length_1187_cov_37.658491	1187	correct
362662	363791	1	1130	NC_002945.4	NODE_94_length_1130_cov_4.907717	99.91		True
CONTIG	NODE_94_length_1130_cov_4.907717	1130	correct
2289709	2290836	1128	1	NC_002945.4	NODE_95_length_1128_cov_84.651349	99.91		True
CONTIG	NODE_95_length_1128_cov_84.651349	1128	correct
3711277	3712306	1030	1	NC_002945.4	NODE_96_length_1030_cov_94.235880	100.0		True
CONTIG	NODE_96_length_1030_cov_94.235880	1030	correct
1165044	1166025	1	982	NC_002945.4	NODE_97_length_982_cov_91.919298	99.9		True
CONTIG	NODE_97_length_982_cov_91.919298	982	correct
3342811	3343719	1	909	NC_002945.4	NODE_98_length_909_cov_276.748082	100.0		True
CONTIG	NODE_98_length_909_cov_276.748082	909	correct
3341521	3342410	1	890	NC_002945.4	NODE_99_length_890_cov_37.720839	100.0		True
CONTIG	NODE_99_length_890_cov_37.720839	890	correct
1278286	1279129	844	1	NC_002945.4	NODE_100_length_844_cov_94.981869	100.0		True
CONTIG	NODE_100_length_844_cov_94.981869	844	correct
3444905	3445699	1	795	NC_002945.4	NODE_101_length_795_cov_99.128743	100.0		True
CONTIG	NODE_101_length_795_cov_99.128743	795	correct
2422650	2423393	1	744	NC_002945.4	NODE_102_length_744_cov_85.367909	100.0		True
CONTIG	NODE_102_length_744_cov_85.367909	744	correct
2773517	2774071	734	180	NC_002945.4	NODE_103_length_740_cov_4.213703	100.0		True
CONTIG	NODE_103_length_740_cov_4.213703	740	correct
673599	674099	501	1	NC_002945.4	NODE_104_length_655_cov_2.929924	99.8		True
CONTIG	NODE_104_length_655_cov_2.929924	655	correct
3340552	3341186	635	1	NC_002945.4	NODE_105_length_635_cov_34.490157	100.0		True
CONTIG	NODE_105_length_635_cov_34.490157	635	correct
838378	838957	589	10	NC_002945.4	NODE_106_length_589_cov_1.374459	100.0		True
CONTIG	NODE_106_length_589_cov_1.374459	589	correct
3341060	3341647	588	1	NC_002945.4	NODE_107_length_588_cov_63.275488	100.0		True
CONTIG	NODE_107_length_588_cov_63.275488	588	correct
841636	841975	433	94	NC_002945.4	NODE_108_length_560_cov_1.824480	100.0		True
CONTIG	NODE_108_length_560_cov_1.824480	560	correct
4294098	4294527	1	430	NC_002945.4	NODE_109_length_506_cov_4.965699	100.0		True
CONTIG	NODE_109_length_506_cov_4.965699	506	correct
