S1	E1	S2	E2	Reference	Contig	IDY	Ambiguous	Best_group
363946	624455	260241	1	NC_002945.4	NODE_1_length_260391_cov_37.513544	99.89		True
CONTIG	NODE_1_length_260391_cov_37.513544	260391	correct
3445573	3673271	227591	1	NC_002945.4	NODE_2_length_227591_cov_38.291136	99.93		True
CONTIG	NODE_2_length_227591_cov_38.291136	227591	correct
2453662	2609513	66	155918	NC_002945.4	NODE_3_length_209628_cov_36.946750	99.99		True
relocation, inconsistency = 2582
2612096	2665668	155919	209545	NC_002945.4	NODE_3_length_209628_cov_36.946750	99.88		True
CONTIG	NODE_3_length_209628_cov_36.946750	209628	misassembled
306894	333298	26414	115	NC_002945.4	NODE_4_length_182113_cov_37.310271	99.59		True
local misassembly
150847	306572	182113	26415	NC_002945.4	NODE_4_length_182113_cov_37.310271	99.97		True
CONTIG	NODE_4_length_182113_cov_37.310271	182113	correct
2957039	3124467	166957	218	NC_002945.4	NODE_5_length_166957_cov_37.148762	99.45		True
CONTIG	NODE_5_length_166957_cov_37.148762	166957	correct
1010930	1091475	80690	142	NC_002945.4	NODE_6_length_159461_cov_37.586560	99.99		True
relocation, inconsistency = 1457
970286	1009472	119876	80691	NC_002945.4	NODE_6_length_159461_cov_37.586560	99.98		True
local misassembly
930683	970147	159461	119877	NC_002945.4	NODE_6_length_159461_cov_37.586560	99.67		True
CONTIG	NODE_6_length_159461_cov_37.586560	159461	misassembled
1853844	1985582	131273	1	NC_002945.4	NODE_7_length_156664_cov_35.008509	99.63		True
relocation, inconsistency = -1845923
3674358	3699766	156664	131274	NC_002945.4	NODE_7_length_156664_cov_35.008509	99.93		True
CONTIG	NODE_7_length_156664_cov_35.008509	156664	misassembled
4310440	4349904	105	39568	NC_002945.4	NODE_8_length_142887_cov_38.870762	99.99		True
fake: not a misassembly [linear representation of circular genome]
1	29469	39569	69037	NC_002945.4	NODE_8_length_142887_cov_38.870762	99.99		True
local misassembly
30083	103918	69039	142887	NC_002945.4	NODE_8_length_142887_cov_38.870762	99.96		True
CONTIG	NODE_8_length_142887_cov_38.870762	142887	correct
1638865	1769053	130280	93	NC_002945.4	NODE_9_length_130286_cov_38.837821	99.99		True
CONTIG	NODE_9_length_130286_cov_38.837821	130286	correct
3297493	3341186	43863	1	NC_002945.4	NODE_10_length_122221_cov_37.136723	99.82		True
indel: stretch of mismatches
3219357	3297478	122056	43878	NC_002945.4	NODE_10_length_122221_cov_37.136723	99.92		True
CONTIG	NODE_10_length_122221_cov_37.136723	122221	correct
4000854	4097403	96549	1	NC_002945.4	NODE_11_length_112008_cov_36.201276	99.98		True
local misassembly
3985285	4000742	111996	96550	NC_002945.4	NODE_11_length_112008_cov_36.201276	99.93		True
CONTIG	NODE_11_length_112008_cov_36.201276	112008	correct
824601	838058	13458	1	NC_002945.4	NODE_12_length_111028_cov_38.263433	99.98		True
local misassembly
726477	824045	111028	13459	NC_002945.4	NODE_12_length_111028_cov_38.263433	99.99		True
CONTIG	NODE_12_length_111028_cov_38.263433	111028	correct
2057169	2083604	1	26436	NC_002945.4	NODE_13_length_104202_cov_37.920106	99.98		True
local misassembly
2083596	2158516	26575	101495	NC_002945.4	NODE_13_length_104202_cov_37.920106	99.98		True
local misassembly
2158655	2159088	101496	101929	NC_002945.4	NODE_13_length_104202_cov_37.920106	100.0		True
fake: scaffold gap size wrong estimation (local)
2160645	2160846	103292	103493	NC_002945.4	NODE_13_length_104202_cov_37.920106	100.0		True
fake: scaffold gap size wrong estimation (local)
2160997	2161605	103594	104202	NC_002945.4	NODE_13_length_104202_cov_37.920106	99.84		True
CONTIG	NODE_13_length_104202_cov_37.920106	104202	correct
3343594	3442410	98885	1	NC_002945.4	NODE_14_length_98885_cov_38.416250	99.92		True
CONTIG	NODE_14_length_98885_cov_38.416250	98885	correct
3897145	3979882	1	82729	NC_002945.4	NODE_15_length_82729_cov_37.448670	99.98		True
CONTIG	NODE_15_length_82729_cov_37.448670	82729	correct
1491980	1573669	81690	1	NC_002945.4	NODE_16_length_81866_cov_38.601035	99.93		True
CONTIG	NODE_16_length_81866_cov_38.601035	81866	correct
2693912	2773105	79363	171	NC_002945.4	NODE_17_length_79363_cov_36.194975	99.99		True
CONTIG	NODE_17_length_79363_cov_36.194975	79363	correct
1779460	1853477	1	74018	NC_002945.4	NODE_18_length_74629_cov_36.909761	99.99		True
CONTIG	NODE_18_length_74629_cov_36.909761	74629	correct
1387100	1417336	30237	1	NC_002945.4	NODE_19_length_72706_cov_36.815966	99.98		True
local misassembly
1343879	1386342	72706	30238	NC_002945.4	NODE_19_length_72706_cov_36.815966	99.99		True
CONTIG	NODE_19_length_72706_cov_36.815966	72706	correct
3124819	3193870	7	69004	NC_002945.4	NODE_20_length_69004_cov_36.921440	99.91		True
CONTIG	NODE_20_length_69004_cov_36.921440	69004	correct
1096985	1165170	1	68175	NC_002945.4	NODE_21_length_68175_cov_37.228368	99.97		True
CONTIG	NODE_21_length_68175_cov_37.228368	68175	correct
4194926	4259153	1	64228	NC_002945.4	NODE_22_length_64228_cov_39.353208	99.99		True
CONTIG	NODE_22_length_64228_cov_39.353208	64228	correct
1280097	1343223	1	63189	NC_002945.4	NODE_23_length_63189_cov_40.708192	99.89		True
CONTIG	NODE_23_length_63189_cov_40.708192	63189	correct
2852146	2913206	100	61159	NC_002945.4	NODE_24_length_61159_cov_36.036850	99.98		True
CONTIG	NODE_24_length_61159_cov_36.036850	61159	correct
1219728	1278412	27	58711	NC_002945.4	NODE_25_length_58711_cov_36.943636	99.99		True
CONTIG	NODE_25_length_58711_cov_36.943636	58711	correct
3777400	3835785	1	58389	NC_002945.4	NODE_26_length_58389_cov_38.118242	99.98		True
CONTIG	NODE_26_length_58389_cov_38.118242	58389	correct
1418316	1470724	52352	1	NC_002945.4	NODE_27_length_52352_cov_39.891910	99.88		True
CONTIG	NODE_27_length_52352_cov_39.891910	52352	correct
4141981	4193715	1	51735	NC_002945.4	NODE_28_length_51735_cov_38.867986	99.98		True
CONTIG	NODE_28_length_51735_cov_38.867986	51735	correct
2801012	2852072	1	51061	NC_002945.4	NODE_29_length_51061_cov_37.784074	99.99		True
CONTIG	NODE_29_length_51061_cov_37.784074	51061	correct
1574139	1623825	49687	1	NC_002945.4	NODE_30_length_49905_cov_36.731508	99.98		True
CONTIG	NODE_30_length_49905_cov_36.731508	49905	correct
676644	726474	1	49831	NC_002945.4	NODE_31_length_49831_cov_36.494266	99.99		True
CONTIG	NODE_31_length_49831_cov_36.494266	49831	correct
842757	891078	1	48322	NC_002945.4	NODE_32_length_48322_cov_37.528167	99.99		True
CONTIG	NODE_32_length_48322_cov_37.528167	48322	correct
625304	673277	47974	1	NC_002945.4	NODE_33_length_47974_cov_36.075428	99.98		True
CONTIG	NODE_33_length_47974_cov_36.075428	47974	correct
1996146	2040966	44821	1	NC_002945.4	NODE_34_length_44862_cov_36.268559	99.98		True
CONTIG	NODE_34_length_44862_cov_36.268559	44862	correct
4097387	4141969	44583	1	NC_002945.4	NODE_35_length_44583_cov_38.119871	99.99		True
CONTIG	NODE_35_length_44583_cov_38.119871	44583	correct
3836888	3880180	43591	307	NC_002945.4	NODE_36_length_43591_cov_35.272455	99.91		True
CONTIG	NODE_36_length_43591_cov_35.272455	43591	correct
2246069	2283745	192	37870	NC_002945.4	NODE_37_length_37870_cov_38.917362	99.95		True
CONTIG	NODE_37_length_37870_cov_38.917362	37870	correct
2210167	2246087	245	36165	NC_002945.4	NODE_38_length_36165_cov_41.302320	100.0		True
CONTIG	NODE_38_length_36165_cov_41.302320	36165	correct
3737665	3759280	21828	210	NC_002945.4	NODE_39_length_34437_cov_36.281521	99.97		True
local misassembly
3724846	3737454	34437	21829	NC_002945.4	NODE_39_length_34437_cov_36.281521	99.98		True
CONTIG	NODE_39_length_34437_cov_36.281521	34437	correct
1190092	1204589	14663	166	NC_002945.4	NODE_40_length_33441_cov_36.176442	99.97		True
local misassembly
1171083	1189860	33441	14664	NC_002945.4	NODE_40_length_33441_cov_36.176442	99.99		True
CONTIG	NODE_40_length_33441_cov_36.176442	33441	correct
2423267	2453612	1	30232	NC_002945.4	NODE_41_length_30232_cov_38.040691	99.61		True
CONTIG	NODE_41_length_30232_cov_38.040691	30232	correct
2161870	2192094	1	30226	NC_002945.4	NODE_42_length_30226_cov_38.986976	99.99		True
CONTIG	NODE_42_length_30226_cov_38.986976	30226	correct
2294650	2324490	29845	5	NC_002945.4	NODE_43_length_29845_cov_35.162023	99.99		True
CONTIG	NODE_43_length_29845_cov_35.162023	29845	correct
2343784	2372315	28532	1	NC_002945.4	NODE_44_length_28532_cov_35.880056	99.99		True
CONTIG	NODE_44_length_28532_cov_35.880056	28532	correct
2665977	2693421	79	27522	NC_002945.4	NODE_45_length_27522_cov_37.359555	99.99		True
CONTIG	NODE_45_length_27522_cov_37.359555	27522	correct
105040	131913	27123	250	NC_002945.4	NODE_46_length_27123_cov_36.851237	99.98		True
CONTIG	NODE_46_length_27123_cov_36.851237	27123	correct
338215	363814	86	25598	NC_002945.4	NODE_47_length_25598_cov_32.052766	99.64		True
CONTIG	NODE_47_length_25598_cov_32.052766	25598	correct
2777018	2799828	22811	1	NC_002945.4	NODE_48_length_23000_cov_39.043807	100.0		True
CONTIG	NODE_48_length_23000_cov_39.043807	23000	correct
2386668	2408815	1	22148	NC_002945.4	NODE_49_length_22199_cov_30.506116	100.0		True
CONTIG	NODE_49_length_22199_cov_30.506116	22199	correct
4259930	4281631	1	21700	NC_002945.4	NODE_50_length_21700_cov_38.054976	99.98		True
CONTIG	NODE_50_length_21700_cov_38.054976	21700	correct
1471935	1490429	1	18496	NC_002945.4	NODE_51_length_18551_cov_43.587983	99.98		True
CONTIG	NODE_51_length_18551_cov_43.587983	18551	correct
3759671	3777383	211	17925	NC_002945.4	NODE_52_length_17925_cov_35.016800	99.96		True
CONTIG	NODE_52_length_17925_cov_35.016800	17925	correct
2192685	2210143	17561	103	NC_002945.4	NODE_53_length_17561_cov_42.560170	99.93		True
CONTIG	NODE_53_length_17561_cov_42.560170	17561	correct
2326324	2343751	17428	1	NC_002945.4	NODE_54_length_17428_cov_35.077915	99.99		True
CONTIG	NODE_54_length_17428_cov_35.077915	17428	correct
892165	909508	17344	1	NC_002945.4	NODE_55_length_17344_cov_37.183423	99.99		True
CONTIG	NODE_55_length_17344_cov_37.183423	17344	correct
132512	149547	17036	1	NC_002945.4	NODE_56_length_17036_cov_40.865101	99.96		True
CONTIG	NODE_56_length_17036_cov_40.865101	17036	correct
910050	926317	1	16268	NC_002945.4	NODE_57_length_16268_cov_39.926461	99.99		True
CONTIG	NODE_57_length_16268_cov_39.926461	16268	correct
3193780	3209285	1	15506	NC_002945.4	NODE_58_length_15506_cov_37.914429	100.0		True
CONTIG	NODE_58_length_15506_cov_37.914429	15506	correct
2916851	2932207	15361	5	NC_002945.4	NODE_59_length_15361_cov_41.479126	99.96		True
CONTIG	NODE_59_length_15361_cov_41.479126	15361	correct
2041242	2056295	15054	1	NC_002945.4	NODE_60_length_15266_cov_38.916243	99.99		True
CONTIG	NODE_60_length_15266_cov_38.916243	15266	correct
2372416	2386761	1	14346	NC_002945.4	NODE_61_length_14346_cov_37.129123	99.98		True
CONTIG	NODE_61_length_14346_cov_37.129123	14346	correct
2409054	2422776	1	13723	NC_002945.4	NODE_62_length_13723_cov_35.323257	99.98		True
CONTIG	NODE_62_length_13723_cov_35.323257	13723	correct
3712180	3724845	12696	32	NC_002945.4	NODE_63_length_12696_cov_27.242661	99.95		True
CONTIG	NODE_63_length_12696_cov_27.242661	12696	correct
2944619	2957076	12458	1	NC_002945.4	NODE_64_length_12458_cov_37.038521	99.98		True
CONTIG	NODE_64_length_12458_cov_37.038521	12458	correct
4281643	4293899	12407	151	NC_002945.4	NODE_65_length_12407_cov_37.596091	99.99		True
CONTIG	NODE_65_length_12407_cov_37.596091	12407	correct
3700308	3711403	11096	1	NC_002945.4	NODE_66_length_11096_cov_26.526393	100.0		True
CONTIG	NODE_66_length_11096_cov_26.526393	11096	correct
1623846	1633290	1	9388	NC_002945.4	NODE_67_length_10702_cov_29.109031	99.36		True
local misassembly
1633561	1634449	9389	10277	NC_002945.4	NODE_67_length_10702_cov_29.109031	100.0		True
local misassembly
1634594	1634885	10278	10569	NC_002945.4	NODE_67_length_10702_cov_29.109031	100.0		True
indel: indel (> 5bp)
1634913	1635045	10570	10702	NC_002945.4	NODE_67_length_10702_cov_29.109031	99.25		True
CONTIG	NODE_67_length_10702_cov_29.109031	10702	correct
2933794	2943963	1	10170	NC_002945.4	NODE_68_length_10170_cov_37.682067	99.99		True
CONTIG	NODE_68_length_10170_cov_37.682067	10170	correct
3209311	3219347	1	10037	NC_002945.4	NODE_69_length_10037_cov_36.808476	100.0		True
CONTIG	NODE_69_length_10037_cov_36.808476	10037	correct
1204749	1213456	1	8708	NC_002945.4	NODE_70_length_8836_cov_36.091285	99.98		True
CONTIG	NODE_70_length_8836_cov_36.091285	8836	correct
3890969	3893381	2601	189	NC_002945.4	NODE_71_length_8229_cov_16.117996	99.43		True
local misassembly
3884660	3890278	8229	2602	NC_002945.4	NODE_71_length_8229_cov_16.117996	99.79		True
CONTIG	NODE_71_length_8229_cov_16.117996	8229	correct
4301859	4309398	1	7540	NC_002945.4	NODE_72_length_7559_cov_40.379575	99.99		True
CONTIG	NODE_72_length_7559_cov_40.379575	7559	correct
4294757	4301861	7105	1	NC_002945.4	NODE_73_length_7488_cov_32.221709	99.99		True
local misassembly
4294170	4294552	7488	7106	NC_002945.4	NODE_73_length_7488_cov_32.221709	100.0		True
CONTIG	NODE_73_length_7488_cov_32.221709	7488	correct
1987166	1992127	4963	1	NC_002945.4	NODE_74_length_5143_cov_39.438796	99.98		True
CONTIG	NODE_74_length_5143_cov_39.438796	5143	correct
3980171	3984570	177	4576	NC_002945.4	NODE_75_length_4582_cov_30.372391	99.75		True
CONTIG	NODE_75_length_4582_cov_30.372391	4582	correct
1214750	1218353	3723	120	NC_002945.4	NODE_76_length_4379_cov_29.368297	99.89		True
local misassembly
1214238	1214774	4379	3843	NC_002945.4	NODE_76_length_4379_cov_29.368297	99.63		True
CONTIG	NODE_76_length_4379_cov_29.368297	4379	correct
1165899	1169900	1	4002	NC_002945.4	NODE_77_length_4002_cov_40.108129	99.98		True
CONTIG	NODE_77_length_4002_cov_40.108129	4002	correct
2284620	2287647	1	3028	NC_002945.4	NODE_78_length_3028_cov_26.445364	99.77		True
CONTIG	NODE_78_length_3028_cov_26.445364	3028	correct
2290710	2293716	1	3007	NC_002945.4	NODE_79_length_3007_cov_28.307639	100.0		True
CONTIG	NODE_79_length_3007_cov_28.307639	3007	correct
1993335	1996048	1	2714	NC_002945.4	NODE_80_length_2867_cov_40.463139	99.96		True
CONTIG	NODE_80_length_2867_cov_40.463139	2867	correct
2913207	2915680	1	2474	NC_002945.4	NODE_81_length_2474_cov_30.107266	100.0		True
CONTIG	NODE_81_length_2474_cov_30.107266	2474	correct
928970	930618	1649	1	NC_002945.4	NODE_82_length_2465_cov_8.337040	100.0		True
local misassembly
928307	928975	2465	1788	NC_002945.4	NODE_82_length_2465_cov_8.337040	98.67		True
CONTIG	NODE_82_length_2465_cov_8.337040	2465	correct
675129	676276	1148	1	NC_002945.4	NODE_83_length_2345_cov_3.802074	100.0		True
local misassembly
673461	674657	2345	1149	NC_002945.4	NODE_83_length_2345_cov_3.802074	99.92		True
CONTIG	NODE_83_length_2345_cov_3.802074	2345	correct
1635657	1637993	2313	1	NC_002945.4	NODE_84_length_2313_cov_24.355444	98.8		True
CONTIG	NODE_84_length_2313_cov_24.355444	2313	correct
2609387	2611609	1	2223	NC_002945.4	NODE_85_length_2223_cov_24.625954	100.0		True
CONTIG	NODE_85_length_2223_cov_24.625954	2223	correct
3882139	3883639	1549	1	NC_002945.4	NODE_86_length_2081_cov_5.029683	96.9		True
local misassembly
3881875	3882155	1981	1701	NC_002945.4	NODE_86_length_2081_cov_5.029683	99.29		True
CONTIG	NODE_86_length_2081_cov_5.029683	2081	correct
1092577	1094449	1	1873	NC_002945.4	NODE_87_length_1873_cov_23.927500	100.0		True
CONTIG	NODE_87_length_1873_cov_23.927500	1873	correct
1094450	1096259	1	1810	NC_002945.4	NODE_88_length_1810_cov_41.708259	99.94		True
CONTIG	NODE_88_length_1810_cov_41.708259	1810	correct
3298730	3298959	239	1	NC_002945.4	NODE_89_length_1564_cov_23.866388	95.82		True
relocation, inconsistency = 972879
2324529	2325838	252	1561	NC_002945.4	NODE_89_length_1564_cov_23.866388	99.92		True
CONTIG	NODE_89_length_1564_cov_23.866388	1564	misassembled
839693	840729	1189	153	NC_002945.4	NODE_90_length_1520_cov_10.084709	100.0		True
inversion
839587	839722	1190	1325	NC_002945.4	NODE_90_length_1520_cov_10.084709	98.63		True
CONTIG	NODE_90_length_1520_cov_10.084709	1520	misassembled
2774298	2775616	1319	1	NC_002945.4	NODE_91_length_1502_cov_4.381091	99.92		True
CONTIG	NODE_91_length_1502_cov_4.381091	1502	correct
4193589	4195052	1	1464	NC_002945.4	NODE_92_length_1464_cov_79.626028	100.0		True
CONTIG	NODE_92_length_1464_cov_79.626028	1464	correct
3443593	3445031	1439	1	NC_002945.4	NODE_93_length_1439_cov_47.797256	100.0		True
CONTIG	NODE_93_length_1439_cov_47.797256	1439	correct
890952	892291	1340	1	NC_002945.4	NODE_94_length_1340_cov_75.023908	100.0		True
CONTIG	NODE_94_length_1340_cov_75.023908	1340	correct
3835659	3836979	1	1321	NC_002945.4	NODE_95_length_1321_cov_78.577052	99.7		True
CONTIG	NODE_95_length_1321_cov_78.577052	1321	correct
2288581	2289835	1255	1	NC_002945.4	NODE_96_length_1255_cov_38.390071	100.0		True
CONTIG	NODE_96_length_1255_cov_38.390071	1255	correct
336693	337811	1119	1	NC_002945.4	NODE_97_length_1226_cov_16.465878	100.0		True
CONTIG	NODE_97_length_1226_cov_16.465878	1226	correct
2287521	2288707	1187	1	NC_002945.4	NODE_98_length_1187_cov_26.904717	100.0		True
CONTIG	NODE_98_length_1187_cov_26.904717	1187	correct
4309401	4310344	1164	221	NC_002945.4	NODE_99_length_1164_cov_18.261331	100.0		True
CONTIG	NODE_99_length_1164_cov_18.261331	1164	correct
2289709	2290836	1	1128	NC_002945.4	NODE_100_length_1128_cov_61.955045	99.91		True
CONTIG	NODE_100_length_1128_cov_61.955045	1128	correct
3711277	3712306	1	1030	NC_002945.4	NODE_101_length_1030_cov_83.129568	100.0		True
CONTIG	NODE_101_length_1030_cov_83.129568	1030	correct
1165044	1166025	982	1	NC_002945.4	NODE_102_length_982_cov_80.483041	100.0		True
CONTIG	NODE_102_length_982_cov_80.483041	982	correct
3342811	3343719	1	909	NC_002945.4	NODE_103_length_909_cov_245.863171	100.0		True
CONTIG	NODE_103_length_909_cov_245.863171	909	correct
3341521	3342410	890	1	NC_002945.4	NODE_104_length_890_cov_28.266055	100.0		True
CONTIG	NODE_104_length_890_cov_28.266055	890	correct
3894591	3895305	1	715	NC_002945.4	NODE_105_length_869_cov_38.315364	100.0		True
CONTIG	NODE_105_length_869_cov_38.315364	869	correct
150847	150973	1	127	NC_002945.4	NODE_106_length_862_cov_6.151020	100.0		True
local misassembly
150261	150973	150	862	NC_002945.4	NODE_106_length_862_cov_6.151020	100.0		True
CONTIG	NODE_106_length_862_cov_6.151020	862	correct
1278286	1279129	1	844	NC_002945.4	NODE_107_length_844_cov_77.058577	100.0		True
CONTIG	NODE_107_length_844_cov_77.058577	844	correct
3444905	3445699	1	795	NC_002945.4	NODE_108_length_795_cov_84.131737	100.0		True
CONTIG	NODE_108_length_795_cov_84.131737	795	correct
2422650	2423393	1	744	NC_002945.4	NODE_109_length_744_cov_68.064830	100.0		True
CONTIG	NODE_109_length_744_cov_68.064830	744	correct
335959	336034	1	76	NC_002945.4	NODE_110_length_743_cov_7.256494	100.0		True
local misassembly
335735	336374	77	716	NC_002945.4	NODE_110_length_743_cov_7.256494	100.0		True
CONTIG	NODE_110_length_743_cov_7.256494	743	correct
3884045	3884786	1	724	NC_002945.4	NODE_111_length_724_cov_13.298157	97.44		True
CONTIG	NODE_111_length_724_cov_13.298157	724	correct
2773660	2774015	153	508	NC_002945.4	NODE_112_length_656_cov_2.718336	99.72		True
CONTIG	NODE_112_length_656_cov_2.718336	656	correct
1096133	1096763	1	631	NC_002945.4	NODE_113_length_631_cov_15.376984	99.52		True
CONTIG	NODE_113_length_631_cov_15.376984	631	correct
1985790	1986386	12	608	NC_002945.4	NODE_114_length_608_cov_1.596674	99.83		True
CONTIG	NODE_114_length_608_cov_1.596674	608	correct
3984842	3985311	470	1	NC_002945.4	NODE_115_length_604_cov_4.096436	100.0		True
CONTIG	NODE_115_length_604_cov_4.096436	604	correct
3883513	3883985	1	473	NC_002945.4	NODE_116_length_592_cov_4.223656	100.0		True
local misassembly
3883521	3883639	474	592	NC_002945.4	NODE_116_length_592_cov_4.223656	100.0		True
CONTIG	NODE_116_length_592_cov_4.223656	592	correct
2932285	2932622	1	338	NC_002945.4	NODE_117_length_532_cov_0.602469	98.52		True
CONTIG	NODE_117_length_532_cov_0.602469	532	correct
