S1	E1	S2	E2	Reference	Contig	IDY	Ambiguous	Best_group
3445573	3673271	1	227591	NC_002945.4	NODE_1_length_227591_cov_50.897782	99.93		True
CONTIG	NODE_1_length_227591_cov_50.897782	227591	correct
2453546	2665762	30	212299	NC_002945.4	NODE_2_length_212299_cov_49.451483	99.96		True
CONTIG	NODE_2_length_212299_cov_49.451483	212299	correct
402605	607788	204915	1	NC_002945.4	NODE_3_length_204915_cov_49.925801	99.86		True
CONTIG	NODE_3_length_204915_cov_49.925801	204915	correct
3015712	3193870	177395	1	NC_002945.4	NODE_4_length_177395_cov_49.615475	99.43		True
CONTIG	NODE_4_length_177395_cov_49.615475	177395	correct
824601	838053	13453	1	NC_002945.4	NODE_5_length_160915_cov_49.724084	99.98		True
local misassembly
676585	824045	160915	13454	NC_002945.4	NODE_5_length_160915_cov_49.724084	99.99		True
CONTIG	NODE_5_length_160915_cov_49.724084	160915	correct
4294092	4349904	1	55812	NC_002945.4	NODE_6_length_159131_cov_50.158197	99.99		True
fake: not a misassembly [linear representation of circular genome]
1	29469	55813	85281	NC_002945.4	NODE_6_length_159131_cov_50.158197	99.99		True
local misassembly
30083	103918	85283	159131	NC_002945.4	NODE_6_length_159131_cov_50.158197	99.96		True
CONTIG	NODE_6_length_159131_cov_50.158197	159131	correct
4035834	4193715	41	157808	NC_002945.4	NODE_7_length_157808_cov_49.481358	99.92		True
CONTIG	NODE_7_length_157808_cov_49.481358	157808	correct
150039	306669	156604	1	NC_002945.4	NODE_8_length_156604_cov_50.164638	99.97		True
CONTIG	NODE_8_length_156604_cov_50.164638	156604	correct
1853819	1985614	131388	59	NC_002945.4	NODE_9_length_131388_cov_48.288037	99.63		True
CONTIG	NODE_9_length_131388_cov_48.288037	131388	correct
1638973	1769053	130172	93	NC_002945.4	NODE_10_length_130319_cov_52.266867	99.99		True
CONTIG	NODE_10_length_130319_cov_52.266867	130319	correct
970274	1009472	184	39381	NC_002945.4	NODE_11_length_120007_cov_50.376401	99.98		True
relocation, inconsistency = 1457
1010930	1091543	39382	119998	NC_002945.4	NODE_11_length_120007_cov_50.376401	99.99		True
CONTIG	NODE_11_length_120007_cov_50.376401	120007	misassembled
3297493	3338802	41479	1	NC_002945.4	NODE_12_length_119671_cov_49.978510	99.82		True
indel: stretch of mismatches
3219358	3297478	119671	41494	NC_002945.4	NODE_12_length_119671_cov_49.978510	99.92		True
CONTIG	NODE_12_length_119671_cov_49.978510	119671	correct
2160997	2161605	609	1	NC_002945.4	NODE_13_length_104459_cov_51.322614	99.84		True
fake: scaffold gap size wrong estimation (local)
2160645	2160846	911	710	NC_002945.4	NODE_13_length_104459_cov_51.322614	100.0		True
fake: scaffold gap size wrong estimation (local)
2158655	2159088	2707	2274	NC_002945.4	NODE_13_length_104459_cov_51.322614	100.0		True
local misassembly
2083596	2158516	77628	2708	NC_002945.4	NODE_13_length_104459_cov_51.322614	99.98		True
local misassembly
2056912	2083604	104459	77767	NC_002945.4	NODE_13_length_104459_cov_51.322614	99.98		True
CONTIG	NODE_13_length_104459_cov_51.322614	104459	correct
3343594	3442410	1	98885	NC_002945.4	NODE_14_length_98885_cov_52.211659	99.92		True
CONTIG	NODE_14_length_98885_cov_52.211659	98885	correct
3897145	3979581	1	82428	NC_002945.4	NODE_15_length_82428_cov_49.844012	99.98		True
CONTIG	NODE_15_length_82428_cov_49.844012	82428	correct
1491921	1573741	6	81817	NC_002945.4	NODE_16_length_81848_cov_51.794557	99.92		True
CONTIG	NODE_16_length_81848_cov_51.794557	81848	correct
2693912	2773176	1	79264	NC_002945.4	NODE_17_length_79342_cov_49.599836	99.98		True
CONTIG	NODE_17_length_79342_cov_49.599836	79342	correct
1779460	1853507	74048	1	NC_002945.4	NODE_18_length_74048_cov_50.153299	99.99		True
CONTIG	NODE_18_length_74048_cov_50.153299	74048	correct
1094824	1165170	1	70347	NC_002945.4	NODE_19_length_70347_cov_50.748718	99.98		True
CONTIG	NODE_19_length_70347_cov_50.748718	70347	correct
2852121	2916088	63968	1	NC_002945.4	NODE_20_length_64289_cov_48.588136	99.98		True
CONTIG	NODE_20_length_64289_cov_48.588136	64289	correct
4194926	4259153	64228	1	NC_002945.4	NODE_21_length_64228_cov_52.546247	99.99		True
CONTIG	NODE_21_length_64228_cov_52.546247	64228	correct
2957039	3015767	1	58676	NC_002945.4	NODE_22_length_62561_cov_48.125204	99.89		True
relocation, inconsistency = 2621811
334467	335227	59437	58677	NC_002945.4	NODE_22_length_62561_cov_48.125204	99.77		True
relocation, inconsistency = -5642
338112	340108	61356	59438	NC_002945.4	NODE_22_length_62561_cov_48.125204	95.01		True
local misassembly
336693	337724	62439	61408	NC_002945.4	NODE_22_length_62561_cov_48.125204	100.0		True
CONTIG	NODE_22_length_62561_cov_48.125204	62561	misassembled
1280097	1340762	60728	1	NC_002945.4	NODE_23_length_60728_cov_52.153298	99.89		True
CONTIG	NODE_23_length_60728_cov_52.153298	60728	correct
1996351	2056395	60045	1	NC_002945.4	NODE_24_length_60045_cov_49.273841	99.98		True
CONTIG	NODE_24_length_60045_cov_49.273841	60045	correct
1219563	1278412	58850	1	NC_002945.4	NODE_25_length_59400_cov_49.102812	99.99		True
CONTIG	NODE_25_length_59400_cov_49.102812	59400	correct
3777400	3835785	1	58318	NC_002945.4	NODE_26_length_58318_cov_50.954615	99.87		True
CONTIG	NODE_26_length_58318_cov_50.954615	58318	correct
1413935	1470724	1	56733	NC_002945.4	NODE_27_length_56733_cov_51.485885	99.89		True
CONTIG	NODE_27_length_56733_cov_51.485885	56733	correct
2192685	2245161	1	52477	NC_002945.4	NODE_28_length_52477_cov_55.060707	99.99		True
CONTIG	NODE_28_length_52477_cov_55.060707	52477	correct
2801012	2852033	1	51022	NC_002945.4	NODE_29_length_51071_cov_49.495701	99.99		True
CONTIG	NODE_29_length_51071_cov_49.495701	51071	correct
3984854	4000631	199	15976	NC_002945.4	NODE_30_length_51032_cov_49.799745	100.0		True
fake: scaffold gap size wrong estimation (local)
4000854	4035809	16077	51032	NC_002945.4	NODE_30_length_51032_cov_49.799745	99.97		True
CONTIG	NODE_30_length_51032_cov_49.799745	51032	correct
1574142	1623769	49693	66	NC_002945.4	NODE_31_length_49834_cov_48.495926	99.98		True
CONTIG	NODE_31_length_49834_cov_48.495926	49834	correct
842754	891078	48325	1	NC_002945.4	NODE_32_length_48385_cov_49.928136	99.99		True
CONTIG	NODE_32_length_48385_cov_49.928136	48385	correct
625394	673480	1	48087	NC_002945.4	NODE_33_length_48087_cov_47.936051	99.99		True
CONTIG	NODE_33_length_48087_cov_47.936051	48087	correct
1343879	1386639	42777	12	NC_002945.4	NODE_34_length_42777_cov_48.448535	99.99		True
CONTIG	NODE_34_length_42777_cov_48.448535	42777	correct
3836888	3878248	1	41353	NC_002945.4	NODE_35_length_41353_cov_48.562897	99.96		True
CONTIG	NODE_35_length_41353_cov_48.562897	41353	correct
1170557	1189854	1	19298	NC_002945.4	NODE_36_length_40217_cov_52.879696	99.98		True
relocation, inconsistency = 2858
1192713	1213474	19299	40063	NC_002945.4	NODE_36_length_40217_cov_52.879696	99.88		True
CONTIG	NODE_36_length_40217_cov_52.879696	40217	misassembled
930672	970082	39483	1	NC_002945.4	NODE_37_length_39666_cov_49.384102	99.78		True
CONTIG	NODE_37_length_39666_cov_49.384102	39666	correct
364037	401308	228	37499	NC_002945.4	NODE_38_length_37499_cov_49.127208	99.99		True
CONTIG	NODE_38_length_37499_cov_49.127208	37499	correct
2246369	2283745	1	37379	NC_002945.4	NODE_39_length_37379_cov_53.630194	99.95		True
CONTIG	NODE_39_length_37379_cov_53.630194	37379	correct
3674358	3711403	1	36941	NC_002945.4	NODE_40_length_36941_cov_37.221899	99.72		True
CONTIG	NODE_40_length_36941_cov_37.221899	36941	correct
4259930	4293956	1	34025	NC_002945.4	NODE_41_length_34025_cov_49.638002	99.98		True
CONTIG	NODE_41_length_34025_cov_49.638002	34025	correct
3724846	3737454	1	12609	NC_002945.4	NODE_42_length_33859_cov_49.677369	99.98		True
local misassembly
3737665	3758899	12610	33844	NC_002945.4	NODE_42_length_33859_cov_49.677369	100.0		True
CONTIG	NODE_42_length_33859_cov_49.677369	33859	correct
2161870	2192094	30226	1	NC_002945.4	NODE_43_length_30226_cov_51.217383	99.99		True
CONTIG	NODE_43_length_30226_cov_51.217383	30226	correct
2294650	2324492	29843	1	NC_002945.4	NODE_44_length_29843_cov_48.421860	99.99		True
CONTIG	NODE_44_length_29843_cov_48.421860	29843	correct
2343790	2372351	28562	1	NC_002945.4	NODE_45_length_28755_cov_48.266068	99.98		True
CONTIG	NODE_45_length_28755_cov_48.266068	28755	correct
2665974	2693421	27447	1	NC_002945.4	NODE_46_length_27625_cov_50.216816	99.98		True
CONTIG	NODE_46_length_27625_cov_50.216816	27625	correct
105040	132212	27536	364	NC_002945.4	NODE_47_length_27536_cov_48.167719	99.96		True
CONTIG	NODE_47_length_27536_cov_48.167719	27536	correct
306728	333426	26768	175	NC_002945.4	NODE_48_length_26846_cov_47.726749	98.95		True
CONTIG	NODE_48_length_26846_cov_47.726749	26846	correct
1387083	1412955	216	26088	NC_002945.4	NODE_49_length_26088_cov_48.516621	99.98		True
CONTIG	NODE_49_length_26088_cov_48.516621	26088	correct
339719	362802	1	23084	NC_002945.4	NODE_50_length_24095_cov_45.830315	99.98		True
local misassembly
362968	363764	23085	23881	NC_002945.4	NODE_50_length_24095_cov_45.830315	99.88		True
CONTIG	NODE_50_length_24095_cov_45.830315	24095	correct
2776901	2799828	22928	1	NC_002945.4	NODE_51_length_22928_cov_52.171089	99.99		True
CONTIG	NODE_51_length_22928_cov_52.171089	22928	correct
2386668	2408796	22141	13	NC_002945.4	NODE_52_length_22141_cov_42.933997	99.96		True
CONTIG	NODE_52_length_22141_cov_42.933997	22141	correct
2423267	2444953	1	21687	NC_002945.4	NODE_53_length_21687_cov_51.723330	99.99		True
CONTIG	NODE_53_length_21687_cov_51.723330	21687	correct
1471935	1490747	1	18814	NC_002945.4	NODE_54_length_19194_cov_54.844338	99.98		True
local misassembly
1490961	1491340	18815	19194	NC_002945.4	NODE_54_length_19194_cov_54.844338	100.0		True
CONTIG	NODE_54_length_19194_cov_54.844338	19194	correct
3759695	3777383	1	17691	NC_002945.4	NODE_55_length_17691_cov_47.373150	99.97		True
CONTIG	NODE_55_length_17691_cov_47.373150	17691	correct
2326478	2343726	17249	1	NC_002945.4	NODE_56_length_17430_cov_47.646882	99.99		True
CONTIG	NODE_56_length_17430_cov_47.646882	17430	correct
892165	909508	1	17344	NC_002945.4	NODE_57_length_17344_cov_51.474996	99.99		True
CONTIG	NODE_57_length_17344_cov_51.474996	17344	correct
2916851	2932079	1	15229	NC_002945.4	NODE_58_length_17288_cov_50.889109	99.97		True
relocation, inconsistency = 950059
3882139	3883662	16801	15230	NC_002945.4	NODE_58_length_17288_cov_50.889109	96.99		True
local misassembly
3881820	3882155	17288	16953	NC_002945.4	NODE_58_length_17288_cov_50.889109	100.0		True
CONTIG	NODE_58_length_17288_cov_50.889109	17288	misassembled
132675	149552	16878	1	NC_002945.4	NODE_59_length_16878_cov_54.659841	99.96		True
CONTIG	NODE_59_length_16878_cov_54.659841	16878	correct
910050	926254	16205	1	NC_002945.4	NODE_60_length_16205_cov_52.612763	99.99		True
CONTIG	NODE_60_length_16205_cov_52.612763	16205	correct
3193780	3209278	15599	1	NC_002945.4	NODE_61_length_15599_cov_51.119959	100.0		True
CONTIG	NODE_61_length_15599_cov_51.119959	15599	correct
609085	624455	15371	1	NC_002945.4	NODE_62_length_15371_cov_48.604041	99.96		True
CONTIG	NODE_62_length_15371_cov_48.604041	15371	correct
2372634	2386761	14128	1	NC_002945.4	NODE_63_length_14327_cov_51.672042	99.98		True
CONTIG	NODE_63_length_14327_cov_51.672042	14327	correct
2409085	2422776	13692	1	NC_002945.4	NODE_64_length_13692_cov_47.362035	99.98		True
CONTIG	NODE_64_length_13692_cov_47.362035	13692	correct
3712180	3724850	1	12671	NC_002945.4	NODE_65_length_12671_cov_34.858737	99.96		True
CONTIG	NODE_65_length_12671_cov_34.858737	12671	correct
2944619	2957076	1	12458	NC_002945.4	NODE_66_length_12458_cov_48.595167	99.98		True
CONTIG	NODE_66_length_12458_cov_48.595167	12458	correct
2933754	2943963	1	10210	NC_002945.4	NODE_67_length_10210_cov_50.974512	99.99		True
CONTIG	NODE_67_length_10210_cov_50.974512	10210	correct
3209302	3219347	10046	1	NC_002945.4	NODE_68_length_10046_cov_47.937090	100.0		True
CONTIG	NODE_68_length_10046_cov_47.937090	10046	correct
1623842	1633302	1	9413	NC_002945.4	NODE_69_length_9413_cov_42.432910	99.46		True
CONTIG	NODE_69_length_9413_cov_42.432910	9413	correct
2444936	2453623	1	8688	NC_002945.4	NODE_70_length_8688_cov_48.197407	100.0		True
CONTIG	NODE_70_length_8688_cov_48.197407	8688	correct
3884660	3890278	5628	1	NC_002945.4	NODE_71_length_5628_cov_29.303581	99.79		True
CONTIG	NODE_71_length_5628_cov_29.303581	5628	correct
1987019	1992127	1	5110	NC_002945.4	NODE_72_length_5110_cov_52.602850	99.96		True
CONTIG	NODE_72_length_5110_cov_52.602850	5110	correct
1214682	1214756	1	75	NC_002945.4	NODE_73_length_4727_cov_35.121087	100.0		True
local misassembly
1213949	1214774	81	906	NC_002945.4	NODE_73_length_4727_cov_35.121087	99.76		True
local misassembly
1214750	1218291	1026	4567	NC_002945.4	NODE_73_length_4727_cov_35.121087	100.0		True
CONTIG	NODE_73_length_4727_cov_35.121087	4727	correct
3980257	3984744	186	4673	NC_002945.4	NODE_74_length_4673_cov_40.542675	99.96		True
CONTIG	NODE_74_length_4673_cov_40.542675	4673	correct
1165899	1169900	1	4002	NC_002945.4	NODE_75_length_4002_cov_51.860903	99.98		True
CONTIG	NODE_75_length_4002_cov_51.860903	4002	correct
3890842	3894344	3464	1	NC_002945.4	NODE_76_length_3464_cov_6.710818	98.89		True
CONTIG	NODE_76_length_3464_cov_6.710818	3464	correct
3878206	3881368	3278	122	NC_002945.4	NODE_77_length_3453_cov_11.935658	99.65		True
CONTIG	NODE_77_length_3453_cov_11.935658	3453	correct
1638385	1638682	424	127	NC_002945.4	NODE_78_length_3035_cov_23.371045	100.0		True
local misassembly
1635657	1638240	3035	425	NC_002945.4	NODE_78_length_3035_cov_23.371045	98.97		True
CONTIG	NODE_78_length_3035_cov_23.371045	3035	correct
2284620	2287647	3028	1	NC_002945.4	NODE_79_length_3028_cov_41.171320	99.77		True
CONTIG	NODE_79_length_3028_cov_41.171320	3028	correct
2290710	2293716	3007	1	NC_002945.4	NODE_80_length_3007_cov_36.482986	100.0		True
CONTIG	NODE_80_length_3007_cov_36.482986	3007	correct
1993335	1996072	2875	138	NC_002945.4	NODE_81_length_2875_cov_53.142285	99.96		True
CONTIG	NODE_81_length_2875_cov_53.142285	2875	correct
673467	676339	2828	1	NC_002945.4	NODE_82_length_2828_cov_4.234358	98.4		True
CONTIG	NODE_82_length_2828_cov_4.234358	2828	correct
1190378	1193012	1	2635	NC_002945.4	NODE_83_length_2635_cov_19.694179	99.96		True
CONTIG	NODE_83_length_2635_cov_19.694179	2635	correct
928970	930617	1648	1	NC_002945.4	NODE_84_length_2386_cov_11.322709	100.0		True
local misassembly
928385	928975	2386	1787	NC_002945.4	NODE_84_length_2386_cov_11.322709	98.5		True
CONTIG	NODE_84_length_2386_cov_11.322709	2386	correct
1092449	1094282	1921	88	NC_002945.4	NODE_85_length_1921_cov_34.956522	100.0		True
CONTIG	NODE_85_length_1921_cov_34.956522	1921	correct
401182	402731	1550	1	NC_002945.4	NODE_86_length_1550_cov_80.581869	99.87		True
CONTIG	NODE_86_length_1550_cov_80.581869	1550	correct
2774291	2775598	1308	1	NC_002945.4	NODE_87_length_1499_cov_6.849854	100.0		True
local misassembly
2775054	2775160	1499	1393	NC_002945.4	NODE_87_length_1499_cov_6.849854	99.07		True
CONTIG	NODE_87_length_1499_cov_6.849854	1499	correct
4193589	4195052	1464	1	NC_002945.4	NODE_88_length_1464_cov_110.480180	100.0		True
CONTIG	NODE_88_length_1464_cov_110.480180	1464	correct
1992001	1993461	1	1461	NC_002945.4	NODE_89_length_1461_cov_70.502249	100.0		True
CONTIG	NODE_89_length_1461_cov_70.502249	1461	correct
3443593	3445031	1	1439	NC_002945.4	NODE_90_length_1439_cov_60.612043	100.0		True
CONTIG	NODE_90_length_1439_cov_60.612043	1439	correct
2324664	2325833	179	1348	NC_002945.4	NODE_91_length_1348_cov_39.428337	100.0		True
CONTIG	NODE_91_length_1348_cov_39.428337	1348	correct
890952	892291	1340	1	NC_002945.4	NODE_92_length_1340_cov_92.324815	100.0		True
CONTIG	NODE_92_length_1340_cov_92.324815	1340	correct
3339137	3340461	1325	1	NC_002945.4	NODE_93_length_1325_cov_43.986644	100.0		True
CONTIG	NODE_93_length_1325_cov_43.986644	1325	correct
3835659	3836979	1	1321	NC_002945.4	NODE_94_length_1321_cov_108.909548	99.77		True
CONTIG	NODE_94_length_1321_cov_108.909548	1321	correct
2288581	2289835	1255	1	NC_002945.4	NODE_95_length_1255_cov_49.923759	100.0		True
CONTIG	NODE_95_length_1255_cov_49.923759	1255	correct
2287521	2288707	1187	1	NC_002945.4	NODE_96_length_1187_cov_35.558491	100.0		True
CONTIG	NODE_96_length_1187_cov_35.558491	1187	correct
839669	840813	1	1145	NC_002945.4	NODE_97_length_1145_cov_21.586444	100.0		True
CONTIG	NODE_97_length_1145_cov_21.586444	1145	correct
2283619	2284746	1128	1	NC_002945.4	NODE_98_length_1128_cov_91.653347	99.91		True
CONTIG	NODE_98_length_1128_cov_91.653347	1128	correct
1340970	1342059	1090	1	NC_002945.4	NODE_99_length_1090_cov_39.608515	99.91		True
CONTIG	NODE_99_length_1090_cov_39.608515	1090	correct
3711277	3712306	1030	1	NC_002945.4	NODE_100_length_1030_cov_108.807309	100.0		True
CONTIG	NODE_100_length_1030_cov_108.807309	1030	correct
1165044	1166025	1	982	NC_002945.4	NODE_101_length_982_cov_102.375439	99.9		True
CONTIG	NODE_101_length_982_cov_102.375439	982	correct
335745	336359	162	776	NC_002945.4	NODE_102_length_917_cov_7.351899	99.51		True
indel: indel (> 5bp)
336405	336545	777	917	NC_002945.4	NODE_102_length_917_cov_7.351899	100.0		True
CONTIG	NODE_102_length_917_cov_7.351899	917	correct
2800228	2801136	1	909	NC_002945.4	NODE_103_length_909_cov_336.008951	100.0		True
CONTIG	NODE_103_length_909_cov_336.008951	909	correct
3341521	3342410	890	1	NC_002945.4	NODE_104_length_890_cov_34.480996	100.0		True
CONTIG	NODE_104_length_890_cov_34.480996	890	correct
CONTIG	NODE_105_length_865_cov_0.590786	865	unaligned
2191968	2192811	844	1	NC_002945.4	NODE_106_length_844_cov_100.933054	100.0		True
CONTIG	NODE_106_length_844_cov_100.933054	844	correct
909382	910176	795	1	NC_002945.4	NODE_107_length_795_cov_109.062874	100.0		True
CONTIG	NODE_107_length_795_cov_109.062874	795	correct
2693295	2694038	1	744	NC_002945.4	NODE_108_length_744_cov_91.259319	100.0		True
CONTIG	NODE_108_length_744_cov_91.259319	744	correct
3884045	3884786	724	1	NC_002945.4	NODE_109_length_724_cov_16.944724	97.44		True
CONTIG	NODE_109_length_724_cov_16.944724	724	correct
1985764	1986450	687	1	NC_002945.4	NODE_110_length_687_cov_4.507143	100.0		True
CONTIG	NODE_110_length_687_cov_4.507143	687	correct
2773460	2774131	672	1	NC_002945.4	NODE_111_length_672_cov_4.895413	100.0		True
CONTIG	NODE_111_length_672_cov_4.895413	672	correct
3340552	3341186	635	1	NC_002945.4	NODE_112_length_635_cov_38.659449	100.0		True
CONTIG	NODE_112_length_635_cov_38.659449	635	correct
1342064	1342697	1	634	NC_002945.4	NODE_113_length_634_cov_64.737673	100.0		True
CONTIG	NODE_113_length_634_cov_64.737673	634	correct
3338676	3339263	588	1	NC_002945.4	NODE_114_length_588_cov_68.015184	100.0		True
CONTIG	NODE_114_length_588_cov_68.015184	588	correct
3759032	3759275	408	165	NC_002945.4	NODE_115_length_555_cov_0.789720	99.18		True
CONTIG	NODE_115_length_555_cov_0.789720	555	correct
2932480	2932879	400	1	NC_002945.4	NODE_116_length_544_cov_2.376499	100.0		True
CONTIG	NODE_116_length_544_cov_2.376499	544	correct
841530	841990	524	64	NC_002945.4	NODE_117_length_524_cov_2.387909	100.0		True
CONTIG	NODE_117_length_524_cov_2.387909	524	correct
CONTIG	NODE_118_length_506_cov_0.514512	506	unaligned
3979662	3980057	108	503	NC_002945.4	NODE_119_length_503_cov_2.779255	100.0		True
CONTIG	NODE_119_length_503_cov_2.779255	503	correct
