S1	E1	S2	E2	Reference	Contig	IDY	Ambiguous	Best_group
3445573	3673271	227591	1	NC_002945.4	NODE_1_length_227591_cov_42.206415	99.93		True
CONTIG	NODE_1_length_227591_cov_42.206415	227591	correct
2453700	2665695	122	212175	NC_002945.4	NODE_2_length_212189_cov_40.213546	99.96		True
CONTIG	NODE_2_length_212189_cov_40.213546	212189	correct
402605	607788	1	204916	NC_002945.4	NODE_3_length_204916_cov_41.105079	99.86		True
CONTIG	NODE_3_length_204916_cov_41.105079	204916	correct
2957039	3124611	166884	1	NC_002945.4	NODE_4_length_166884_cov_40.671348	99.45		True
CONTIG	NODE_4_length_166884_cov_40.671348	166884	correct
676435	824045	1	147612	NC_002945.4	NODE_5_length_161139_cov_41.503230	99.99		True
local misassembly
824601	838127	147613	161139	NC_002945.4	NODE_5_length_161139_cov_41.503230	99.98		True
CONTIG	NODE_5_length_161139_cov_41.503230	161139	correct
150127	306653	156531	32	NC_002945.4	NODE_6_length_156531_cov_41.214771	99.97		True
CONTIG	NODE_6_length_156531_cov_41.214771	156531	correct
3297603	3338802	41251	1	NC_002945.4	NODE_7_length_145089_cov_41.622336	99.96		True
local misassembly
3193724	3297520	145089	41452	NC_002945.4	NODE_7_length_145089_cov_41.622336	99.73		True
CONTIG	NODE_7_length_145089_cov_41.622336	145089	correct
30083	103918	73849	1	NC_002945.4	NODE_8_length_142811_cov_41.983859	99.96		True
local misassembly
1	29469	103319	73851	NC_002945.4	NODE_8_length_142811_cov_41.983859	99.99		True
fake: not a misassembly [linear representation of circular genome]
4310412	4349904	142811	103320	NC_002945.4	NODE_8_length_142811_cov_41.983859	99.99		True
CONTIG	NODE_8_length_142811_cov_41.983859	142811	correct
1491459	1491835	195	571	NC_002945.4	NODE_9_length_131591_cov_41.489069	100.0		True
local misassembly
1491995	1573228	572	81805	NC_002945.4	NODE_9_length_131591_cov_41.489069	99.93		True
local misassembly
1574042	1623827	81806	131591	NC_002945.4	NODE_9_length_131591_cov_41.489069	99.98		True
CONTIG	NODE_9_length_131591_cov_41.489069	131591	correct
1638923	1769053	13	130142	NC_002945.4	NODE_10_length_130234_cov_42.919766	99.99		True
CONTIG	NODE_10_length_130234_cov_42.919766	130234	correct
674441	676229	1789	1	NC_002945.4	NODE_11_length_121244_cov_42.045683	100.0		True
relocation, inconsistency = -416663
1010930	1091060	81966	1833	NC_002945.4	NODE_11_length_121244_cov_42.045683	99.99		True
relocation, inconsistency = 1457
970194	1009472	121244	81967	NC_002945.4	NODE_11_length_121244_cov_42.045683	99.98		True
CONTIG	NODE_11_length_121244_cov_42.045683	121244	misassembled
1869410	1985610	1	115735	NC_002945.4	NODE_12_length_115735_cov_40.742241	99.58		True
CONTIG	NODE_12_length_115735_cov_40.742241	115735	correct
3343594	3442410	98885	1	NC_002945.4	NODE_13_length_98885_cov_42.519036	99.92		True
CONTIG	NODE_13_length_98885_cov_42.519036	98885	correct
4097330	4193715	1	96386	NC_002945.4	NODE_14_length_96386_cov_42.182695	99.99		True
CONTIG	NODE_14_length_96386_cov_42.182695	96386	correct
2083596	2140720	57241	117	NC_002945.4	NODE_15_length_84040_cov_39.711618	99.99		True
local misassembly
2057117	2083604	83867	57380	NC_002945.4	NODE_15_length_84040_cov_39.711618	99.98		True
CONTIG	NODE_15_length_84040_cov_39.711618	84040	correct
3897145	3980015	1	82862	NC_002945.4	NODE_16_length_82903_cov_42.064330	99.98		True
CONTIG	NODE_16_length_82903_cov_42.064330	82903	correct
2372625	2408975	36293	1	NC_002945.4	NODE_17_length_81681_cov_38.400716	99.83		True
local misassembly
2344028	2372129	64395	36294	NC_002945.4	NODE_17_length_81681_cov_38.400716	99.99		True
relocation, inconsistency = 1387970
3760100	3777383	64396	81681	NC_002945.4	NODE_17_length_81681_cov_38.400716	99.97		True
CONTIG	NODE_17_length_81681_cov_38.400716	81681	misassembled
2693912	2773119	79412	206	NC_002945.4	NODE_18_length_79412_cov_39.524589	99.99		True
CONTIG	NODE_18_length_79412_cov_39.524589	79412	correct
1779460	1853482	74211	189	NC_002945.4	NODE_19_length_74211_cov_41.534434	99.99		True
CONTIG	NODE_19_length_74211_cov_41.534434	74211	correct
1094890	1165170	1	70270	NC_002945.4	NODE_20_length_70270_cov_40.892078	99.96		True
CONTIG	NODE_20_length_70270_cov_40.892078	70270	correct
3124686	3193758	68995	1	NC_002945.4	NODE_21_length_69324_cov_40.582424	99.87		True
CONTIG	NODE_21_length_69324_cov_40.582424	69324	correct
4194926	4259153	1	64228	NC_002945.4	NODE_22_length_64228_cov_43.690722	99.99		True
CONTIG	NODE_22_length_64228_cov_43.690722	64228	correct
2852105	2916189	64084	1	NC_002945.4	NODE_23_length_64084_cov_39.510734	99.98		True
CONTIG	NODE_23_length_64084_cov_39.510734	64084	correct
4035878	4097346	23	61490	NC_002945.4	NODE_24_length_61490_cov_39.321855	99.99		True
CONTIG	NODE_24_length_61490_cov_39.321855	61490	correct
1280097	1340762	1	60728	NC_002945.4	NODE_25_length_60728_cov_42.900827	99.89		True
CONTIG	NODE_25_length_60728_cov_42.900827	60728	correct
3777400	3835785	1	58318	NC_002945.4	NODE_26_length_58318_cov_42.621453	99.87		True
CONTIG	NODE_26_length_58318_cov_42.621453	58318	correct
1221417	1278412	1	56996	NC_002945.4	NODE_27_length_56996_cov_41.677381	99.99		True
CONTIG	NODE_27_length_56996_cov_41.677381	56996	correct
1413935	1470724	1	56733	NC_002945.4	NODE_28_length_56733_cov_42.785659	99.89		True
CONTIG	NODE_28_length_56733_cov_42.785659	56733	correct
2801012	2852028	1	51017	NC_002945.4	NODE_29_length_51017_cov_41.121203	99.99		True
CONTIG	NODE_29_length_51017_cov_41.121203	51017	correct
4000854	4035706	34858	6	NC_002945.4	NODE_30_length_50926_cov_41.671450	99.98		True
local misassembly
3984793	4000742	50797	34859	NC_002945.4	NODE_30_length_50926_cov_41.671450	99.93		True
CONTIG	NODE_30_length_50926_cov_41.671450	50926	correct
842724	891078	1	48355	NC_002945.4	NODE_31_length_48355_cov_40.841607	99.99		True
CONTIG	NODE_31_length_48355_cov_40.841607	48355	correct
625617	673271	47729	75	NC_002945.4	NODE_32_length_47835_cov_40.341368	99.99		True
CONTIG	NODE_32_length_47835_cov_40.341368	47835	correct
2326988	2343565	16578	1	NC_002945.4	NODE_33_length_46320_cov_38.967224	99.98		True
relocation, inconsistency = 2596
2294650	2324391	46320	16579	NC_002945.4	NODE_33_length_46320_cov_38.967224	99.99		True
CONTIG	NODE_33_length_46320_cov_38.967224	46320	misassembled
1997160	2041052	1	43893	NC_002945.4	NODE_34_length_43897_cov_39.551245	99.97		True
CONTIG	NODE_34_length_43897_cov_39.551245	43897	correct
3836888	3878188	1	41293	NC_002945.4	NODE_35_length_43677_cov_39.651297	99.91		True
relocation, inconsistency = -2949817
928372	928975	41294	41906	NC_002945.4	NODE_35_length_43677_cov_39.651297	98.61		True
local misassembly
928970	930437	42045	43512	NC_002945.4	NODE_35_length_43677_cov_39.651297	100.0		True
CONTIG	NODE_35_length_43677_cov_39.651297	43677	misassembled
1343879	1386552	1	42679	NC_002945.4	NODE_36_length_42679_cov_39.186736	99.99		True
CONTIG	NODE_36_length_42679_cov_39.186736	42679	correct
1853877	1869346	15609	140	NC_002945.4	NODE_37_length_41033_cov_31.807437	99.96		True
relocation, inconsistency = -1845923
3674358	3699799	41033	15610	NC_002945.4	NODE_37_length_41033_cov_31.807437	99.93		True
CONTIG	NODE_37_length_41033_cov_31.807437	41033	misassembled
930759	970127	39489	1	NC_002945.4	NODE_38_length_39590_cov_41.086866	99.68		True
CONTIG	NODE_38_length_39590_cov_41.086866	39590	correct
2246080	2283745	37668	1	NC_002945.4	NODE_39_length_37795_cov_43.450462	99.95		True
CONTIG	NODE_39_length_37795_cov_43.450462	37795	correct
363939	401308	14	37383	NC_002945.4	NODE_40_length_37383_cov_39.581490	99.99		True
CONTIG	NODE_40_length_37383_cov_39.581490	37383	correct
2210167	2246077	390	36300	NC_002945.4	NODE_41_length_36300_cov_44.378404	100.0		True
CONTIG	NODE_41_length_36300_cov_44.378404	36300	correct
3737665	3758806	21319	178	NC_002945.4	NODE_42_length_33928_cov_40.825242	100.0		True
local misassembly
3724846	3737454	33928	21320	NC_002945.4	NODE_42_length_33928_cov_40.825242	99.98		True
CONTIG	NODE_42_length_33928_cov_40.825242	33928	correct
2161798	2192094	1	30298	NC_002945.4	NODE_43_length_30298_cov_40.770508	99.99		True
CONTIG	NODE_43_length_30298_cov_40.770508	30298	correct
2423267	2453624	30244	1	NC_002945.4	NODE_44_length_30244_cov_40.729090	99.61		True
CONTIG	NODE_44_length_30244_cov_40.729090	30244	correct
105040	132035	27316	321	NC_002945.4	NODE_45_length_27316_cov_41.156681	99.97		True
CONTIG	NODE_45_length_27316_cov_41.156681	27316	correct
2666107	2693421	27314	1	NC_002945.4	NODE_46_length_27314_cov_39.974252	99.98		True
CONTIG	NODE_46_length_27314_cov_39.974252	27314	correct
307087	333298	1	26107	NC_002945.4	NODE_47_length_26397_cov_40.187819	99.59		True
indel: stretch of mismatches
333299	333426	26108	26235	NC_002945.4	NODE_47_length_26397_cov_40.187819	99.76		True
CONTIG	NODE_47_length_26397_cov_40.187819	26397	correct
1386934	1412955	87	26108	NC_002945.4	NODE_48_length_26108_cov_39.401986	99.98		True
CONTIG	NODE_48_length_26108_cov_39.401986	26108	correct
338173	363842	25591	9	NC_002945.4	NODE_49_length_25714_cov_36.014343	99.61		True
CONTIG	NODE_49_length_25714_cov_36.014343	25714	correct
4259930	4281673	21742	1	NC_002945.4	NODE_50_length_21742_cov_41.688550	99.98		True
CONTIG	NODE_50_length_21742_cov_41.688550	21742	correct
2140836	2158516	43	17723	NC_002945.4	NODE_51_length_20358_cov_41.341456	99.96		True
local misassembly
2158655	2158913	17724	17982	NC_002945.4	NODE_51_length_20358_cov_41.341456	100.0		True
fake: scaffold gap size wrong estimation (local)
2158914	2160444	18014	19544	NC_002945.4	NODE_51_length_20358_cov_41.341456	95.49		True
CONTIG	NODE_51_length_20358_cov_41.341456	20358	correct
1490961	1491383	423	1	NC_002945.4	NODE_52_length_19237_cov_45.059027	100.0		True
local misassembly
1471935	1490747	19237	424	NC_002945.4	NODE_52_length_19237_cov_45.059027	99.98		True
CONTIG	NODE_52_length_19237_cov_45.059027	19237	correct
1170557	1189463	18915	9	NC_002945.4	NODE_53_length_18915_cov_45.473813	99.87		True
CONTIG	NODE_53_length_18915_cov_45.473813	18915	correct
2192685	2209982	1	17298	NC_002945.4	NODE_54_length_17448_cov_43.269095	99.99		True
CONTIG	NODE_54_length_17448_cov_43.269095	17448	correct
132140	149549	6	17415	NC_002945.4	NODE_55_length_17415_cov_44.536210	99.94		True
CONTIG	NODE_55_length_17415_cov_44.536210	17415	correct
892165	909508	1	17344	NC_002945.4	NODE_56_length_17344_cov_42.124935	99.99		True
CONTIG	NODE_56_length_17344_cov_42.124935	17344	correct
2776926	2793845	16920	1	NC_002945.4	NODE_57_length_16920_cov_45.214613	100.0		True
CONTIG	NODE_57_length_16920_cov_45.214613	16920	correct
910050	926204	16155	1	NC_002945.4	NODE_58_length_16155_cov_43.415024	99.99		True
CONTIG	NODE_58_length_16155_cov_43.415024	16155	correct
2916851	2932878	16028	1	NC_002945.4	NODE_59_length_16028_cov_43.994088	99.97		True
CONTIG	NODE_59_length_16028_cov_43.994088	16028	correct
2041059	2056695	103	15739	NC_002945.4	NODE_60_length_15861_cov_39.518177	99.95		True
CONTIG	NODE_60_length_15861_cov_39.518177	15861	correct
609085	624364	1	15280	NC_002945.4	NODE_61_length_15364_cov_39.614819	99.99		True
CONTIG	NODE_61_length_15364_cov_39.614819	15364	correct
1190378	1204735	1	14358	NC_002945.4	NODE_62_length_14358_cov_36.814560	99.97		True
CONTIG	NODE_62_length_14358_cov_36.814560	14358	correct
2409025	2422776	13752	1	NC_002945.4	NODE_63_length_13861_cov_37.767730	99.93		True
CONTIG	NODE_63_length_13861_cov_37.767730	13861	correct
3712180	3724845	12676	11	NC_002945.4	NODE_64_length_12676_cov_29.822456	99.96		True
CONTIG	NODE_64_length_12676_cov_29.822456	12676	correct
2944619	2957076	12458	1	NC_002945.4	NODE_65_length_12458_cov_39.959208	99.98		True
CONTIG	NODE_65_length_12458_cov_39.959208	12458	correct
4281674	4293929	1	12256	NC_002945.4	NODE_66_length_12256_cov_42.497485	99.99		True
CONTIG	NODE_66_length_12256_cov_42.497485	12256	correct
3700296	3711403	11108	1	NC_002945.4	NODE_67_length_11108_cov_28.814680	100.0		True
CONTIG	NODE_67_length_11108_cov_28.814680	11108	correct
3882606	3882693	1	88	NC_002945.4	NODE_68_length_10634_cov_17.061197	100.0		True
local misassembly
3881983	3882155	89	261	NC_002945.4	NODE_68_length_10634_cov_17.061197	100.0		True
local misassembly
3882139	3884027	413	2349	NC_002945.4	NODE_68_length_10634_cov_17.061197	97.69		True
local misassembly
3884643	3890278	2350	7994	NC_002945.4	NODE_68_length_10634_cov_17.061197	99.79		True
local misassembly
3890969	3893483	7995	10509	NC_002945.4	NODE_68_length_10634_cov_17.061197	99.86		True
CONTIG	NODE_68_length_10634_cov_17.061197	10634	correct
2933824	2943963	1	10140	NC_002945.4	NODE_69_length_10140_cov_38.874064	99.99		True
CONTIG	NODE_69_length_10140_cov_38.874064	10140	correct
1204834	1213474	93	8733	NC_002945.4	NODE_70_length_8824_cov_38.711280	99.98		True
CONTIG	NODE_70_length_8824_cov_38.711280	8824	correct
1623844	1631622	1	7779	NC_002945.4	NODE_71_length_7779_cov_41.079718	99.97		True
CONTIG	NODE_71_length_7779_cov_41.079718	7779	correct
4301846	4309402	7557	1	NC_002945.4	NODE_72_length_7557_cov_40.284522	99.99		True
CONTIG	NODE_72_length_7557_cov_40.284522	7557	correct
4294608	4301858	1	7251	NC_002945.4	NODE_73_length_7251_cov_36.605839	99.99		True
CONTIG	NODE_73_length_7251_cov_36.605839	7251	correct
2793840	2799828	1	5989	NC_002945.4	NODE_74_length_5989_cov_39.734220	99.98		True
CONTIG	NODE_74_length_5989_cov_39.734220	5989	correct
1987160	1992127	161	5130	NC_002945.4	NODE_75_length_5130_cov_41.481711	99.94		True
CONTIG	NODE_75_length_5130_cov_41.481711	5130	correct
1214750	1218548	3768	1	NC_002945.4	NODE_76_length_4592_cov_29.270549	98.9		True
local misassembly
1214070	1214774	4592	3888	NC_002945.4	NODE_76_length_4592_cov_29.270549	99.57		True
CONTIG	NODE_76_length_4592_cov_29.270549	4592	correct
3980116	3984629	5	4518	NC_002945.4	NODE_77_length_4518_cov_35.124573	100.0		True
CONTIG	NODE_77_length_4518_cov_35.124573	4518	correct
1165899	1169900	4002	1	NC_002945.4	NODE_78_length_4002_cov_40.460129	99.98		True
CONTIG	NODE_78_length_4002_cov_40.460129	4002	correct
2284620	2287647	3028	1	NC_002945.4	NODE_79_length_3028_cov_29.248880	99.77		True
CONTIG	NODE_79_length_3028_cov_29.248880	3028	correct
2290710	2293716	3007	1	NC_002945.4	NODE_80_length_3007_cov_31.356250	100.0		True
CONTIG	NODE_80_length_3007_cov_31.356250	3007	correct
1635657	1638240	1	2533	NC_002945.4	NODE_81_length_2921_cov_23.384037	98.03		True
local misassembly
1638385	1638772	2534	2921	NC_002945.4	NODE_81_length_2921_cov_23.384037	99.5		True
CONTIG	NODE_81_length_2921_cov_23.384037	2921	correct
1993335	1995939	1	2605	NC_002945.4	NODE_82_length_2917_cov_41.627957	100.0		True
CONTIG	NODE_82_length_2917_cov_41.627957	2917	correct
1092433	1094668	1	2236	NC_002945.4	NODE_83_length_2236_cov_26.880038	100.0		True
CONTIG	NODE_83_length_2236_cov_26.880038	2236	correct
3878242	3880465	2224	1	NC_002945.4	NODE_84_length_2231_cov_5.519487	100.0		True
CONTIG	NODE_84_length_2231_cov_5.519487	2231	correct
1219768	1221416	1	1649	NC_002945.4	NODE_85_length_1649_cov_24.863176	100.0		True
CONTIG	NODE_85_length_1649_cov_24.863176	1649	correct
1631541	1633158	2	1562	NC_002945.4	NODE_86_length_1562_cov_7.699652	95.92		True
CONTIG	NODE_86_length_1562_cov_7.699652	1562	correct
607662	609211	1	1550	NC_002945.4	NODE_87_length_1550_cov_67.369642	100.0		True
CONTIG	NODE_87_length_1550_cov_67.369642	1550	correct
201398	201511	114	1	NC_002945.4	NODE_88_length_1510_cov_5.963124	100.0		True
relocation, inconsistency = -2574186
2774188	2775583	1510	115	NC_002945.4	NODE_88_length_1510_cov_5.963124	100.0		True
CONTIG	NODE_88_length_1510_cov_5.963124	1510	misassembled
4193589	4195052	1	1464	NC_002945.4	NODE_89_length_1464_cov_90.425580	100.0		True
CONTIG	NODE_89_length_1464_cov_90.425580	1464	correct
3443593	3445031	1439	1	NC_002945.4	NODE_90_length_1439_cov_49.503811	100.0		True
CONTIG	NODE_90_length_1439_cov_49.503811	1439	correct
336693	338016	97	1420	NC_002945.4	NODE_91_length_1420_cov_16.607115	99.77		True
CONTIG	NODE_91_length_1420_cov_16.607115	1420	correct
334077	335466	1390	1	NC_002945.4	NODE_92_length_1390_cov_14.289786	99.78		True
CONTIG	NODE_92_length_1390_cov_14.289786	1390	correct
2324567	2325842	1276	1	NC_002945.4	NODE_93_length_1363_cov_32.083333	100.0		True
CONTIG	NODE_93_length_1363_cov_32.083333	1363	correct
890952	892291	1340	1	NC_002945.4	NODE_94_length_1340_cov_83.392415	100.0		True
CONTIG	NODE_94_length_1340_cov_83.392415	1340	correct
3339137	3340461	1325	1	NC_002945.4	NODE_95_length_1325_cov_38.254591	100.0		True
CONTIG	NODE_95_length_1325_cov_38.254591	1325	correct
3835659	3836979	1	1321	NC_002945.4	NODE_96_length_1321_cov_90.308208	99.7		True
CONTIG	NODE_96_length_1321_cov_90.308208	1321	correct
2288581	2289835	1255	1	NC_002945.4	NODE_97_length_1255_cov_44.511525	100.0		True
CONTIG	NODE_97_length_1255_cov_44.511525	1255	correct
1996119	1997024	1	906	NC_002945.4	NODE_98_length_1196_cov_2.236670	99.89		True
CONTIG	NODE_98_length_1196_cov_2.236670	1196	correct
2293590	2294776	1187	1	NC_002945.4	NODE_99_length_1187_cov_26.263208	98.82		True
CONTIG	NODE_99_length_1187_cov_26.263208	1187	correct
839650	840822	1	1173	NC_002945.4	NODE_100_length_1173_cov_15.161568	100.0		True
CONTIG	NODE_100_length_1173_cov_15.161568	1173	correct
2283619	2284746	1128	1	NC_002945.4	NODE_101_length_1128_cov_80.458541	99.91		True
CONTIG	NODE_101_length_1128_cov_80.458541	1128	correct
1340970	1342059	1	1090	NC_002945.4	NODE_102_length_1090_cov_29.841121	99.91		True
CONTIG	NODE_102_length_1090_cov_29.841121	1090	correct
3711277	3712306	1030	1	NC_002945.4	NODE_103_length_1030_cov_89.032115	100.0		True
CONTIG	NODE_103_length_1030_cov_89.032115	1030	correct
1165044	1166025	982	1	NC_002945.4	NODE_104_length_982_cov_81.171930	100.0		True
CONTIG	NODE_104_length_982_cov_81.171930	982	correct
336153	336288	1	136	NC_002945.4	NODE_105_length_971_cov_5.431280	96.53		True
inversion
335588	336422	971	137	NC_002945.4	NODE_105_length_971_cov_5.431280	100.0		True
CONTIG	NODE_105_length_971_cov_5.431280	971	misassembled
4309413	4310370	958	1	NC_002945.4	NODE_106_length_968_cov_22.084423	100.0		True
CONTIG	NODE_106_length_968_cov_22.084423	968	correct
CONTIG	NODE_107_length_962_cov_1.317365	962	unaligned
3442285	3443193	909	1	NC_002945.4	NODE_108_length_909_cov_260.881074	100.0		True
CONTIG	NODE_108_length_909_cov_260.881074	909	correct
3341521	3342410	890	1	NC_002945.4	NODE_109_length_890_cov_32.102228	100.0		True
CONTIG	NODE_109_length_890_cov_32.102228	890	correct
1278286	1279129	844	1	NC_002945.4	NODE_110_length_844_cov_80.382148	100.0		True
CONTIG	NODE_110_length_844_cov_80.382148	844	correct
3894591	3895428	1	838	NC_002945.4	NODE_111_length_838_cov_42.381153	99.52		True
CONTIG	NODE_111_length_838_cov_42.381153	838	correct
673511	674071	82	642	NC_002945.4	NODE_112_length_835_cov_3.617232	99.47		True
CONTIG	NODE_112_length_835_cov_3.617232	835	correct
CONTIG	NODE_113_length_808_cov_0.675477	808	unaligned
3444905	3445699	795	1	NC_002945.4	NODE_114_length_795_cov_93.898204	100.0		True
CONTIG	NODE_114_length_795_cov_93.898204	795	correct
2422650	2423393	744	1	NC_002945.4	NODE_115_length_744_cov_78.374392	100.0		True
CONTIG	NODE_115_length_744_cov_78.374392	744	correct
1985788	1986508	721	1	NC_002945.4	NODE_116_length_722_cov_3.400000	100.0		True
CONTIG	NODE_116_length_722_cov_3.400000	722	correct
CONTIG	NODE_117_length_667_cov_0.779630	667	unaligned
3340552	3341186	1	635	NC_002945.4	NODE_118_length_635_cov_30.338583	100.0		True
CONTIG	NODE_118_length_635_cov_30.338583	635	correct
1342064	1342697	1	634	NC_002945.4	NODE_119_length_634_cov_46.514793	100.0		True
CONTIG	NODE_119_length_634_cov_46.514793	634	correct
CONTIG	NODE_120_length_609_cov_0.684647	609	unaligned
3341060	3341647	588	1	NC_002945.4	NODE_121_length_588_cov_61.824295	100.0		True
CONTIG	NODE_121_length_588_cov_61.824295	588	correct
1091261	1091685	469	45	NC_002945.4	NODE_122_length_578_cov_1.376940	100.0		True
relocation, inconsistency = 1824768
2916454	2916562	470	578	NC_002945.4	NODE_122_length_578_cov_1.376940	100.0		True
CONTIG	NODE_122_length_578_cov_1.376940	578	misassembled
3880518	3881088	571	1	NC_002945.4	NODE_123_length_571_cov_25.069820	100.0		True
CONTIG	NODE_123_length_571_cov_25.069820	571	correct
CONTIG	NODE_124_length_553_cov_1.136150	553	unaligned
927090	927444	25	379	NC_002945.4	NODE_125_length_540_cov_1.832930	100.0		True
CONTIG	NODE_125_length_540_cov_1.832930	540	correct
1189637	1189860	90	313	NC_002945.4	NODE_126_length_533_cov_2.266010	99.55		True
local misassembly
1190092	1190294	314	516	NC_002945.4	NODE_126_length_533_cov_2.266010	98.1		True
CONTIG	NODE_126_length_533_cov_2.266010	533	correct
2773623	2774133	1	511	NC_002945.4	NODE_127_length_511_cov_3.145833	100.0		True
CONTIG	NODE_127_length_511_cov_3.145833	511	correct
