S1	E1	S2	E2	Reference	Contig	IDY	Ambiguous	Best_group
150148	306626	1	156452	NC_002945.4	NODE_1_length_182753_cov_39.067772	99.97		True
local misassembly
307038	333399	156463	182719	NC_002945.4	NODE_1_length_182753_cov_39.067772	99.57		True
CONTIG	NODE_1_length_182753_cov_39.067772	182753	correct
402605	581801	1	179082	NC_002945.4	NODE_2_length_179082_cov_38.613741	99.92		True
CONTIG	NODE_2_length_179082_cov_38.613741	179082	correct
3510801	3673271	127	162486	NC_002945.4	NODE_3_length_162486_cov_39.676236	99.92		True
CONTIG	NODE_3_length_162486_cov_39.676236	162486	correct
676694	824045	214	147566	NC_002945.4	NODE_4_length_161166_cov_39.115345	99.99		True
local misassembly
824601	838037	147567	161003	NC_002945.4	NODE_4_length_161166_cov_39.115345	99.98		True
CONTIG	NODE_4_length_161166_cov_39.115345	161166	correct
2453616	2609264	1	155653	NC_002945.4	NODE_5_length_155653_cov_39.032991	99.99		True
CONTIG	NODE_5_length_155653_cov_39.032991	155653	correct
4309519	4349904	193	40577	NC_002945.4	NODE_6_length_143896_cov_39.841969	99.97		True
fake: not a misassembly [linear representation of circular genome]
1	29469	40578	70046	NC_002945.4	NODE_6_length_143896_cov_39.841969	99.99		True
local misassembly
30083	103918	70048	143896	NC_002945.4	NODE_6_length_143896_cov_39.841969	99.96		True
CONTIG	NODE_6_length_143896_cov_39.841969	143896	correct
3015841	3081542	65800	1	NC_002945.4	NODE_7_length_136396_cov_38.589415	99.83		True
local misassembly
2944619	3015369	136396	65801	NC_002945.4	NODE_7_length_136396_cov_38.589415	99.77		True
CONTIG	NODE_7_length_136396_cov_38.589415	136396	correct
1638919	1769053	243	130375	NC_002945.4	NODE_8_length_130467_cov_40.920677	99.99		True
CONTIG	NODE_8_length_130467_cov_40.920677	130467	correct
3297521	3338802	41451	1	NC_002945.4	NODE_9_length_119836_cov_38.668964	99.81		True
indel: stretch of mismatches
3219416	3297520	119613	41452	NC_002945.4	NODE_9_length_119836_cov_38.668964	99.92		True
CONTIG	NODE_9_length_119836_cov_38.668964	119836	correct
970291	1009472	1	39181	NC_002945.4	NODE_10_length_119787_cov_39.638442	99.98		True
relocation, inconsistency = 1457
1010930	1091532	39182	119787	NC_002945.4	NODE_10_length_119787_cov_39.638442	99.99		True
CONTIG	NODE_10_length_119787_cov_39.638442	119787	misassembled
1869454	1985484	115741	177	NC_002945.4	NODE_11_length_115963_cov_38.510109	99.58		True
CONTIG	NODE_11_length_115963_cov_38.510109	115963	correct
3082645	3124556	1	41178	NC_002945.4	NODE_12_length_110279_cov_39.272605	98.18		True
local misassembly
3124716	3193870	41179	110279	NC_002945.4	NODE_12_length_110279_cov_39.272605	99.91		True
CONTIG	NODE_12_length_110279_cov_39.272605	110279	correct
4035906	4141988	105969	1	NC_002945.4	NODE_13_length_105980_cov_38.210575	99.88		True
CONTIG	NODE_13_length_105980_cov_38.210575	105980	correct
3343594	3442410	1	98885	NC_002945.4	NODE_14_length_98885_cov_39.778013	99.92		True
CONTIG	NODE_14_length_98885_cov_39.778013	98885	correct
2083596	2140722	57127	1	NC_002945.4	NODE_15_length_83982_cov_39.498229	99.99		True
local misassembly
2056938	2083604	83932	57266	NC_002945.4	NODE_15_length_83982_cov_39.498229	99.95		True
CONTIG	NODE_15_length_83982_cov_39.498229	83982	correct
3897145	3979277	1	82124	NC_002945.4	NODE_16_length_82586_cov_39.077432	99.98		True
CONTIG	NODE_16_length_82586_cov_39.077432	82586	correct
1492260	1573395	1	81136	NC_002945.4	NODE_17_length_81136_cov_40.292091	99.92		True
CONTIG	NODE_17_length_81136_cov_40.292091	81136	correct
2852116	2932253	1	80137	NC_002945.4	NODE_18_length_80458_cov_38.463146	99.98		True
CONTIG	NODE_18_length_80458_cov_38.463146	80458	correct
1779460	1853522	74078	16	NC_002945.4	NODE_19_length_74078_cov_38.450907	99.99		True
CONTIG	NODE_19_length_74078_cov_38.450907	74078	correct
2693912	2766851	72959	20	NC_002945.4	NODE_20_length_72959_cov_39.433628	99.98		True
CONTIG	NODE_20_length_72959_cov_39.433628	72959	correct
1096919	1165170	1	68241	NC_002945.4	NODE_21_length_68241_cov_38.349209	99.97		True
CONTIG	NODE_21_length_68241_cov_38.349209	68241	correct
3445573	3510803	65361	128	NC_002945.4	NODE_22_length_65361_cov_39.929147	99.97		True
CONTIG	NODE_22_length_65361_cov_39.929147	65361	correct
4194926	4259153	64228	1	NC_002945.4	NODE_23_length_64228_cov_40.895992	99.99		True
CONTIG	NODE_23_length_64228_cov_40.895992	64228	correct
1280097	1343223	63189	1	NC_002945.4	NODE_24_length_63189_cov_41.563652	99.89		True
CONTIG	NODE_24_length_63189_cov_41.563652	63189	correct
1996301	2056154	59977	124	NC_002945.4	NODE_25_length_60005_cov_38.278366	99.93		True
CONTIG	NODE_25_length_60005_cov_38.278366	60005	correct
1219669	1278412	89	58832	NC_002945.4	NODE_26_length_58832_cov_38.926310	99.99		True
CONTIG	NODE_26_length_58832_cov_38.926310	58832	correct
3777400	3835785	58318	1	NC_002945.4	NODE_27_length_58318_cov_39.744153	99.87		True
CONTIG	NODE_27_length_58318_cov_39.744153	58318	correct
2611787	2665697	1	53962	NC_002945.4	NODE_28_length_54461_cov_38.011135	99.88		True
CONTIG	NODE_28_length_54461_cov_38.011135	54461	correct
4141985	4193715	51731	1	NC_002945.4	NODE_29_length_51731_cov_40.064937	99.99		True
CONTIG	NODE_29_length_51731_cov_40.064937	51731	correct
2801012	2852054	1	51043	NC_002945.4	NODE_30_length_51043_cov_38.602286	99.99		True
CONTIG	NODE_30_length_51043_cov_38.602286	51043	correct
3984810	4000631	49	15870	NC_002945.4	NODE_31_length_50784_cov_39.334781	100.0		True
fake: scaffold gap size wrong estimation (local)
4000854	4035667	15971	50784	NC_002945.4	NODE_31_length_50784_cov_39.334781	99.98		True
CONTIG	NODE_31_length_50784_cov_39.334781	50784	correct
1574036	1623849	49872	107	NC_002945.4	NODE_32_length_49872_cov_36.914765	99.89		True
CONTIG	NODE_32_length_49872_cov_36.914765	49872	correct
842639	891078	192	48631	NC_002945.4	NODE_33_length_48631_cov_37.430954	99.99		True
CONTIG	NODE_33_length_48631_cov_37.430954	48631	correct
625200	672675	27	47502	NC_002945.4	NODE_34_length_47502_cov_37.607894	99.99		True
CONTIG	NODE_34_length_47502_cov_37.607894	47502	correct
1343879	1386378	1	42505	NC_002945.4	NODE_35_length_42623_cov_37.883848	99.99		True
CONTIG	NODE_35_length_42623_cov_37.883848	42623	correct
3836888	3878150	41270	16	NC_002945.4	NODE_36_length_41270_cov_38.708407	99.91		True
CONTIG	NODE_36_length_41270_cov_38.708407	41270	correct
930631	970082	39572	1	NC_002945.4	NODE_37_length_39572_cov_38.706199	99.67		True
CONTIG	NODE_37_length_39572_cov_38.706199	39572	correct
2246133	2283745	96	37710	NC_002945.4	NODE_38_length_37710_cov_41.849799	99.94		True
CONTIG	NODE_38_length_37710_cov_41.849799	37710	correct
363900	401308	1	37409	NC_002945.4	NODE_39_length_37409_cov_38.260877	99.99		True
CONTIG	NODE_39_length_37409_cov_38.260877	37409	correct
2372506	2408780	125	36341	NC_002945.4	NODE_40_length_36354_cov_35.775803	99.82		True
CONTIG	NODE_40_length_36354_cov_35.775803	36354	correct
2210167	2246081	36057	143	NC_002945.4	NODE_41_length_36301_cov_42.498314	99.99		True
CONTIG	NODE_41_length_36301_cov_42.498314	36301	correct
3724846	3737454	1	12609	NC_002945.4	NODE_42_length_33816_cov_39.051797	99.98		True
local misassembly
3737665	3758836	12610	33781	NC_002945.4	NODE_42_length_33816_cov_39.051797	99.99		True
CONTIG	NODE_42_length_33816_cov_39.051797	33816	correct
1413935	1447594	1	33660	NC_002945.4	NODE_43_length_33660_cov_39.753795	99.99		True
CONTIG	NODE_43_length_33660_cov_39.753795	33660	correct
2161798	2192094	1	30298	NC_002945.4	NODE_44_length_30298_cov_39.669119	99.99		True
CONTIG	NODE_44_length_30298_cov_39.669119	30298	correct
2423267	2453623	1	30243	NC_002945.4	NODE_45_length_30243_cov_38.943153	99.61		True
CONTIG	NODE_45_length_30243_cov_38.943153	30243	correct
2294650	2324490	29846	6	NC_002945.4	NODE_46_length_29846_cov_36.388842	99.99		True
CONTIG	NODE_46_length_29846_cov_36.388842	29846	correct
2343853	2372137	1	28285	NC_002945.4	NODE_47_length_28309_cov_37.386133	99.99		True
CONTIG	NODE_47_length_28309_cov_37.386133	28309	correct
105040	132168	1	27129	NC_002945.4	NODE_48_length_27414_cov_36.102356	99.97		True
CONTIG	NODE_48_length_27414_cov_36.102356	27414	correct
2666023	2693421	1	27398	NC_002945.4	NODE_49_length_27398_cov_37.978622	99.99		True
CONTIG	NODE_49_length_27398_cov_37.978622	27398	correct
1387076	1412955	219	26098	NC_002945.4	NODE_50_length_26098_cov_36.130607	99.98		True
CONTIG	NODE_50_length_26098_cov_36.130607	26098	correct
581820	607788	1	25969	NC_002945.4	NODE_51_length_25969_cov_38.889366	99.99		True
CONTIG	NODE_51_length_25969_cov_38.889366	25969	correct
3674358	3699897	1	25522	NC_002945.4	NODE_52_length_25573_cov_28.393657	99.9		True
CONTIG	NODE_52_length_25573_cov_28.393657	25573	correct
339503	363824	24335	14	NC_002945.4	NODE_53_length_24335_cov_34.835426	99.97		True
CONTIG	NODE_53_length_24335_cov_34.835426	24335	correct
1190378	1213474	1	23097	NC_002945.4	NODE_54_length_23181_cov_35.065976	99.96		True
CONTIG	NODE_54_length_23181_cov_35.065976	23181	correct
1447565	1470724	23103	1	NC_002945.4	NODE_55_length_23141_cov_42.625836	99.75		True
CONTIG	NODE_55_length_23141_cov_42.625836	23141	correct
2776913	2799828	22916	1	NC_002945.4	NODE_56_length_22916_cov_40.727544	100.0		True
CONTIG	NODE_56_length_22916_cov_40.727544	22916	correct
4259930	4281692	1	21761	NC_002945.4	NODE_57_length_21761_cov_40.024822	99.98		True
CONTIG	NODE_57_length_21761_cov_40.024822	21761	correct
1490961	1491270	316	7	NC_002945.4	NODE_58_length_19130_cov_43.201389	99.68		True
local misassembly
1471935	1490747	19130	317	NC_002945.4	NODE_58_length_19130_cov_43.201389	99.96		True
CONTIG	NODE_58_length_19130_cov_43.201389	19130	correct
1171083	1189860	1	18778	NC_002945.4	NODE_59_length_18967_cov_37.414225	99.99		True
CONTIG	NODE_59_length_18967_cov_37.414225	18967	correct
132180	149990	1	17811	NC_002945.4	NODE_60_length_17864_cov_41.425833	99.9		True
CONTIG	NODE_60_length_17864_cov_41.425833	17864	correct
2140805	2158365	1	17561	NC_002945.4	NODE_61_length_17561_cov_42.258059	99.97		True
CONTIG	NODE_61_length_17561_cov_42.258059	17561	correct
2326357	2343705	49	17397	NC_002945.4	NODE_62_length_17463_cov_35.318009	99.98		True
CONTIG	NODE_62_length_17463_cov_35.318009	17463	correct
2192685	2210012	1	17328	NC_002945.4	NODE_63_length_17388_cov_45.958751	99.99		True
CONTIG	NODE_63_length_17388_cov_45.958751	17388	correct
892165	909508	17344	1	NC_002945.4	NODE_64_length_17344_cov_40.055527	99.99		True
CONTIG	NODE_64_length_17344_cov_40.055527	17344	correct
3760407	3777383	16979	1	NC_002945.4	NODE_65_length_17068_cov_36.056195	99.96		True
CONTIG	NODE_65_length_17068_cov_36.056195	17068	correct
910050	926211	16207	46	NC_002945.4	NODE_66_length_16207_cov_43.565920	99.99		True
CONTIG	NODE_66_length_16207_cov_43.565920	16207	correct
3193780	3209295	1	15616	NC_002945.4	NODE_67_length_15616_cov_38.845955	100.0		True
CONTIG	NODE_67_length_15616_cov_38.845955	15616	correct
1854091	1869379	15289	1	NC_002945.4	NODE_68_length_15425_cov_28.240162	99.99		True
CONTIG	NODE_68_length_15425_cov_28.240162	15425	correct
609085	624454	15370	1	NC_002945.4	NODE_69_length_15370_cov_36.975792	99.99		True
CONTIG	NODE_69_length_15370_cov_36.975792	15370	correct
2409062	2422776	13715	1	NC_002945.4	NODE_70_length_13715_cov_38.478069	99.97		True
CONTIG	NODE_70_length_13715_cov_38.478069	13715	correct
3712180	3724872	12693	1	NC_002945.4	NODE_71_length_12693_cov_27.844581	99.93		True
CONTIG	NODE_71_length_12693_cov_27.844581	12693	correct
4281676	4293944	12269	1	NC_002945.4	NODE_72_length_12269_cov_38.663153	99.99		True
CONTIG	NODE_72_length_12269_cov_38.663153	12269	correct
3700302	3711403	11102	1	NC_002945.4	NODE_73_length_11102_cov_26.567380	99.97		True
CONTIG	NODE_73_length_11102_cov_26.567380	11102	correct
2933840	2943963	204	10327	NC_002945.4	NODE_74_length_10327_cov_38.324314	99.99		True
CONTIG	NODE_74_length_10327_cov_38.324314	10327	correct
3209302	3219339	10137	100	NC_002945.4	NODE_75_length_10137_cov_37.063736	100.0		True
CONTIG	NODE_75_length_10137_cov_37.063736	10137	correct
1623844	1633191	9450	160	NC_002945.4	NODE_76_length_9477_cov_32.379786	99.36		True
CONTIG	NODE_76_length_9477_cov_32.379786	9477	correct
3884643	3889764	5280	150	NC_002945.4	NODE_77_length_7455_cov_16.624591	99.81		True
local misassembly
3882139	3884027	7217	5281	NC_002945.4	NODE_77_length_7455_cov_16.624591	97.69		True
CONTIG	NODE_77_length_7455_cov_16.624591	7455	correct
4294612	4301855	7417	174	NC_002945.4	NODE_78_length_7417_cov_35.818656	99.97		True
CONTIG	NODE_78_length_7417_cov_35.818656	7417	correct
2766774	2773053	6402	124	NC_002945.4	NODE_79_length_6606_cov_23.287081	99.95		True
CONTIG	NODE_79_length_6606_cov_23.287081	6606	correct
4301851	4308391	1	6541	NC_002945.4	NODE_80_length_6541_cov_39.115996	99.98		True
CONTIG	NODE_80_length_6541_cov_39.115996	6541	correct
1987033	1992127	5096	1	NC_002945.4	NODE_81_length_5111_cov_42.152689	99.96		True
CONTIG	NODE_81_length_5111_cov_42.152689	5111	correct
1214100	1214774	1	675	NC_002945.4	NODE_82_length_4876_cov_27.075174	99.41		True
local misassembly
1214750	1218831	795	4876	NC_002945.4	NODE_82_length_4876_cov_27.075174	100.0		True
CONTIG	NODE_82_length_4876_cov_27.075174	4876	correct
3980181	3984441	4261	1	NC_002945.4	NODE_83_length_4424_cov_33.809402	100.0		True
CONTIG	NODE_83_length_4424_cov_33.809402	4424	correct
1165899	1169900	1	4002	NC_002945.4	NODE_84_length_4002_cov_38.869677	99.98		True
CONTIG	NODE_84_length_4002_cov_38.869677	4002	correct
2284620	2287647	1	3028	NC_002945.4	NODE_85_length_3028_cov_24.880041	99.77		True
CONTIG	NODE_85_length_3028_cov_24.880041	3028	correct
2290710	2293716	3007	1	NC_002945.4	NODE_86_length_3007_cov_23.029861	100.0		True
CONTIG	NODE_86_length_3007_cov_23.029861	3007	correct
1993335	1995984	1	2650	NC_002945.4	NODE_87_length_2827_cov_43.835926	100.0		True
CONTIG	NODE_87_length_2827_cov_43.835926	2827	correct
2158479	2158913	1	435	NC_002945.4	NODE_88_length_2811_cov_40.584948	100.0		True
fake: scaffold gap size wrong estimation (local)
2158914	2160444	467	1997	NC_002945.4	NODE_88_length_2811_cov_40.584948	95.49		True
CONTIG	NODE_88_length_2811_cov_40.584948	2811	correct
928804	928907	12	115	NC_002945.4	NODE_89_length_2638_cov_8.730386	99.14		True
local misassembly
928448	928975	116	652	NC_002945.4	NODE_89_length_2638_cov_8.730386	98.32		True
local misassembly
928970	930627	791	2448	NC_002945.4	NODE_89_length_2638_cov_8.730386	100.0		True
local misassembly
930241	930319	2449	2527	NC_002945.4	NODE_89_length_2638_cov_8.730386	100.0		True
CONTIG	NODE_89_length_2638_cov_8.730386	2638	correct
1635657	1637950	1	2294	NC_002945.4	NODE_90_length_2316_cov_25.304249	99.96		True
CONTIG	NODE_90_length_2316_cov_25.304249	2316	correct
2609387	2611609	1	2223	NC_002945.4	NODE_91_length_2223_cov_24.153149	100.0		True
CONTIG	NODE_91_length_2223_cov_24.153149	2223	correct
3878310	3880047	1978	241	NC_002945.4	NODE_92_length_1978_cov_3.987034	99.65		True
CONTIG	NODE_92_length_1978_cov_3.987034	1978	correct
3890842	3892634	1	1793	NC_002945.4	NODE_93_length_1912_cov_2.588235	99.94		True
CONTIG	NODE_93_length_1912_cov_2.588235	1912	correct
1092496	1094254	1765	7	NC_002945.4	NODE_94_length_1780_cov_27.194797	99.94		True
CONTIG	NODE_94_length_1780_cov_27.194797	1780	correct
674749	676305	1585	29	NC_002945.4	NODE_95_length_1747_cov_3.522840	99.74		True
CONTIG	NODE_95_length_1747_cov_3.522840	1747	correct
401182	402731	1	1550	NC_002945.4	NODE_96_length_1550_cov_66.373858	100.0		True
CONTIG	NODE_96_length_1550_cov_66.373858	1550	correct
4193589	4195052	1464	1	NC_002945.4	NODE_97_length_1464_cov_90.935677	100.0		True
CONTIG	NODE_97_length_1464_cov_90.935677	1464	correct
2324570	2325833	183	1446	NC_002945.4	NODE_98_length_1446_cov_29.808946	100.0		True
CONTIG	NODE_98_length_1446_cov_29.808946	1446	correct
3443593	3445031	1439	1	NC_002945.4	NODE_99_length_1439_cov_49.820122	100.0		True
CONTIG	NODE_99_length_1439_cov_49.820122	1439	correct
336693	338015	53	1375	NC_002945.4	NODE_100_length_1384_cov_14.234686	99.85		True
CONTIG	NODE_100_length_1384_cov_14.234686	1384	correct
3081416	3082771	1	1356	NC_002945.4	NODE_101_length_1356_cov_95.813670	100.0		True
CONTIG	NODE_101_length_1356_cov_95.813670	1356	correct
3673145	3674484	1	1340	NC_002945.4	NODE_102_length_1340_cov_66.755153	100.0		True
CONTIG	NODE_102_length_1340_cov_66.755153	1340	correct
3339137	3340461	1325	1	NC_002945.4	NODE_103_length_1325_cov_37.847245	100.0		True
CONTIG	NODE_103_length_1325_cov_37.847245	1325	correct
3835659	3836979	1321	1	NC_002945.4	NODE_104_length_1321_cov_76.345896	99.7		True
CONTIG	NODE_104_length_1321_cov_76.345896	1321	correct
1094890	1096145	1	1256	NC_002945.4	NODE_105_length_1256_cov_36.323295	100.0		True
CONTIG	NODE_105_length_1256_cov_36.323295	1256	correct
2288581	2289835	1	1255	NC_002945.4	NODE_106_length_1255_cov_41.118794	100.0		True
CONTIG	NODE_106_length_1255_cov_41.118794	1255	correct
2287521	2288707	1187	1	NC_002945.4	NODE_107_length_1187_cov_23.364151	100.0		True
CONTIG	NODE_107_length_1187_cov_23.364151	1187	correct
2289709	2290836	1	1128	NC_002945.4	NODE_108_length_1128_cov_75.590410	99.91		True
CONTIG	NODE_108_length_1128_cov_75.590410	1128	correct
839752	840792	1	1041	NC_002945.4	NODE_109_length_1110_cov_13.229908	100.0		True
relocation, inconsistency = 1293
842086	842154	1042	1110	NC_002945.4	NODE_109_length_1110_cov_13.229908	100.0		True
CONTIG	NODE_109_length_1110_cov_13.229908	1110	misassembled
3892582	3893467	1018	133	NC_002945.4	NODE_110_length_1090_cov_1.909657	99.66		True
CONTIG	NODE_110_length_1090_cov_1.909657	1090	correct
3711277	3712306	1030	1	NC_002945.4	NODE_111_length_1030_cov_79.421927	100.0		True
CONTIG	NODE_111_length_1030_cov_79.421927	1030	correct
338173	339051	103	981	NC_002945.4	NODE_112_length_1017_cov_1.491011	99.32		True
CONTIG	NODE_112_length_1017_cov_1.491011	1017	correct
1165044	1166025	1	982	NC_002945.4	NODE_113_length_982_cov_76.194152	100.0		True
CONTIG	NODE_113_length_982_cov_76.194152	982	correct
3759048	3759840	7	799	NC_002945.4	NODE_114_length_974_cov_1.231405	98.87		True
CONTIG	NODE_114_length_974_cov_1.231405	974	correct
4308392	4309335	1	944	NC_002945.4	NODE_115_length_944_cov_26.064426	100.0		True
CONTIG	NODE_115_length_944_cov_26.064426	944	correct
2943837	2944745	909	1	NC_002945.4	NODE_116_length_909_cov_261.533248	100.0		True
CONTIG	NODE_116_length_909_cov_261.533248	909	correct
3341521	3342410	1	890	NC_002945.4	NODE_117_length_890_cov_32.671035	100.0		True
CONTIG	NODE_117_length_890_cov_32.671035	890	correct
335587	336469	883	1	NC_002945.4	NODE_118_length_883_cov_6.738095	99.77		True
CONTIG	NODE_118_length_883_cov_6.738095	883	correct
2191968	2192811	1	844	NC_002945.4	NODE_119_length_844_cov_77.085077	100.0		True
CONTIG	NODE_119_length_844_cov_77.085077	844	correct
3894591	3895416	1	826	NC_002945.4	NODE_120_length_826_cov_32.350501	99.52		True
CONTIG	NODE_120_length_826_cov_32.350501	826	correct
909382	910176	795	1	NC_002945.4	NODE_121_length_795_cov_104.059880	100.0		True
CONTIG	NODE_121_length_795_cov_104.059880	795	correct
2773532	2773982	667	217	NC_002945.4	NODE_122_length_784_cov_1.325723	99.33		True
CONTIG	NODE_122_length_784_cov_1.325723	784	correct
2693295	2694038	1	744	NC_002945.4	NODE_123_length_744_cov_66.484603	100.0		True
CONTIG	NODE_123_length_744_cov_66.484603	744	correct
2774223	2774773	720	170	NC_002945.4	NODE_124_length_720_cov_5.222597	99.82		True
CONTIG	NODE_124_length_720_cov_5.222597	720	correct
3880626	3881088	463	1	NC_002945.4	NODE_125_length_679_cov_18.914855	99.78		True
relocation, inconsistency = 3206530
673880	674095	464	679	NC_002945.4	NODE_125_length_679_cov_18.914855	99.6		True
CONTIG	NODE_125_length_679_cov_18.914855	679	misassembled
1985788	1986440	653	1	NC_002945.4	NODE_126_length_669_cov_3.140221	100.0		True
CONTIG	NODE_126_length_669_cov_3.140221	669	correct
2774810	2775456	647	1	NC_002945.4	NODE_127_length_647_cov_5.553846	100.0		True
CONTIG	NODE_127_length_647_cov_5.553846	647	correct
3340552	3341186	635	1	NC_002945.4	NODE_128_length_635_cov_37.633858	100.0		True
CONTIG	NODE_128_length_635_cov_37.633858	635	correct
3759953	3760354	564	163	NC_002945.4	NODE_129_length_600_cov_1.276956	99.0		True
CONTIG	NODE_129_length_600_cov_1.276956	600	correct
3880018	3880454	437	1	NC_002945.4	NODE_130_length_598_cov_3.414013	100.0		True
CONTIG	NODE_130_length_598_cov_3.414013	598	correct
3338676	3339263	588	1	NC_002945.4	NODE_131_length_588_cov_61.436009	100.0		True
CONTIG	NODE_131_length_588_cov_61.436009	588	correct
3893492	3893926	576	142	NC_002945.4	NODE_132_length_587_cov_2.219565	99.54		True
CONTIG	NODE_132_length_587_cov_2.219565	587	correct
1633396	1633955	576	17	NC_002945.4	NODE_133_length_576_cov_7.167038	100.0		True
CONTIG	NODE_133_length_576_cov_7.167038	576	correct
1094134	1094668	535	1	NC_002945.4	NODE_134_length_535_cov_9.644608	99.07		True
CONTIG	NODE_134_length_535_cov_9.644608	535	correct
1091549	1091826	1	278	NC_002945.4	NODE_135_length_511_cov_0.768229	99.28		True
CONTIG	NODE_135_length_511_cov_0.768229	511	correct
672676	673180	1	505	NC_002945.4	NODE_136_length_505_cov_22.556962	100.0		True
CONTIG	NODE_136_length_505_cov_22.556962	505	correct
