S1	E1	S2	E2	Reference	Contig	IDY	Ambiguous	Best_group
2423267	2665759	242437	1	NC_002945.4	NODE_1_length_242437_cov_51.999385	99.92		True
CONTIG	NODE_1_length_242437_cov_51.999385	242437	correct
4000854	4193715	192747	1	NC_002945.4	NODE_2_length_208746_cov_53.896218	99.93		True
local misassembly
3984733	4000742	208746	192748	NC_002945.4	NODE_2_length_208746_cov_53.896218	99.93		True
CONTIG	NODE_2_length_208746_cov_53.896218	208746	correct
1779460	1985614	1	205764	NC_002945.4	NODE_3_length_205897_cov_51.216363	99.8		True
CONTIG	NODE_3_length_205897_cov_51.216363	205897	correct
402605	607788	1	204915	NC_002945.4	NODE_4_length_204915_cov_53.904057	99.86		True
CONTIG	NODE_4_length_204915_cov_53.904057	204915	correct
3488378	3673271	1	184786	NC_002945.4	NODE_5_length_184786_cov_54.220309	99.92		True
CONTIG	NODE_5_length_184786_cov_54.220309	184786	correct
824601	838089	13489	1	NC_002945.4	NODE_6_length_160916_cov_53.558502	99.98		True
local misassembly
676649	824045	160887	13490	NC_002945.4	NODE_6_length_160916_cov_53.558502	99.99		True
CONTIG	NODE_6_length_160916_cov_53.558502	160916	correct
30083	103918	73849	1	NC_002945.4	NODE_7_length_158650_cov_55.107240	99.96		True
local misassembly
1	29469	103319	73851	NC_002945.4	NODE_7_length_158650_cov_55.107240	99.99		True
fake: not a misassembly [linear representation of circular genome]
4294752	4349904	158471	103320	NC_002945.4	NODE_7_length_158650_cov_55.107240	99.99		True
CONTIG	NODE_7_length_158650_cov_55.107240	158650	correct
150144	306702	156532	1	NC_002945.4	NODE_8_length_156532_cov_55.489377	99.97		True
CONTIG	NODE_8_length_156532_cov_55.489377	156532	correct
2957039	3097084	1	139357	NC_002945.4	NODE_9_length_139357_cov_53.462408	99.34		True
CONTIG	NODE_9_length_139357_cov_53.462408	139357	correct
1638936	1769053	130209	93	NC_002945.4	NODE_10_length_130366_cov_53.867067	99.99		True
CONTIG	NODE_10_length_130366_cov_53.867067	130366	correct
3209297	3338080	1	128956	NC_002945.4	NODE_11_length_128956_cov_53.112746	99.85		True
CONTIG	NODE_11_length_128956_cov_53.112746	128956	correct
970147	1009472	1	39325	NC_002945.4	NODE_12_length_119723_cov_54.507082	99.98		True
relocation, inconsistency = 1457
1010930	1091324	39326	119723	NC_002945.4	NODE_12_length_119723_cov_54.507082	99.99		True
CONTIG	NODE_12_length_119723_cov_54.507082	119723	misassembled
3343594	3442410	98885	1	NC_002945.4	NODE_13_length_98885_cov_54.536007	99.92		True
CONTIG	NODE_13_length_98885_cov_54.536007	98885	correct
2057111	2083604	187	26680	NC_002945.4	NODE_14_length_83957_cov_51.844268	99.98		True
local misassembly
2083596	2140714	26819	83937	NC_002945.4	NODE_14_length_83957_cov_51.844268	99.99		True
CONTIG	NODE_14_length_83957_cov_51.844268	83957	correct
3897173	3979562	82381	1	NC_002945.4	NODE_15_length_82381_cov_55.128650	99.98		True
CONTIG	NODE_15_length_82381_cov_55.128650	82381	correct
1491972	1573753	104	81885	NC_002945.4	NODE_16_length_81885_cov_53.805083	99.93		True
CONTIG	NODE_16_length_81885_cov_53.805083	81885	correct
2693912	2773177	1	79265	NC_002945.4	NODE_17_length_79274_cov_51.374885	99.99		True
CONTIG	NODE_17_length_79274_cov_51.374885	79274	correct
3124817	3193870	69000	1	NC_002945.4	NODE_18_length_69000_cov_52.919315	99.91		True
CONTIG	NODE_18_length_69000_cov_52.919315	69000	correct
1096985	1165170	68175	1	NC_002945.4	NODE_19_length_68175_cov_53.508127	99.97		True
CONTIG	NODE_19_length_68175_cov_53.508127	68175	correct
2372453	2408719	36209	1	NC_002945.4	NODE_20_length_64468_cov_48.394041	99.83		True
local misassembly
2343976	2372095	64329	36210	NC_002945.4	NODE_20_length_64468_cov_48.394041	99.99		True
CONTIG	NODE_20_length_64468_cov_48.394041	64468	correct
2852118	2916393	135	64409	NC_002945.4	NODE_21_length_64409_cov_51.082916	99.98		True
CONTIG	NODE_21_length_64409_cov_51.082916	64409	correct
4194926	4259153	64228	1	NC_002945.4	NODE_22_length_64228_cov_57.130310	99.99		True
CONTIG	NODE_22_length_64228_cov_57.130310	64228	correct
1280097	1343223	63189	1	NC_002945.4	NODE_23_length_63189_cov_55.882972	99.89		True
CONTIG	NODE_23_length_63189_cov_55.882972	63189	correct
1219299	1278412	59051	1	NC_002945.4	NODE_24_length_59080_cov_52.393313	99.88		True
CONTIG	NODE_24_length_59080_cov_52.393313	59080	correct
3777400	3835785	58318	1	NC_002945.4	NODE_25_length_58318_cov_53.847262	99.87		True
CONTIG	NODE_25_length_58318_cov_53.847262	58318	correct
1413935	1470724	1	56733	NC_002945.4	NODE_26_length_56733_cov_54.770731	99.89		True
CONTIG	NODE_26_length_56733_cov_54.770731	56733	correct
2801012	2852054	1	51043	NC_002945.4	NODE_27_length_51043_cov_51.205004	99.99		True
CONTIG	NODE_27_length_51043_cov_51.205004	51043	correct
1574026	1623830	49805	1	NC_002945.4	NODE_28_length_50014_cov_50.583278	99.98		True
CONTIG	NODE_28_length_50014_cov_50.583278	50014	correct
842639	891078	48440	1	NC_002945.4	NODE_29_length_48631_cov_52.696376	99.99		True
CONTIG	NODE_29_length_48631_cov_52.696376	48631	correct
673611	674097	495	9	NC_002945.4	NODE_30_length_48487_cov_51.370864	97.6		True
local misassembly
625268	673259	48487	496	NC_002945.4	NODE_30_length_48487_cov_51.370864	99.98		True
CONTIG	NODE_30_length_48487_cov_51.370864	48487	correct
1997120	2041159	44043	4	NC_002945.4	NODE_31_length_44043_cov_50.147691	99.96		True
CONTIG	NODE_31_length_44043_cov_50.147691	44043	correct
3445573	3488322	1	42750	NC_002945.4	NODE_32_length_42750_cov_54.742627	99.97		True
CONTIG	NODE_32_length_42750_cov_54.742627	42750	correct
1343879	1386467	42594	1	NC_002945.4	NODE_33_length_42594_cov_53.057127	99.98		True
CONTIG	NODE_33_length_42594_cov_53.057127	42594	correct
928970	970118	41324	1	NC_002945.4	NODE_34_length_42459_cov_50.570231	99.24		True
local misassembly
927988	928975	42459	41463	NC_002945.4	NODE_34_length_42459_cov_50.570231	99.1		True
CONTIG	NODE_34_length_42459_cov_50.570231	42459	correct
1171083	1189853	1	18771	NC_002945.4	NODE_35_length_42378_cov_49.974628	99.99		True
local misassembly
1190085	1213654	18772	42266	NC_002945.4	NODE_35_length_42378_cov_49.974628	99.66		True
local misassembly
1213205	1213316	42267	42378	NC_002945.4	NODE_35_length_42378_cov_49.974628	100.0		True
CONTIG	NODE_35_length_42378_cov_49.974628	42378	correct
3836888	3878171	1	41276	NC_002945.4	NODE_36_length_41635_cov_55.008239	99.91		True
CONTIG	NODE_36_length_41635_cov_55.008239	41635	correct
363877	401308	37432	1	NC_002945.4	NODE_37_length_37432_cov_54.393433	99.99		True
CONTIG	NODE_37_length_37432_cov_54.393433	37432	correct
2246369	2283745	37379	1	NC_002945.4	NODE_38_length_37379_cov_56.881912	99.95		True
CONTIG	NODE_38_length_37379_cov_56.881912	37379	correct
2210167	2245161	201	35195	NC_002945.4	NODE_39_length_35195_cov_57.132628	100.0		True
CONTIG	NODE_39_length_35195_cov_57.132628	35195	correct
3724846	3737454	1	12609	NC_002945.4	NODE_40_length_34439_cov_53.722983	99.98		True
local misassembly
3737665	3759275	12610	34223	NC_002945.4	NODE_40_length_34439_cov_53.722983	99.97		True
CONTIG	NODE_40_length_34439_cov_53.722983	34439	correct
4259930	4293950	34142	124	NC_002945.4	NODE_41_length_34142_cov_54.262708	99.99		True
CONTIG	NODE_41_length_34142_cov_54.262708	34142	correct
2161798	2192094	1	30298	NC_002945.4	NODE_42_length_30298_cov_54.010673	99.99		True
CONTIG	NODE_42_length_30298_cov_54.010673	30298	correct
2294650	2324499	29977	128	NC_002945.4	NODE_43_length_29977_cov_49.218928	99.99		True
CONTIG	NODE_43_length_29977_cov_49.218928	29977	correct
2666045	2693421	27376	1	NC_002945.4	NODE_44_length_27563_cov_52.229771	99.99		True
CONTIG	NODE_44_length_27563_cov_52.229771	27563	correct
3097191	3124625	1	27435	NC_002945.4	NODE_45_length_27435_cov_48.332979	99.98		True
CONTIG	NODE_45_length_27435_cov_48.332979	27435	correct
105040	132219	1	27180	NC_002945.4	NODE_46_length_27377_cov_53.551083	99.98		True
CONTIG	NODE_46_length_27377_cov_53.551083	27377	correct
336693	363829	133	27191	NC_002945.4	NODE_47_length_27191_cov_44.437555	99.62		True
CONTIG	NODE_47_length_27191_cov_44.437555	27191	correct
306711	333298	26639	157	NC_002945.4	NODE_48_length_26639_cov_53.999246	99.6		True
CONTIG	NODE_48_length_26639_cov_53.999246	26639	correct
1386909	1412955	1	26047	NC_002945.4	NODE_49_length_26047_cov_49.405710	99.98		True
CONTIG	NODE_49_length_26047_cov_49.405710	26047	correct
3674358	3699730	1	25355	NC_002945.4	NODE_50_length_25548_cov_42.331537	99.92		True
CONTIG	NODE_50_length_25548_cov_42.331537	25548	correct
2140774	2158516	1	17743	NC_002945.4	NODE_51_length_20378_cov_55.419535	99.96		True
local misassembly
2158655	2158913	17744	18002	NC_002945.4	NODE_51_length_20378_cov_55.419535	100.0		True
fake: scaffold gap size wrong estimation (local)
2158914	2160444	18034	19564	NC_002945.4	NODE_51_length_20378_cov_55.419535	95.49		True
CONTIG	NODE_51_length_20378_cov_55.419535	20378	correct
1490961	1491471	511	1	NC_002945.4	NODE_52_length_19325_cov_54.854047	100.0		True
local misassembly
1471935	1490747	19325	512	NC_002945.4	NODE_52_length_19325_cov_54.854047	99.98		True
CONTIG	NODE_52_length_19325_cov_54.854047	19325	correct
3759848	3777383	17538	1	NC_002945.4	NODE_53_length_17683_cov_51.068125	99.95		True
CONTIG	NODE_53_length_17683_cov_51.068125	17683	correct
892165	909508	17344	1	NC_002945.4	NODE_54_length_17344_cov_55.463786	99.99		True
CONTIG	NODE_54_length_17344_cov_55.463786	17344	correct
2326324	2343667	1	17344	NC_002945.4	NODE_55_length_17344_cov_48.710054	99.99		True
CONTIG	NODE_55_length_17344_cov_48.710054	17344	correct
2192685	2210023	1	17339	NC_002945.4	NODE_56_length_17339_cov_60.356844	99.99		True
CONTIG	NODE_56_length_17339_cov_60.356844	17339	correct
132777	149973	17197	1	NC_002945.4	NODE_57_length_17197_cov_59.333626	99.97		True
CONTIG	NODE_57_length_17197_cov_59.333626	17197	correct
2776943	2793499	16557	1	NC_002945.4	NODE_58_length_16563_cov_55.735276	100.0		True
CONTIG	NODE_58_length_16563_cov_55.735276	16563	correct
910050	926279	16230	1	NC_002945.4	NODE_59_length_16230_cov_53.580699	99.99		True
CONTIG	NODE_59_length_16230_cov_53.580699	16230	correct
2041242	2056794	15553	1	NC_002945.4	NODE_60_length_15778_cov_53.179541	99.99		True
CONTIG	NODE_60_length_15778_cov_53.179541	15778	correct
2916851	2932243	15643	251	NC_002945.4	NODE_61_length_15643_cov_56.702630	99.97		True
CONTIG	NODE_61_length_15643_cov_56.702630	15643	correct
3193780	3209294	15515	1	NC_002945.4	NODE_62_length_15515_cov_52.854367	100.0		True
CONTIG	NODE_62_length_15515_cov_52.854367	15515	correct
609085	624364	1	15280	NC_002945.4	NODE_63_length_15511_cov_51.022621	99.99		True
CONTIG	NODE_63_length_15511_cov_51.022621	15511	correct
2409061	2422776	1	13716	NC_002945.4	NODE_64_length_13716_cov_49.165354	99.98		True
CONTIG	NODE_64_length_13716_cov_49.165354	13716	correct
3712180	3724959	1	12780	NC_002945.4	NODE_65_length_12780_cov_39.225085	99.96		True
CONTIG	NODE_65_length_12780_cov_39.225085	12780	correct
2944619	2957076	1	12458	NC_002945.4	NODE_66_length_12458_cov_50.975347	99.98		True
CONTIG	NODE_66_length_12458_cov_50.975347	12458	correct
3890969	3894344	3376	1	NC_002945.4	NODE_67_length_11850_cov_20.307345	99.95		True
local misassembly
3884643	3890278	9021	3377	NC_002945.4	NODE_67_length_11850_cov_20.307345	99.79		True
local misassembly
3882139	3884027	10958	9022	NC_002945.4	NODE_67_length_11850_cov_20.307345	97.69		True
local misassembly
3881829	3882155	11436	11110	NC_002945.4	NODE_67_length_11850_cov_20.307345	100.0		True
local misassembly
3880962	3881375	11850	11437	NC_002945.4	NODE_67_length_11850_cov_20.307345	99.76		True
CONTIG	NODE_67_length_11850_cov_20.307345	11850	correct
3700311	3711403	11093	1	NC_002945.4	NODE_68_length_11102_cov_40.224055	100.0		True
CONTIG	NODE_68_length_11102_cov_40.224055	11102	correct
2933814	2943963	10150	1	NC_002945.4	NODE_69_length_10327_cov_52.321471	99.96		True
CONTIG	NODE_69_length_10327_cov_52.321471	10327	correct
1624022	1633320	165	9406	NC_002945.4	NODE_70_length_9406_cov_44.073823	99.33		True
CONTIG	NODE_70_length_9406_cov_44.073823	9406	correct
2793837	2799828	5992	1	NC_002945.4	NODE_71_length_5992_cov_50.558909	99.98		True
CONTIG	NODE_71_length_5992_cov_50.558909	5992	correct
1987123	1992127	194	5199	NC_002945.4	NODE_72_length_5199_cov_51.195584	99.98		True
CONTIG	NODE_72_length_5199_cov_51.195584	5199	correct
1213930	1214774	1	845	NC_002945.4	NODE_73_length_4610_cov_38.223734	99.76		True
local misassembly
1214750	1218291	965	4506	NC_002945.4	NODE_73_length_4610_cov_38.223734	100.0		True
CONTIG	NODE_73_length_4610_cov_38.223734	4610	correct
3980095	3984502	1	4408	NC_002945.4	NODE_74_length_4408_cov_42.138519	100.0		True
CONTIG	NODE_74_length_4408_cov_42.138519	4408	correct
1092431	1096461	4031	1	NC_002945.4	NODE_75_length_4031_cov_41.802766	99.98		True
CONTIG	NODE_75_length_4031_cov_41.802766	4031	correct
1165899	1169900	4002	1	NC_002945.4	NODE_76_length_4002_cov_54.539097	99.98		True
CONTIG	NODE_76_length_4002_cov_54.539097	4002	correct
3339137	3342410	3274	1	NC_002945.4	NODE_77_length_3274_cov_50.626311	100.0		True
CONTIG	NODE_77_length_3274_cov_50.626311	3274	correct
2284620	2287647	3028	1	NC_002945.4	NODE_78_length_3028_cov_42.161668	99.77		True
CONTIG	NODE_78_length_3028_cov_42.161668	3028	correct
2290710	2293716	3007	1	NC_002945.4	NODE_79_length_3007_cov_38.712500	100.0		True
CONTIG	NODE_79_length_3007_cov_38.712500	3007	correct
1638385	1638837	453	1	NC_002945.4	NODE_80_length_2986_cov_27.332284	100.0		True
local misassembly
1635657	1638240	2986	454	NC_002945.4	NODE_80_length_2986_cov_27.332284	98.03		True
CONTIG	NODE_80_length_2986_cov_27.332284	2986	correct
1993335	1996197	1	2863	NC_002945.4	NODE_81_length_2863_cov_56.064327	100.0		True
CONTIG	NODE_81_length_2863_cov_56.064327	2863	correct
3878189	3881088	1	2774	NC_002945.4	NODE_82_length_2774_cov_8.940688	95.17		True
CONTIG	NODE_82_length_2774_cov_8.940688	2774	correct
674000	676124	161	2285	NC_002945.4	NODE_83_length_2285_cov_5.222428	100.0		True
CONTIG	NODE_83_length_2285_cov_5.222428	2285	correct
401182	402731	1550	1	NC_002945.4	NODE_84_length_1550_cov_92.191848	99.94		True
CONTIG	NODE_84_length_1550_cov_92.191848	1550	correct
4193589	4195052	1464	1	NC_002945.4	NODE_85_length_1464_cov_116.899028	100.0		True
CONTIG	NODE_85_length_1464_cov_116.899028	1464	correct
1992001	1993461	1	1461	NC_002945.4	NODE_86_length_1461_cov_71.348576	100.0		True
CONTIG	NODE_86_length_1461_cov_71.348576	1461	correct
3443593	3445031	1	1439	NC_002945.4	NODE_87_length_1439_cov_69.439024	100.0		True
CONTIG	NODE_87_length_1439_cov_69.439024	1439	correct
2324569	2325840	1272	1	NC_002945.4	NODE_88_length_1405_cov_42.528951	100.0		True
CONTIG	NODE_88_length_1405_cov_42.528951	1405	correct
2774200	2775598	1399	1	NC_002945.4	NODE_89_length_1399_cov_8.856918	100.0		True
CONTIG	NODE_89_length_1399_cov_8.856918	1399	correct
890952	892291	1340	1	NC_002945.4	NODE_90_length_1340_cov_103.418796	100.0		True
CONTIG	NODE_90_length_1340_cov_103.418796	1340	correct
3835659	3836979	1321	1	NC_002945.4	NODE_91_length_1321_cov_120.015913	99.7		True
CONTIG	NODE_91_length_1321_cov_120.015913	1321	correct
2288581	2289835	1255	1	NC_002945.4	NODE_92_length_1255_cov_59.462766	100.0		True
CONTIG	NODE_92_length_1255_cov_59.462766	1255	correct
839772	840715	145	1088	NC_002945.4	NODE_93_length_1247_cov_17.680357	100.0		True
CONTIG	NODE_93_length_1247_cov_17.680357	1247	correct
2287521	2288707	1187	1	NC_002945.4	NODE_94_length_1187_cov_43.081132	100.0		True
CONTIG	NODE_94_length_1187_cov_43.081132	1187	correct
2289709	2290836	1128	1	NC_002945.4	NODE_95_length_1128_cov_91.926074	99.91		True
CONTIG	NODE_95_length_1128_cov_91.926074	1128	correct
336421	336540	1	120	NC_002945.4	NODE_96_length_1054_cov_6.593312	100.0		True
inversion
335363	336296	1054	121	NC_002945.4	NODE_96_length_1054_cov_6.593312	100.0		True
CONTIG	NODE_96_length_1054_cov_6.593312	1054	misassembled
1996257	1997115	1054	196	NC_002945.4	NODE_97_length_1054_cov_2.434736	99.77		True
CONTIG	NODE_97_length_1054_cov_2.434736	1054	correct
3711277	3712306	1030	1	NC_002945.4	NODE_98_length_1030_cov_99.109635	100.0		True
CONTIG	NODE_98_length_1030_cov_99.109635	1030	correct
1165044	1166025	982	1	NC_002945.4	NODE_99_length_982_cov_104.387135	100.0		True
CONTIG	NODE_99_length_982_cov_104.387135	982	correct
1169775	1170683	1	909	NC_002945.4	NODE_100_length_909_cov_355.094629	100.0		True
CONTIG	NODE_100_length_909_cov_355.094629	909	correct
1091448	1092122	810	136	NC_002945.4	NODE_101_length_904_cov_1.275418	99.11		True
CONTIG	NODE_101_length_904_cov_1.275418	904	correct
1278286	1279129	844	1	NC_002945.4	NODE_102_length_844_cov_113.894003	100.0		True
CONTIG	NODE_102_length_844_cov_113.894003	844	correct
1985641	1986467	1	827	NC_002945.4	NODE_103_length_827_cov_3.644286	100.0		True
CONTIG	NODE_103_length_827_cov_3.644286	827	correct
909382	910176	795	1	NC_002945.4	NODE_104_length_795_cov_124.163174	100.0		True
CONTIG	NODE_104_length_795_cov_124.163174	795	correct
2422650	2423393	1	744	NC_002945.4	NODE_105_length_744_cov_109.298217	100.0		True
CONTIG	NODE_105_length_744_cov_109.298217	744	correct
3338171	3338802	632	1	NC_002945.4	NODE_106_length_632_cov_44.601980	99.84		True
CONTIG	NODE_106_length_632_cov_44.601980	632	correct
2932460	2932813	354	1	NC_002945.4	NODE_107_length_563_cov_1.029817	100.0		True
CONTIG	NODE_107_length_563_cov_1.029817	563	correct
2773524	2774058	537	3	NC_002945.4	NODE_108_length_556_cov_6.177156	99.81		True
CONTIG	NODE_108_length_556_cov_6.177156	556	correct
3699785	3700301	517	1	NC_002945.4	NODE_109_length_522_cov_1.440506	100.0		True
CONTIG	NODE_109_length_522_cov_1.440506	522	correct
