S1	E1	S2	E2	Reference	Contig	IDY	Ambiguous	Best_group
3445573	3673271	227591	1	NC_002945.4	NODE_1_length_227591_cov_29.655594	99.93		True
CONTIG	NODE_1_length_227591_cov_29.655594	227591	correct
402605	607788	204915	1	NC_002945.4	NODE_2_length_204915_cov_28.580664	99.86		True
CONTIG	NODE_2_length_204915_cov_28.580664	204915	correct
150081	306653	156574	29	NC_002945.4	NODE_3_length_156574_cov_28.027051	99.97		True
CONTIG	NODE_3_length_156574_cov_28.027051	156574	correct
2453632	2609222	155592	1	NC_002945.4	NODE_4_length_155592_cov_29.190969	99.99		True
CONTIG	NODE_4_length_155592_cov_29.190969	155592	correct
30083	103918	73849	1	NC_002945.4	NODE_5_length_143825_cov_28.518734	99.96		True
local misassembly
1	29469	103319	73851	NC_002945.4	NODE_5_length_143825_cov_28.518734	99.99		True
fake: not a misassembly [linear representation of circular genome]
4309398	4349904	143825	103320	NC_002945.4	NODE_5_length_143825_cov_28.518734	99.99		True
CONTIG	NODE_5_length_143825_cov_28.518734	143825	correct
2957039	3097084	139357	1	NC_002945.4	NODE_6_length_139357_cov_29.850966	99.34		True
CONTIG	NODE_6_length_139357_cov_29.850966	139357	correct
1635657	1638056	1	2451	NC_002945.4	NODE_7_length_132627_cov_29.879540	97.89		True
local misassembly
1638969	1769053	2452	132535	NC_002945.4	NODE_7_length_132627_cov_29.879540	99.99		True
CONTIG	NODE_7_length_132627_cov_29.879540	132627	correct
3219378	3338802	202	119852	NC_002945.4	NODE_8_length_119852_cov_28.788081	99.88		True
CONTIG	NODE_8_length_119852_cov_28.788081	119852	correct
970207	1009472	1	39265	NC_002945.4	NODE_9_length_119560_cov_29.582996	99.98		True
relocation, inconsistency = 1457
1010930	1091221	39266	119560	NC_002945.4	NODE_9_length_119560_cov_29.582996	99.99		True
CONTIG	NODE_9_length_119560_cov_29.582996	119560	misassembled
1869381	1985615	1	115769	NC_002945.4	NODE_10_length_115769_cov_27.672342	99.58		True
CONTIG	NODE_10_length_115769_cov_27.672342	115769	correct
824601	838029	13473	45	NC_002945.4	NODE_11_length_111051_cov_29.044310	99.97		True
local misassembly
726469	824045	111051	13474	NC_002945.4	NODE_11_length_111051_cov_29.044310	99.99		True
CONTIG	NODE_11_length_111051_cov_29.044310	111051	correct
4035825	4141965	2	106028	NC_002945.4	NODE_12_length_106200_cov_26.876689	99.88		True
CONTIG	NODE_12_length_106200_cov_26.876689	106200	correct
3343594	3442410	98885	1	NC_002945.4	NODE_13_length_98885_cov_30.044027	99.92		True
CONTIG	NODE_13_length_98885_cov_30.044027	98885	correct
2057110	2083598	78	26566	NC_002945.4	NODE_14_length_83868_cov_29.523686	99.97		True
local misassembly
2083596	2140753	26711	83868	NC_002945.4	NODE_14_length_83868_cov_29.523686	99.99		True
CONTIG	NODE_14_length_83868_cov_29.523686	83868	correct
3897235	3979424	21	82201	NC_002945.4	NODE_15_length_82220_cov_28.486534	99.98		True
CONTIG	NODE_15_length_82220_cov_28.486534	82220	correct
1491938	1573345	1	81408	NC_002945.4	NODE_16_length_81408_cov_30.474514	99.93		True
CONTIG	NODE_16_length_81408_cov_30.474514	81408	correct
1779460	1853467	1	74008	NC_002945.4	NODE_17_length_74206_cov_29.130752	99.99		True
CONTIG	NODE_17_length_74206_cov_29.130752	74206	correct
2693912	2766842	72931	1	NC_002945.4	NODE_18_length_72931_cov_30.203547	99.99		True
CONTIG	NODE_18_length_72931_cov_30.203547	72931	correct
1092552	1094419	99	1966	NC_002945.4	NODE_19_length_70611_cov_27.769607	99.92		True
relocation, inconsistency = 2041
1096461	1165170	1967	70611	NC_002945.4	NODE_19_length_70611_cov_27.769607	99.81		True
CONTIG	NODE_19_length_70611_cov_27.769607	70611	misassembled
3124714	3193870	69103	1	NC_002945.4	NODE_20_length_69141_cov_28.112397	99.91		True
CONTIG	NODE_20_length_69141_cov_28.112397	69141	correct
2852103	2916695	64592	1	NC_002945.4	NODE_21_length_64592_cov_27.335624	99.98		True
CONTIG	NODE_21_length_64592_cov_27.335624	64592	correct
4194926	4259153	1	64228	NC_002945.4	NODE_22_length_64228_cov_29.356952	99.99		True
CONTIG	NODE_22_length_64228_cov_29.356952	64228	correct
1280097	1343223	63189	1	NC_002945.4	NODE_23_length_63189_cov_30.871016	99.89		True
CONTIG	NODE_23_length_63189_cov_30.871016	63189	correct
1219552	1278412	58861	1	NC_002945.4	NODE_24_length_58861_cov_28.077417	99.98		True
CONTIG	NODE_24_length_58861_cov_28.077417	58861	correct
3777400	3835785	58318	1	NC_002945.4	NODE_25_length_58318_cov_27.667835	99.87		True
CONTIG	NODE_25_length_58318_cov_27.667835	58318	correct
1996974	2054937	57964	1	NC_002945.4	NODE_26_length_57964_cov_27.757474	99.98		True
CONTIG	NODE_26_length_57964_cov_27.757474	57964	correct
1413935	1470724	56733	1	NC_002945.4	NODE_27_length_56733_cov_31.509416	99.89		True
CONTIG	NODE_27_length_56733_cov_31.509416	56733	correct
2611830	2665763	53988	1	NC_002945.4	NODE_28_length_53988_cov_29.539723	99.89		True
CONTIG	NODE_28_length_53988_cov_29.539723	53988	correct
4141981	4193715	1	51735	NC_002945.4	NODE_29_length_51735_cov_29.304468	99.99		True
CONTIG	NODE_29_length_51735_cov_29.304468	51735	correct
2801012	2852028	1	51017	NC_002945.4	NODE_30_length_51017_cov_29.076282	99.99		True
CONTIG	NODE_30_length_51017_cov_29.076282	51017	correct
4000957	4035749	34793	1	NC_002945.4	NODE_31_length_50191_cov_29.215864	99.98		True
local misassembly
3985226	4000623	50191	34794	NC_002945.4	NODE_31_length_50191_cov_29.215864	100.0		True
CONTIG	NODE_31_length_50191_cov_29.215864	50191	correct
676731	726472	203	49944	NC_002945.4	NODE_32_length_49944_cov_29.416725	99.99		True
CONTIG	NODE_32_length_49944_cov_29.416725	49944	correct
1574171	1623825	49655	1	NC_002945.4	NODE_33_length_49833_cov_26.977628	99.98		True
CONTIG	NODE_33_length_49833_cov_26.977628	49833	correct
842778	891078	1	48301	NC_002945.4	NODE_34_length_48301_cov_28.132187	99.99		True
CONTIG	NODE_34_length_48301_cov_28.132187	48301	correct
625657	673260	167	47770	NC_002945.4	NODE_35_length_47800_cov_28.158916	99.99		True
CONTIG	NODE_35_length_47800_cov_28.158916	47800	correct
3836888	3878188	1	41293	NC_002945.4	NODE_36_length_43661_cov_27.599761	99.96		True
relocation, inconsistency = -2949817
928372	928975	41294	41906	NC_002945.4	NODE_36_length_43661_cov_27.599761	98.61		True
local misassembly
928970	930437	42045	43512	NC_002945.4	NODE_36_length_43661_cov_27.599761	100.0		True
CONTIG	NODE_36_length_43661_cov_27.599761	43661	misassembled
1343879	1386496	42714	92	NC_002945.4	NODE_37_length_42714_cov_27.836946	99.99		True
CONTIG	NODE_37_length_42714_cov_27.836946	42714	correct
930424	970056	178	39675	NC_002945.4	NODE_38_length_39675_cov_26.802645	99.63		True
CONTIG	NODE_38_length_39675_cov_26.802645	39675	correct
2246204	2283745	37544	1	NC_002945.4	NODE_39_length_37753_cov_32.443762	99.95		True
CONTIG	NODE_39_length_37753_cov_32.443762	37753	correct
364017	401308	1	37292	NC_002945.4	NODE_40_length_37292_cov_26.441760	99.99		True
CONTIG	NODE_40_length_37292_cov_26.441760	37292	correct
2210028	2246063	36036	1	NC_002945.4	NODE_41_length_36036_cov_34.126013	99.99		True
CONTIG	NODE_41_length_36036_cov_34.126013	36036	correct
3737665	3759059	21398	1	NC_002945.4	NODE_42_length_34007_cov_28.666411	99.98		True
local misassembly
3724846	3737454	34007	21399	NC_002945.4	NODE_42_length_34007_cov_28.666411	99.98		True
CONTIG	NODE_42_length_34007_cov_28.666411	34007	correct
2161798	2192094	30298	1	NC_002945.4	NODE_43_length_30298_cov_28.943257	99.99		True
CONTIG	NODE_43_length_30298_cov_28.943257	30298	correct
2423267	2453624	30244	1	NC_002945.4	NODE_44_length_30244_cov_29.030581	99.61		True
CONTIG	NODE_44_length_30244_cov_29.030581	30244	correct
2294650	2324484	29835	1	NC_002945.4	NODE_45_length_29835_cov_27.427191	99.99		True
CONTIG	NODE_45_length_29835_cov_27.427191	29835	correct
2343780	2372155	84	28459	NC_002945.4	NODE_46_length_28490_cov_27.987096	99.98		True
CONTIG	NODE_46_length_28490_cov_27.987096	28490	correct
338750	339324	128	702	NC_002945.4	NODE_47_length_28178_cov_26.578054	99.3		True
local misassembly
339412	340108	703	1399	NC_002945.4	NODE_47_length_28178_cov_26.578054	99.43		True
relocation, inconsistency = 5807
332249	333172	2755	1832	NC_002945.4	NODE_47_length_28178_cov_26.578054	99.69		True
local misassembly
306721	332143	28178	2756	NC_002945.4	NODE_47_length_28178_cov_26.578054	99.99		True
CONTIG	NODE_47_length_28178_cov_26.578054	28178	misassembled
105040	131888	1	26849	NC_002945.4	NODE_48_length_27429_cov_28.228738	99.98		True
local misassembly
132036	132577	26850	27391	NC_002945.4	NODE_48_length_27429_cov_28.228738	98.58		True
CONTIG	NODE_48_length_27429_cov_28.228738	27429	correct
2666111	2693421	1	27310	NC_002945.4	NODE_49_length_27310_cov_28.698378	99.99		True
CONTIG	NODE_49_length_27310_cov_28.698378	27310	correct
1387294	1412955	25662	1	NC_002945.4	NODE_50_length_25662_cov_27.259644	99.98		True
CONTIG	NODE_50_length_25662_cov_27.259644	25662	correct
339719	363578	1	23860	NC_002945.4	NODE_51_length_24062_cov_25.899645	99.97		True
CONTIG	NODE_51_length_24062_cov_25.899645	24062	correct
2776928	2799828	1	22901	NC_002945.4	NODE_52_length_22901_cov_29.291736	100.0		True
CONTIG	NODE_52_length_22901_cov_29.291736	22901	correct
1191546	1213474	134	22062	NC_002945.4	NODE_53_length_22153_cov_27.238990	99.95		True
CONTIG	NODE_53_length_22153_cov_27.238990	22153	correct
2386668	2408642	1	21975	NC_002945.4	NODE_54_length_22073_cov_24.838923	100.0		True
CONTIG	NODE_54_length_22073_cov_24.838923	22073	correct
4259930	4281627	1	21696	NC_002945.4	NODE_55_length_21696_cov_26.866800	99.98		True
CONTIG	NODE_55_length_21696_cov_26.866800	21696	correct
3674358	3692655	1	18298	NC_002945.4	NODE_56_length_21309_cov_22.896185	99.95		True
relocation, inconsistency = 1728
3694384	3697406	18299	21303	NC_002945.4	NODE_56_length_21309_cov_22.896185	98.94		True
CONTIG	NODE_56_length_21309_cov_22.896185	21309	misassembled
2140813	2161533	20408	1	NC_002945.4	NODE_57_length_20408_cov_28.374932	98.3		True
CONTIG	NODE_57_length_20408_cov_28.374932	20408	correct
1171083	1189860	1	18778	NC_002945.4	NODE_58_length_20264_cov_29.118886	99.99		True
local misassembly
1190092	1191577	18779	20264	NC_002945.4	NODE_58_length_20264_cov_29.118886	99.67		True
CONTIG	NODE_58_length_20264_cov_29.118886	20264	correct
1471935	1490435	1	18502	NC_002945.4	NODE_59_length_18557_cov_27.393814	99.98		True
CONTIG	NODE_59_length_18557_cov_27.393814	18557	correct
2192685	2210006	17464	143	NC_002945.4	NODE_60_length_17464_cov_31.448694	99.99		True
CONTIG	NODE_60_length_17464_cov_31.448694	17464	correct
2326334	2343714	17381	1	NC_002945.4	NODE_61_length_17381_cov_25.054190	99.99		True
CONTIG	NODE_61_length_17381_cov_25.054190	17381	correct
892165	909508	17344	1	NC_002945.4	NODE_62_length_17344_cov_29.199396	99.99		True
CONTIG	NODE_62_length_17344_cov_29.199396	17344	correct
3760109	3777383	17277	1	NC_002945.4	NODE_63_length_17277_cov_28.924082	99.96		True
CONTIG	NODE_63_length_17277_cov_28.924082	17277	correct
132658	149553	16896	1	NC_002945.4	NODE_64_length_16896_cov_33.842447	99.96		True
CONTIG	NODE_64_length_16896_cov_33.842447	16896	correct
910050	926329	1	16280	NC_002945.4	NODE_65_length_16280_cov_28.972513	99.99		True
CONTIG	NODE_65_length_16280_cov_28.972513	16280	correct
3108519	3124608	1	16090	NC_002945.4	NODE_66_length_16090_cov_25.580718	99.99		True
CONTIG	NODE_66_length_16090_cov_25.580718	16090	correct
2916851	2932220	1	15370	NC_002945.4	NODE_67_length_15636_cov_31.240377	99.96		True
CONTIG	NODE_67_length_15636_cov_31.240377	15636	correct
3193780	3209290	15611	1	NC_002945.4	NODE_68_length_15611_cov_31.875614	100.0		True
CONTIG	NODE_68_length_15611_cov_31.875614	15611	correct
1853860	1869243	133	15516	NC_002945.4	NODE_69_length_15542_cov_19.999481	99.99		True
CONTIG	NODE_69_length_15542_cov_19.999481	15542	correct
609085	624334	15322	73	NC_002945.4	NODE_70_length_15322_cov_25.998026	99.99		True
CONTIG	NODE_70_length_15322_cov_25.998026	15322	correct
2372366	2386761	1	14396	NC_002945.4	NODE_71_length_14396_cov_30.276614	99.98		True
CONTIG	NODE_71_length_14396_cov_30.276614	14396	correct
2409077	2422776	13700	1	NC_002945.4	NODE_72_length_13700_cov_26.582259	99.98		True
CONTIG	NODE_72_length_13700_cov_26.582259	13700	correct
2944619	2957076	12458	1	NC_002945.4	NODE_73_length_12458_cov_28.465007	99.98		True
CONTIG	NODE_73_length_12458_cov_28.465007	12458	correct
4281676	4293921	1	12246	NC_002945.4	NODE_74_length_12246_cov_26.251176	99.99		True
CONTIG	NODE_74_length_12246_cov_26.251176	12246	correct
3097191	3108468	11278	1	NC_002945.4	NODE_75_length_11278_cov_26.231100	99.96		True
CONTIG	NODE_75_length_11278_cov_26.231100	11278	correct
3700330	3711403	11023	1	NC_002945.4	NODE_76_length_11034_cov_17.680114	99.54		True
CONTIG	NODE_76_length_11034_cov_17.680114	11034	correct
2933783	2943963	10181	1	NC_002945.4	NODE_77_length_10181_cov_26.109807	99.99		True
CONTIG	NODE_77_length_10181_cov_26.109807	10181	correct
3209306	3219348	1	10043	NC_002945.4	NODE_78_length_10043_cov_27.940904	100.0		True
CONTIG	NODE_78_length_10043_cov_27.940904	10043	correct
1623846	1633308	1	9406	NC_002945.4	NODE_79_length_9406_cov_22.761073	99.37		True
CONTIG	NODE_79_length_9406_cov_22.761073	9406	correct
3716041	3724646	8606	1	NC_002945.4	NODE_80_length_8661_cov_13.515233	99.93		True
CONTIG	NODE_80_length_8661_cov_13.515233	8661	correct
4301852	4309417	1	7566	NC_002945.4	NODE_81_length_7625_cov_23.953054	99.96		True
CONTIG	NODE_81_length_7625_cov_23.953054	7625	correct
3882139	3884027	217	2153	NC_002945.4	NODE_82_length_7493_cov_12.048602	97.69		True
local misassembly
3884643	3889973	2154	7493	NC_002945.4	NODE_82_length_7493_cov_12.048602	99.81		True
CONTIG	NODE_82_length_7493_cov_12.048602	7493	correct
4294631	4301838	33	7240	NC_002945.4	NODE_83_length_7240_cov_23.864614	99.99		True
CONTIG	NODE_83_length_7240_cov_23.864614	7240	correct
2766782	2773105	151	6473	NC_002945.4	NODE_84_length_6530_cov_18.236452	99.86		True
CONTIG	NODE_84_length_6530_cov_18.236452	6530	correct
1987018	1992127	1	5111	NC_002945.4	NODE_85_length_5111_cov_25.372592	99.98		True
CONTIG	NODE_85_length_5111_cov_25.372592	5111	correct
3980257	3984630	186	4559	NC_002945.4	NODE_86_length_4597_cov_22.491946	99.7		True
CONTIG	NODE_86_length_4597_cov_22.491946	4597	correct
1214750	1218291	3715	174	NC_002945.4	NODE_87_length_4448_cov_17.518399	100.0		True
local misassembly
1214279	1214774	4330	3835	NC_002945.4	NODE_87_length_4448_cov_17.518399	99.6		True
CONTIG	NODE_87_length_4448_cov_17.518399	4448	correct
1165899	1169900	4002	1	NC_002945.4	NODE_88_length_4002_cov_32.953290	99.98		True
CONTIG	NODE_88_length_4002_cov_32.953290	4002	correct
3712180	3715951	1	3772	NC_002945.4	NODE_89_length_3772_cov_18.492730	99.97		True
CONTIG	NODE_89_length_3772_cov_18.492730	3772	correct
3878382	3881368	3020	160	NC_002945.4	NODE_90_length_3129_cov_6.504664	95.28		True
CONTIG	NODE_90_length_3129_cov_6.504664	3129	correct
2284620	2287647	3028	1	NC_002945.4	NODE_91_length_3028_cov_21.974836	99.77		True
CONTIG	NODE_91_length_3028_cov_21.974836	3028	correct
2290710	2293716	3007	1	NC_002945.4	NODE_92_length_3007_cov_17.823264	100.0		True
CONTIG	NODE_92_length_3007_cov_17.823264	3007	correct
3890497	3893240	1	2744	NC_002945.4	NODE_93_length_2749_cov_3.713959	99.89		True
CONTIG	NODE_93_length_2749_cov_3.713959	2749	correct
1993335	1996073	2739	1	NC_002945.4	NODE_94_length_2739_cov_26.640123	100.0		True
CONTIG	NODE_94_length_2739_cov_26.640123	2739	correct
3697373	3699630	130	2387	NC_002945.4	NODE_95_length_2393_cov_3.187555	99.87		True
CONTIG	NODE_95_length_2393_cov_3.187555	2393	correct
2609387	2611609	2223	1	NC_002945.4	NODE_96_length_2223_cov_18.124046	100.0		True
CONTIG	NODE_96_length_2223_cov_18.124046	2223	correct
3692605	3694202	16	1613	NC_002945.4	NODE_97_length_1613_cov_14.144684	99.56		True
CONTIG	NODE_97_length_1613_cov_14.144684	1613	correct
401182	402731	1550	1	NC_002945.4	NODE_98_length_1550_cov_41.334505	100.0		True
CONTIG	NODE_98_length_1550_cov_41.334505	1550	correct
2054938	2056452	1515	1	NC_002945.4	NODE_99_length_1515_cov_19.461023	100.0		True
CONTIG	NODE_99_length_1515_cov_19.461023	1515	correct
4193589	4195052	1	1464	NC_002945.4	NODE_100_length_1464_cov_65.161556	100.0		True
CONTIG	NODE_100_length_1464_cov_65.161556	1464	correct
3443593	3445031	1439	1	NC_002945.4	NODE_101_length_1439_cov_41.865854	100.0		True
CONTIG	NODE_101_length_1439_cov_41.865854	1439	correct
1094890	1096231	1	1342	NC_002945.4	NODE_102_length_1350_cov_27.789861	100.0		True
CONTIG	NODE_102_length_1350_cov_27.789861	1350	correct
890952	892291	1340	1	NC_002945.4	NODE_103_length_1340_cov_53.763397	100.0		True
CONTIG	NODE_103_length_1340_cov_53.763397	1340	correct
2324637	2325822	1186	1	NC_002945.4	NODE_104_length_1326_cov_14.291910	100.0		True
CONTIG	NODE_104_length_1326_cov_14.291910	1326	correct
3339137	3340461	1325	1	NC_002945.4	NODE_105_length_1325_cov_21.974958	100.0		True
CONTIG	NODE_105_length_1325_cov_21.974958	1325	correct
2774281	2775586	1306	1	NC_002945.4	NODE_106_length_1325_cov_3.464107	100.0		True
CONTIG	NODE_106_length_1325_cov_3.464107	1325	correct
3835659	3836979	1	1321	NC_002945.4	NODE_107_length_1321_cov_55.690955	99.7		True
CONTIG	NODE_107_length_1321_cov_55.690955	1321	correct
336693	337898	103	1308	NC_002945.4	NODE_108_length_1308_cov_12.002540	99.92		True
CONTIG	NODE_108_length_1308_cov_12.002540	1308	correct
2288581	2289835	1255	1	NC_002945.4	NODE_109_length_1255_cov_26.797872	100.0		True
CONTIG	NODE_109_length_1255_cov_26.797872	1255	correct
2287521	2288707	1187	1	NC_002945.4	NODE_110_length_1187_cov_20.634906	100.0		True
CONTIG	NODE_110_length_1187_cov_20.634906	1187	correct
2289709	2290836	1128	1	NC_002945.4	NODE_111_length_1128_cov_55.117882	99.91		True
CONTIG	NODE_111_length_1128_cov_55.117882	1128	correct
839644	840768	1	1125	NC_002945.4	NODE_112_length_1125_cov_8.007014	100.0		True
CONTIG	NODE_112_length_1125_cov_8.007014	1125	correct
674905	675796	892	1	NC_002945.4	NODE_113_length_1063_cov_2.506410	99.89		True
CONTIG	NODE_113_length_1063_cov_2.506410	1063	correct
3711277	3712306	1	1030	NC_002945.4	NODE_114_length_1030_cov_52.829457	100.0		True
CONTIG	NODE_114_length_1030_cov_52.829457	1030	correct
1165044	1166025	1	982	NC_002945.4	NODE_115_length_982_cov_58.553216	100.0		True
CONTIG	NODE_115_length_982_cov_58.553216	982	correct
CONTIG	NODE_116_length_969_cov_2.135392	969	unaligned
3442285	3443193	909	1	NC_002945.4	NODE_117_length_909_cov_170.117647	100.0		True
CONTIG	NODE_117_length_909_cov_170.117647	909	correct
338082	338867	15	809	NC_002945.4	NODE_118_length_893_cov_2.861619	97.11		True
CONTIG	NODE_118_length_893_cov_2.861619	893	correct
3341521	3342410	1	890	NC_002945.4	NODE_119_length_890_cov_16.448231	100.0		True
CONTIG	NODE_119_length_890_cov_16.448231	890	correct
1996254	1996988	1	735	NC_002945.4	NODE_120_length_881_cov_1.486737	99.05		True
CONTIG	NODE_120_length_881_cov_1.486737	881	correct
2191968	2192811	1	844	NC_002945.4	NODE_121_length_844_cov_52.709902	100.0		True
CONTIG	NODE_121_length_844_cov_52.709902	844	correct
3444905	3445699	1	795	NC_002945.4	NODE_122_length_795_cov_62.461078	100.0		True
CONTIG	NODE_122_length_795_cov_62.461078	795	correct
2693295	2694038	744	1	NC_002945.4	NODE_123_length_744_cov_45.716370	100.0		True
CONTIG	NODE_123_length_744_cov_45.716370	744	correct
335696	336401	709	4	NC_002945.4	NODE_124_length_709_cov_6.077320	99.72		True
CONTIG	NODE_124_length_709_cov_6.077320	709	correct
1633352	1634020	669	1	NC_002945.4	NODE_125_length_669_cov_3.846863	100.0		True
CONTIG	NODE_125_length_669_cov_3.846863	669	correct
1986041	1986471	431	1	NC_002945.4	NODE_126_length_644_cov_2.119923	100.0		True
CONTIG	NODE_126_length_644_cov_2.119923	644	correct
3340552	3341186	1	635	NC_002945.4	NODE_127_length_635_cov_21.112205	100.0		True
CONTIG	NODE_127_length_635_cov_21.112205	635	correct
3338676	3339263	1	588	NC_002945.4	NODE_128_length_588_cov_35.140998	100.0		True
CONTIG	NODE_128_length_588_cov_35.140998	588	correct
1573353	1573714	207	568	NC_002945.4	NODE_129_length_568_cov_0.752834	99.72		True
CONTIG	NODE_129_length_568_cov_0.752834	568	correct
CONTIG	NODE_130_length_556_cov_0.538462	556	unaligned
674103	674501	107	505	NC_002945.4	NODE_131_length_505_cov_2.111111	100.0		True
CONTIG	NODE_131_length_505_cov_2.111111	505	correct
