S1	E1	S2	E2	Reference	Contig	IDY	Ambiguous	Best_group
3124647	3193870	69117	1	NC_002945.4	NODE_1_length_235901_cov_33.951271	99.83		True
local misassembly
2957039	3124463	235901	69166	NC_002945.4	NODE_1_length_235901_cov_33.951271	99.45		True
CONTIG	NODE_1_length_235901_cov_33.951271	235901	correct
3445573	3673271	227591	1	NC_002945.4	NODE_2_length_227591_cov_33.839201	99.93		True
CONTIG	NODE_2_length_227591_cov_33.839201	227591	correct
2453628	2665758	1	212183	NC_002945.4	NODE_3_length_212183_cov_32.829446	99.96		True
CONTIG	NODE_3_length_212183_cov_32.829446	212183	correct
402605	607788	1	204915	NC_002945.4	NODE_4_length_204915_cov_32.632503	99.86		True
CONTIG	NODE_4_length_204915_cov_32.632503	204915	correct
150007	306665	156632	1	NC_002945.4	NODE_5_length_156632_cov_32.646784	99.97		True
CONTIG	NODE_5_length_156632_cov_32.646784	156632	correct
1638935	1769053	130210	93	NC_002945.4	NODE_6_length_141016_cov_32.827488	99.99		True
local misassembly
1638385	1638739	130565	130211	NC_002945.4	NODE_6_length_141016_cov_32.827488	99.74		True
relocation, inconsistency = 3935
1633544	1634449	131471	130566	NC_002945.4	NODE_6_length_141016_cov_32.827488	100.0		True
local misassembly
1623851	1633291	140855	131472	NC_002945.4	NODE_6_length_141016_cov_32.827488	99.36		True
CONTIG	NODE_6_length_141016_cov_32.827488	141016	misassembled
970174	1009472	21	39318	NC_002945.4	NODE_7_length_119771_cov_32.955309	99.98		True
relocation, inconsistency = 1457
1010930	1091252	39319	119644	NC_002945.4	NODE_7_length_119771_cov_32.955309	99.99		True
CONTIG	NODE_7_length_119771_cov_32.955309	119771	misassembled
3219373	3338802	18	119673	NC_002945.4	NODE_8_length_119673_cov_32.267111	99.88		True
CONTIG	NODE_8_length_119673_cov_32.267111	119673	correct
1869467	1985638	180	115885	NC_002945.4	NODE_9_length_115885_cov_32.959709	99.58		True
CONTIG	NODE_9_length_115885_cov_32.959709	115885	correct
824601	838009	13547	139	NC_002945.4	NODE_10_length_111128_cov_32.313844	99.98		True
local misassembly
726466	824045	111128	13548	NC_002945.4	NODE_10_length_111128_cov_32.313844	99.99		True
CONTIG	NODE_10_length_111128_cov_32.313844	111128	correct
4035961	4141969	105894	1	NC_002945.4	NODE_11_length_105894_cov_34.077954	99.88		True
CONTIG	NODE_11_length_105894_cov_34.077954	105894	correct
3343594	3442410	98885	1	NC_002945.4	NODE_12_length_98885_cov_33.631422	99.92		True
CONTIG	NODE_12_length_98885_cov_33.631422	98885	correct
30083	55622	25621	79	NC_002945.4	NODE_13_length_95579_cov_33.239157	99.96		True
local misassembly
1	29469	55091	25623	NC_002945.4	NODE_13_length_95579_cov_33.239157	99.99		True
fake: not a misassembly [linear representation of circular genome]
4309416	4349904	95579	55092	NC_002945.4	NODE_13_length_95579_cov_33.239157	99.99		True
CONTIG	NODE_13_length_95579_cov_33.239157	95579	correct
1779460	1869440	90077	97	NC_002945.4	NODE_14_length_90077_cov_33.704591	99.97		True
CONTIG	NODE_14_length_90077_cov_33.704591	90077	correct
2083596	2140695	57132	33	NC_002945.4	NODE_15_length_84058_cov_33.402497	99.99		True
local misassembly
2056995	2083604	83880	57271	NC_002945.4	NODE_15_length_84058_cov_33.402497	99.98		True
CONTIG	NODE_15_length_84058_cov_33.402497	84058	correct
3897145	3979550	1	82397	NC_002945.4	NODE_16_length_82397_cov_34.539820	99.97		True
CONTIG	NODE_16_length_82397_cov_34.539820	82397	correct
1491995	1573361	81433	67	NC_002945.4	NODE_17_length_81571_cov_33.623643	99.93		True
CONTIG	NODE_17_length_81571_cov_33.623643	81571	correct
2693912	2773105	1	79193	NC_002945.4	NODE_18_length_79366_cov_32.589091	99.99		True
CONTIG	NODE_18_length_79366_cov_32.589091	79366	correct
1092432	1165170	1	72728	NC_002945.4	NODE_19_length_72728_cov_34.105756	99.96		True
CONTIG	NODE_19_length_72728_cov_34.105756	72728	correct
2852146	2916309	64281	119	NC_002945.4	NODE_20_length_64335_cov_35.401913	99.98		True
CONTIG	NODE_20_length_64335_cov_35.401913	64335	correct
4194926	4259153	1	64228	NC_002945.4	NODE_21_length_64228_cov_33.124397	99.99		True
CONTIG	NODE_21_length_64228_cov_33.124397	64228	correct
1280097	1343223	63189	1	NC_002945.4	NODE_22_length_63189_cov_36.089864	99.89		True
CONTIG	NODE_22_length_63189_cov_36.089864	63189	correct
1219300	1278412	28	59140	NC_002945.4	NODE_23_length_59140_cov_33.682240	99.98		True
CONTIG	NODE_23_length_59140_cov_33.682240	59140	correct
3777400	3835785	1	58318	NC_002945.4	NODE_24_length_58318_cov_36.225825	99.87		True
CONTIG	NODE_24_length_58318_cov_36.225825	58318	correct
1418316	1470724	1	52352	NC_002945.4	NODE_25_length_52352_cov_31.979205	99.88		True
CONTIG	NODE_25_length_52352_cov_31.979205	52352	correct
4000854	4035724	34871	1	NC_002945.4	NODE_26_length_51085_cov_34.463126	99.98		True
fake: scaffold gap size wrong estimation (local)
3984616	4000631	50987	34972	NC_002945.4	NODE_26_length_51085_cov_34.463126	100.0		True
CONTIG	NODE_26_length_51085_cov_34.463126	51085	correct
2801012	2852048	51037	1	NC_002945.4	NODE_27_length_51037_cov_35.723728	99.99		True
CONTIG	NODE_27_length_51037_cov_35.723728	51037	correct
1574169	1623835	49834	168	NC_002945.4	NODE_28_length_49960_cov_34.768828	99.98		True
CONTIG	NODE_28_length_49960_cov_34.768828	49960	correct
676569	726475	1	49907	NC_002945.4	NODE_29_length_49907_cov_35.309341	99.99		True
CONTIG	NODE_29_length_49907_cov_35.309341	49907	correct
624940	673260	48390	70	NC_002945.4	NODE_30_length_48390_cov_37.213352	99.99		True
CONTIG	NODE_30_length_48390_cov_37.213352	48390	correct
842721	891078	1	48358	NC_002945.4	NODE_31_length_48358_cov_31.818561	99.99		True
CONTIG	NODE_31_length_48358_cov_31.818561	48358	correct
55690	103918	99	48337	NC_002945.4	NODE_32_length_48337_cov_32.708484	99.96		True
CONTIG	NODE_32_length_48337_cov_32.708484	48337	correct
2294650	2324391	1	29742	NC_002945.4	NODE_33_length_46707_cov_36.067969	99.99		True
relocation, inconsistency = 2596
2326988	2343831	29743	46586	NC_002945.4	NODE_33_length_46707_cov_36.067969	99.98		True
CONTIG	NODE_33_length_46707_cov_36.067969	46707	misassembled
1997098	2041007	43976	67	NC_002945.4	NODE_34_length_43977_cov_31.216784	99.98		True
CONTIG	NODE_34_length_43977_cov_31.216784	43977	correct
1343879	1386525	42652	1	NC_002945.4	NODE_35_length_42652_cov_35.517578	99.98		True
CONTIG	NODE_35_length_42652_cov_35.517578	42652	correct
1171083	1189853	1	18771	NC_002945.4	NODE_36_length_42431_cov_33.151380	99.99		True
local misassembly
1190085	1213653	18772	42265	NC_002945.4	NODE_36_length_42431_cov_33.151380	99.65		True
CONTIG	NODE_36_length_42431_cov_33.151380	42431	correct
4151350	4193715	42366	1	NC_002945.4	NODE_37_length_42366_cov_35.383224	99.98		True
CONTIG	NODE_37_length_42366_cov_35.383224	42366	correct
3836888	3878247	1	41352	NC_002945.4	NODE_38_length_41352_cov_32.606986	99.96		True
CONTIG	NODE_38_length_41352_cov_32.606986	41352	correct
930786	970110	39565	1	NC_002945.4	NODE_39_length_39723_cov_34.590287	99.37		True
CONTIG	NODE_39_length_39723_cov_34.590287	39723	correct
2246080	2283745	118	37785	NC_002945.4	NODE_40_length_37785_cov_32.573026	99.95		True
CONTIG	NODE_40_length_37785_cov_32.573026	37785	correct
363934	401308	37375	1	NC_002945.4	NODE_41_length_37375_cov_30.669647	99.99		True
CONTIG	NODE_41_length_37375_cov_30.669647	37375	correct
2372425	2408674	36192	1	NC_002945.4	NODE_42_length_36357_cov_34.160530	99.83		True
CONTIG	NODE_42_length_36357_cov_34.160530	36357	correct
2210082	2246087	36006	1	NC_002945.4	NODE_43_length_36006_cov_34.011455	99.99		True
CONTIG	NODE_43_length_36006_cov_34.011455	36006	correct
3737665	3759111	21523	74	NC_002945.4	NODE_44_length_34132_cov_34.234965	99.98		True
local misassembly
3724846	3737454	34132	21524	NC_002945.4	NODE_44_length_34132_cov_34.234965	99.98		True
CONTIG	NODE_44_length_34132_cov_34.234965	34132	correct
1387000	1417336	153	30489	NC_002945.4	NODE_45_length_30489_cov_34.060470	99.98		True
CONTIG	NODE_45_length_30489_cov_34.060470	30489	correct
2423267	2453663	1	30283	NC_002945.4	NODE_46_length_30366_cov_32.828533	99.61		True
CONTIG	NODE_46_length_30366_cov_32.828533	30366	correct
2161798	2192094	1	30298	NC_002945.4	NODE_47_length_30298_cov_30.852739	99.99		True
CONTIG	NODE_47_length_30298_cov_30.852739	30298	correct
2343917	2372315	28399	1	NC_002945.4	NODE_48_length_28515_cov_32.161160	99.96		True
CONTIG	NODE_48_length_28515_cov_32.161160	28515	correct
2666082	2693421	1	27339	NC_002945.4	NODE_49_length_27339_cov_35.066111	99.98		True
CONTIG	NODE_49_length_27339_cov_35.066111	27339	correct
336693	363695	155	27079	NC_002945.4	NODE_50_length_27297_cov_33.906919	99.62		True
CONTIG	NODE_50_length_27297_cov_33.906919	27297	correct
105040	132072	1	27033	NC_002945.4	NODE_51_length_27033_cov_32.800342	99.98		True
CONTIG	NODE_51_length_27033_cov_32.800342	27033	correct
306705	333298	26622	134	NC_002945.4	NODE_52_length_26622_cov_35.628269	99.6		True
CONTIG	NODE_52_length_26622_cov_35.628269	26622	correct
3674358	3699817	1	25442	NC_002945.4	NODE_53_length_25442_cov_26.939996	99.91		True
CONTIG	NODE_53_length_25442_cov_26.939996	25442	correct
2777230	2799828	22599	1	NC_002945.4	NODE_54_length_22599_cov_34.467382	100.0		True
CONTIG	NODE_54_length_22599_cov_34.467382	22599	correct
4259930	4281645	21714	1	NC_002945.4	NODE_55_length_21714_cov_29.425349	99.98		True
CONTIG	NODE_55_length_21714_cov_29.425349	21714	correct
2140828	2161533	270	20731	NC_002945.4	NODE_56_length_20731_cov_31.262134	98.63		True
CONTIG	NODE_56_length_20731_cov_31.262134	20731	correct
1490961	1491341	381	1	NC_002945.4	NODE_57_length_19195_cov_30.218481	100.0		True
local misassembly
1471935	1490747	19195	382	NC_002945.4	NODE_57_length_19195_cov_30.218481	99.98		True
CONTIG	NODE_57_length_19195_cov_30.218481	19195	correct
3759677	3777383	22	17730	NC_002945.4	NODE_58_length_17730_cov_34.719820	99.92		True
CONTIG	NODE_58_length_17730_cov_34.719820	17730	correct
2192685	2209982	1	17298	NC_002945.4	NODE_59_length_17425_cov_30.768123	99.99		True
CONTIG	NODE_59_length_17425_cov_30.768123	17425	correct
892165	909508	1	17344	NC_002945.4	NODE_60_length_17344_cov_35.222164	99.99		True
CONTIG	NODE_60_length_17344_cov_35.222164	17344	correct
132692	149939	17274	27	NC_002945.4	NODE_61_length_17274_cov_35.843005	99.97		True
CONTIG	NODE_61_length_17274_cov_35.843005	17274	correct
910050	926336	1	16287	NC_002945.4	NODE_62_length_16287_cov_36.230198	99.98		True
CONTIG	NODE_62_length_16287_cov_36.230198	16287	correct
3193780	3209287	15607	1	NC_002945.4	NODE_63_length_15607_cov_31.958204	99.99		True
CONTIG	NODE_63_length_15607_cov_31.958204	15607	correct
2041050	2056440	15391	1	NC_002945.4	NODE_64_length_15391_cov_35.737552	99.99		True
CONTIG	NODE_64_length_15391_cov_35.737552	15391	correct
609085	624347	15389	127	NC_002945.4	NODE_65_length_15389_cov_35.657843	99.97		True
CONTIG	NODE_65_length_15389_cov_35.657843	15389	correct
2916851	2932204	1	15354	NC_002945.4	NODE_66_length_15354_cov_38.866881	99.93		True
CONTIG	NODE_66_length_15354_cov_38.866881	15354	correct
4294672	4309320	123	14771	NC_002945.4	NODE_67_length_14972_cov_33.704614	99.99		True
CONTIG	NODE_67_length_14972_cov_33.704614	14972	correct
2409075	2422776	13702	1	NC_002945.4	NODE_68_length_13702_cov_34.955875	99.98		True
CONTIG	NODE_68_length_13702_cov_34.955875	13702	correct
3712180	3724931	1	12752	NC_002945.4	NODE_69_length_12752_cov_25.682931	99.96		True
CONTIG	NODE_69_length_12752_cov_25.682931	12752	correct
2944619	2957076	12458	1	NC_002945.4	NODE_70_length_12458_cov_35.087016	99.98		True
CONTIG	NODE_70_length_12458_cov_35.087016	12458	correct
4282172	4293953	1	11782	NC_002945.4	NODE_71_length_11782_cov_29.261604	99.99		True
CONTIG	NODE_71_length_11782_cov_29.261604	11782	correct
3700350	3711403	11054	1	NC_002945.4	NODE_72_length_11506_cov_25.173565	100.0		True
relocation, inconsistency = 1714121
1985777	1986228	11506	11055	NC_002945.4	NODE_72_length_11506_cov_25.173565	100.0		True
CONTIG	NODE_72_length_11506_cov_25.173565	11506	misassembled
2933878	2943963	10086	1	NC_002945.4	NODE_73_length_10279_cov_36.046395	99.98		True
CONTIG	NODE_73_length_10279_cov_36.046395	10279	correct
3209302	3219347	10046	1	NC_002945.4	NODE_74_length_10046_cov_31.724267	100.0		True
CONTIG	NODE_74_length_10046_cov_31.724267	10046	correct
4142688	4151476	8789	1	NC_002945.4	NODE_75_length_8789_cov_33.658739	99.99		True
CONTIG	NODE_75_length_8789_cov_33.658739	8789	correct
3890842	3895329	1	4488	NC_002945.4	NODE_76_length_6109_cov_16.669174	99.91		True
relocation, inconsistency = 10975
3878368	3879857	5987	4498	NC_002945.4	NODE_76_length_6109_cov_16.669174	100.0		True
CONTIG	NODE_76_length_6109_cov_16.669174	6109	misassembled
3884660	3890001	1	5351	NC_002945.4	NODE_77_length_5351_cov_30.491769	99.81		True
CONTIG	NODE_77_length_5351_cov_30.491769	5351	correct
1987019	1992127	1	5110	NC_002945.4	NODE_78_length_5110_cov_38.966085	99.98		True
CONTIG	NODE_78_length_5110_cov_38.966085	5110	correct
3980336	3984489	4154	1	NC_002945.4	NODE_79_length_4351_cov_42.137074	100.0		True
CONTIG	NODE_79_length_4351_cov_42.137074	4351	correct
1165899	1169900	1	4002	NC_002945.4	NODE_80_length_4002_cov_32.994839	99.98		True
CONTIG	NODE_80_length_4002_cov_32.994839	4002	correct
1214750	1218401	3652	1	NC_002945.4	NODE_81_length_3977_cov_43.688571	99.95		True
local misassembly
1214569	1214774	3977	3772	NC_002945.4	NODE_81_length_3977_cov_43.688571	99.51		True
CONTIG	NODE_81_length_3977_cov_43.688571	3977	correct
2284620	2287647	3028	1	NC_002945.4	NODE_82_length_3028_cov_27.991382	99.77		True
CONTIG	NODE_82_length_3028_cov_27.991382	3028	correct
2290710	2293716	1	3007	NC_002945.4	NODE_83_length_3007_cov_29.767361	100.0		True
CONTIG	NODE_83_length_3007_cov_29.767361	3007	correct
1993335	1996071	2952	216	NC_002945.4	NODE_84_length_2952_cov_44.744425	100.0		True
CONTIG	NODE_84_length_2952_cov_44.744425	2952	correct
3881810	3882155	1	346	NC_002945.4	NODE_85_length_2561_cov_5.268694	100.0		True
local misassembly
3882139	3884154	498	2561	NC_002945.4	NODE_85_length_2561_cov_5.268694	97.67		True
CONTIG	NODE_85_length_2561_cov_5.268694	2561	correct
928970	930612	1643	1	NC_002945.4	NODE_86_length_2489_cov_13.058002	99.94		True
local misassembly
928309	928975	2457	1782	NC_002945.4	NODE_86_length_2489_cov_13.058002	98.67		True
CONTIG	NODE_86_length_2489_cov_13.058002	2489	correct
1635657	1638030	2425	1	NC_002945.4	NODE_87_length_2425_cov_32.929504	97.9		True
CONTIG	NODE_87_length_2425_cov_32.929504	2425	correct
334039	336422	1	2303	NC_002945.4	NODE_88_length_2309_cov_10.361595	96.43		True
CONTIG	NODE_88_length_2309_cov_10.361595	2309	correct
401182	402731	1550	1	NC_002945.4	NODE_89_length_1550_cov_54.269150	100.0		True
CONTIG	NODE_89_length_1550_cov_54.269150	1550	correct
674749	676237	1	1489	NC_002945.4	NODE_90_length_1489_cov_5.699706	100.0		True
CONTIG	NODE_90_length_1489_cov_5.699706	1489	correct
4193589	4195052	1	1464	NC_002945.4	NODE_91_length_1464_cov_68.708302	100.0		True
CONTIG	NODE_91_length_1464_cov_68.708302	1464	correct
3443593	3445031	1	1439	NC_002945.4	NODE_92_length_1439_cov_33.168445	100.0		True
CONTIG	NODE_92_length_1439_cov_33.168445	1439	correct
2324603	2325842	146	1385	NC_002945.4	NODE_93_length_1385_cov_29.372019	100.0		True
CONTIG	NODE_93_length_1385_cov_29.372019	1385	correct
2774298	2775599	1302	1	NC_002945.4	NODE_94_length_1347_cov_11.055738	99.92		True
CONTIG	NODE_94_length_1347_cov_11.055738	1347	correct
3673145	3674484	1340	1	NC_002945.4	NODE_95_length_1340_cov_65.244023	100.0		True
CONTIG	NODE_95_length_1340_cov_65.244023	1340	correct
3339137	3340461	1	1325	NC_002945.4	NODE_96_length_1325_cov_37.227045	100.0		True
CONTIG	NODE_96_length_1325_cov_37.227045	1325	correct
3835659	3836979	1	1321	NC_002945.4	NODE_97_length_1321_cov_71.648241	99.7		True
CONTIG	NODE_97_length_1321_cov_71.648241	1321	correct
2288581	2289835	1	1255	NC_002945.4	NODE_98_length_1255_cov_40.486702	100.0		True
CONTIG	NODE_98_length_1255_cov_40.486702	1255	correct
839622	840812	1	1191	NC_002945.4	NODE_99_length_1191_cov_15.328008	100.0		True
CONTIG	NODE_99_length_1191_cov_15.328008	1191	correct
2287521	2288707	1	1187	NC_002945.4	NODE_100_length_1187_cov_29.824528	100.0		True
CONTIG	NODE_100_length_1187_cov_29.824528	1187	correct
2289709	2290836	1	1128	NC_002945.4	NODE_101_length_1128_cov_75.843157	99.91		True
CONTIG	NODE_101_length_1128_cov_75.843157	1128	correct
673542	674572	63	1048	NC_002945.4	NODE_102_length_1048_cov_2.771987	95.05		True
CONTIG	NODE_102_length_1048_cov_2.771987	1048	correct
3711277	3712306	1	1030	NC_002945.4	NODE_103_length_1030_cov_72.141750	100.0		True
CONTIG	NODE_103_length_1030_cov_72.141750	1030	correct
1165044	1166025	1	982	NC_002945.4	NODE_104_length_982_cov_62.355556	99.9		True
CONTIG	NODE_104_length_982_cov_62.355556	982	correct
1091563	1092223	102	762	NC_002945.4	NODE_105_length_925_cov_1.130326	100.0		True
CONTIG	NODE_105_length_925_cov_1.130326	925	correct
3342811	3343719	1	909	NC_002945.4	NODE_106_length_909_cov_203.915601	100.0		True
CONTIG	NODE_106_length_909_cov_203.915601	909	correct
3341521	3342410	1	890	NC_002945.4	NODE_107_length_890_cov_26.558322	100.0		True
CONTIG	NODE_107_length_890_cov_26.558322	890	correct
1278286	1279129	844	1	NC_002945.4	NODE_108_length_844_cov_72.755927	100.0		True
CONTIG	NODE_108_length_844_cov_72.755927	844	correct
909382	910176	1	795	NC_002945.4	NODE_109_length_795_cov_65.218563	100.0		True
CONTIG	NODE_109_length_795_cov_65.218563	795	correct
2932295	2932861	589	23	NC_002945.4	NODE_110_length_788_cov_1.508321	99.47		True
CONTIG	NODE_110_length_788_cov_1.508321	788	correct
132042	132645	764	161	NC_002945.4	NODE_111_length_764_cov_1.483516	99.83		True
CONTIG	NODE_111_length_764_cov_1.483516	764	correct
1996349	1996967	749	131	NC_002945.4	NODE_112_length_749_cov_3.045016	100.0		True
CONTIG	NODE_112_length_749_cov_3.045016	749	correct
2693295	2694038	1	744	NC_002945.4	NODE_113_length_744_cov_57.372771	100.0		True
CONTIG	NODE_113_length_744_cov_57.372771	744	correct
3884045	3884769	1	707	NC_002945.4	NODE_114_length_707_cov_21.825862	97.38		True
CONTIG	NODE_114_length_707_cov_21.825862	707	correct
4141994	4142687	694	1	NC_002945.4	NODE_115_length_694_cov_30.985384	100.0		True
CONTIG	NODE_115_length_694_cov_30.985384	694	correct
1213904	1214500	678	82	NC_002945.4	NODE_116_length_678_cov_1.963702	99.33		True
CONTIG	NODE_116_length_678_cov_1.963702	678	correct
3340552	3341186	635	1	NC_002945.4	NODE_117_length_635_cov_28.212598	100.0		True
CONTIG	NODE_117_length_635_cov_28.212598	635	correct
2773511	2774131	621	1	NC_002945.4	NODE_118_length_621_cov_3.473684	100.0		True
CONTIG	NODE_118_length_621_cov_3.473684	621	correct
1218696	1218810	222	108	NC_002945.4	NODE_119_length_618_cov_0.549898	100.0		True
unknown
1219186	1219376	213	403	NC_002945.4	NODE_119_length_618_cov_0.549898	97.91		True
unknown
CONTIG	NODE_119_length_618_cov_0.549898	618	mis_unaligned
3338676	3339263	1	588	NC_002945.4	NODE_120_length_588_cov_57.540130	100.0		True
CONTIG	NODE_120_length_588_cov_57.540130	588	correct
3699819	3700216	157	554	NC_002945.4	NODE_121_length_554_cov_0.875878	100.0		True
CONTIG	NODE_121_length_554_cov_0.875878	554	correct
841646	841948	437	135	NC_002945.4	NODE_122_length_542_cov_1.142169	97.36		True
CONTIG	NODE_122_length_542_cov_1.142169	542	correct
CONTIG	NODE_123_length_525_cov_0.479899	525	unaligned
4294120	4294616	497	1	NC_002945.4	NODE_124_length_521_cov_4.063452	99.6		True
CONTIG	NODE_124_length_521_cov_4.063452	521	correct
