S1	E1	S2	E2	Reference	Contig	IDY	Ambiguous	Best_group
1657497	1763844	106346	1	NC_002945.4	NODE_1_length_106533_cov_23.081277	99.99		True
CONTIG	NODE_1_length_106533_cov_23.081277	106533	correct
4097424	4193621	1	96139	NC_002945.4	NODE_2_length_96139_cov_23.316026	99.93		True
CONTIG	NODE_2_length_96139_cov_23.316026	96139	correct
2515544	2605715	90166	11	NC_002945.4	NODE_3_length_90166_cov_22.958828	99.97		True
CONTIG	NODE_3_length_90166_cov_22.958828	90166	correct
989540	1009472	17	19949	NC_002945.4	NODE_4_length_78651_cov_23.234654	99.98		True
relocation, inconsistency = 1457
1010930	1069613	19950	78635	NC_002945.4	NODE_4_length_78651_cov_23.234654	99.99		True
CONTIG	NODE_4_length_78651_cov_23.234654	78651	misassembled
2696689	2766919	70434	204	NC_002945.4	NODE_5_length_70434_cov_23.069275	99.99		True
CONTIG	NODE_5_length_70434_cov_23.069275	70434	correct
3553432	3622758	1	69327	NC_002945.4	NODE_6_length_69327_cov_23.001761	99.99		True
CONTIG	NODE_6_length_69327_cov_23.001761	69327	correct
477089	545232	68155	18	NC_002945.4	NODE_7_length_68155_cov_23.138722	99.98		True
CONTIG	NODE_7_length_68155_cov_23.138722	68155	correct
202560	260582	57938	21	NC_002945.4	NODE_8_length_57944_cov_23.601216	99.81		True
CONTIG	NODE_8_length_57944_cov_23.601216	57944	correct
2083729	2140709	1	56981	NC_002945.4	NODE_9_length_56981_cov_22.839274	99.99		True
CONTIG	NODE_9_length_56981_cov_22.839274	56981	correct
749467	804237	1	54771	NC_002945.4	NODE_10_length_54771_cov_23.775056	100.0		True
CONTIG	NODE_10_length_54771_cov_23.775056	54771	correct
2839231	2893950	1	54720	NC_002945.4	NODE_11_length_54720_cov_22.370106	99.97		True
CONTIG	NODE_11_length_54720_cov_22.370106	54720	correct
3343687	3397845	1	54227	NC_002945.4	NODE_12_length_54227_cov_23.167030	99.87		True
CONTIG	NODE_12_length_54227_cov_23.167030	54227	correct
17942	29469	1	11528	NC_002945.4	NODE_13_length_52809_cov_24.042557	99.99		True
local misassembly
30083	71359	11530	52809	NC_002945.4	NODE_13_length_52809_cov_24.042557	99.97		True
CONTIG	NODE_13_length_52809_cov_24.042557	52809	correct
3898926	3949642	1	50717	NC_002945.4	NODE_14_length_50742_cov_22.466761	99.99		True
CONTIG	NODE_14_length_50742_cov_22.466761	50742	correct
2617027	2665710	48684	1	NC_002945.4	NODE_15_length_48702_cov_21.185025	99.99		True
CONTIG	NODE_15_length_48702_cov_21.185025	48702	correct
154398	202558	48176	16	NC_002945.4	NODE_16_length_48176_cov_23.510542	99.98		True
CONTIG	NODE_16_length_48176_cov_23.510542	48176	correct
844489	890984	46496	1	NC_002945.4	NODE_17_length_46496_cov_22.931236	99.99		True
CONTIG	NODE_17_length_46496_cov_22.931236	46496	correct
260639	306646	46008	1	NC_002945.4	NODE_18_length_46022_cov_22.817130	99.99		True
CONTIG	NODE_18_length_46022_cov_22.817130	46022	correct
628749	673230	17	44462	NC_002945.4	NODE_19_length_44480_cov_21.478885	99.91		True
CONTIG	NODE_19_length_44480_cov_21.478885	44480	correct
1492040	1535061	1	43022	NC_002945.4	NODE_20_length_43022_cov_23.295355	99.98		True
CONTIG	NODE_20_length_43022_cov_23.295355	43022	correct
3510801	3553386	33	42621	NC_002945.4	NODE_21_length_42621_cov_22.822086	99.99		True
CONTIG	NODE_21_length_42621_cov_22.822086	42621	correct
4217357	4259059	1	41703	NC_002945.4	NODE_22_length_41703_cov_24.625006	99.99		True
CONTIG	NODE_22_length_41703_cov_24.625006	41703	correct
1804796	1845647	40870	19	NC_002945.4	NODE_23_length_40870_cov_22.315523	99.99		True
CONTIG	NODE_23_length_40870_cov_22.315523	40870	correct
2475320	2515398	40079	1	NC_002945.4	NODE_24_length_40083_cov_21.740974	99.98		True
CONTIG	NODE_24_length_40083_cov_21.740974	40083	correct
4328465	4349904	1	21440	NC_002945.4	NODE_25_length_39356_cov_24.074791	99.99		True
fake: not a misassembly [linear representation of circular genome]
1	17916	21441	39356	NC_002945.4	NODE_25_length_39356_cov_24.074791	99.98		True
CONTIG	NODE_25_length_39356_cov_24.074791	39356	correct
1121603	1160233	6	38625	NC_002945.4	NODE_26_length_38649_cov_21.795370	99.96		True
CONTIG	NODE_26_length_38649_cov_21.795370	38649	correct
3214504	3252474	1	37971	NC_002945.4	NODE_27_length_37971_cov_22.987321	99.99		True
CONTIG	NODE_27_length_37971_cov_22.987321	37971	correct
2968183	3006129	37954	8	NC_002945.4	NODE_28_length_37954_cov_23.249150	99.99		True
CONTIG	NODE_28_length_37954_cov_23.249150	37954	correct
2246463	2283547	1	37087	NC_002945.4	NODE_29_length_37087_cov_23.052788	99.95		True
CONTIG	NODE_29_length_37087_cov_23.052788	37087	correct
676429	712910	36482	1	NC_002945.4	NODE_30_length_36482_cov_22.577410	99.96		True
CONTIG	NODE_30_length_36482_cov_22.577410	36482	correct
1583013	1619071	13	36071	NC_002945.4	NODE_31_length_36071_cov_22.064071	99.98		True
CONTIG	NODE_31_length_36071_cov_22.064071	36071	correct
1418410	1454268	35803	1	NC_002945.4	NODE_32_length_35803_cov_22.661895	99.84		True
CONTIG	NODE_32_length_35803_cov_22.661895	35803	correct
1537789	1573321	20	35552	NC_002945.4	NODE_33_length_35552_cov_22.189448	99.99		True
CONTIG	NODE_33_length_35552_cov_22.189448	35552	correct
2210143	2245067	1	34925	NC_002945.4	NODE_34_length_34925_cov_23.018256	100.0		True
CONTIG	NODE_34_length_34925_cov_23.018256	34925	correct
4062742	4097252	1	34511	NC_002945.4	NODE_35_length_34511_cov_22.797842	99.99		True
CONTIG	NODE_35_length_34511_cov_22.797842	34511	correct
4260024	4294110	1	34032	NC_002945.4	NODE_36_length_34032_cov_24.233183	99.83		True
CONTIG	NODE_36_length_34032_cov_24.233183	34032	correct
1220037	1253095	33075	17	NC_002945.4	NODE_37_length_33451_cov_22.295380	99.99		True
relocation, inconsistency = 133868
1386964	1387318	33076	33430	NC_002945.4	NODE_37_length_33451_cov_22.295380	100.0		True
CONTIG	NODE_37_length_33451_cov_22.295380	33451	misassembled
545245	578339	33039	1	NC_002945.4	NODE_38_length_33039_cov_23.583197	99.83		True
CONTIG	NODE_38_length_33039_cov_23.583197	33039	correct
3640178	3673177	32942	1	NC_002945.4	NODE_39_length_32962_cov_23.025843	99.82		True
CONTIG	NODE_39_length_32962_cov_23.025843	32962	correct
3161328	3193667	32340	1	NC_002945.4	NODE_40_length_32340_cov_21.936206	99.99		True
CONTIG	NODE_40_length_32340_cov_21.936206	32340	correct
1190544	1191328	1	785	NC_002945.4	NODE_41_length_31076_cov_22.764262	99.88		True
relocation, inconsistency = -260658
930671	960961	786	31076	NC_002945.4	NODE_41_length_31076_cov_22.764262	99.98		True
CONTIG	NODE_41_length_31076_cov_22.764262	31076	misassembled
1854692	1885247	1	30556	NC_002945.4	NODE_42_length_30556_cov_20.482423	99.98		True
CONTIG	NODE_42_length_30556_cov_20.482423	30556	correct
1892720	1921563	17	28862	NC_002945.4	NODE_43_length_28862_cov_21.994693	99.98		True
CONTIG	NODE_43_length_28862_cov_21.994693	28862	correct
1312346	1340668	28323	1	NC_002945.4	NODE_44_length_28325_cov_23.132617	99.99		True
CONTIG	NODE_44_length_28325_cov_23.132617	28325	correct
105080	131994	26915	1	NC_002945.4	NODE_45_length_26915_cov_22.458522	99.98		True
CONTIG	NODE_45_length_26915_cov_22.458522	26915	correct
2345532	2372110	26579	1	NC_002945.4	NODE_46_length_26593_cov_21.893336	99.98		True
CONTIG	NODE_46_length_26593_cov_21.893336	26593	correct
3312154	3338708	1	26556	NC_002945.4	NODE_47_length_26556_cov_21.901482	99.99		True
CONTIG	NODE_47_length_26556_cov_21.901482	26556	correct
1945446	1971943	26462	1	NC_002945.4	NODE_48_length_26462_cov_22.221688	99.85		True
CONTIG	NODE_48_length_26462_cov_22.221688	26462	correct
3252570	3278724	1	26155	NC_002945.4	NODE_49_length_26155_cov_23.860118	100.0		True
CONTIG	NODE_49_length_26155_cov_23.860118	26155	correct
1387489	1412861	25374	1	NC_002945.4	NODE_50_length_25374_cov_21.853439	99.98		True
CONTIG	NODE_50_length_25374_cov_21.853439	25374	correct
3397856	3423134	1	25279	NC_002945.4	NODE_51_length_25279_cov_21.393409	99.99		True
CONTIG	NODE_51_length_25279_cov_21.393409	25279	correct
3810534	3835691	1	25161	NC_002945.4	NODE_52_length_25161_cov_22.031121	99.97		True
CONTIG	NODE_52_length_25161_cov_22.031121	25161	correct
1779608	1804660	25053	1	NC_002945.4	NODE_53_length_25053_cov_22.088809	99.99		True
CONTIG	NODE_53_length_25053_cov_22.088809	25053	correct
4037671	4062718	25048	1	NC_002945.4	NODE_54_length_25051_cov_23.014470	100.0		True
CONTIG	NODE_54_length_25051_cov_23.014470	25051	correct
3445667	3470524	24874	17	NC_002945.4	NODE_55_length_24874_cov_23.942917	99.97		True
CONTIG	NODE_55_length_24874_cov_23.942917	24874	correct
722361	747143	24797	15	NC_002945.4	NODE_56_length_24806_cov_21.741089	99.98		True
CONTIG	NODE_56_length_24806_cov_21.741089	24806	correct
3785974	3810521	24548	1	NC_002945.4	NODE_57_length_24548_cov_22.825739	99.98		True
CONTIG	NODE_57_length_24548_cov_22.825739	24548	correct
306661	331160	2	24501	NC_002945.4	NODE_58_length_24501_cov_22.518841	100.0		True
CONTIG	NODE_58_length_24501_cov_22.518841	24501	correct
1097079	1121525	1	24447	NC_002945.4	NODE_59_length_24447_cov_24.011960	99.99		True
CONTIG	NODE_59_length_24447_cov_24.011960	24447	correct
2165056	2189049	24009	15	NC_002945.4	NODE_60_length_24009_cov_21.825450	100.0		True
CONTIG	NODE_60_length_24009_cov_21.825450	24009	correct
1921566	1945420	23856	1	NC_002945.4	NODE_61_length_23873_cov_21.647190	99.99		True
CONTIG	NODE_61_length_23873_cov_21.647190	23873	correct
402699	426418	23721	1	NC_002945.4	NODE_62_length_23721_cov_23.208629	99.99		True
CONTIG	NODE_62_length_23721_cov_23.208629	23721	correct
3124953	3132428	7476	1	NC_002945.4	NODE_63_length_23527_cov_23.141398	99.99		True
relocation, inconsistency = 1068778
2040124	2056174	7477	23527	NC_002945.4	NODE_63_length_23527_cov_23.141398	99.99		True
CONTIG	NODE_63_length_23527_cov_23.141398	23527	misassembled
2776861	2800260	23400	1	NC_002945.4	NODE_64_length_23416_cov_26.367446	100.0		True
CONTIG	NODE_64_length_23416_cov_26.367446	23416	correct
3016254	3039417	23164	1	NC_002945.4	NODE_65_length_23170_cov_22.355578	99.99		True
CONTIG	NODE_65_length_23170_cov_22.355578	23170	correct
1997113	2020201	23089	1	NC_002945.4	NODE_66_length_23100_cov_22.782590	99.98		True
CONTIG	NODE_66_length_23100_cov_22.782590	23100	correct
2423361	2444859	21499	1	NC_002945.4	NODE_67_length_21499_cov_23.620796	99.99		True
CONTIG	NODE_67_length_21499_cov_23.620796	21499	correct
2894966	2916135	21169	1	NC_002945.4	NODE_68_length_21169_cov_21.497540	99.98		True
CONTIG	NODE_68_length_21169_cov_21.497540	21169	correct
3737995	3758807	23	20835	NC_002945.4	NODE_69_length_20844_cov_22.168517	100.0		True
CONTIG	NODE_69_length_20844_cov_22.168517	20844	correct
3132522	3153158	20580	1	NC_002945.4	NODE_70_length_20580_cov_23.422300	99.71		True
CONTIG	NODE_70_length_20580_cov_23.422300	20580	correct
2446016	2466242	20242	17	NC_002945.4	NODE_71_length_20258_cov_21.506106	100.0		True
CONTIG	NODE_71_length_20258_cov_21.506106	20258	correct
4195020	4215179	1	20160	NC_002945.4	NODE_72_length_20178_cov_23.241350	99.98		True
CONTIG	NODE_72_length_20178_cov_23.241350	20178	correct
3423121	3442316	1	19196	NC_002945.4	NODE_73_length_19196_cov_24.263424	99.99		True
CONTIG	NODE_73_length_19196_cov_24.263424	19196	correct
2063852	2082860	1	19009	NC_002945.4	NODE_74_length_19010_cov_23.204089	99.99		True
CONTIG	NODE_74_length_19010_cov_23.204089	19010	correct
1472029	1490747	18839	120	NC_002945.4	NODE_75_length_18839_cov_23.381102	99.98		True
CONTIG	NODE_75_length_18839_cov_23.381102	18839	correct
1367582	1386359	2	18795	NC_002945.4	NODE_76_length_18795_cov_22.219113	99.91		True
CONTIG	NODE_76_length_18795_cov_22.219113	18795	correct
438152	456754	18603	1	NC_002945.4	NODE_77_length_18618_cov_21.676137	99.97		True
CONTIG	NODE_77_length_18618_cov_21.676137	18618	correct
132014	150062	88	18136	NC_002945.4	NODE_78_length_18136_cov_22.836657	99.97		True
CONTIG	NODE_78_length_18136_cov_22.836657	18136	correct
4310453	4328471	1	18018	NC_002945.4	NODE_79_length_18018_cov_22.786989	99.98		True
CONTIG	NODE_79_length_18018_cov_22.786989	18018	correct
3470511	3488469	17959	1	NC_002945.4	NODE_80_length_17959_cov_23.134888	99.97		True
CONTIG	NODE_80_length_17959_cov_23.134888	17959	correct
1171177	1189029	1	17853	NC_002945.4	NODE_81_length_17857_cov_22.534953	99.99		True
CONTIG	NODE_81_length_17857_cov_22.534953	17857	correct
1285827	1303547	17721	1	NC_002945.4	NODE_82_length_17721_cov_22.811058	99.99		True
CONTIG	NODE_82_length_17721_cov_22.811058	17721	correct
3674452	3692107	1	17656	NC_002945.4	NODE_83_length_17656_cov_21.458548	100.0		True
CONTIG	NODE_83_length_17656_cov_21.458548	17656	correct
3043715	3061168	1	17478	NC_002945.4	NODE_84_length_17478_cov_23.391000	99.85		True
CONTIG	NODE_84_length_17478_cov_23.391000	17478	correct
2140752	2158053	17302	1	NC_002945.4	NODE_85_length_17302_cov_23.150038	99.99		True
CONTIG	NODE_85_length_17302_cov_23.150038	17302	correct
2193232	2210138	16907	1	NC_002945.4	NODE_86_length_16907_cov_24.502193	99.99		True
CONTIG	NODE_86_length_16907_cov_24.502193	16907	correct
3859854	3862063	2210	1	NC_002945.4	NODE_87_length_16609_cov_22.373793	99.96		True
relocation, inconsistency = 2501455
1343973	1358398	16609	2211	NC_002945.4	NODE_87_length_16609_cov_22.373793	99.81		True
CONTIG	NODE_87_length_16609_cov_22.373793	16609	misassembled
3962717	3979282	16566	1	NC_002945.4	NODE_88_length_16568_cov_22.127548	99.97		True
CONTIG	NODE_88_length_16568_cov_22.127548	16568	correct
3760630	3777190	16561	1	NC_002945.4	NODE_89_length_16561_cov_20.937076	99.99		True
CONTIG	NODE_89_length_16561_cov_20.937076	16561	correct
384748	401214	16467	1	NC_002945.4	NODE_90_length_16467_cov_23.753986	100.0		True
CONTIG	NODE_90_length_16467_cov_23.753986	16467	correct
1454421	1470630	1	16210	NC_002945.4	NODE_91_length_16210_cov_24.076343	99.99		True
CONTIG	NODE_91_length_16210_cov_24.076343	16210	correct
4019802	4035773	1	15915	NC_002945.4	NODE_92_length_15915_cov_22.319418	99.64		True
CONTIG	NODE_92_length_15915_cov_22.319418	15915	correct
2801106	2816951	15847	2	NC_002945.4	NODE_93_length_15847_cov_21.258695	99.97		True
CONTIG	NODE_93_length_15847_cov_21.258695	15847	correct
1253102	1268661	15560	1	NC_002945.4	NODE_94_length_15560_cov_22.919366	99.99		True
CONTIG	NODE_94_length_15560_cov_22.919366	15560	correct
3622866	3638068	1	15203	NC_002945.4	NODE_95_length_15211_cov_21.997562	99.97		True
CONTIG	NODE_95_length_15211_cov_21.997562	15211	correct
2678167	2693327	15167	1	NC_002945.4	NODE_96_length_15167_cov_22.097595	99.88		True
CONTIG	NODE_96_length_15167_cov_22.097595	15167	correct
2917011	2932080	1	15070	NC_002945.4	NODE_97_length_15157_cov_24.041523	99.96		True
CONTIG	NODE_97_length_15157_cov_24.041523	15157	correct
3862054	3877060	15007	1	NC_002945.4	NODE_98_length_15008_cov_23.026377	99.99		True
CONTIG	NODE_98_length_15008_cov_23.026377	15008	correct
581914	596577	14664	1	NC_002945.4	NODE_99_length_14664_cov_21.683549	100.0		True
CONTIG	NODE_99_length_14664_cov_21.683549	14664	correct
2309878	2324305	14428	1	NC_002945.4	NODE_100_length_14428_cov_20.719139	99.99		True
CONTIG	NODE_100_length_14428_cov_20.719139	14428	correct
3297688	3312095	1	14390	NC_002945.4	NODE_101_length_14390_cov_23.359755	99.72		True
CONTIG	NODE_101_length_14390_cov_23.359755	14390	correct
970252	984594	1	14342	NC_002945.4	NODE_102_length_14360_cov_21.747819	99.97		True
CONTIG	NODE_102_length_14360_cov_21.747819	14360	correct
3280684	3294889	1	14206	NC_002945.4	NODE_103_length_14206_cov_21.828265	99.99		True
CONTIG	NODE_103_length_14206_cov_21.828265	14206	correct
2372583	2386725	1	14143	NC_002945.4	NODE_104_length_14143_cov_22.107654	99.98		True
CONTIG	NODE_104_length_14143_cov_22.107654	14143	correct
2409067	2422682	1	13616	NC_002945.4	NODE_105_length_13616_cov_22.620187	99.97		True
CONTIG	NODE_105_length_13616_cov_22.620187	13616	correct
3061275	3074792	13518	1	NC_002945.4	NODE_106_length_13518_cov_20.553356	99.98		True
CONTIG	NODE_106_length_13518_cov_20.553356	13518	correct
2822422	2835912	13492	2	NC_002945.4	NODE_107_length_13508_cov_20.471095	99.99		True
CONTIG	NODE_107_length_13508_cov_20.471095	13508	correct
814770	824045	1	9276	NC_002945.4	NODE_108_length_13263_cov_21.623280	100.0		True
local misassembly
824601	828583	9277	13259	NC_002945.4	NODE_108_length_13263_cov_21.623280	99.97		True
CONTIG	NODE_108_length_13263_cov_21.623280	13263	correct
3949625	3962644	19	13038	NC_002945.4	NODE_109_length_13052_cov_21.890084	99.99		True
CONTIG	NODE_109_length_13052_cov_21.890084	13052	correct
4006707	4019474	12768	1	NC_002945.4	NODE_110_length_12787_cov_23.130626	99.96		True
CONTIG	NODE_110_length_12787_cov_23.130626	12787	correct
3084518	3096803	12286	1	NC_002945.4	NODE_111_length_12286_cov_25.001224	99.94		True
CONTIG	NODE_111_length_12286_cov_25.001224	12286	correct
2025811	2038006	12196	1	NC_002945.4	NODE_112_length_12196_cov_23.324838	99.96		True
CONTIG	NODE_112_length_12196_cov_23.324838	12196	correct
1973059	1985203	12145	1	NC_002945.4	NODE_113_length_12145_cov_23.538557	99.99		True
CONTIG	NODE_113_length_12145_cov_23.538557	12145	correct
3724821	3736938	12134	17	NC_002945.4	NODE_114_length_12144_cov_22.059946	99.98		True
CONTIG	NODE_114_length_12144_cov_22.059946	12144	correct
91834	103810	1	11977	NC_002945.4	NODE_115_length_11991_cov_21.343034	99.99		True
CONTIG	NODE_115_length_11991_cov_21.343034	11991	correct
2666254	2678136	11826	1	NC_002945.4	NODE_116_length_11837_cov_23.690359	99.51		True
CONTIG	NODE_116_length_11837_cov_23.690359	11837	correct
1079551	1091360	11811	1	NC_002945.4	NODE_117_length_11811_cov_19.444982	99.99		True
CONTIG	NODE_117_length_11811_cov_19.444982	11811	correct
1193222	1204888	1	11667	NC_002945.4	NODE_118_length_11683_cov_23.033991	99.97		True
CONTIG	NODE_118_length_11683_cov_23.033991	11683	correct
80377	91830	1	11455	NC_002945.4	NODE_119_length_11472_cov_23.116793	99.99		True
CONTIG	NODE_119_length_11472_cov_23.116793	11472	correct
1645484	1656826	11357	15	NC_002945.4	NODE_120_length_11357_cov_22.420346	100.0		True
CONTIG	NODE_120_length_11357_cov_22.420346	11357	correct
4299087	4310405	1	11319	NC_002945.4	NODE_121_length_11341_cov_22.523258	99.98		True
CONTIG	NODE_121_length_11341_cov_22.523258	11341	correct
2386820	2397967	1	11148	NC_002945.4	NODE_122_length_11165_cov_20.263026	100.0		True
CONTIG	NODE_122_length_11165_cov_20.263026	11165	correct
596550	607694	11145	1	NC_002945.4	NODE_123_length_11145_cov_22.520878	99.97		True
CONTIG	NODE_123_length_11145_cov_22.520878	11145	correct
456738	467856	11	11129	NC_002945.4	NODE_124_length_11129_cov_20.871305	99.97		True
CONTIG	NODE_124_length_11129_cov_20.871305	11129	correct
2957184	2968118	10935	1	NC_002945.4	NODE_125_length_10935_cov_23.351495	99.99		True
CONTIG	NODE_125_length_10935_cov_23.351495	10935	correct
2933027	2943869	10843	1	NC_002945.4	NODE_126_length_10843_cov_23.411101	99.99		True
CONTIG	NODE_126_length_10843_cov_23.411101	10843	correct
2299104	2309909	1	10806	NC_002945.4	NODE_127_length_10806_cov_18.605310	99.99		True
CONTIG	NODE_127_length_10806_cov_18.605310	10806	correct
3097403	3108187	10785	1	NC_002945.4	NODE_128_length_10804_cov_20.538854	99.95		True
CONTIG	NODE_128_length_10804_cov_20.538854	10804	correct
609179	619801	1	10623	NC_002945.4	NODE_129_length_10623_cov_22.608876	99.99		True
CONTIG	NODE_129_length_10623_cov_22.608876	10623	correct
804290	814802	1	10514	NC_002945.4	NODE_130_length_10514_cov_25.095697	99.95		True
CONTIG	NODE_130_length_10514_cov_25.095697	10514	correct
899105	909414	1	10310	NC_002945.4	NODE_131_length_10310_cov_22.879537	99.99		True
CONTIG	NODE_131_length_10310_cov_22.879537	10310	correct
1069611	1079530	1	9920	NC_002945.4	NODE_132_length_9936_cov_21.662123	100.0		True
CONTIG	NODE_132_length_9936_cov_21.662123	9936	correct
712882	722335	9456	3	NC_002945.4	NODE_133_length_9456_cov_19.088295	100.0		True
CONTIG	NODE_133_length_9456_cov_19.088295	9456	correct
1268630	1277865	9236	1	NC_002945.4	NODE_134_length_9236_cov_22.641095	100.0		True
CONTIG	NODE_134_length_9236_cov_22.641095	9236	correct
3846238	3855402	1	9167	NC_002945.4	NODE_135_length_9167_cov_23.771075	99.97		True
CONTIG	NODE_135_length_9167_cov_23.771075	9167	correct
3985173	3994319	9160	14	NC_002945.4	NODE_136_length_9160_cov_21.987838	100.0		True
CONTIG	NODE_136_length_9160_cov_21.987838	9160	correct
71368	80253	1	8859	NC_002945.4	NODE_137_length_8859_cov_25.268298	99.67		True
CONTIG	NODE_137_length_8859_cov_25.268298	8859	correct
3108176	3116951	8776	1	NC_002945.4	NODE_138_length_8796_cov_21.576743	99.99		True
CONTIG	NODE_138_length_8796_cov_21.576743	8796	correct
1574236	1582999	1	8764	NC_002945.4	NODE_139_length_8779_cov_19.300823	100.0		True
CONTIG	NODE_139_length_8779_cov_19.300823	8779	correct
375966	384699	8743	10	NC_002945.4	NODE_140_length_8743_cov_22.793800	100.0		True
CONTIG	NODE_140_length_8743_cov_22.793800	8743	correct
1204877	1213474	1	8598	NC_002945.4	NODE_141_length_8631_cov_20.880321	99.98		True
CONTIG	NODE_141_length_8631_cov_20.880321	8631	correct
910144	918531	1	8388	NC_002945.4	NODE_142_length_8388_cov_24.820826	99.99		True
CONTIG	NODE_142_length_8388_cov_24.820826	8388	correct
3777598	3785968	8371	1	NC_002945.4	NODE_143_length_8371_cov_24.286999	99.99		True
CONTIG	NODE_143_length_8371_cov_24.286999	8371	correct
3836982	3845210	8229	1	NC_002945.4	NODE_144_length_8229_cov_23.552831	99.99		True
CONTIG	NODE_144_length_8229_cov_23.552831	8229	correct
3200728	3208947	1	8220	NC_002945.4	NODE_145_length_8220_cov_25.539270	100.0		True
CONTIG	NODE_145_length_8220_cov_25.539270	8220	correct
3496894	3505023	8130	1	NC_002945.4	NODE_146_length_8145_cov_22.679364	99.99		True
CONTIG	NODE_146_length_8145_cov_22.679364	8145	correct
3700189	3708221	8033	1	NC_002945.4	NODE_147_length_8033_cov_25.532750	99.94		True
CONTIG	NODE_147_length_8033_cov_25.532750	8033	correct
354873	362804	7932	1	NC_002945.4	NODE_148_length_7948_cov_21.673531	100.0		True
CONTIG	NODE_148_length_7948_cov_21.673531	7948	correct
1623843	1631745	19	7921	NC_002945.4	NODE_149_length_7921_cov_20.773073	99.96		True
CONTIG	NODE_149_length_7921_cov_20.773073	7921	correct
2466399	2473992	7598	5	NC_002945.4	NODE_150_length_7598_cov_21.547786	100.0		True
CONTIG	NODE_150_length_7598_cov_21.547786	7598	correct
3716970	3724552	1	7583	NC_002945.4	NODE_151_length_7583_cov_24.984238	99.72		True
CONTIG	NODE_151_length_7583_cov_24.984238	7583	correct
341476	348954	2	7480	NC_002945.4	NODE_152_length_7496_cov_22.032025	100.0		True
CONTIG	NODE_152_length_7496_cov_22.032025	7496	correct
1845668	1853075	7425	18	NC_002945.4	NODE_153_length_7425_cov_20.958739	100.0		True
CONTIG	NODE_153_length_7425_cov_20.958739	7425	correct
1885364	1892693	1	7330	NC_002945.4	NODE_154_length_7330_cov_23.353981	100.0		True
CONTIG	NODE_154_length_7330_cov_23.353981	7330	correct
3006150	3013139	1	6990	NC_002945.4	NODE_155_length_6990_cov_23.253126	100.0		True
CONTIG	NODE_155_length_6990_cov_23.253126	6990	correct
467902	474819	6918	1	NC_002945.4	NODE_156_length_6933_cov_20.458986	100.0		True
CONTIG	NODE_156_length_6933_cov_20.458986	6933	correct
892259	899107	6864	16	NC_002945.4	NODE_157_length_6864_cov_22.552042	100.0		True
CONTIG	NODE_157_length_6864_cov_22.552042	6864	correct
2944713	2951563	1	6851	NC_002945.4	NODE_158_length_6851_cov_21.525081	99.99		True
CONTIG	NODE_158_length_6851_cov_21.525081	6851	correct
2057046	2063881	2	6837	NC_002945.4	NODE_159_length_6837_cov_22.537184	99.96		True
CONTIG	NODE_159_length_6837_cov_22.537184	6837	correct
2336393	2343072	1	6680	NC_002945.4	NODE_160_length_6680_cov_21.114488	99.99		True
CONTIG	NODE_160_length_6680_cov_21.114488	6680	correct
3193874	3200543	6670	1	NC_002945.4	NODE_161_length_6670_cov_19.374416	100.0		True
CONTIG	NODE_161_length_6670_cov_19.374416	6670	correct
1638898	1645436	6539	1	NC_002945.4	NODE_162_length_6540_cov_22.982173	100.0		True
CONTIG	NODE_162_length_6540_cov_22.982173	6540	correct
3994310	4000656	6347	1	NC_002945.4	NODE_163_length_6347_cov_22.087266	100.0		True
CONTIG	NODE_163_length_6347_cov_22.087266	6347	correct
3490598	3496903	6325	17	NC_002945.4	NODE_164_length_6325_cov_24.329625	99.92		True
CONTIG	NODE_164_length_6325_cov_24.329625	6325	correct
2325693	2331778	1	6086	NC_002945.4	NODE_165_length_6086_cov_20.506195	99.97		True
CONTIG	NODE_165_length_6086_cov_20.506195	6086	correct
3155325	3161319	6011	17	NC_002945.4	NODE_166_length_6011_cov_22.097190	100.0		True
CONTIG	NODE_166_length_6011_cov_22.097190	6011	correct
3505008	3510803	1	5796	NC_002945.4	NODE_167_length_5829_cov_23.327985	100.0		True
CONTIG	NODE_167_length_5829_cov_23.327985	5829	correct
2397974	2403736	5764	2	NC_002945.4	NODE_168_length_5787_cov_18.106187	100.0		True
CONTIG	NODE_168_length_5787_cov_18.106187	5787	correct
4000948	4006695	5758	11	NC_002945.4	NODE_169_length_5758_cov_24.807860	99.98		True
CONTIG	NODE_169_length_5758_cov_24.807860	5758	correct
2816956	2822431	5476	1	NC_002945.4	NODE_170_length_5476_cov_20.937718	99.98		True
CONTIG	NODE_170_length_5476_cov_20.937718	5476	correct
430858	436291	5451	18	NC_002945.4	NODE_171_length_5451_cov_23.771687	99.96		True
CONTIG	NODE_171_length_5451_cov_23.771687	5451	correct
363958	369392	5435	1	NC_002945.4	NODE_172_length_5435_cov_22.606257	99.94		True
CONTIG	NODE_172_length_5435_cov_22.606257	5435	correct
1306899	1312314	5431	16	NC_002945.4	NODE_173_length_5431_cov_22.458133	100.0		True
CONTIG	NODE_173_length_5431_cov_22.458133	5431	correct
828607	833966	5360	1	NC_002945.4	NODE_174_length_5379_cov_21.309016	99.96		True
CONTIG	NODE_174_length_5379_cov_21.309016	5379	correct
2951612	2956989	1	5378	NC_002945.4	NODE_175_length_5378_cov_19.094294	99.98		True
CONTIG	NODE_175_length_5378_cov_19.094294	5378	correct
3074842	3080178	5339	1	NC_002945.4	NODE_176_length_5339_cov_21.483792	99.96		True
CONTIG	NODE_176_length_5339_cov_21.483792	5339	correct
3209090	3214361	1	5272	NC_002945.4	NODE_177_length_5272_cov_22.003436	100.0		True
CONTIG	NODE_177_length_5272_cov_22.003436	5272	correct
1763820	1769051	5232	1	NC_002945.4	NODE_178_length_5232_cov_17.751875	100.0		True
CONTIG	NODE_178_length_5232_cov_17.751875	5232	correct
4294110	4299103	1	4994	NC_002945.4	NODE_179_length_4994_cov_22.726063	99.98		True
CONTIG	NODE_179_length_4994_cov_22.726063	4994	correct
984594	989546	1	4953	NC_002945.4	NODE_180_length_4957_cov_22.218522	100.0		True
CONTIG	NODE_180_length_4957_cov_22.218522	4957	correct
2612063	2617015	4953	1	NC_002945.4	NODE_181_length_4953_cov_23.930691	99.98		True
CONTIG	NODE_181_length_4953_cov_23.930691	4953	correct
3980249	3984567	4319	1	NC_002945.4	NODE_182_length_4876_cov_19.473673	100.0		True
relocation, inconsistency = 3010123
969569	970125	4876	4320	NC_002945.4	NODE_182_length_4876_cov_19.473673	100.0		True
CONTIG	NODE_182_length_4876_cov_19.473673	4876	misassembled
1362834	1367584	4751	1	NC_002945.4	NODE_183_length_4755_cov_22.839263	100.0		True
CONTIG	NODE_183_length_4755_cov_22.839263	4755	correct
1987326	1992033	4709	1	NC_002945.4	NODE_184_length_4709_cov_23.312447	99.98		True
CONTIG	NODE_184_length_4709_cov_23.312447	4709	correct
2403727	2408403	4682	6	NC_002945.4	NODE_185_length_4682_cov_12.536890	100.0		True
CONTIG	NODE_185_length_4682_cov_12.536890	4682	correct
619805	624308	1	4504	NC_002945.4	NODE_186_length_4510_cov_19.324101	99.98		True
CONTIG	NODE_186_length_4510_cov_19.324101	4510	correct
3712274	3716772	4499	1	NC_002945.4	NODE_187_length_4499_cov_25.136811	99.73		True
CONTIG	NODE_187_length_4499_cov_25.136811	4499	correct
3855394	3859838	14	4457	NC_002945.4	NODE_188_length_4457_cov_23.541139	99.98		True
CONTIG	NODE_188_length_4457_cov_23.541139	4457	correct
1358483	1362842	4384	20	NC_002945.4	NODE_189_length_4384_cov_21.631579	99.89		True
CONTIG	NODE_189_length_4384_cov_21.631579	4384	correct
3119277	3123617	1	4341	NC_002945.4	NODE_190_length_4341_cov_20.487697	100.0		True
CONTIG	NODE_190_length_4341_cov_20.487697	4341	correct
960993	965317	1	4325	NC_002945.4	NODE_191_length_4329_cov_20.280726	100.0		True
CONTIG	NODE_191_length_4329_cov_20.280726	4329	correct
2294903	2299092	1	4190	NC_002945.4	NODE_192_length_4190_cov_21.146259	100.0		True
CONTIG	NODE_192_length_4190_cov_21.146259	4190	correct
1619978	1623833	3856	1	NC_002945.4	NODE_193_length_4153_cov_19.292961	100.0		True
relocation, inconsistency = -234516
1854197	1854493	4153	3857	NC_002945.4	NODE_193_length_4153_cov_19.292961	100.0		True
CONTIG	NODE_193_length_4153_cov_19.292961	4153	misassembled
2768476	2772600	4	4128	NC_002945.4	NODE_194_length_4143_cov_20.769586	99.98		True
CONTIG	NODE_194_length_4143_cov_20.769586	4143	correct
3039400	3043484	1	4085	NC_002945.4	NODE_195_length_4085_cov_22.141165	99.93		True
CONTIG	NODE_195_length_4085_cov_22.141165	4085	correct
918533	922442	1	3910	NC_002945.4	NODE_196_length_3910_cov_25.219758	99.95		True
CONTIG	NODE_196_length_3910_cov_25.219758	3910	correct
1165993	1169806	1	3814	NC_002945.4	NODE_197_length_3814_cov_24.900555	99.97		True
CONTIG	NODE_197_length_3814_cov_24.900555	3814	correct
965518	969012	168	3662	NC_002945.4	NODE_198_length_3783_cov_20.110400	99.94		True
CONTIG	NODE_198_length_3783_cov_20.110400	3783	correct
369360	373127	3768	1	NC_002945.4	NODE_199_length_3768_cov_23.390094	100.0		True
CONTIG	NODE_199_length_3768_cov_23.390094	3768	correct
150669	154415	7	3726	NC_002945.4	NODE_200_length_3726_cov_21.547793	99.28		True
CONTIG	NODE_200_length_3726_cov_21.547793	3726	correct
1993429	1997118	3690	1	NC_002945.4	NODE_201_length_3690_cov_20.443533	99.97		True
CONTIG	NODE_201_length_3690_cov_20.443533	3690	correct
3885361	3888967	3648	42	NC_002945.4	NODE_202_length_3666_cov_19.398293	99.97		True
CONTIG	NODE_202_length_3666_cov_19.398293	3666	correct
922690	926140	1	3451	NC_002945.4	NODE_203_length_3468_cov_24.612518	100.0		True
CONTIG	NODE_203_length_3468_cov_24.612518	3468	correct
1303535	1306938	3456	53	NC_002945.4	NODE_204_length_3456_cov_21.653812	99.97		True
CONTIG	NODE_204_length_3456_cov_21.653812	3456	correct
1215132	1218396	1	3265	NC_002945.4	NODE_205_length_3265_cov_21.212562	100.0		True
CONTIG	NODE_205_length_3265_cov_21.212562	3265	correct
2605709	2608936	3228	1	NC_002945.4	NODE_206_length_3229_cov_22.279412	100.0		True
CONTIG	NODE_206_length_3229_cov_22.279412	3229	correct
1280191	1283358	3168	1	NC_002945.4	NODE_207_length_3168_cov_22.844976	100.0		True
CONTIG	NODE_207_length_3168_cov_22.844976	3168	correct
578485	581630	3146	1	NC_002945.4	NODE_208_length_3146_cov_23.837777	100.0		True
CONTIG	NODE_208_length_3146_cov_23.837777	3146	correct
625652	628758	9	3115	NC_002945.4	NODE_209_length_3131_cov_19.146546	100.0		True
CONTIG	NODE_209_length_3131_cov_19.146546	3131	correct
348948	351966	1	3019	NC_002945.4	NODE_210_length_3019_cov_20.718017	100.0		True
CONTIG	NODE_210_length_3019_cov_20.718017	3019	correct
2161877	2164892	3016	1	NC_002945.4	NODE_211_length_3016_cov_32.062018	99.97		True
CONTIG	NODE_211_length_3016_cov_32.062018	3016	correct
2189089	2192000	2912	1	NC_002945.4	NODE_212_length_2929_cov_21.407804	100.0		True
CONTIG	NODE_212_length_2929_cov_21.407804	2929	correct
351966	354867	2903	2	NC_002945.4	NODE_213_length_2919_cov_21.202356	100.0		True
CONTIG	NODE_213_length_2919_cov_21.202356	2919	correct
2284756	2287553	2798	1	NC_002945.4	NODE_214_length_2840_cov_18.465978	99.96		True
CONTIG	NODE_214_length_2840_cov_18.465978	2840	correct
2290804	2293622	1	2819	NC_002945.4	NODE_215_length_2819_cov_17.781766	100.0		True
CONTIG	NODE_215_length_2819_cov_17.781766	2819	correct
835385	837987	2604	2	NC_002945.4	NODE_216_length_2767_cov_18.600219	100.0		True
relocation, inconsistency = 1929953
2767941	2768102	2605	2766	NC_002945.4	NODE_216_length_2767_cov_18.600219	100.0		True
CONTIG	NODE_216_length_2767_cov_18.600219	2767	misassembled
1162369	1165076	2708	1	NC_002945.4	NODE_217_length_2708_cov_20.073645	100.0		True
CONTIG	NODE_217_length_2708_cov_20.073645	2708	correct
2694006	2696652	2647	1	NC_002945.4	NODE_218_length_2647_cov_22.913542	100.0		True
CONTIG	NODE_218_length_2647_cov_22.913542	2647	correct
3708310	3710907	1	2598	NC_002945.4	NODE_219_length_2598_cov_22.941131	98.89		True
CONTIG	NODE_219_length_2598_cov_22.941131	2598	correct
2333833	2336401	1	2569	NC_002945.4	NODE_220_length_2581_cov_20.125196	99.96		True
CONTIG	NODE_220_length_2581_cov_20.125196	2581	correct
2775169	2775811	643	1	NC_002945.4	NODE_221_length_2529_cov_14.903045	100.0		True
relocation, inconsistency = 735238
2038045	2039930	2529	644	NC_002945.4	NODE_221_length_2529_cov_14.903045	100.0		True
CONTIG	NODE_221_length_2529_cov_14.903045	2529	misassembled
2343434	2345442	2028	20	NC_002945.4	NODE_222_length_2470_cov_13.572425	100.0		True
relocation, inconsistency = 356868
1986124	1986427	2470	2167	NC_002945.4	NODE_222_length_2470_cov_13.572425	100.0		True
CONTIG	NODE_222_length_2470_cov_13.572425	2470	misassembled
3295176	3297620	1	2445	NC_002945.4	NODE_223_length_2453_cov_21.239256	99.92		True
CONTIG	NODE_223_length_2453_cov_21.239256	2453	correct
3013129	3015508	1	2380	NC_002945.4	NODE_224_length_2380_cov_17.927141	100.0		True
CONTIG	NODE_224_length_2380_cov_17.927141	2380	correct
2020966	2023322	1	2357	NC_002945.4	NODE_225_length_2357_cov_19.814544	99.96		True
CONTIG	NODE_225_length_2357_cov_19.814544	2357	correct
3116985	3119295	2311	1	NC_002945.4	NODE_226_length_2311_cov_21.410887	100.0		True
CONTIG	NODE_226_length_2311_cov_21.410887	2311	correct
373284	375576	1	2293	NC_002945.4	NODE_227_length_2298_cov_22.198234	99.91		True
CONTIG	NODE_227_length_2298_cov_22.198234	2298	correct
4215193	4217370	1	2178	NC_002945.4	NODE_228_length_2178_cov_22.693706	100.0		True
CONTIG	NODE_228_length_2178_cov_22.693706	2178	correct
3638058	3640187	2130	1	NC_002945.4	NODE_229_length_2130_cov_13.916547	100.0		True
CONTIG	NODE_229_length_2130_cov_13.916547	2130	correct
1415142	1417242	13	2113	NC_002945.4	NODE_230_length_2113_cov_24.450962	100.0		True
CONTIG	NODE_230_length_2113_cov_24.450962	2113	correct
2331761	2333742	1982	1	NC_002945.4	NODE_231_length_1982_cov_22.640328	100.0		True
CONTIG	NODE_231_length_1982_cov_22.640328	1982	correct
3153249	3155202	1954	1	NC_002945.4	NODE_232_length_1954_cov_24.697553	99.95		True
CONTIG	NODE_232_length_1954_cov_24.697553	1954	correct
436303	438150	1	1848	NC_002945.4	NODE_233_length_1848_cov_24.370799	100.0		True
CONTIG	NODE_233_length_1848_cov_24.370799	1848	correct
3278792	3280617	1826	1	NC_002945.4	NODE_234_length_1826_cov_22.962075	100.0		True
CONTIG	NODE_234_length_1826_cov_22.962075	1826	correct
475086	476885	1	1800	NC_002945.4	NODE_235_length_1800_cov_22.462932	100.0		True
CONTIG	NODE_235_length_1800_cov_22.462932	1800	correct
339644	341423	3	1782	NC_002945.4	NODE_236_length_1782_cov_21.676958	99.21		True
CONTIG	NODE_236_length_1782_cov_21.676958	1782	correct
2835982	2837744	11	1773	NC_002945.4	NODE_237_length_1773_cov_19.518966	100.0		True
CONTIG	NODE_237_length_1773_cov_19.518966	1773	correct
1536036	1537766	1	1731	NC_002945.4	NODE_238_length_1731_cov_25.654888	99.94		True
CONTIG	NODE_238_length_1731_cov_25.654888	1731	correct
3488667	3490374	1708	1	NC_002945.4	NODE_239_length_1708_cov_23.275821	100.0		True
CONTIG	NODE_239_length_1708_cov_23.275821	1708	correct
427808	429487	1680	1	NC_002945.4	NODE_240_length_1686_cov_21.486388	100.0		True
CONTIG	NODE_240_length_1686_cov_21.486388	1686	correct
1092558	1094240	1	1680	NC_002945.4	NODE_241_length_1680_cov_23.364906	99.11		True
CONTIG	NODE_241_length_1680_cov_23.364906	1680	correct
2609911	2611515	1	1605	NC_002945.4	NODE_242_length_1605_cov_21.902036	100.0		True
CONTIG	NODE_242_length_1605_cov_21.902036	1605	correct
607662	609211	1550	1	NC_002945.4	NODE_243_length_1550_cov_41.504285	99.94		True
CONTIG	NODE_243_length_1550_cov_41.504285	1550	correct
1283386	1284914	1529	1	NC_002945.4	NODE_244_length_1529_cov_22.848262	100.0		True
CONTIG	NODE_244_length_1529_cov_22.848262	1529	correct
4036162	4037652	1507	17	NC_002945.4	NODE_245_length_1508_cov_14.327458	100.0		True
CONTIG	NODE_245_length_1508_cov_14.327458	1508	correct
1635751	1637230	1480	1	NC_002945.4	NODE_246_length_1480_cov_20.778162	100.0		True
CONTIG	NODE_246_length_1480_cov_20.778162	1480	correct
4193589	4195052	1	1464	NC_002945.4	NODE_247_length_1464_cov_46.958770	100.0		True
CONTIG	NODE_247_length_1464_cov_46.958770	1464	correct
1992001	1993461	1	1461	NC_002945.4	NODE_248_length_1461_cov_45.551120	100.0		True
CONTIG	NODE_248_length_1461_cov_45.551120	1461	correct
2159077	2160527	1451	1	NC_002945.4	NODE_249_length_1451_cov_39.643159	100.0		True
CONTIG	NODE_249_length_1451_cov_39.643159	1451	correct
3081416	3082771	1	1356	NC_002945.4	NODE_250_length_1356_cov_77.442177	100.0		True
CONTIG	NODE_250_length_1356_cov_77.442177	1356	correct
2473991	2475334	1346	3	NC_002945.4	NODE_251_length_1346_cov_19.982483	100.0		True
CONTIG	NODE_251_length_1346_cov_19.982483	1346	correct
3673145	3674484	1340	1	NC_002945.4	NODE_252_length_1340_cov_49.898240	100.0		True
CONTIG	NODE_252_length_1340_cov_49.898240	1340	correct
3835659	3836979	1	1321	NC_002945.4	NODE_253_length_1321_cov_70.656056	99.7		True
CONTIG	NODE_253_length_1321_cov_70.656056	1321	correct
426506	427811	1	1306	NC_002945.4	NODE_254_length_1306_cov_22.967007	100.0		True
CONTIG	NODE_254_length_1306_cov_22.967007	1306	correct
3443687	3444937	1	1251	NC_002945.4	NODE_255_length_1251_cov_26.564039	100.0		True
CONTIG	NODE_255_length_1251_cov_26.564039	1251	correct
3692526	3693774	1249	1	NC_002945.4	NODE_256_length_1249_cov_25.652961	100.0		True
CONTIG	NODE_256_length_1249_cov_25.652961	1249	correct
1412829	1414061	1233	1	NC_002945.4	NODE_257_length_1233_cov_42.940833	99.84		True
CONTIG	NODE_257_length_1233_cov_42.940833	1233	correct
2289605	2290836	1	1232	NC_002945.4	NODE_258_length_1232_cov_42.344454	99.92		True
CONTIG	NODE_258_length_1232_cov_42.344454	1232	correct
2024042	2025273	1232	1	NC_002945.4	NODE_259_length_1232_cov_20.084237	99.92		True
CONTIG	NODE_259_length_1232_cov_20.084237	1232	correct
2324503	2325704	16	1217	NC_002945.4	NODE_260_length_1217_cov_22.498311	100.0		True
CONTIG	NODE_260_length_1217_cov_22.498311	1217	correct
429682	430890	1209	1	NC_002945.4	NODE_261_length_1209_cov_23.396259	99.92		True
CONTIG	NODE_261_length_1209_cov_23.396259	1209	correct
1160227	1161372	1146	1	NC_002945.4	NODE_262_length_1146_cov_30.497754	99.74		True
CONTIG	NODE_262_length_1146_cov_30.497754	1146	correct
1414029	1415156	1	1128	NC_002945.4	NODE_263_length_1128_cov_24.111416	100.0		True
CONTIG	NODE_263_length_1128_cov_24.111416	1128	correct
748447	749463	1017	1	NC_002945.4	NODE_264_length_1033_cov_13.006000	100.0		True
CONTIG	NODE_264_length_1033_cov_13.006000	1033	correct
3711277	3712306	1	1030	NC_002945.4	NODE_265_length_1030_cov_52.692076	100.0		True
CONTIG	NODE_265_length_1030_cov_52.692076	1030	correct
3339342	3340367	1	1026	NC_002945.4	NODE_266_length_1026_cov_25.661631	100.0		True
CONTIG	NODE_266_length_1026_cov_25.661631	1026	correct
2445030	2446025	996	1	NC_002945.4	NODE_267_length_996_cov_23.454829	100.0		True
CONTIG	NODE_267_length_996_cov_23.454829	996	correct
1165044	1166025	1	982	NC_002945.4	NODE_268_length_982_cov_49.506849	100.0		True
CONTIG	NODE_268_length_982_cov_49.506849	982	correct
3694254	3695217	964	1	NC_002945.4	NODE_269_length_964_cov_10.276047	100.0		True
CONTIG	NODE_269_length_964_cov_10.276047	964	correct
834148	835086	1	939	NC_002945.4	NODE_270_length_939_cov_22.881898	100.0		True
CONTIG	NODE_270_length_939_cov_22.881898	939	correct
2293590	2294512	923	1	NC_002945.4	NODE_271_length_923_cov_43.807865	100.0		True
CONTIG	NODE_271_length_923_cov_43.807865	923	correct
3442285	3443193	909	1	NC_002945.4	NODE_272_length_909_cov_126.383562	100.0		True
CONTIG	NODE_272_length_909_cov_126.383562	909	correct
928390	928975	1	595	NC_002945.4	NODE_273_length_850_cov_10.651163	98.49		True
relocation, inconsistency = 289622
1218598	1218852	850	596	NC_002945.4	NODE_273_length_850_cov_10.651163	100.0		True
CONTIG	NODE_273_length_850_cov_10.651163	850	misassembled
1278286	1279129	1	844	NC_002945.4	NODE_274_length_844_cov_42.193588	100.0		True
CONTIG	NODE_274_length_844_cov_42.193588	844	correct
1095039	1095876	1	838	NC_002945.4	NODE_275_length_838_cov_23.083230	100.0		True
CONTIG	NODE_275_length_838_cov_23.083230	838	correct
1972138	1972954	817	1	NC_002945.4	NODE_276_length_817_cov_28.936224	100.0		True
CONTIG	NODE_276_length_817_cov_28.936224	817	correct
2288837	2289637	1	801	NC_002945.4	NODE_277_length_801_cov_20.752604	100.0		True
CONTIG	NODE_277_length_801_cov_20.752604	801	correct
3897696	3898491	796	1	NC_002945.4	NODE_278_length_796_cov_15.875491	100.0		True
CONTIG	NODE_278_length_796_cov_15.875491	796	correct
3444905	3445699	795	1	NC_002945.4	NODE_279_length_795_cov_51.704724	100.0		True
CONTIG	NODE_279_length_795_cov_51.704724	795	correct
2422650	2423393	744	1	NC_002945.4	NODE_280_length_744_cov_43.805907	99.87		True
CONTIG	NODE_280_length_744_cov_43.805907	744	correct
839867	840599	733	1	NC_002945.4	NODE_281_length_733_cov_14.375714	100.0		True
CONTIG	NODE_281_length_733_cov_14.375714	733	correct
747500	748201	1	702	NC_002945.4	NODE_282_length_716_cov_11.543192	100.0		True
CONTIG	NODE_282_length_716_cov_11.543192	716	correct
3879227	3879909	683	1	NC_002945.4	NODE_283_length_683_cov_6.836923	100.0		True
CONTIG	NODE_283_length_683_cov_6.836923	683	correct
3894685	3895358	674	1	NC_002945.4	NODE_284_length_674_cov_28.469579	100.0		True
CONTIG	NODE_284_length_674_cov_28.469579	674	correct
1853256	1853839	584	1	NC_002945.4	NODE_285_length_671_cov_6.973354	100.0		True
relocation, inconsistency = 2024234
3878074	3878160	585	671	NC_002945.4	NODE_285_length_671_cov_6.973354	100.0		True
CONTIG	NODE_285_length_671_cov_6.973354	671	misassembled
2932405	2933039	10	644	NC_002945.4	NODE_286_length_645_cov_6.723856	100.0		True
CONTIG	NODE_286_length_645_cov_6.723856	645	correct
3123754	3124390	1	637	NC_002945.4	NODE_287_length_637_cov_10.039735	100.0		True
CONTIG	NODE_287_length_637_cov_10.039735	637	correct
3894075	3894250	176	1	NC_002945.4	NODE_288_length_637_cov_8.301325	100.0		True
relocation, inconsistency = 1126384
2767230	2767690	177	637	NC_002945.4	NODE_288_length_637_cov_8.301325	99.78		True
CONTIG	NODE_288_length_637_cov_8.301325	637	misassembled
1161796	1162362	584	18	NC_002945.4	NODE_289_length_616_cov_15.217839	100.0		True
CONTIG	NODE_289_length_616_cov_15.217839	616	correct
2611483	2612095	613	1	NC_002945.4	NODE_290_length_613_cov_30.110345	100.0		True
CONTIG	NODE_290_length_613_cov_30.110345	613	correct
843719	844307	1	589	NC_002945.4	NODE_291_length_589_cov_24.404676	99.83		True
CONTIG	NODE_291_length_589_cov_24.404676	589	correct
335657	336220	1	564	NC_002945.4	NODE_292_length_564_cov_10.736347	100.0		True
CONTIG	NODE_292_length_564_cov_10.736347	564	correct
842908	843467	1	560	NC_002945.4	NODE_293_length_560_cov_13.136622	100.0		True
CONTIG	NODE_293_length_560_cov_13.136622	560	correct
838321	838617	1	297	NC_002945.4	NODE_294_length_550_cov_4.087041	100.0		True
local misassembly
839569	839821	298	550	NC_002945.4	NODE_294_length_550_cov_4.087041	100.0		True
CONTIG	NODE_294_length_550_cov_4.087041	550	correct
1284951	1285458	530	23	NC_002945.4	NODE_295_length_547_cov_17.278210	100.0		True
CONTIG	NODE_295_length_547_cov_17.278210	547	correct
2023290	2023835	546	1	NC_002945.4	NODE_296_length_546_cov_32.280702	100.0		True
CONTIG	NODE_296_length_546_cov_32.280702	546	correct
1637304	1637768	528	64	NC_002945.4	NODE_297_length_540_cov_4.295858	100.0		True
CONTIG	NODE_297_length_540_cov_4.295858	540	correct
3845627	3845830	14	217	NC_002945.4	NODE_298_length_513_cov_35.033333	96.08		True
relocation, inconsistency = 2310203
1535128	1535408	513	233	NC_002945.4	NODE_298_length_513_cov_35.033333	96.09		True
CONTIG	NODE_298_length_513_cov_35.033333	513	misassembled
3979515	3980025	1	511	NC_002945.4	NODE_299_length_512_cov_6.997912	100.0		True
CONTIG	NODE_299_length_512_cov_6.997912	512	correct
3341883	3342316	434	1	NC_002945.4	NODE_300_length_507_cov_20.240506	100.0		True
CONTIG	NODE_300_length_507_cov_20.240506	507	correct
337890	337972	98	16	NC_002945.4	NODE_301_length_503_cov_4.976596	100.0		True
relocation, inconsistency = -3647236
3984841	3985083	383	141	NC_002945.4	NODE_301_length_503_cov_4.976596	100.0		True
relocation, inconsistency = 3652093
332628	332743	503	388	NC_002945.4	NODE_301_length_503_cov_4.976596	100.0		True
CONTIG	NODE_301_length_503_cov_4.976596	503	misassembled
3894218	3894717	1	500	NC_002945.4	NODE_302_length_500_cov_49.543897	100.0		True
CONTIG	NODE_302_length_500_cov_49.543897	500	correct
624625	624754	11	140	NC_002945.4	NODE_303_length_500_cov_11.064240	100.0		True
local misassembly
624869	625228	141	500	NC_002945.4	NODE_303_length_500_cov_11.064240	99.72		True
CONTIG	NODE_303_length_500_cov_11.064240	500	correct
