S1	E1	S2	E2	Reference	Contig	IDY	Ambiguous	Best_group
3878170	3881476	3352	172	NC_002945.4	NODE_1_length_215524_cov_44.593156	95.79		True
relocation, inconsistency = 1212442
2453608	2665727	215524	3353	NC_002945.4	NODE_1_length_215524_cov_44.593156	99.96		True
CONTIG	NODE_1_length_215524_cov_44.593156	215524	misassembled
402605	607788	1	204915	NC_002945.4	NODE_2_length_204915_cov_45.378313	99.86		True
CONTIG	NODE_2_length_204915_cov_45.378313	204915	correct
3488378	3673271	184786	1	NC_002945.4	NODE_3_length_184786_cov_45.566948	99.92		True
CONTIG	NODE_3_length_184786_cov_45.566948	184786	correct
3015716	3193870	7	177471	NC_002945.4	NODE_4_length_177471_cov_45.312280	99.47		True
CONTIG	NODE_4_length_177471_cov_45.312280	177471	correct
4294640	4349904	60	55323	NC_002945.4	NODE_5_length_158642_cov_46.668240	99.99		True
fake: not a misassembly [linear representation of circular genome]
1	29469	55324	84792	NC_002945.4	NODE_5_length_158642_cov_46.668240	99.99		True
local misassembly
30083	103918	84794	158642	NC_002945.4	NODE_5_length_158642_cov_46.668240	99.96		True
CONTIG	NODE_5_length_158642_cov_46.668240	158642	correct
4035909	4193715	21	157712	NC_002945.4	NODE_6_length_157712_cov_45.029717	99.92		True
CONTIG	NODE_6_length_157712_cov_45.029717	157712	correct
150024	306688	156638	1	NC_002945.4	NODE_7_length_156638_cov_45.808129	99.97		True
CONTIG	NODE_7_length_156638_cov_45.808129	156638	correct
1638890	1769053	61	130223	NC_002945.4	NODE_8_length_130315_cov_48.051410	99.99		True
CONTIG	NODE_8_length_130315_cov_48.051410	130315	correct
970263	1009472	161	39369	NC_002945.4	NODE_9_length_120869_cov_45.393658	99.97		True
relocation, inconsistency = 1457
1010930	1092426	39370	120869	NC_002945.4	NODE_9_length_120869_cov_45.393658	99.99		True
CONTIG	NODE_9_length_120869_cov_45.393658	120869	misassembled
3219373	3338802	18	119673	NC_002945.4	NODE_10_length_119673_cov_45.378298	99.88		True
CONTIG	NODE_10_length_119673_cov_45.378298	119673	correct
1869319	1985637	115855	3	NC_002945.4	NODE_11_length_115855_cov_45.502739	99.58		True
CONTIG	NODE_11_length_115855_cov_45.502739	115855	correct
726477	824045	1	97570	NC_002945.4	NODE_12_length_111019_cov_45.747511	99.99		True
local misassembly
824601	838037	97571	111007	NC_002945.4	NODE_12_length_111019_cov_45.747511	99.98		True
CONTIG	NODE_12_length_111019_cov_45.747511	111019	correct
3343594	3442410	1	98885	NC_002945.4	NODE_13_length_98885_cov_46.622593	99.92		True
CONTIG	NODE_13_length_98885_cov_46.622593	98885	correct
1779460	1869289	1	89830	NC_002945.4	NODE_14_length_89830_cov_43.064212	99.99		True
CONTIG	NODE_14_length_89830_cov_43.064212	89830	correct
2083596	2140709	57114	1	NC_002945.4	NODE_15_length_83880_cov_45.751734	99.99		True
local misassembly
2056991	2083604	83866	57253	NC_002945.4	NODE_15_length_83880_cov_45.751734	99.98		True
CONTIG	NODE_15_length_83880_cov_45.751734	83880	correct
1386939	1470724	1	83729	NC_002945.4	NODE_16_length_83729_cov_45.827229	99.92		True
CONTIG	NODE_16_length_83729_cov_45.827229	83729	correct
3897145	3979563	1	82410	NC_002945.4	NODE_17_length_82525_cov_45.176485	99.98		True
CONTIG	NODE_17_length_82525_cov_45.176485	82525	correct
1492005	1573882	81878	1	NC_002945.4	NODE_18_length_82071_cov_47.184834	99.93		True
CONTIG	NODE_18_length_82071_cov_47.184834	82071	correct
2693912	2773143	1	79231	NC_002945.4	NODE_19_length_79231_cov_44.413974	99.98		True
CONTIG	NODE_19_length_79231_cov_44.413974	79231	correct
2944619	3015748	71154	180	NC_002945.4	NODE_20_length_71154_cov_45.357259	99.77		True
CONTIG	NODE_20_length_71154_cov_45.357259	71154	correct
1092426	1094419	1	1994	NC_002945.4	NODE_21_length_70650_cov_45.053302	99.96		True
relocation, inconsistency = 2041
1096461	1165170	1995	70650	NC_002945.4	NODE_21_length_70650_cov_45.053302	99.83		True
CONTIG	NODE_21_length_70650_cov_45.053302	70650	misassembled
4194926	4259153	1	64228	NC_002945.4	NODE_22_length_64228_cov_47.516139	99.99		True
CONTIG	NODE_22_length_64228_cov_47.516139	64228	correct
2852102	2916260	64159	1	NC_002945.4	NODE_23_length_64159_cov_43.586488	99.98		True
CONTIG	NODE_23_length_64159_cov_43.586488	64159	correct
1280097	1340762	60728	1	NC_002945.4	NODE_24_length_60728_cov_47.673058	99.89		True
CONTIG	NODE_24_length_60728_cov_47.673058	60728	correct
1574008	1633328	59256	1	NC_002945.4	NODE_25_length_59256_cov_43.531617	99.87		True
CONTIG	NODE_25_length_59256_cov_43.531617	59256	correct
1219417	1278412	103	59098	NC_002945.4	NODE_26_length_59098_cov_45.061217	99.99		True
CONTIG	NODE_26_length_59098_cov_45.061217	59098	correct
3777400	3830690	53313	23	NC_002945.4	NODE_27_length_53313_cov_45.577370	99.99		True
CONTIG	NODE_27_length_53313_cov_45.577370	53313	correct
3984620	4000631	1	16012	NC_002945.4	NODE_28_length_51050_cov_45.393457	100.0		True
fake: scaffold gap size wrong estimation (local)
4000854	4035791	16113	51050	NC_002945.4	NODE_28_length_51050_cov_45.393457	99.98		True
CONTIG	NODE_28_length_51050_cov_45.393457	51050	correct
2801012	2852055	51044	1	NC_002945.4	NODE_29_length_51044_cov_45.423179	99.99		True
CONTIG	NODE_29_length_51044_cov_45.423179	51044	correct
676585	726430	1	49846	NC_002945.4	NODE_30_length_49865_cov_43.799047	99.99		True
CONTIG	NODE_30_length_49865_cov_43.799047	49865	correct
842760	891078	25	48343	NC_002945.4	NODE_31_length_48343_cov_45.255600	99.99		True
CONTIG	NODE_31_length_48343_cov_45.255600	48343	correct
625359	673367	43	48051	NC_002945.4	NODE_32_length_48051_cov_44.722915	99.99		True
CONTIG	NODE_32_length_48051_cov_44.722915	48051	correct
1993335	2040931	1	47597	NC_002945.4	NODE_33_length_47597_cov_44.945081	99.98		True
CONTIG	NODE_33_length_47597_cov_44.945081	47597	correct
1343879	1386406	42799	267	NC_002945.4	NODE_34_length_42799_cov_44.947225	99.99		True
CONTIG	NODE_34_length_42799_cov_44.947225	42799	correct
3445573	3488322	42750	1	NC_002945.4	NODE_35_length_42750_cov_47.525585	99.97		True
CONTIG	NODE_35_length_42750_cov_47.525585	42750	correct
3836888	3878150	1	41255	NC_002945.4	NODE_36_length_41271_cov_45.164228	99.91		True
CONTIG	NODE_36_length_41271_cov_45.164228	41271	correct
363836	401308	187	37659	NC_002945.4	NODE_37_length_37659_cov_44.386177	99.99		True
CONTIG	NODE_37_length_37659_cov_44.386177	37659	correct
2246369	2283745	1	37379	NC_002945.4	NODE_38_length_37379_cov_48.164367	99.95		True
CONTIG	NODE_38_length_37379_cov_48.164367	37379	correct
2210167	2245161	34995	1	NC_002945.4	NODE_39_length_35302_cov_49.855892	100.0		True
CONTIG	NODE_39_length_35302_cov_49.855892	35302	correct
930786	965541	193	34948	NC_002945.4	NODE_40_length_35041_cov_46.834622	99.98		True
CONTIG	NODE_40_length_35041_cov_46.834622	35041	correct
3724846	3737454	1	12609	NC_002945.4	NODE_41_length_34663_cov_45.549311	99.98		True
local misassembly
3737665	3759715	12610	34663	NC_002945.4	NODE_41_length_34663_cov_45.549311	99.97		True
CONTIG	NODE_41_length_34663_cov_45.549311	34663	correct
4259930	4293947	1	34016	NC_002945.4	NODE_42_length_34016_cov_46.154711	99.98		True
CONTIG	NODE_42_length_34016_cov_46.154711	34016	correct
1190092	1204741	14665	16	NC_002945.4	NODE_43_length_33969_cov_47.111489	99.97		True
local misassembly
1170557	1189860	33969	14666	NC_002945.4	NODE_43_length_33969_cov_47.111489	99.99		True
CONTIG	NODE_43_length_33969_cov_47.111489	33969	correct
2294650	2325841	31151	1	NC_002945.4	NODE_44_length_31151_cov_42.870004	99.86		True
CONTIG	NODE_44_length_31151_cov_42.870004	31151	correct
2161798	2192094	30298	1	NC_002945.4	NODE_45_length_30298_cov_47.405058	99.99		True
CONTIG	NODE_45_length_30298_cov_47.405058	30298	correct
2343833	2372195	28363	1	NC_002945.4	NODE_46_length_28363_cov_43.670492	99.99		True
CONTIG	NODE_46_length_28363_cov_43.670492	28363	correct
2666005	2693421	27416	1	NC_002945.4	NODE_47_length_27416_cov_44.847704	99.99		True
CONTIG	NODE_47_length_27416_cov_44.847704	27416	correct
105040	131891	27021	170	NC_002945.4	NODE_48_length_27021_cov_44.071094	99.98		True
CONTIG	NODE_48_length_27021_cov_44.071094	27021	correct
306745	333298	26571	123	NC_002945.4	NODE_49_length_26612_cov_44.458146	99.6		True
CONTIG	NODE_49_length_26612_cov_44.458146	26612	correct
3674358	3700216	1	25841	NC_002945.4	NODE_50_length_25841_cov_34.750564	99.93		True
CONTIG	NODE_50_length_25841_cov_34.750564	25841	correct
338738	362767	141	24083	NC_002945.4	NODE_51_length_24454_cov_40.613023	99.6		True
relocation, inconsistency = 1623020
1985788	1986147	24443	24084	NC_002945.4	NODE_51_length_24454_cov_40.613023	100.0		True
CONTIG	NODE_51_length_24454_cov_40.613023	24454	misassembled
2776943	2799828	7	22892	NC_002945.4	NODE_52_length_22892_cov_48.081397	100.0		True
CONTIG	NODE_52_length_22892_cov_48.081397	22892	correct
2386668	2408906	1	22239	NC_002945.4	NODE_53_length_22239_cov_38.584298	100.0		True
CONTIG	NODE_53_length_22239_cov_38.584298	22239	correct
2423267	2444953	1	21687	NC_002945.4	NODE_54_length_21687_cov_46.580380	99.99		True
CONTIG	NODE_54_length_21687_cov_46.580380	21687	correct
2140774	2161533	20516	1	NC_002945.4	NODE_55_length_20516_cov_45.077983	98.64		True
CONTIG	NODE_55_length_20516_cov_45.077983	20516	correct
1490961	1491399	439	1	NC_002945.4	NODE_56_length_19253_cov_52.910488	100.0		True
local misassembly
1471935	1490747	19253	440	NC_002945.4	NODE_56_length_19253_cov_52.910488	99.98		True
CONTIG	NODE_56_length_19253_cov_52.910488	19253	correct
2192685	2209982	1	17298	NC_002945.4	NODE_57_length_17459_cov_51.456035	99.99		True
CONTIG	NODE_57_length_17459_cov_51.456035	17459	correct
2326324	2343725	1	17402	NC_002945.4	NODE_58_length_17402_cov_42.375398	99.98		True
CONTIG	NODE_58_length_17402_cov_42.375398	17402	correct
3760032	3777383	1	17354	NC_002945.4	NODE_59_length_17354_cov_43.035874	99.97		True
CONTIG	NODE_59_length_17354_cov_43.035874	17354	correct
892165	909508	17344	1	NC_002945.4	NODE_60_length_17344_cov_47.349771	99.99		True
CONTIG	NODE_60_length_17344_cov_47.349771	17344	correct
132653	149960	17308	1	NC_002945.4	NODE_61_length_17308_cov_49.415110	99.96		True
CONTIG	NODE_61_length_17308_cov_49.415110	17308	correct
336577	337889	1	1379	NC_002945.4	NODE_62_length_16746_cov_41.109934	95.14		True
relocation, inconsistency = 271195
609085	624451	16746	1380	NC_002945.4	NODE_62_length_16746_cov_41.109934	99.99		True
CONTIG	NODE_62_length_16746_cov_41.109934	16746	misassembled
910050	926309	16260	1	NC_002945.4	NODE_63_length_16260_cov_49.778838	99.99		True
CONTIG	NODE_63_length_16260_cov_49.778838	16260	correct
2040942	2056756	93	15907	NC_002945.4	NODE_64_length_15907_cov_47.014829	99.99		True
CONTIG	NODE_64_length_15907_cov_47.014829	15907	correct
3193780	3209295	1	15616	NC_002945.4	NODE_65_length_15616_cov_46.992382	100.0		True
CONTIG	NODE_65_length_15616_cov_46.992382	15616	correct
2916851	2932244	15394	1	NC_002945.4	NODE_66_length_15394_cov_49.751818	99.97		True
CONTIG	NODE_66_length_15394_cov_49.751818	15394	correct
2372416	2386761	1	14346	NC_002945.4	NODE_67_length_14346_cov_48.407764	99.98		True
CONTIG	NODE_67_length_14346_cov_48.407764	14346	correct
2409215	2422776	192	13753	NC_002945.4	NODE_68_length_13753_cov_43.349479	99.98		True
CONTIG	NODE_68_length_13753_cov_43.349479	13753	correct
3712180	3724752	12573	1	NC_002945.4	NODE_69_length_12573_cov_33.230275	99.96		True
CONTIG	NODE_69_length_12573_cov_33.230275	12573	correct
3700197	3711403	189	11395	NC_002945.4	NODE_70_length_11395_cov_31.382677	99.99		True
CONTIG	NODE_70_length_11395_cov_31.382677	11395	correct
3882139	3884027	351	2287	NC_002945.4	NODE_71_length_11308_cov_16.586620	97.69		True
local misassembly
3884643	3890278	2288	7932	NC_002945.4	NODE_71_length_11308_cov_16.586620	99.79		True
local misassembly
3890969	3894344	7933	11308	NC_002945.4	NODE_71_length_11308_cov_16.586620	99.89		True
CONTIG	NODE_71_length_11308_cov_16.586620	11308	correct
2933728	2943963	1	10236	NC_002945.4	NODE_72_length_10236_cov_46.939954	99.99		True
CONTIG	NODE_72_length_10236_cov_46.939954	10236	correct
3209302	3219352	1	10051	NC_002945.4	NODE_73_length_10051_cov_42.637042	100.0		True
CONTIG	NODE_73_length_10051_cov_42.637042	10051	correct
1204727	1213915	1	9114	NC_002945.4	NODE_74_length_9114_cov_40.339045	99.14		True
CONTIG	NODE_74_length_9114_cov_40.339045	9114	correct
2444936	2453612	1	8677	NC_002945.4	NODE_75_length_8677_cov_42.820234	100.0		True
CONTIG	NODE_75_length_8677_cov_42.820234	8677	correct
1987013	1992127	1	5116	NC_002945.4	NODE_76_length_5116_cov_48.703949	99.96		True
CONTIG	NODE_76_length_5116_cov_48.703949	5116	correct
3830708	3835785	5078	1	NC_002945.4	NODE_77_length_5092_cov_51.735952	100.0		True
CONTIG	NODE_77_length_5092_cov_51.735952	5092	correct
965518	970118	239	4839	NC_002945.4	NODE_78_length_4839_cov_33.150467	99.96		True
CONTIG	NODE_78_length_4839_cov_33.150467	4839	correct
1214750	1218404	3666	12	NC_002945.4	NODE_79_length_4686_cov_33.970169	99.7		True
local misassembly
1213970	1214774	4590	3786	NC_002945.4	NODE_79_length_4686_cov_33.970169	99.25		True
CONTIG	NODE_79_length_4686_cov_33.970169	4686	correct
3980336	3984488	4153	1	NC_002945.4	NODE_80_length_4348_cov_37.092869	100.0		True
CONTIG	NODE_80_length_4348_cov_37.092869	4348	correct
1165899	1169900	4002	1	NC_002945.4	NODE_81_length_4002_cov_45.381419	99.98		True
CONTIG	NODE_81_length_4002_cov_45.381419	4002	correct
2284620	2287647	3028	1	NC_002945.4	NODE_82_length_3028_cov_35.072389	99.77		True
CONTIG	NODE_82_length_3028_cov_35.072389	3028	correct
1635657	1638240	1	2533	NC_002945.4	NODE_83_length_3028_cov_22.613582	98.03		True
local misassembly
1638385	1638698	2534	2847	NC_002945.4	NODE_83_length_3028_cov_22.613582	99.7		True
CONTIG	NODE_83_length_3028_cov_22.613582	3028	correct
2290710	2293716	1	3007	NC_002945.4	NODE_84_length_3007_cov_36.392708	100.0		True
CONTIG	NODE_84_length_3007_cov_36.392708	3007	correct
928970	930612	1643	1	NC_002945.4	NODE_85_length_2556_cov_13.083162	100.0		True
local misassembly
928346	928975	2420	1782	NC_002945.4	NODE_85_length_2556_cov_13.083162	98.28		True
CONTIG	NODE_85_length_2556_cov_13.083162	2556	correct
335783	335900	118	1	NC_002945.4	NODE_86_length_2187_cov_11.383495	100.0		True
local misassembly
334077	336226	2187	119	NC_002945.4	NODE_86_length_2187_cov_11.383495	96.14		True
CONTIG	NODE_86_length_2187_cov_11.383495	2187	correct
674854	676373	182	1701	NC_002945.4	NODE_87_length_1701_cov_5.862135	99.87		True
CONTIG	NODE_87_length_1701_cov_5.862135	1701	correct
401182	402731	1	1550	NC_002945.4	NODE_88_length_1550_cov_78.401968	100.0		True
CONTIG	NODE_88_length_1550_cov_78.401968	1550	correct
4193589	4195052	1	1464	NC_002945.4	NODE_89_length_1464_cov_110.213912	100.0		True
CONTIG	NODE_89_length_1464_cov_110.213912	1464	correct
1992001	1993461	1	1461	NC_002945.4	NODE_90_length_1461_cov_66.934783	100.0		True
CONTIG	NODE_90_length_1461_cov_66.934783	1461	correct
2774298	2775594	164	1460	NC_002945.4	NODE_91_length_1460_cov_7.775694	100.0		True
CONTIG	NODE_91_length_1460_cov_7.775694	1460	correct
3443593	3445031	1439	1	NC_002945.4	NODE_92_length_1439_cov_53.771341	100.0		True
CONTIG	NODE_92_length_1439_cov_53.771341	1439	correct
1094890	1096326	1	1437	NC_002945.4	NODE_93_length_1437_cov_41.093130	100.0		True
CONTIG	NODE_93_length_1437_cov_41.093130	1437	correct
3673145	3674484	1340	1	NC_002945.4	NODE_94_length_1340_cov_91.622424	100.0		True
CONTIG	NODE_94_length_1340_cov_91.622424	1340	correct
3339137	3340461	1	1325	NC_002945.4	NODE_95_length_1325_cov_44.713689	100.0		True
CONTIG	NODE_95_length_1325_cov_44.713689	1325	correct
3835659	3836979	1321	1	NC_002945.4	NODE_96_length_1321_cov_97.327471	99.77		True
CONTIG	NODE_96_length_1321_cov_97.327471	1321	correct
2288581	2289835	1255	1	NC_002945.4	NODE_97_length_1255_cov_48.117908	100.0		True
CONTIG	NODE_97_length_1255_cov_48.117908	1255	correct
2287521	2288707	1187	1	NC_002945.4	NODE_98_length_1187_cov_35.419811	100.0		True
CONTIG	NODE_98_length_1187_cov_35.419811	1187	correct
673510	674483	1057	84	NC_002945.4	NODE_99_length_1163_cov_3.267375	98.67		True
CONTIG	NODE_99_length_1163_cov_3.267375	1163	correct
839730	840763	11	1044	NC_002945.4	NODE_100_length_1136_cov_12.364718	99.42		True
local misassembly
840040	840126	1045	1131	NC_002945.4	NODE_100_length_1136_cov_12.364718	98.97		True
CONTIG	NODE_100_length_1136_cov_12.364718	1136	correct
2283619	2284746	1	1128	NC_002945.4	NODE_101_length_1128_cov_91.224775	99.91		True
CONTIG	NODE_101_length_1128_cov_91.224775	1128	correct
1340970	1342059	1090	1	NC_002945.4	NODE_102_length_1090_cov_37.142264	99.91		True
CONTIG	NODE_102_length_1090_cov_37.142264	1090	correct
3711277	3712306	1	1030	NC_002945.4	NODE_103_length_1030_cov_90.582503	100.0		True
CONTIG	NODE_103_length_1030_cov_90.582503	1030	correct
1165044	1166025	1	982	NC_002945.4	NODE_104_length_982_cov_88.389474	99.9		True
CONTIG	NODE_104_length_982_cov_88.389474	982	correct
362823	363804	1	982	NC_002945.4	NODE_105_length_982_cov_6.750877	100.0		True
CONTIG	NODE_105_length_982_cov_6.750877	982	correct
338173	338761	147	735	NC_002945.4	NODE_106_length_964_cov_5.082437	100.0		True
relocation, inconsistency = 1234872
1573773	1573862	875	964	NC_002945.4	NODE_106_length_964_cov_5.082437	100.0		True
CONTIG	NODE_106_length_964_cov_5.082437	964	misassembled
3342811	3343719	1	909	NC_002945.4	NODE_107_length_909_cov_285.457801	100.0		True
CONTIG	NODE_107_length_909_cov_285.457801	909	correct
3341521	3342410	1	890	NC_002945.4	NODE_108_length_890_cov_36.910878	100.0		True
CONTIG	NODE_108_length_890_cov_36.910878	890	correct
1278286	1279129	1	844	NC_002945.4	NODE_109_length_844_cov_93.309623	100.0		True
CONTIG	NODE_109_length_844_cov_93.309623	844	correct
3444905	3445699	1	795	NC_002945.4	NODE_110_length_795_cov_109.375749	100.0		True
CONTIG	NODE_110_length_795_cov_109.375749	795	correct
132057	132658	1	602	NC_002945.4	NODE_111_length_789_cov_1.614804	99.67		True
CONTIG	NODE_111_length_789_cov_1.614804	789	correct
2693295	2694038	1	744	NC_002945.4	NODE_112_length_744_cov_88.379254	100.0		True
CONTIG	NODE_112_length_744_cov_88.379254	744	correct
2932254	2932817	159	722	NC_002945.4	NODE_113_length_722_cov_1.478992	99.82		True
CONTIG	NODE_113_length_722_cov_1.478992	722	correct
2773507	2774175	669	1	NC_002945.4	NODE_114_length_669_cov_3.546125	100.0		True
CONTIG	NODE_114_length_669_cov_3.546125	669	correct
3340552	3341186	1	635	NC_002945.4	NODE_115_length_635_cov_31.580709	100.0		True
CONTIG	NODE_115_length_635_cov_31.580709	635	correct
1342064	1342697	634	1	NC_002945.4	NODE_116_length_634_cov_51.526627	100.0		True
CONTIG	NODE_116_length_634_cov_51.526627	634	correct
3338676	3339263	1	588	NC_002945.4	NODE_117_length_588_cov_60.724512	100.0		True
CONTIG	NODE_117_length_588_cov_60.724512	588	correct
838483	839022	540	1	NC_002945.4	NODE_118_length_540_cov_1.617433	99.81		True
CONTIG	NODE_118_length_540_cov_1.617433	540	correct
4294104	4294603	500	1	NC_002945.4	NODE_119_length_500_cov_5.823056	100.0		True
CONTIG	NODE_119_length_500_cov_5.823056	500	correct
