S1	E1	S2	E2	Reference	Contig	IDY	Ambiguous	Best_group
1853865	1985637	131327	21	NC_002945.4	NODE_1_length_205618_cov_44.932099	99.63		True
local misassembly
1779460	1853750	205618	131328	NC_002945.4	NODE_1_length_205618_cov_44.932099	99.99		True
CONTIG	NODE_1_length_205618_cov_44.932099	205618	correct
402605	607788	204915	1	NC_002945.4	NODE_2_length_204915_cov_45.443478	99.86		True
CONTIG	NODE_2_length_204915_cov_45.443478	204915	correct
2423267	2609269	185893	1	NC_002945.4	NODE_3_length_185893_cov_46.080574	99.92		True
CONTIG	NODE_3_length_185893_cov_46.080574	185893	correct
3510801	3673271	162360	1	NC_002945.4	NODE_4_length_162486_cov_46.859404	99.92		True
CONTIG	NODE_4_length_162486_cov_46.859404	162486	correct
676585	824045	1	147462	NC_002945.4	NODE_5_length_161741_cov_45.355390	99.99		True
local misassembly
824601	838069	147463	160931	NC_002945.4	NODE_5_length_161741_cov_45.355390	99.97		True
relocation, inconsistency = 800299
1638369	1638857	161420	160932	NC_002945.4	NODE_5_length_161741_cov_45.355390	100.0		True
local misassembly
1637904	1638224	161741	161421	NC_002945.4	NODE_5_length_161741_cov_45.355390	100.0		True
CONTIG	NODE_5_length_161741_cov_45.355390	161741	misassembled
4035826	4193715	1	157775	NC_002945.4	NODE_6_length_157775_cov_45.933694	99.92		True
CONTIG	NODE_6_length_157775_cov_45.933694	157775	correct
149965	306653	156715	54	NC_002945.4	NODE_7_length_156715_cov_45.717482	99.97		True
CONTIG	NODE_7_length_156715_cov_45.717482	156715	correct
1170557	1189860	1	19304	NC_002945.4	NODE_8_length_151683_cov_47.560717	99.99		True
local misassembly
1190092	1192259	19305	21472	NC_002945.4	NODE_8_length_151683_cov_47.560717	99.95		True
relocation, inconsistency = 446673
1638936	1769053	21476	151591	NC_002945.4	NODE_8_length_151683_cov_47.560717	99.99		True
CONTIG	NODE_8_length_151683_cov_47.560717	151683	misassembled
4310423	4349904	6	39486	NC_002945.4	NODE_9_length_142805_cov_46.430844	99.99		True
fake: not a misassembly [linear representation of circular genome]
1	29469	39487	68955	NC_002945.4	NODE_9_length_142805_cov_46.430844	99.99		True
local misassembly
30083	103918	68957	142805	NC_002945.4	NODE_9_length_142805_cov_46.430844	99.96		True
CONTIG	NODE_9_length_142805_cov_46.430844	142805	correct
2056449	2056755	191	497	NC_002945.4	NODE_10_length_134888_cov_47.520329	100.0		True
local misassembly
2057038	2083604	498	27064	NC_002945.4	NODE_10_length_134888_cov_47.520329	99.97		True
local misassembly
2083596	2158516	27203	102123	NC_002945.4	NODE_10_length_134888_cov_47.520329	99.98		True
local misassembly
2158655	2159088	102124	102557	NC_002945.4	NODE_10_length_134888_cov_47.520329	100.0		True
fake: scaffold gap size wrong estimation (local)
2160645	2160846	103920	104121	NC_002945.4	NODE_10_length_134888_cov_47.520329	100.0		True
fake: scaffold gap size wrong estimation (local)
2160997	2192094	104222	134888	NC_002945.4	NODE_10_length_134888_cov_47.520329	98.6		True
CONTIG	NODE_10_length_134888_cov_47.520329	134888	correct
1010930	1091456	80712	183	NC_002945.4	NODE_11_length_120029_cov_45.892604	99.99		True
relocation, inconsistency = 1457
970310	1009472	119874	80713	NC_002945.4	NODE_11_length_120029_cov_45.892604	99.98		True
CONTIG	NODE_11_length_120029_cov_45.892604	120029	misassembled
3297493	3338802	41479	1	NC_002945.4	NODE_12_length_119700_cov_45.727104	99.81		True
indel: stretch of mismatches
3219391	3297478	119638	41494	NC_002945.4	NODE_12_length_119700_cov_45.727104	99.92		True
CONTIG	NODE_12_length_119700_cov_45.727104	119700	correct
3082645	3193870	1	110438	NC_002945.4	NODE_13_length_110438_cov_45.042290	99.26		True
CONTIG	NODE_13_length_110438_cov_45.042290	110438	correct
3343594	3442410	1	98885	NC_002945.4	NODE_14_length_98885_cov_46.454606	99.92		True
CONTIG	NODE_14_length_98885_cov_46.454606	98885	correct
3896871	3979453	82574	1	NC_002945.4	NODE_15_length_83270_cov_45.525119	99.98		True
CONTIG	NODE_15_length_83270_cov_45.525119	83270	correct
1491918	1573822	1	81905	NC_002945.4	NODE_16_length_81967_cov_46.846762	99.93		True
CONTIG	NODE_16_length_81967_cov_46.846762	81967	correct
2693912	2773104	79260	69	NC_002945.4	NODE_17_length_79260_cov_45.020345	99.99		True
CONTIG	NODE_17_length_79260_cov_45.020345	79260	correct
1094364	1165170	70796	1	NC_002945.4	NODE_18_length_72567_cov_45.680025	99.96		True
local misassembly
1092431	1094201	72567	70797	NC_002945.4	NODE_18_length_72567_cov_45.680025	99.94		True
CONTIG	NODE_18_length_72567_cov_45.680025	72567	correct
3015721	3081542	65920	1	NC_002945.4	NODE_19_length_65920_cov_45.142751	99.83		True
CONTIG	NODE_19_length_65920_cov_45.142751	65920	correct
3445573	3510803	1	65234	NC_002945.4	NODE_20_length_65361_cov_46.797744	99.97		True
CONTIG	NODE_20_length_65361_cov_46.797744	65361	correct
4194926	4259153	1	64228	NC_002945.4	NODE_21_length_64228_cov_48.647307	99.99		True
CONTIG	NODE_21_length_64228_cov_48.647307	64228	correct
2852103	2916180	1	64077	NC_002945.4	NODE_22_length_64077_cov_44.486333	99.98		True
CONTIG	NODE_22_length_64077_cov_44.486333	64077	correct
1280097	1342059	1	62025	NC_002945.4	NODE_23_length_62025_cov_46.895360	99.89		True
CONTIG	NODE_23_length_62025_cov_46.895360	62025	correct
1997097	2056366	59270	1	NC_002945.4	NODE_24_length_59270_cov_45.487446	99.98		True
CONTIG	NODE_24_length_59270_cov_45.487446	59270	correct
1219486	1278412	162	59088	NC_002945.4	NODE_25_length_59088_cov_45.154763	99.99		True
CONTIG	NODE_25_length_59088_cov_45.154763	59088	correct
2957039	3015748	59001	345	NC_002945.4	NODE_26_length_59001_cov_45.628563	99.9		True
CONTIG	NODE_26_length_59001_cov_45.628563	59001	correct
3777400	3835785	1	58318	NC_002945.4	NODE_27_length_58318_cov_46.385970	99.87		True
CONTIG	NODE_27_length_58318_cov_46.385970	58318	correct
1413935	1470724	1	56733	NC_002945.4	NODE_28_length_56733_cov_47.956453	99.89		True
CONTIG	NODE_28_length_56733_cov_47.956453	56733	correct
2611722	2665648	54113	136	NC_002945.4	NODE_29_length_54182_cov_45.356970	99.87		True
CONTIG	NODE_29_length_54182_cov_45.356970	54182	correct
2801012	2852054	51043	1	NC_002945.4	NODE_30_length_51043_cov_46.071647	99.99		True
CONTIG	NODE_30_length_51043_cov_46.071647	51043	correct
3984873	4000742	1	15859	NC_002945.4	NODE_31_length_50830_cov_45.897048	99.93		True
local misassembly
4000854	4035824	15860	50830	NC_002945.4	NODE_31_length_50830_cov_45.897048	99.98		True
CONTIG	NODE_31_length_50830_cov_45.897048	50830	correct
1574014	1623832	1	49819	NC_002945.4	NODE_32_length_49819_cov_44.707297	99.98		True
CONTIG	NODE_32_length_49819_cov_44.707297	49819	correct
842585	891078	17	48510	NC_002945.4	NODE_33_length_48510_cov_44.807990	99.99		True
CONTIG	NODE_33_length_48510_cov_44.807990	48510	correct
625519	673401	241	48123	NC_002945.4	NODE_34_length_48123_cov_43.732728	99.99		True
CONTIG	NODE_34_length_48123_cov_43.732728	48123	correct
1343879	1386886	1	43013	NC_002945.4	NODE_35_length_43013_cov_45.347713	99.99		True
CONTIG	NODE_35_length_43013_cov_45.347713	43013	correct
3836888	3878150	1	41255	NC_002945.4	NODE_36_length_41293_cov_46.520478	99.96		True
CONTIG	NODE_36_length_41293_cov_46.520478	41293	correct
930622	970019	39518	1	NC_002945.4	NODE_37_length_39530_cov_45.164987	99.68		True
CONTIG	NODE_37_length_39530_cov_45.164987	39530	correct
2246369	2283745	1	37379	NC_002945.4	NODE_38_length_37379_cov_49.077446	99.95		True
CONTIG	NODE_38_length_37379_cov_49.077446	37379	correct
2372360	2408880	1	36463	NC_002945.4	NODE_39_length_36463_cov_41.670575	99.83		True
CONTIG	NODE_39_length_36463_cov_41.670575	36463	correct
2210028	2245161	35134	1	NC_002945.4	NODE_40_length_35134_cov_50.331105	100.0		True
CONTIG	NODE_40_length_35134_cov_50.331105	35134	correct
3724846	3737454	1	12609	NC_002945.4	NODE_41_length_34356_cov_45.140583	99.98		True
local misassembly
3737665	3758796	12610	33741	NC_002945.4	NODE_41_length_34356_cov_45.140583	100.0		True
local misassembly
3758990	3759389	33764	34163	NC_002945.4	NODE_41_length_34356_cov_45.140583	99.75		True
CONTIG	NODE_41_length_34356_cov_45.140583	34356	correct
368473	401308	1	32836	NC_002945.4	NODE_42_length_32836_cov_44.644043	100.0		True
CONTIG	NODE_42_length_32836_cov_44.644043	32836	correct
2294650	2324490	1	29841	NC_002945.4	NODE_43_length_29843_cov_43.337865	99.99		True
CONTIG	NODE_43_length_29843_cov_43.337865	29843	correct
2343875	2372189	28315	1	NC_002945.4	NODE_44_length_28427_cov_43.959011	99.98		True
CONTIG	NODE_44_length_28427_cov_43.959011	28427	correct
2666097	2693421	1	27324	NC_002945.4	NODE_45_length_27324_cov_46.670956	99.98		True
CONTIG	NODE_45_length_27324_cov_46.670956	27324	correct
105040	131943	27077	174	NC_002945.4	NODE_46_length_27077_cov_44.866716	99.98		True
CONTIG	NODE_46_length_27077_cov_44.866716	27077	correct
306711	333298	26594	112	NC_002945.4	NODE_47_length_26594_cov_44.778668	99.6		True
CONTIG	NODE_47_length_26594_cov_44.778668	26594	correct
1386997	1412955	156	26033	NC_002945.4	NODE_48_length_26033_cov_43.635721	99.66		True
CONTIG	NODE_48_length_26033_cov_43.635721	26033	correct
3674358	3700217	25842	1	NC_002945.4	NODE_49_length_25842_cov_34.458371	99.93		True
CONTIG	NODE_49_length_25842_cov_34.458371	25842	correct
3193780	3219343	1	25610	NC_002945.4	NODE_50_length_25692_cov_46.472247	99.79		True
CONTIG	NODE_50_length_25692_cov_46.472247	25692	correct
338153	363659	1	25429	NC_002945.4	NODE_51_length_25591_cov_40.354029	99.58		True
CONTIG	NODE_51_length_25591_cov_40.354029	25591	correct
4259930	4281668	21737	1	NC_002945.4	NODE_52_length_21737_cov_44.696298	99.98		True
CONTIG	NODE_52_length_21737_cov_44.696298	21737	correct
1490961	1491760	800	1	NC_002945.4	NODE_53_length_19614_cov_52.009288	100.0		True
local misassembly
1471935	1490747	19614	801	NC_002945.4	NODE_53_length_19614_cov_52.009288	99.97		True
CONTIG	NODE_53_length_19614_cov_52.009288	19614	correct
3759460	3777383	1	17926	NC_002945.4	NODE_54_length_17926_cov_42.431822	99.97		True
CONTIG	NODE_54_length_17926_cov_42.431822	17926	correct
132146	149980	1	17835	NC_002945.4	NODE_55_length_17835_cov_47.877061	99.89		True
CONTIG	NODE_55_length_17835_cov_47.877061	17835	correct
2192685	2210117	1	17433	NC_002945.4	NODE_56_length_17558_cov_51.232918	99.95		True
CONTIG	NODE_56_length_17558_cov_51.232918	17558	correct
2326283	2343754	1	17472	NC_002945.4	NODE_57_length_17472_cov_43.649524	99.99		True
CONTIG	NODE_57_length_17472_cov_43.649524	17472	correct
892165	909508	17344	1	NC_002945.4	NODE_58_length_17344_cov_47.802288	99.99		True
CONTIG	NODE_58_length_17344_cov_47.802288	17344	correct
2776970	2793809	16919	80	NC_002945.4	NODE_59_length_17062_cov_48.783407	100.0		True
CONTIG	NODE_59_length_17062_cov_48.783407	17062	correct
2916851	2932847	1	15997	NC_002945.4	NODE_60_length_15997_cov_51.271771	99.96		True
CONTIG	NODE_60_length_15997_cov_51.271771	15997	correct
4294612	4310414	1	15803	NC_002945.4	NODE_61_length_15990_cov_40.874425	99.97		True
CONTIG	NODE_61_length_15990_cov_40.874425	15990	correct
609085	624434	15350	1	NC_002945.4	NODE_62_length_15350_cov_43.815608	99.99		True
CONTIG	NODE_62_length_15350_cov_43.815608	15350	correct
2409042	2422776	13735	1	NC_002945.4	NODE_63_length_13753_cov_44.376560	99.97		True
CONTIG	NODE_63_length_13753_cov_44.376560	13753	correct
3712180	3724845	12701	37	NC_002945.4	NODE_64_length_12701_cov_35.151742	99.95		True
CONTIG	NODE_64_length_12701_cov_35.151742	12701	correct
910050	922596	1	12547	NC_002945.4	NODE_65_length_12547_cov_47.441465	99.98		True
CONTIG	NODE_65_length_12547_cov_47.441465	12547	correct
2944619	2957076	12458	1	NC_002945.4	NODE_66_length_12458_cov_43.950937	99.98		True
CONTIG	NODE_66_length_12458_cov_43.950937	12458	correct
4281675	4293947	1	12273	NC_002945.4	NODE_67_length_12273_cov_45.539025	99.99		True
CONTIG	NODE_67_length_12273_cov_45.539025	12273	correct
1193002	1204637	11744	109	NC_002945.4	NODE_68_length_11744_cov_49.074460	99.97		True
CONTIG	NODE_68_length_11744_cov_49.074460	11744	correct
1204750	1213474	1	8725	NC_002945.4	NODE_69_length_11204_cov_34.822425	99.98		True
relocation, inconsistency = 274468
928970	930248	10037	8759	NC_002945.4	NODE_69_length_11204_cov_34.822425	100.0		True
local misassembly
927956	928975	11204	10176	NC_002945.4	NODE_69_length_11204_cov_34.822425	99.13		True
CONTIG	NODE_69_length_11204_cov_34.822425	11204	misassembled
3700360	3711403	11044	1	NC_002945.4	NODE_70_length_11080_cov_32.143522	100.0		True
CONTIG	NODE_70_length_11080_cov_32.143522	11080	correct
3881725	3882153	1	429	NC_002945.4	NODE_71_length_10357_cov_17.454350	99.77		True
local misassembly
3882139	3884027	583	2519	NC_002945.4	NODE_71_length_10357_cov_17.454350	97.69		True
local misassembly
3884643	3890278	2520	8164	NC_002945.4	NODE_71_length_10357_cov_17.454350	99.79		True
local misassembly
3890969	3893025	8165	10221	NC_002945.4	NODE_71_length_10357_cov_17.454350	99.67		True
CONTIG	NODE_71_length_10357_cov_17.454350	10357	correct
2933744	2943963	10220	1	NC_002945.4	NODE_72_length_10220_cov_46.916180	99.99		True
CONTIG	NODE_72_length_10220_cov_46.916180	10220	correct
1633544	1634239	696	1	NC_002945.4	NODE_73_length_10047_cov_37.338710	98.77		True
local misassembly
1623857	1633264	10047	697	NC_002945.4	NODE_73_length_10047_cov_37.338710	99.36		True
CONTIG	NODE_73_length_10047_cov_37.338710	10047	correct
2793832	2799828	5997	1	NC_002945.4	NODE_74_length_5997_cov_39.752300	99.98		True
CONTIG	NODE_74_length_5997_cov_39.752300	5997	correct
1986991	1992127	1	5138	NC_002945.4	NODE_75_length_5138_cov_45.877470	99.98		True
CONTIG	NODE_75_length_5138_cov_45.877470	5138	correct
1214057	1214774	1	718	NC_002945.4	NODE_76_length_4535_cov_32.794691	99.72		True
local misassembly
1214750	1218317	838	4405	NC_002945.4	NODE_76_length_4535_cov_32.794691	100.0		True
CONTIG	NODE_76_length_4535_cov_32.794691	4535	correct
3980265	3984573	4321	13	NC_002945.4	NODE_77_length_4512_cov_38.339567	100.0		True
CONTIG	NODE_77_length_4512_cov_38.339567	4512	correct
364063	368472	1	4410	NC_002945.4	NODE_78_length_4410_cov_44.440379	99.93		True
CONTIG	NODE_78_length_4410_cov_44.440379	4410	correct
1165899	1169900	1	4002	NC_002945.4	NODE_79_length_4002_cov_49.136516	99.98		True
CONTIG	NODE_79_length_4002_cov_49.136516	4002	correct
1993335	1996988	1	3654	NC_002945.4	NODE_80_length_3845_cov_37.042227	99.97		True
CONTIG	NODE_80_length_3845_cov_37.042227	3845	correct
922898	925979	3082	1	NC_002945.4	NODE_81_length_3082_cov_52.141789	100.0		True
CONTIG	NODE_81_length_3082_cov_52.141789	3082	correct
2284620	2287647	3028	1	NC_002945.4	NODE_82_length_3028_cov_34.065150	99.77		True
CONTIG	NODE_82_length_3028_cov_34.065150	3028	correct
2290710	2293716	1	3007	NC_002945.4	NODE_83_length_3007_cov_32.856250	100.0		True
CONTIG	NODE_83_length_3007_cov_32.856250	3007	correct
1635657	1638030	1	2425	NC_002945.4	NODE_84_length_2425_cov_27.601828	97.9		True
CONTIG	NODE_84_length_2425_cov_27.601828	2425	correct
3878188	3880295	1	2108	NC_002945.4	NODE_85_length_2283_cov_4.616883	99.86		True
CONTIG	NODE_85_length_2283_cov_4.616883	2283	correct
2609387	2611609	1	2223	NC_002945.4	NODE_86_length_2223_cov_29.317271	100.0		True
CONTIG	NODE_86_length_2223_cov_29.317271	2223	correct
674749	676199	1451	1	NC_002945.4	NODE_87_length_1632_cov_4.415282	100.0		True
CONTIG	NODE_87_length_1632_cov_4.415282	1632	correct
607662	609211	1550	1	NC_002945.4	NODE_88_length_1550_cov_78.557273	99.94		True
CONTIG	NODE_88_length_1550_cov_78.557273	1550	correct
839693	840848	325	1480	NC_002945.4	NODE_89_length_1480_cov_13.781966	99.65		True
CONTIG	NODE_89_length_1480_cov_13.781966	1480	correct
4193589	4195052	1	1464	NC_002945.4	NODE_90_length_1464_cov_108.307405	100.0		True
CONTIG	NODE_90_length_1464_cov_108.307405	1464	correct
1992001	1993461	1	1461	NC_002945.4	NODE_91_length_1461_cov_62.269865	100.0		True
CONTIG	NODE_91_length_1461_cov_62.269865	1461	correct
3443593	3445031	1	1439	NC_002945.4	NODE_92_length_1439_cov_57.935213	100.0		True
CONTIG	NODE_92_length_1439_cov_57.935213	1439	correct
336693	337950	1289	32	NC_002945.4	NODE_93_length_1421_cov_19.899536	100.0		True
CONTIG	NODE_93_length_1421_cov_19.899536	1421	correct
2774316	2775596	1281	1	NC_002945.4	NODE_94_length_1386_cov_7.198570	99.92		True
CONTIG	NODE_94_length_1386_cov_7.198570	1386	correct
3081416	3082771	1	1356	NC_002945.4	NODE_95_length_1356_cov_109.956876	100.0		True
CONTIG	NODE_95_length_1356_cov_109.956876	1356	correct
673503	674699	130	1326	NC_002945.4	NODE_96_length_1355_cov_2.513029	99.08		True
CONTIG	NODE_96_length_1355_cov_2.513029	1355	correct
890952	892291	1340	1	NC_002945.4	NODE_97_length_1340_cov_90.392415	100.0		True
CONTIG	NODE_97_length_1340_cov_90.392415	1340	correct
2324508	2325843	1336	1	NC_002945.4	NODE_98_length_1336_cov_36.846981	100.0		True
CONTIG	NODE_98_length_1336_cov_36.846981	1336	correct
3339137	3340461	1325	1	NC_002945.4	NODE_99_length_1325_cov_42.936561	100.0		True
CONTIG	NODE_99_length_1325_cov_42.936561	1325	correct
3835659	3836979	1	1321	NC_002945.4	NODE_100_length_1321_cov_101.424623	99.7		True
CONTIG	NODE_100_length_1321_cov_101.424623	1321	correct
335351	336450	1100	1	NC_002945.4	NODE_101_length_1317_cov_4.096639	100.0		True
CONTIG	NODE_101_length_1317_cov_4.096639	1317	correct
2288581	2289835	1	1255	NC_002945.4	NODE_102_length_1255_cov_51.232270	100.0		True
CONTIG	NODE_102_length_1255_cov_51.232270	1255	correct
2287521	2288707	1	1187	NC_002945.4	NODE_103_length_1187_cov_38.874528	100.0		True
CONTIG	NODE_103_length_1187_cov_38.874528	1187	correct
2289709	2290836	1	1128	NC_002945.4	NODE_104_length_1128_cov_89.599401	99.91		True
CONTIG	NODE_104_length_1128_cov_89.599401	1128	correct
3711277	3712306	1030	1	NC_002945.4	NODE_105_length_1030_cov_92.188261	100.0		True
CONTIG	NODE_105_length_1030_cov_92.188261	1030	correct
1165044	1166025	982	1	NC_002945.4	NODE_106_length_982_cov_102.374269	100.0		True
CONTIG	NODE_106_length_982_cov_102.374269	982	correct
2943837	2944745	1	909	NC_002945.4	NODE_107_length_909_cov_297.657289	100.0		True
CONTIG	NODE_107_length_909_cov_297.657289	909	correct
3341521	3342410	890	1	NC_002945.4	NODE_108_length_890_cov_33.387942	100.0		True
CONTIG	NODE_108_length_890_cov_33.387942	890	correct
2191968	2192811	1	844	NC_002945.4	NODE_109_length_844_cov_92.343096	100.0		True
CONTIG	NODE_109_length_844_cov_92.343096	844	correct
909382	910176	795	1	NC_002945.4	NODE_110_length_795_cov_108.125749	100.0		True
CONTIG	NODE_110_length_795_cov_108.125749	795	correct
1091451	1091983	1	533	NC_002945.4	NODE_111_length_765_cov_1.432602	98.5		True
CONTIG	NODE_111_length_765_cov_1.432602	765	correct
2422650	2423393	744	1	NC_002945.4	NODE_112_length_744_cov_84.158833	100.0		True
CONTIG	NODE_112_length_744_cov_84.158833	744	correct
1985756	1986476	9	729	NC_002945.4	NODE_113_length_729_cov_3.571429	100.0		True
CONTIG	NODE_113_length_729_cov_3.571429	729	correct
3340552	3341186	635	1	NC_002945.4	NODE_114_length_635_cov_32.909449	100.0		True
CONTIG	NODE_114_length_635_cov_32.909449	635	correct
1342064	1342697	1	634	NC_002945.4	NODE_115_length_634_cov_57.019724	100.0		True
CONTIG	NODE_115_length_634_cov_57.019724	634	correct
3341060	3341647	588	1	NC_002945.4	NODE_116_length_588_cov_77.325380	100.0		True
CONTIG	NODE_116_length_588_cov_77.325380	588	correct
2773511	2774046	1	536	NC_002945.4	NODE_117_length_536_cov_2.547677	100.0		True
CONTIG	NODE_117_length_536_cov_2.547677	536	correct
4294093	4294601	509	1	NC_002945.4	NODE_118_length_509_cov_3.743455	100.0		True
CONTIG	NODE_118_length_509_cov_3.743455	509	correct
1986524	1986863	169	508	NC_002945.4	NODE_119_length_508_cov_1.283465	99.71		True
CONTIG	NODE_119_length_508_cov_1.283465	508	correct
