S1	E1	S2	E2	Reference	Contig	IDY	Ambiguous	Best_group
2666193	2693421	27228	1	NC_002945.4	NODE_1_length_239372_cov_37.473285	99.99		True
local misassembly
2453763	2665692	239217	27236	NC_002945.4	NODE_1_length_239372_cov_37.473285	99.96		True
CONTIG	NODE_1_length_239372_cov_37.473285	239372	correct
402503	581801	179184	1	NC_002945.4	NODE_2_length_179184_cov_37.863569	99.92		True
CONTIG	NODE_2_length_179184_cov_37.863569	179184	correct
3510801	3673271	127	162486	NC_002945.4	NODE_3_length_162486_cov_38.410830	99.92		True
CONTIG	NODE_3_length_162486_cov_38.410830	162486	correct
150157	306657	156474	1	NC_002945.4	NODE_4_length_156474_cov_37.938457	99.97		True
CONTIG	NODE_4_length_156474_cov_37.938457	156474	correct
30083	103918	73849	1	NC_002945.4	NODE_5_length_151583_cov_39.336533	99.96		True
local misassembly
1	29469	103319	73851	NC_002945.4	NODE_5_length_151583_cov_39.336533	99.99		True
fake: not a misassembly [linear representation of circular genome]
4301845	4349904	151378	103320	NC_002945.4	NODE_5_length_151583_cov_39.336533	99.99		True
CONTIG	NODE_5_length_151583_cov_39.336533	151583	correct
1638995	1769053	119	130175	NC_002945.4	NODE_6_length_130267_cov_40.251383	99.99		True
CONTIG	NODE_6_length_130267_cov_40.251383	130267	correct
3015725	3081542	65916	1	NC_002945.4	NODE_7_length_124450_cov_37.462489	99.83		True
local misassembly
2957039	3015625	124450	65917	NC_002945.4	NODE_7_length_124450_cov_37.462489	99.9		True
CONTIG	NODE_7_length_124450_cov_37.462489	124450	correct
1010930	1092177	81251	1	NC_002945.4	NODE_8_length_120627_cov_38.541485	99.99		True
relocation, inconsistency = 1457
970273	1009472	120450	81252	NC_002945.4	NODE_8_length_120627_cov_38.541485	99.98		True
CONTIG	NODE_8_length_120627_cov_38.541485	120627	misassembled
3297493	3338802	41479	1	NC_002945.4	NODE_9_length_119838_cov_38.193825	99.81		True
indel: stretch of mismatches
3219370	3297478	119659	41494	NC_002945.4	NODE_9_length_119838_cov_38.193825	99.92		True
CONTIG	NODE_9_length_119838_cov_38.193825	119838	correct
1869381	1985614	115915	148	NC_002945.4	NODE_10_length_115915_cov_38.084707	99.58		True
CONTIG	NODE_10_length_115915_cov_38.084707	115915	correct
726468	824045	1	97579	NC_002945.4	NODE_11_length_111063_cov_38.665501	99.99		True
local misassembly
824601	838084	97580	111063	NC_002945.4	NODE_11_length_111063_cov_38.665501	99.98		True
CONTIG	NODE_11_length_111063_cov_38.665501	111063	correct
3082645	3193870	1	110438	NC_002945.4	NODE_12_length_110438_cov_38.078913	99.26		True
CONTIG	NODE_12_length_110438_cov_38.078913	110438	correct
4035830	4141961	106016	1	NC_002945.4	NODE_13_length_106016_cov_36.836366	99.88		True
CONTIG	NODE_13_length_106016_cov_36.836366	106016	correct
2056944	2083604	7	26667	NC_002945.4	NODE_14_length_104433_cov_38.431701	99.98		True
local misassembly
2083596	2158516	26806	101726	NC_002945.4	NODE_14_length_104433_cov_38.431701	99.98		True
local misassembly
2158655	2159088	101727	102160	NC_002945.4	NODE_14_length_104433_cov_38.431701	100.0		True
fake: scaffold gap size wrong estimation (local)
2160645	2160846	103523	103724	NC_002945.4	NODE_14_length_104433_cov_38.431701	100.0		True
fake: scaffold gap size wrong estimation (local)
2160997	2161605	103825	104433	NC_002945.4	NODE_14_length_104433_cov_38.431701	99.84		True
CONTIG	NODE_14_length_104433_cov_38.431701	104433	correct
3343594	3442410	98885	1	NC_002945.4	NODE_15_length_98885_cov_38.883554	99.92		True
CONTIG	NODE_15_length_98885_cov_38.883554	98885	correct
1387032	1470724	163	83798	NC_002945.4	NODE_16_length_83798_cov_38.580643	99.92		True
CONTIG	NODE_16_length_83798_cov_38.580643	83798	correct
3897145	3979430	1	82277	NC_002945.4	NODE_17_length_82277_cov_38.495021	99.98		True
CONTIG	NODE_17_length_82277_cov_38.495021	82277	correct
2693912	2773158	1	79246	NC_002945.4	NODE_18_length_79246_cov_36.950998	99.98		True
CONTIG	NODE_18_length_79246_cov_36.950998	79246	correct
1779460	1853482	1	74023	NC_002945.4	NODE_19_length_74127_cov_37.716446	99.99		True
CONTIG	NODE_19_length_74127_cov_37.716446	74127	correct
1096985	1165170	68175	1	NC_002945.4	NODE_20_length_68175_cov_37.752968	99.97		True
CONTIG	NODE_20_length_68175_cov_37.752968	68175	correct
2852060	2916393	64333	1	NC_002945.4	NODE_21_length_64333_cov_36.321185	99.98		True
CONTIG	NODE_21_length_64333_cov_36.321185	64333	correct
4194926	4259153	1	64228	NC_002945.4	NODE_22_length_64228_cov_40.766509	99.99		True
CONTIG	NODE_22_length_64228_cov_40.766509	64228	correct
1280097	1343223	63189	1	NC_002945.4	NODE_23_length_63189_cov_41.058926	99.89		True
CONTIG	NODE_23_length_63189_cov_41.058926	63189	correct
1219308	1278412	59105	1	NC_002945.4	NODE_24_length_59117_cov_38.322919	99.97		True
CONTIG	NODE_24_length_59117_cov_38.322919	59117	correct
3777400	3835785	1	58318	NC_002945.4	NODE_25_length_58318_cov_38.227355	99.87		True
CONTIG	NODE_25_length_58318_cov_38.227355	58318	correct
4141985	4193715	1	51731	NC_002945.4	NODE_26_length_51731_cov_38.867898	99.99		True
CONTIG	NODE_26_length_51731_cov_38.867898	51731	correct
2801012	2852061	51050	1	NC_002945.4	NODE_27_length_51050_cov_38.627261	99.99		True
CONTIG	NODE_27_length_51050_cov_38.627261	51050	correct
4001084	4035724	34641	1	NC_002945.4	NODE_28_length_50556_cov_38.430427	99.97		True
fake: scaffold gap size wrong estimation (local)
3985210	4000861	50393	34742	NC_002945.4	NODE_28_length_50556_cov_38.430427	99.98		True
CONTIG	NODE_28_length_50556_cov_38.430427	50556	correct
676623	726413	5	49795	NC_002945.4	NODE_29_length_49864_cov_36.678388	99.99		True
CONTIG	NODE_29_length_49864_cov_36.678388	49864	correct
1574142	1623826	49685	1	NC_002945.4	NODE_30_length_49831_cov_36.342206	99.98		True
CONTIG	NODE_30_length_49831_cov_36.342206	49831	correct
842696	891078	48383	1	NC_002945.4	NODE_31_length_48583_cov_38.561272	99.99		True
CONTIG	NODE_31_length_48583_cov_38.561272	48583	correct
625325	673260	47952	17	NC_002945.4	NODE_32_length_47952_cov_37.424506	99.99		True
CONTIG	NODE_32_length_47952_cov_37.424506	47952	correct
2326988	2343672	16720	36	NC_002945.4	NODE_33_length_46462_cov_35.229589	99.98		True
relocation, inconsistency = 2596
2294650	2324391	46462	16721	NC_002945.4	NODE_33_length_46462_cov_35.229589	99.99		True
CONTIG	NODE_33_length_46462_cov_35.229589	46462	misassembled
3445573	3490468	44896	1	NC_002945.4	NODE_34_length_44896_cov_39.059349	99.98		True
CONTIG	NODE_34_length_44896_cov_39.059349	44896	correct
3836888	3878064	1	41169	NC_002945.4	NODE_35_length_44252_cov_36.046822	99.91		True
local misassembly
3878311	3880339	41170	43198	NC_002945.4	NODE_35_length_44252_cov_36.046822	100.0		True
local misassembly
3880493	3881353	43199	44059	NC_002945.4	NODE_35_length_44252_cov_36.046822	97.75		True
CONTIG	NODE_35_length_44252_cov_36.046822	44252	correct
1491980	1535110	43131	1	NC_002945.4	NODE_36_length_43179_cov_42.976796	99.98		True
CONTIG	NODE_36_length_43179_cov_42.976796	43179	correct
1343879	1386554	42681	1	NC_002945.4	NODE_37_length_42681_cov_37.492880	99.98		True
CONTIG	NODE_37_length_42681_cov_37.492880	42681	correct
930759	970127	39489	1	NC_002945.4	NODE_38_length_39624_cov_37.188749	99.68		True
CONTIG	NODE_38_length_39624_cov_37.188749	39624	correct
1535942	1573371	1	37430	NC_002945.4	NODE_39_length_37430_cov_38.176769	99.99		True
CONTIG	NODE_39_length_37430_cov_38.176769	37430	correct
363946	401308	37363	1	NC_002945.4	NODE_40_length_37395_cov_37.395836	99.99		True
CONTIG	NODE_40_length_37395_cov_37.395836	37395	correct
2246369	2283745	37379	1	NC_002945.4	NODE_41_length_37379_cov_40.568345	99.95		True
CONTIG	NODE_41_length_37379_cov_40.568345	37379	correct
2020588	2040869	1	20282	NC_002945.4	NODE_42_length_35887_cov_38.355397	99.98		True
local misassembly
2041272	2056876	20283	35887	NC_002945.4	NODE_42_length_35887_cov_38.355397	99.96		True
CONTIG	NODE_42_length_35887_cov_38.355397	35887	correct
2210167	2245161	217	35211	NC_002945.4	NODE_43_length_35211_cov_43.393427	100.0		True
CONTIG	NODE_43_length_35211_cov_43.393427	35211	correct
4259930	4293933	1	34002	NC_002945.4	NODE_44_length_34002_cov_38.908900	99.99		True
CONTIG	NODE_44_length_34002_cov_38.908900	34002	correct
3737665	3758765	21219	119	NC_002945.4	NODE_45_length_33828_cov_38.227026	100.0		True
local misassembly
3724846	3737454	33828	21220	NC_002945.4	NODE_45_length_33828_cov_38.227026	99.98		True
CONTIG	NODE_45_length_33828_cov_38.227026	33828	correct
2161870	2192094	1	30226	NC_002945.4	NODE_46_length_30226_cov_39.863916	99.99		True
CONTIG	NODE_46_length_30226_cov_39.863916	30226	correct
2343845	2372200	28356	1	NC_002945.4	NODE_47_length_28356_cov_35.902016	99.99		True
CONTIG	NODE_47_length_28356_cov_35.902016	28356	correct
105040	131928	27063	175	NC_002945.4	NODE_48_length_27063_cov_37.234519	99.98		True
CONTIG	NODE_48_length_27063_cov_37.234519	27063	correct
581820	607788	25969	1	NC_002945.4	NODE_49_length_25969_cov_38.390101	99.99		True
CONTIG	NODE_49_length_25969_cov_38.390101	25969	correct
338344	363380	25160	202	NC_002945.4	NODE_50_length_25888_cov_32.873336	98.94		True
relocation, inconsistency = 5633
332194	332710	25677	25161	NC_002945.4	NODE_50_length_25888_cov_32.873336	99.76		True
CONTIG	NODE_50_length_25888_cov_32.873336	25888	misassembled
306713	332143	1	25431	NC_002945.4	NODE_51_length_25441_cov_37.891680	99.98		True
CONTIG	NODE_51_length_25441_cov_37.891680	25441	correct
3674358	3699686	1	25311	NC_002945.4	NODE_52_length_25311_cov_29.053169	99.93		True
CONTIG	NODE_52_length_25311_cov_29.053169	25311	correct
1996381	2020295	114	24028	NC_002945.4	NODE_53_length_24028_cov_36.345550	99.97		True
CONTIG	NODE_53_length_24028_cov_36.345550	24028	correct
2776905	2799828	22924	1	NC_002945.4	NODE_54_length_22924_cov_39.067553	100.0		True
CONTIG	NODE_54_length_22924_cov_39.067553	22924	correct
2386668	2408907	22240	1	NC_002945.4	NODE_55_length_22240_cov_31.103830	100.0		True
CONTIG	NODE_55_length_22240_cov_31.103830	22240	correct
2423267	2444896	21630	1	NC_002945.4	NODE_56_length_21630_cov_38.189183	99.99		True
CONTIG	NODE_56_length_21630_cov_38.189183	21630	correct
1190092	1192665	2586	13	NC_002945.4	NODE_57_length_21364_cov_33.431417	99.88		True
local misassembly
1171083	1189860	21364	2587	NC_002945.4	NODE_57_length_21364_cov_33.431417	99.99		True
CONTIG	NODE_57_length_21364_cov_33.431417	21364	correct
3490524	3510803	20410	128	NC_002945.4	NODE_58_length_20410_cov_40.199970	99.97		True
CONTIG	NODE_58_length_20410_cov_40.199970	20410	correct
1490961	1491782	1056	235	NC_002945.4	NODE_59_length_19870_cov_43.693360	99.76		True
local misassembly
1471935	1490747	19870	1057	NC_002945.4	NODE_59_length_19870_cov_43.693360	99.97		True
CONTIG	NODE_59_length_19870_cov_43.693360	19870	correct
3759796	3777383	1	17590	NC_002945.4	NODE_60_length_17590_cov_34.545439	99.95		True
CONTIG	NODE_60_length_17590_cov_34.545439	17590	correct
2192685	2210001	1	17317	NC_002945.4	NODE_61_length_17460_cov_43.778457	99.99		True
CONTIG	NODE_61_length_17460_cov_43.778457	17460	correct
892165	909508	1	17344	NC_002945.4	NODE_62_length_17344_cov_39.741767	99.99		True
CONTIG	NODE_62_length_17344_cov_39.741767	17344	correct
132738	149949	114	17325	NC_002945.4	NODE_63_length_17325_cov_40.857135	99.96		True
CONTIG	NODE_63_length_17325_cov_40.857135	17325	correct
910050	926289	16239	1	NC_002945.4	NODE_64_length_16239_cov_39.736284	99.98		True
CONTIG	NODE_64_length_16239_cov_39.736284	16239	correct
3193780	3209289	1	15610	NC_002945.4	NODE_65_length_15610_cov_39.424530	100.0		True
CONTIG	NODE_65_length_15610_cov_39.424530	15610	correct
1853860	1869380	76	15596	NC_002945.4	NODE_66_length_15596_cov_27.882281	99.92		True
CONTIG	NODE_66_length_15596_cov_27.882281	15596	correct
608983	624351	1	15369	NC_002945.4	NODE_67_length_15463_cov_36.318075	99.98		True
CONTIG	NODE_67_length_15463_cov_36.318075	15463	correct
2916851	2932257	15407	1	NC_002945.4	NODE_68_length_15407_cov_40.682003	99.97		True
CONTIG	NODE_68_length_15407_cov_40.682003	15407	correct
2372435	2386761	14327	1	NC_002945.4	NODE_69_length_14327_cov_38.456268	99.98		True
CONTIG	NODE_69_length_14327_cov_38.456268	14327	correct
2409067	2422776	1	13710	NC_002945.4	NODE_70_length_13710_cov_35.328572	99.97		True
CONTIG	NODE_70_length_13710_cov_35.328572	13710	correct
3712180	3724959	1	12780	NC_002945.4	NODE_71_length_12780_cov_25.489291	99.96		True
CONTIG	NODE_71_length_12780_cov_25.489291	12780	correct
2944619	2957076	12458	1	NC_002945.4	NODE_72_length_12458_cov_36.913551	99.98		True
CONTIG	NODE_72_length_12458_cov_36.913551	12458	correct
1193002	1204630	11741	113	NC_002945.4	NODE_73_length_11741_cov_39.740227	99.97		True
CONTIG	NODE_73_length_11741_cov_39.740227	11741	correct
3700309	3711403	11095	1	NC_002945.4	NODE_74_length_11095_cov_28.063366	100.0		True
CONTIG	NODE_74_length_11095_cov_28.063366	11095	correct
2933734	2943963	1	10230	NC_002945.4	NODE_75_length_10230_cov_38.094724	99.99		True
CONTIG	NODE_75_length_10230_cov_38.094724	10230	correct
1623841	1633268	1	9371	NC_002945.4	NODE_76_length_10156_cov_30.710240	99.36		True
local misassembly
1633455	1634239	9372	10156	NC_002945.4	NODE_76_length_10156_cov_30.710240	100.0		True
CONTIG	NODE_76_length_10156_cov_30.710240	10156	correct
3209306	3219347	10042	1	NC_002945.4	NODE_77_length_10042_cov_37.666768	100.0		True
CONTIG	NODE_77_length_10042_cov_37.666768	10042	correct
1204740	1213474	1	8735	NC_002945.4	NODE_78_length_8912_cov_35.658395	99.98		True
CONTIG	NODE_78_length_8912_cov_35.658395	8912	correct
2444879	2453310	8432	1	NC_002945.4	NODE_79_length_8432_cov_37.665021	100.0		True
CONTIG	NODE_79_length_8432_cov_37.665021	8432	correct
3884660	3890278	1	5628	NC_002945.4	NODE_80_length_8133_cov_16.971521	99.79		True
local misassembly
3890969	3893328	5629	7988	NC_002945.4	NODE_80_length_8133_cov_16.971521	99.78		True
CONTIG	NODE_80_length_8133_cov_16.971521	8133	correct
4294651	4301847	104	7300	NC_002945.4	NODE_81_length_7315_cov_35.364357	99.99		True
CONTIG	NODE_81_length_7315_cov_35.364357	7315	correct
1987009	1992127	5120	1	NC_002945.4	NODE_82_length_5120_cov_37.261967	99.96		True
CONTIG	NODE_82_length_5120_cov_37.261967	5120	correct
1214750	1218350	3753	153	NC_002945.4	NODE_83_length_4769_cov_27.129039	100.0		True
local misassembly
1214015	1214774	4632	3873	NC_002945.4	NODE_83_length_4769_cov_27.129039	99.61		True
CONTIG	NODE_83_length_4769_cov_27.129039	4769	correct
3980341	3984385	4225	181	NC_002945.4	NODE_84_length_4656_cov_30.765953	100.0		True
local misassembly
3979598	3980028	4656	4226	NC_002945.4	NODE_84_length_4656_cov_30.765953	100.0		True
CONTIG	NODE_84_length_4656_cov_30.765953	4656	correct
1165899	1169900	1	4002	NC_002945.4	NODE_85_length_4002_cov_40.000516	99.98		True
CONTIG	NODE_85_length_4002_cov_40.000516	4002	correct
1092530	1096461	3932	1	NC_002945.4	NODE_86_length_3932_cov_31.853614	99.97		True
CONTIG	NODE_86_length_3932_cov_31.853614	3932	correct
2284620	2287647	1	3028	NC_002945.4	NODE_87_length_3028_cov_28.387453	99.77		True
CONTIG	NODE_87_length_3028_cov_28.387453	3028	correct
2290710	2293716	1	3007	NC_002945.4	NODE_88_length_3007_cov_26.144792	100.0		True
CONTIG	NODE_88_length_3007_cov_26.144792	3007	correct
673305	676140	2836	1	NC_002945.4	NODE_89_length_2841_cov_4.074429	99.96		True
CONTIG	NODE_89_length_2841_cov_4.074429	2841	correct
1993335	1996078	1	2744	NC_002945.4	NODE_90_length_2744_cov_43.201758	100.0		True
CONTIG	NODE_90_length_2744_cov_43.201758	2744	correct
3881835	3882155	1	321	NC_002945.4	NODE_91_length_2536_cov_5.124118	100.0		True
local misassembly
3882139	3884154	473	2536	NC_002945.4	NODE_91_length_2536_cov_5.124118	97.67		True
CONTIG	NODE_91_length_2536_cov_5.124118	2536	correct
1635657	1638030	1	2374	NC_002945.4	NODE_92_length_2374_cov_23.401869	100.0		True
CONTIG	NODE_92_length_2374_cov_23.401869	2374	correct
928806	928975	1	170	NC_002945.4	NODE_93_length_1885_cov_7.405575	99.41		True
local misassembly
928970	930612	309	1885	NC_002945.4	NODE_93_length_1885_cov_7.405575	95.98		True
CONTIG	NODE_93_length_1885_cov_7.405575	1885	correct
4193589	4195052	1	1464	NC_002945.4	NODE_94_length_1464_cov_87.583396	100.0		True
CONTIG	NODE_94_length_1464_cov_87.583396	1464	correct
1992001	1993461	1461	1	NC_002945.4	NODE_95_length_1461_cov_58.772864	100.0		True
CONTIG	NODE_95_length_1461_cov_58.772864	1461	correct
2774298	2775598	1301	1	NC_002945.4	NODE_96_length_1455_cov_5.544428	99.85		True
CONTIG	NODE_96_length_1455_cov_5.544428	1455	correct
401182	402629	1448	1	NC_002945.4	NODE_97_length_1448_cov_62.533687	99.93		True
CONTIG	NODE_97_length_1448_cov_62.533687	1448	correct
839422	840867	1	1446	NC_002945.4	NODE_98_length_1446_cov_11.285064	100.0		True
CONTIG	NODE_98_length_1446_cov_11.285064	1446	correct
3443593	3445031	1	1439	NC_002945.4	NODE_99_length_1439_cov_48.794207	100.0		True
CONTIG	NODE_99_length_1439_cov_48.794207	1439	correct
2324580	2325810	139	1369	NC_002945.4	NODE_100_length_1399_cov_27.003145	100.0		True
CONTIG	NODE_100_length_1399_cov_27.003145	1399	correct
3081416	3082771	1	1356	NC_002945.4	NODE_101_length_1356_cov_94.932465	100.0		True
CONTIG	NODE_101_length_1356_cov_94.932465	1356	correct
3673145	3674484	1340	1	NC_002945.4	NODE_102_length_1340_cov_78.552350	100.0		True
CONTIG	NODE_102_length_1340_cov_78.552350	1340	correct
3339137	3340461	1325	1	NC_002945.4	NODE_103_length_1325_cov_37.973289	100.0		True
CONTIG	NODE_103_length_1325_cov_37.973289	1325	correct
3835659	3836979	1	1321	NC_002945.4	NODE_104_length_1321_cov_82.936348	99.7		True
CONTIG	NODE_104_length_1321_cov_82.936348	1321	correct
2288581	2289835	1255	1	NC_002945.4	NODE_105_length_1255_cov_39.431738	100.0		True
CONTIG	NODE_105_length_1255_cov_39.431738	1255	correct
2287521	2288707	1187	1	NC_002945.4	NODE_106_length_1187_cov_25.287736	100.0		True
CONTIG	NODE_106_length_1187_cov_25.287736	1187	correct
2283619	2284746	1128	1	NC_002945.4	NODE_107_length_1128_cov_78.896104	99.91		True
CONTIG	NODE_107_length_1128_cov_78.896104	1128	correct
3711277	3712306	1	1030	NC_002945.4	NODE_108_length_1030_cov_75.859358	100.0		True
CONTIG	NODE_108_length_1030_cov_75.859358	1030	correct
1165044	1166025	982	1	NC_002945.4	NODE_109_length_982_cov_72.943860	100.0		True
CONTIG	NODE_109_length_982_cov_72.943860	982	correct
338175	338955	783	3	NC_002945.4	NODE_110_length_961_cov_2.189448	97.57		True
CONTIG	NODE_110_length_961_cov_2.189448	961	correct
3442285	3443193	909	1	NC_002945.4	NODE_111_length_909_cov_242.008951	100.0		True
CONTIG	NODE_111_length_909_cov_242.008951	909	correct
3341521	3342410	890	1	NC_002945.4	NODE_112_length_890_cov_29.231979	100.0		True
CONTIG	NODE_112_length_890_cov_29.231979	890	correct
1278286	1279129	844	1	NC_002945.4	NODE_113_length_844_cov_75.241283	100.0		True
CONTIG	NODE_113_length_844_cov_75.241283	844	correct
3444905	3445699	795	1	NC_002945.4	NODE_114_length_795_cov_86.625749	100.0		True
CONTIG	NODE_114_length_795_cov_86.625749	795	correct
1985805	1986459	1	655	NC_002945.4	NODE_115_length_761_cov_3.406940	100.0		True
CONTIG	NODE_115_length_761_cov_3.406940	761	correct
1638369	1638804	436	1	NC_002945.4	NODE_116_length_757_cov_2.679365	100.0		True
local misassembly
1637904	1638224	757	437	NC_002945.4	NODE_116_length_757_cov_2.679365	100.0		True
CONTIG	NODE_116_length_757_cov_2.679365	757	correct
2422650	2423393	744	1	NC_002945.4	NODE_117_length_744_cov_64.570502	100.0		True
CONTIG	NODE_117_length_744_cov_64.570502	744	correct
3884045	3884769	707	1	NC_002945.4	NODE_118_length_707_cov_18.324138	97.38		True
CONTIG	NODE_118_length_707_cov_18.324138	707	correct
3340552	3341186	635	1	NC_002945.4	NODE_119_length_635_cov_26.391732	100.0		True
CONTIG	NODE_119_length_635_cov_26.391732	635	correct
2773515	2774149	1	635	NC_002945.4	NODE_120_length_635_cov_2.620079	100.0		True
CONTIG	NODE_120_length_635_cov_2.620079	635	correct
3699842	3700286	445	1	NC_002945.4	NODE_121_length_600_cov_0.746300	99.78		True
CONTIG	NODE_121_length_600_cov_0.746300	600	correct
3338676	3339263	588	1	NC_002945.4	NODE_122_length_588_cov_61.399132	100.0		True
CONTIG	NODE_122_length_588_cov_61.399132	588	correct
CONTIG	NODE_123_length_585_cov_0.805677	585	unaligned
842087	842188	102	1	NC_002945.4	NODE_124_length_547_cov_1.702381	99.09		True
local misassembly
841504	841939	538	103	NC_002945.4	NODE_124_length_547_cov_1.702381	99.54		True
CONTIG	NODE_124_length_547_cov_1.702381	547	correct
4294078	4294616	539	1	NC_002945.4	NODE_125_length_544_cov_6.239808	100.0		True
CONTIG	NODE_125_length_544_cov_6.239808	544	correct
CONTIG	NODE_126_length_544_cov_0.815348	544	unaligned
3845679	3845830	1	152	NC_002945.4	NODE_127_length_531_cov_21.423267	95.39		True
relocation, inconsistency = 2310255
1535045	1535408	531	168	NC_002945.4	NODE_127_length_531_cov_21.423267	96.98		True
CONTIG	NODE_127_length_531_cov_21.423267	531	misassembled
3984850	3985202	173	525	NC_002945.4	NODE_128_length_525_cov_1.540201	100.0		True
CONTIG	NODE_128_length_525_cov_1.540201	525	correct
1853529	1853860	191	522	NC_002945.4	NODE_129_length_522_cov_1.200000	100.0		True
CONTIG	NODE_129_length_522_cov_1.200000	522	correct
