S1	E1	S2	E2	Reference	Contig	IDY	Ambiguous	Best_group
2453646	2665716	18	212140	NC_002945.4	NODE_1_length_212235_cov_49.603575	99.96		True
CONTIG	NODE_1_length_212235_cov_49.603575	212235	correct
402605	607788	204915	1	NC_002945.4	NODE_2_length_204915_cov_49.570444	99.86		True
CONTIG	NODE_2_length_204915_cov_49.570444	204915	correct
3510801	3673271	162360	1	NC_002945.4	NODE_3_length_162486_cov_49.902531	99.92		True
CONTIG	NODE_3_length_162486_cov_49.902531	162486	correct
676731	824045	148	147463	NC_002945.4	NODE_4_length_160930_cov_49.936313	99.99		True
local misassembly
824601	838067	147464	160930	NC_002945.4	NODE_4_length_160930_cov_49.936313	99.98		True
CONTIG	NODE_4_length_160930_cov_49.936313	160930	correct
4294631	4349904	35	55307	NC_002945.4	NODE_5_length_158626_cov_50.558048	99.99		True
fake: not a misassembly [linear representation of circular genome]
1	29469	55308	84776	NC_002945.4	NODE_5_length_158626_cov_50.558048	99.99		True
local misassembly
30083	103918	84778	158626	NC_002945.4	NODE_5_length_158626_cov_50.558048	99.96		True
CONTIG	NODE_5_length_158626_cov_50.558048	158626	correct
150227	306664	202	156612	NC_002945.4	NODE_6_length_156664_cov_49.778423	99.97		True
CONTIG	NODE_6_length_156664_cov_49.778423	156664	correct
1638965	1769053	130179	93	NC_002945.4	NODE_7_length_153264_cov_51.753064	99.99		True
local misassembly
1638385	1638778	130573	130180	NC_002945.4	NODE_7_length_153264_cov_51.753064	100.0		True
relocation, inconsistency = 3935
1633495	1634449	131528	130574	NC_002945.4	NODE_7_length_153264_cov_51.753064	100.0		True
relocation, inconsistency = 440971
1190092	1192523	133960	131529	NC_002945.4	NODE_7_length_153264_cov_51.753064	99.92		True
local misassembly
1170557	1189860	153264	133961	NC_002945.4	NODE_7_length_153264_cov_51.753064	99.99		True
CONTIG	NODE_7_length_153264_cov_51.753064	153264	misassembled
1853840	1985602	131479	183	NC_002945.4	NODE_8_length_131599_cov_48.239572	99.63		True
CONTIG	NODE_8_length_131599_cov_48.239572	131599	correct
2957039	3081542	124476	1	NC_002945.4	NODE_9_length_124476_cov_49.455838	99.81		True
CONTIG	NODE_9_length_124476_cov_49.455838	124476	correct
1010930	1092207	81281	1	NC_002945.4	NODE_10_length_120552_cov_49.915898	99.99		True
relocation, inconsistency = 1457
970202	1009472	120552	81282	NC_002945.4	NODE_10_length_120552_cov_49.915898	99.98		True
CONTIG	NODE_10_length_120552_cov_49.915898	120552	misassembled
3297493	3338802	41479	1	NC_002945.4	NODE_11_length_119666_cov_49.619505	99.81		True
indel: stretch of mismatches
3219363	3297478	119666	41494	NC_002945.4	NODE_11_length_119666_cov_49.619505	99.92		True
CONTIG	NODE_11_length_119666_cov_49.619505	119666	correct
4035815	4141967	1	106038	NC_002945.4	NODE_12_length_106065_cov_47.765042	99.88		True
CONTIG	NODE_12_length_106065_cov_47.765042	106065	correct
2160997	2161605	609	1	NC_002945.4	NODE_13_length_104421_cov_50.447619	99.84		True
fake: scaffold gap size wrong estimation (local)
2160645	2160846	911	710	NC_002945.4	NODE_13_length_104421_cov_50.447619	100.0		True
fake: scaffold gap size wrong estimation (local)
2158655	2159088	2707	2274	NC_002945.4	NODE_13_length_104421_cov_50.447619	100.0		True
local misassembly
2083596	2158516	77583	2708	NC_002945.4	NODE_13_length_104421_cov_50.447619	99.92		True
local misassembly
2057000	2083604	104326	77722	NC_002945.4	NODE_13_length_104421_cov_50.447619	99.96		True
CONTIG	NODE_13_length_104421_cov_50.447619	104421	correct
3343594	3442410	98885	1	NC_002945.4	NODE_14_length_98885_cov_50.470170	99.92		True
CONTIG	NODE_14_length_98885_cov_50.470170	98885	correct
1386915	1470724	98	83850	NC_002945.4	NODE_15_length_83850_cov_50.616139	99.92		True
CONTIG	NODE_15_length_83850_cov_50.616139	83850	correct
3897145	3979606	1	82453	NC_002945.4	NODE_16_length_82453_cov_49.506984	99.98		True
CONTIG	NODE_16_length_82453_cov_49.506984	82453	correct
1491996	1573681	73	81758	NC_002945.4	NODE_17_length_81758_cov_51.988166	99.93		True
CONTIG	NODE_17_length_81758_cov_51.988166	81758	correct
2693912	2773012	79219	120	NC_002945.4	NODE_18_length_79219_cov_49.046111	99.99		True
CONTIG	NODE_18_length_79219_cov_49.046111	79219	correct
1779460	1853772	74414	102	NC_002945.4	NODE_19_length_74414_cov_48.860568	99.99		True
CONTIG	NODE_19_length_74414_cov_48.860568	74414	correct
3124598	3193870	69219	1	NC_002945.4	NODE_20_length_69219_cov_49.287081	99.91		True
CONTIG	NODE_20_length_69219_cov_49.287081	69219	correct
1096985	1165170	68175	1	NC_002945.4	NODE_21_length_68175_cov_50.218581	99.97		True
CONTIG	NODE_21_length_68175_cov_50.218581	68175	correct
3445573	3510803	1	65234	NC_002945.4	NODE_22_length_65361_cov_51.560306	99.97		True
CONTIG	NODE_22_length_65361_cov_51.560306	65361	correct
2852117	2916393	42	64317	NC_002945.4	NODE_23_length_64317_cov_47.109550	99.98		True
CONTIG	NODE_23_length_64317_cov_47.109550	64317	correct
4194926	4259153	64228	1	NC_002945.4	NODE_24_length_64228_cov_52.715636	99.99		True
CONTIG	NODE_24_length_64228_cov_52.715636	64228	correct
1280097	1342059	1	62025	NC_002945.4	NODE_25_length_62025_cov_52.420660	99.89		True
CONTIG	NODE_25_length_62025_cov_52.420660	62025	correct
1218486	1278412	17	59943	NC_002945.4	NODE_26_length_59943_cov_48.509680	99.98		True
CONTIG	NODE_26_length_59943_cov_48.509680	59943	correct
3777400	3835785	58318	1	NC_002945.4	NODE_27_length_58318_cov_50.594542	99.87		True
CONTIG	NODE_27_length_58318_cov_50.594542	58318	correct
2192685	2246045	53483	123	NC_002945.4	NODE_28_length_53483_cov_56.140022	99.99		True
CONTIG	NODE_28_length_53483_cov_56.140022	53483	correct
4141988	4193715	1	51728	NC_002945.4	NODE_29_length_51728_cov_51.377997	99.99		True
CONTIG	NODE_29_length_51728_cov_51.377997	51728	correct
2801012	2852076	1	51065	NC_002945.4	NODE_30_length_51065_cov_51.042444	99.99		True
CONTIG	NODE_30_length_51065_cov_51.042444	51065	correct
3984806	4000631	1	15826	NC_002945.4	NODE_31_length_50797_cov_49.468522	100.0		True
fake: scaffold gap size wrong estimation (local)
4000854	4035724	15927	50797	NC_002945.4	NODE_31_length_50797_cov_49.468522	99.98		True
CONTIG	NODE_31_length_50797_cov_49.468522	50797	correct
1574013	1623845	49926	94	NC_002945.4	NODE_32_length_49926_cov_47.478042	99.98		True
CONTIG	NODE_32_length_49926_cov_47.478042	49926	correct
842482	891078	1	48597	NC_002945.4	NODE_33_length_48597_cov_49.250320	99.97		True
CONTIG	NODE_33_length_48597_cov_49.250320	48597	correct
625372	673257	11	47896	NC_002945.4	NODE_34_length_47949_cov_48.392832	99.99		True
CONTIG	NODE_34_length_47949_cov_48.392832	47949	correct
1996265	2040882	44744	127	NC_002945.4	NODE_35_length_44744_cov_48.707892	99.98		True
CONTIG	NODE_35_length_44744_cov_48.707892	44744	correct
1343879	1386788	1	42915	NC_002945.4	NODE_36_length_42915_cov_48.558007	99.99		True
CONTIG	NODE_36_length_42915_cov_48.558007	42915	correct
3836888	3878170	1	41275	NC_002945.4	NODE_37_length_41275_cov_48.466025	99.96		True
CONTIG	NODE_37_length_41275_cov_48.466025	41275	correct
3082645	3124607	1	41229	NC_002945.4	NODE_38_length_41229_cov_50.607537	98.19		True
CONTIG	NODE_38_length_41229_cov_50.607537	41229	correct
930637	969766	39492	123	NC_002945.4	NODE_39_length_39676_cov_49.261220	99.36		True
CONTIG	NODE_39_length_39676_cov_49.261220	39676	correct
2246080	2283745	168	37835	NC_002945.4	NODE_40_length_37835_cov_52.588257	99.95		True
CONTIG	NODE_40_length_37835_cov_52.588257	37835	correct
363946	401308	38	37400	NC_002945.4	NODE_41_length_37400_cov_49.251174	99.99		True
CONTIG	NODE_41_length_37400_cov_49.251174	37400	correct
2372441	2408700	36202	1	NC_002945.4	NODE_42_length_36202_cov_45.360444	99.83		True
CONTIG	NODE_42_length_36202_cov_45.360444	36202	correct
3724820	3737454	66	12700	NC_002945.4	NODE_43_length_33934_cov_49.659006	99.95		True
local misassembly
3737665	3758898	12701	33934	NC_002945.4	NODE_43_length_33934_cov_49.659006	100.0		True
CONTIG	NODE_43_length_33934_cov_49.659006	33934	correct
2161870	2192094	30226	1	NC_002945.4	NODE_44_length_30226_cov_51.570351	99.99		True
CONTIG	NODE_44_length_30226_cov_51.570351	30226	correct
2294650	2324502	1	29853	NC_002945.4	NODE_45_length_29913_cov_46.131840	99.99		True
CONTIG	NODE_45_length_29913_cov_46.131840	29913	correct
2343828	2372217	1	28390	NC_002945.4	NODE_46_length_28390_cov_47.338145	99.98		True
CONTIG	NODE_46_length_28390_cov_47.338145	28390	correct
105040	132658	1	27619	NC_002945.4	NODE_47_length_27808_cov_46.926086	99.97		True
CONTIG	NODE_47_length_27808_cov_46.926086	27808	correct
2666093	2693421	27328	1	NC_002945.4	NODE_48_length_27328_cov_49.847028	99.99		True
CONTIG	NODE_48_length_27328_cov_49.847028	27328	correct
306885	333298	26553	245	NC_002945.4	NODE_49_length_26553_cov_47.606221	99.59		True
CONTIG	NODE_49_length_26553_cov_47.606221	26553	correct
338101	363604	25614	189	NC_002945.4	NODE_50_length_25977_cov_43.595010	99.58		True
CONTIG	NODE_50_length_25977_cov_43.595010	25977	correct
3674358	3700028	1	25653	NC_002945.4	NODE_51_length_25653_cov_38.139035	99.93		True
CONTIG	NODE_51_length_25653_cov_38.139035	25653	correct
4259930	4281673	21742	1	NC_002945.4	NODE_52_length_21742_cov_50.485589	99.98		True
CONTIG	NODE_52_length_21742_cov_50.485589	21742	correct
2423267	2444953	1	21687	NC_002945.4	NODE_53_length_21687_cov_51.174258	99.99		True
CONTIG	NODE_53_length_21687_cov_51.174258	21687	correct
1193002	1213474	1	20473	NC_002945.4	NODE_54_length_20576_cov_49.784439	99.98		True
CONTIG	NODE_54_length_20576_cov_49.784439	20576	correct
1490961	1491782	894	73	NC_002945.4	NODE_55_length_19708_cov_54.506920	99.88		True
local misassembly
1471935	1490747	19708	895	NC_002945.4	NODE_55_length_19708_cov_54.506920	99.98		True
CONTIG	NODE_55_length_19708_cov_54.506920	19708	correct
3759413	3777383	17973	1	NC_002945.4	NODE_56_length_17973_cov_46.095540	99.97		True
CONTIG	NODE_56_length_17973_cov_46.095540	17973	correct
2326332	2343760	17429	1	NC_002945.4	NODE_57_length_17429_cov_45.625824	99.99		True
CONTIG	NODE_57_length_17429_cov_45.625824	17429	correct
892165	909508	1	17344	NC_002945.4	NODE_58_length_17344_cov_51.357031	99.99		True
CONTIG	NODE_58_length_17344_cov_51.357031	17344	correct
132634	149938	1	17305	NC_002945.4	NODE_59_length_17324_cov_53.536489	99.97		True
CONTIG	NODE_59_length_17324_cov_53.536489	17324	correct
2776943	2793835	16940	48	NC_002945.4	NODE_60_length_16956_cov_54.905401	100.0		True
CONTIG	NODE_60_length_16956_cov_54.905401	16956	correct
910050	926205	16236	81	NC_002945.4	NODE_61_length_16236_cov_54.725495	99.98		True
CONTIG	NODE_61_length_16236_cov_54.725495	16236	correct
2916851	2932881	16031	1	NC_002945.4	NODE_62_length_16031_cov_51.797598	99.97		True
CONTIG	NODE_62_length_16031_cov_51.797598	16031	correct
2041087	2056693	15625	19	NC_002945.4	NODE_63_length_15625_cov_51.011163	99.97		True
CONTIG	NODE_63_length_15625_cov_51.011163	15625	correct
3193780	3209278	15599	1	NC_002945.4	NODE_64_length_15599_cov_52.840874	100.0		True
CONTIG	NODE_64_length_15599_cov_52.840874	15599	correct
609085	624364	15436	157	NC_002945.4	NODE_65_length_15436_cov_47.832974	99.99		True
CONTIG	NODE_65_length_15436_cov_47.832974	15436	correct
2409077	2422776	13700	1	NC_002945.4	NODE_66_length_13700_cov_48.272895	99.97		True
CONTIG	NODE_66_length_13700_cov_48.272895	13700	correct
3712180	3724646	1	12467	NC_002945.4	NODE_67_length_12467_cov_35.989546	99.94		True
CONTIG	NODE_67_length_12467_cov_35.989546	12467	correct
2944619	2957076	12458	1	NC_002945.4	NODE_68_length_12458_cov_46.738221	99.98		True
CONTIG	NODE_68_length_12458_cov_46.738221	12458	correct
4281684	4293947	12264	1	NC_002945.4	NODE_69_length_12264_cov_49.567603	99.99		True
CONTIG	NODE_69_length_12264_cov_49.567603	12264	correct
3890969	3894344	3376	1	NC_002945.4	NODE_70_length_11438_cov_18.860313	99.95		True
local misassembly
3884643	3890278	9021	3377	NC_002945.4	NODE_70_length_11438_cov_18.860313	99.79		True
local misassembly
3882139	3884027	10958	9022	NC_002945.4	NODE_70_length_11438_cov_18.860313	97.69		True
local misassembly
3881827	3882155	11438	11110	NC_002945.4	NODE_70_length_11438_cov_18.860313	100.0		True
CONTIG	NODE_70_length_11438_cov_18.860313	11438	correct
3700281	3711403	11123	1	NC_002945.4	NODE_71_length_11123_cov_36.872590	100.0		True
CONTIG	NODE_71_length_11123_cov_36.872590	11123	correct
2933733	2943963	1	10231	NC_002945.4	NODE_72_length_10231_cov_51.742874	99.99		True
CONTIG	NODE_72_length_10231_cov_51.742874	10231	correct
3209302	3219352	10051	1	NC_002945.4	NODE_73_length_10051_cov_49.320435	100.0		True
CONTIG	NODE_73_length_10051_cov_49.320435	10051	correct
1623836	1633248	70	9425	NC_002945.4	NODE_74_length_9542_cov_40.824217	99.36		True
local misassembly
1632613	1632729	9426	9542	NC_002945.4	NODE_74_length_9542_cov_40.824217	100.0		True
CONTIG	NODE_74_length_9542_cov_40.824217	9542	correct
2444936	2453624	1	8575	NC_002945.4	NODE_75_length_8575_cov_48.585582	98.69		True
CONTIG	NODE_75_length_8575_cov_48.585582	8575	correct
2793841	2799828	1	5988	NC_002945.4	NODE_76_length_5988_cov_44.819485	99.98		True
CONTIG	NODE_76_length_5988_cov_44.819485	5988	correct
1987127	1992127	161	5162	NC_002945.4	NODE_77_length_5162_cov_47.159086	99.88		True
CONTIG	NODE_77_length_5162_cov_47.159086	5162	correct
1214750	1218321	3720	149	NC_002945.4	NODE_78_length_4983_cov_32.970140	100.0		True
local misassembly
1213710	1214774	4904	3840	NC_002945.4	NODE_78_length_4983_cov_32.970140	99.72		True
CONTIG	NODE_78_length_4983_cov_32.970140	4983	correct
3980336	3984518	4183	1	NC_002945.4	NODE_79_length_4417_cov_44.183916	100.0		True
CONTIG	NODE_79_length_4417_cov_44.183916	4417	correct
1092440	1096461	1	4022	NC_002945.4	NODE_80_length_4022_cov_44.444673	99.98		True
CONTIG	NODE_80_length_4022_cov_44.444673	4022	correct
1165899	1169900	4002	1	NC_002945.4	NODE_81_length_4002_cov_48.618323	99.98		True
CONTIG	NODE_81_length_4002_cov_48.618323	4002	correct
3878365	3881375	3127	243	NC_002945.4	NODE_82_length_3266_cov_13.108952	95.32		True
CONTIG	NODE_82_length_3266_cov_13.108952	3266	correct
673251	676337	141	3227	NC_002945.4	NODE_83_length_3228_cov_5.990971	99.9		True
CONTIG	NODE_83_length_3228_cov_5.990971	3228	correct
2284620	2287647	1	3028	NC_002945.4	NODE_84_length_3028_cov_36.280593	99.77		True
CONTIG	NODE_84_length_3028_cov_36.280593	3028	correct
2290710	2293716	1	3007	NC_002945.4	NODE_85_length_3007_cov_35.933333	100.0		True
CONTIG	NODE_85_length_3007_cov_35.933333	3007	correct
1993335	1996072	1	2738	NC_002945.4	NODE_86_length_2910_cov_55.457420	100.0		True
CONTIG	NODE_86_length_2910_cov_55.457420	2910	correct
1635657	1638030	2425	1	NC_002945.4	NODE_87_length_2425_cov_30.354656	97.9		True
CONTIG	NODE_87_length_2425_cov_30.354656	2425	correct
928970	930643	116	1789	NC_002945.4	NODE_88_length_1789_cov_9.608905	100.0		True
CONTIG	NODE_88_length_1789_cov_9.608905	1789	correct
839570	840771	1	1202	NC_002945.4	NODE_89_length_1667_cov_12.485065	100.0		True
relocation, inconsistency = -1541
839231	839553	1203	1525	NC_002945.4	NODE_89_length_1667_cov_12.485065	99.09		True
CONTIG	NODE_89_length_1667_cov_12.485065	1667	misassembled
401182	402731	1550	1	NC_002945.4	NODE_90_length_1550_cov_82.530569	100.0		True
CONTIG	NODE_90_length_1550_cov_82.530569	1550	correct
4193589	4195052	1464	1	NC_002945.4	NODE_91_length_1464_cov_111.261780	100.0		True
CONTIG	NODE_91_length_1464_cov_111.261780	1464	correct
3443593	3445031	1439	1	NC_002945.4	NODE_92_length_1439_cov_62.305640	100.0		True
CONTIG	NODE_92_length_1439_cov_62.305640	1439	correct
336693	337980	1288	1	NC_002945.4	NODE_93_length_1403_cov_18.205329	99.92		True
CONTIG	NODE_93_length_1403_cov_18.205329	1403	correct
3081416	3082771	1356	1	NC_002945.4	NODE_94_length_1356_cov_136.412531	100.0		True
CONTIG	NODE_94_length_1356_cov_136.412531	1356	correct
2774230	2775577	1	1348	NC_002945.4	NODE_95_length_1348_cov_7.011466	100.0		True
CONTIG	NODE_95_length_1348_cov_7.011466	1348	correct
890952	892291	1340	1	NC_002945.4	NODE_96_length_1340_cov_98.103875	100.0		True
CONTIG	NODE_96_length_1340_cov_98.103875	1340	correct
3339137	3340461	1325	1	NC_002945.4	NODE_97_length_1325_cov_50.307179	100.0		True
CONTIG	NODE_97_length_1325_cov_50.307179	1325	correct
3835659	3836979	1	1321	NC_002945.4	NODE_98_length_1321_cov_106.025126	99.7		True
CONTIG	NODE_98_length_1321_cov_106.025126	1321	correct
CONTIG	NODE_99_length_1274_cov_0.259808	1274	unaligned
2288581	2289835	1255	1	NC_002945.4	NODE_100_length_1255_cov_51.531028	100.0		True
CONTIG	NODE_100_length_1255_cov_51.531028	1255	correct
2287521	2288707	1	1187	NC_002945.4	NODE_101_length_1187_cov_41.807547	100.0		True
CONTIG	NODE_101_length_1187_cov_41.807547	1187	correct
2289709	2290836	1	1128	NC_002945.4	NODE_102_length_1128_cov_94.862138	99.91		True
CONTIG	NODE_102_length_1128_cov_94.862138	1128	correct
335646	336481	876	41	NC_002945.4	NODE_103_length_1065_cov_5.263326	99.4		True
CONTIG	NODE_103_length_1065_cov_5.263326	1065	correct
3711277	3712306	1030	1	NC_002945.4	NODE_104_length_1030_cov_101.383167	100.0		True
CONTIG	NODE_104_length_1030_cov_101.383167	1030	correct
2779227	2779351	1	125	NC_002945.4	NODE_105_length_989_cov_0.298144	95.2		True
CONTIG	NODE_105_length_989_cov_0.298144	989	correct_unaligned
1165044	1166025	982	1	NC_002945.4	NODE_106_length_982_cov_110.212865	100.0		True
CONTIG	NODE_106_length_982_cov_110.212865	982	correct
CONTIG	NODE_107_length_978_cov_0.186839	978	unaligned
2800228	2801136	1	909	NC_002945.4	NODE_108_length_909_cov_316.245524	100.0		True
CONTIG	NODE_108_length_909_cov_316.245524	909	correct
3341521	3342410	890	1	NC_002945.4	NODE_109_length_890_cov_36.014417	100.0		True
CONTIG	NODE_109_length_890_cov_36.014417	890	correct
1278286	1279129	1	844	NC_002945.4	NODE_110_length_844_cov_91.969317	100.0		True
CONTIG	NODE_110_length_844_cov_91.969317	844	correct
909382	910176	795	1	NC_002945.4	NODE_111_length_795_cov_107.073353	100.0		True
CONTIG	NODE_111_length_795_cov_107.073353	795	correct
CONTIG	NODE_112_length_785_cov_0.104863	785	unaligned
841575	842276	702	1	NC_002945.4	NODE_113_length_750_cov_1.895666	99.72		True
CONTIG	NODE_113_length_750_cov_1.895666	750	correct
CONTIG	NODE_114_length_749_cov_0.233119	749	unaligned
2693295	2694038	1	744	NC_002945.4	NODE_115_length_744_cov_84.337115	100.0		True
CONTIG	NODE_115_length_744_cov_84.337115	744	correct
2324598	2325337	1	740	NC_002945.4	NODE_116_length_740_cov_33.825836	100.0		True
CONTIG	NODE_116_length_740_cov_33.825836	740	correct
1985766	1986460	695	1	NC_002945.4	NODE_117_length_695_cov_4.764085	100.0		True
CONTIG	NODE_117_length_695_cov_4.764085	695	correct
2773467	2774133	667	1	NC_002945.4	NODE_118_length_667_cov_3.729630	100.0		True
CONTIG	NODE_118_length_667_cov_3.729630	667	correct
CONTIG	NODE_119_length_662_cov_0.304673	662	unaligned
3340552	3341186	635	1	NC_002945.4	NODE_120_length_635_cov_42.759843	100.0		True
CONTIG	NODE_120_length_635_cov_42.759843	635	correct
1342064	1342697	634	1	NC_002945.4	NODE_121_length_634_cov_62.319527	100.0		True
CONTIG	NODE_121_length_634_cov_62.319527	634	correct
CONTIG	NODE_122_length_602_cov_0.284211	602	unaligned
3341060	3341647	588	1	NC_002945.4	NODE_123_length_588_cov_81.212581	100.0		True
CONTIG	NODE_123_length_588_cov_81.212581	588	correct
CONTIG	NODE_124_length_538_cov_0.294404	538	unaligned
927578	927684	195	301	NC_002945.4	NODE_125_length_514_cov_0.638243	100.0		True
CONTIG	NODE_125_length_514_cov_0.638243	514	correct
2325338	2325842	1	505	NC_002945.4	NODE_126_length_505_cov_32.812169	100.0		True
CONTIG	NODE_126_length_505_cov_32.812169	505	correct
