S1	E1	S2	E2	Reference	Contig	IDY	Ambiguous	Best_group
3445573	3673271	1	227591	NC_002945.4	NODE_1_length_227591_cov_39.245525	99.93		True
CONTIG	NODE_1_length_227591_cov_39.245525	227591	correct
2444879	2665744	1	220924	NC_002945.4	NODE_2_length_220924_cov_38.579460	99.96		True
CONTIG	NODE_2_length_220924_cov_38.579460	220924	correct
411425	607788	196095	1	NC_002945.4	NODE_3_length_196235_cov_38.321940	99.85		True
CONTIG	NODE_3_length_196235_cov_38.321940	196235	correct
2944619	3108432	1	163023	NC_002945.4	NODE_4_length_163023_cov_38.105945	99.37		True
CONTIG	NODE_4_length_163023_cov_38.105945	163023	correct
150096	306687	156565	1	NC_002945.4	NODE_5_length_156565_cov_37.921285	99.97		True
CONTIG	NODE_5_length_156565_cov_37.921285	156565	correct
4310413	4349904	6	39496	NC_002945.4	NODE_6_length_142815_cov_39.390797	99.98		True
fake: not a misassembly [linear representation of circular genome]
1	29469	39497	68965	NC_002945.4	NODE_6_length_142815_cov_39.390797	99.99		True
local misassembly
30083	103918	68967	142815	NC_002945.4	NODE_6_length_142815_cov_39.390797	99.96		True
CONTIG	NODE_6_length_142815_cov_39.390797	142815	correct
1854199	1985604	413	131352	NC_002945.4	NODE_7_length_131352_cov_37.241585	99.63		True
CONTIG	NODE_7_length_131352_cov_37.241585	131352	correct
1638855	1769053	130290	93	NC_002945.4	NODE_8_length_130290_cov_40.916397	99.99		True
CONTIG	NODE_8_length_130290_cov_40.916397	130290	correct
1010930	1091357	80618	188	NC_002945.4	NODE_9_length_120103_cov_38.922084	99.99		True
relocation, inconsistency = 1457
970200	1009472	119890	80619	NC_002945.4	NODE_9_length_120103_cov_38.922084	99.98		True
CONTIG	NODE_9_length_120103_cov_38.922084	120103	misassembled
3219372	3338802	42	119698	NC_002945.4	NODE_10_length_119698_cov_38.904492	99.88		True
CONTIG	NODE_10_length_119698_cov_38.904492	119698	correct
824601	837980	13694	315	NC_002945.4	NODE_11_length_111372_cov_40.137813	99.98		True
local misassembly
726395	824045	111346	13695	NC_002945.4	NODE_11_length_111372_cov_40.137813	99.98		True
CONTIG	NODE_11_length_111372_cov_40.137813	111372	correct
4035858	4141965	105995	2	NC_002945.4	NODE_12_length_106048_cov_36.644905	99.88		True
CONTIG	NODE_12_length_106048_cov_36.644905	106048	correct
3343594	3442410	1	98885	NC_002945.4	NODE_13_length_98885_cov_39.558567	99.92		True
CONTIG	NODE_13_length_98885_cov_39.558567	98885	correct
3124819	3209265	84517	25	NC_002945.4	NODE_14_length_84755_cov_38.357718	99.92		True
CONTIG	NODE_14_length_84755_cov_38.357718	84755	correct
2083596	2140742	57147	1	NC_002945.4	NODE_15_length_83918_cov_39.477915	99.99		True
local misassembly
2056972	2083604	83918	57286	NC_002945.4	NODE_15_length_83918_cov_39.477915	99.98		True
CONTIG	NODE_15_length_83918_cov_39.477915	83918	correct
3897145	3979606	82453	1	NC_002945.4	NODE_16_length_82453_cov_38.141559	99.98		True
CONTIG	NODE_16_length_82453_cov_38.141559	82453	correct
929634	930613	1005	26	NC_002945.4	NODE_17_length_80159_cov_38.048855	99.7		True
relocation, inconsistency = -1843433
2693912	2773066	80159	1006	NC_002945.4	NODE_17_length_80159_cov_38.048855	99.99		True
CONTIG	NODE_17_length_80159_cov_38.048855	80159	misassembled
1779460	1853457	74137	140	NC_002945.4	NODE_18_length_74137_cov_38.627010	99.99		True
CONTIG	NODE_18_length_74137_cov_38.627010	74137	correct
1096335	1165170	68836	1	NC_002945.4	NODE_19_length_68974_cov_37.576859	99.98		True
CONTIG	NODE_19_length_68974_cov_37.576859	68974	correct
2343843	2372239	1	28397	NC_002945.4	NODE_20_length_64609_cov_36.428879	99.99		True
local misassembly
2372450	2408719	28398	64609	NC_002945.4	NODE_20_length_64609_cov_36.428879	99.83		True
CONTIG	NODE_20_length_64609_cov_36.428879	64609	correct
4194926	4259153	64228	1	NC_002945.4	NODE_21_length_64228_cov_40.507356	99.99		True
CONTIG	NODE_21_length_64228_cov_40.507356	64228	correct
2852106	2915793	64	63751	NC_002945.4	NODE_22_length_63806_cov_37.116459	99.98		True
CONTIG	NODE_22_length_63806_cov_37.116459	63806	correct
1280097	1343223	63189	1	NC_002945.4	NODE_23_length_63189_cov_42.275570	99.89		True
CONTIG	NODE_23_length_63189_cov_42.275570	63189	correct
1219935	1278412	58478	1	NC_002945.4	NODE_24_length_58546_cov_37.988360	99.98		True
CONTIG	NODE_24_length_58546_cov_37.988360	58546	correct
3777400	3835785	58318	1	NC_002945.4	NODE_25_length_58318_cov_37.961094	99.87		True
CONTIG	NODE_25_length_58318_cov_37.961094	58318	correct
1413935	1470724	56733	1	NC_002945.4	NODE_26_length_56733_cov_41.677349	99.89		True
CONTIG	NODE_26_length_56733_cov_41.677349	56733	correct
4141992	4193715	9	51732	NC_002945.4	NODE_27_length_51732_cov_39.188974	99.99		True
CONTIG	NODE_27_length_51732_cov_39.188974	51732	correct
2801012	2852088	1	51077	NC_002945.4	NODE_28_length_51081_cov_39.261510	99.99		True
CONTIG	NODE_28_length_51081_cov_39.261510	51081	correct
3985210	4000631	87	15508	NC_002945.4	NODE_29_length_50551_cov_38.534607	99.99		True
fake: scaffold gap size wrong estimation (local)
4000854	4035796	15609	50551	NC_002945.4	NODE_29_length_50551_cov_38.534607	99.98		True
CONTIG	NODE_29_length_50551_cov_38.534607	50551	correct
1574142	1623826	49713	28	NC_002945.4	NODE_30_length_49879_cov_35.148718	99.97		True
CONTIG	NODE_30_length_49879_cov_35.148718	49879	correct
676623	726391	1	49769	NC_002945.4	NODE_31_length_49835_cov_36.566388	99.98		True
CONTIG	NODE_31_length_49835_cov_36.566388	49835	correct
842433	891078	1	48646	NC_002945.4	NODE_32_length_48646_cov_36.726045	99.98		True
CONTIG	NODE_32_length_48646_cov_36.726045	48646	correct
625503	673259	47819	63	NC_002945.4	NODE_33_length_47820_cov_36.186610	99.97		True
CONTIG	NODE_33_length_47820_cov_36.186610	47820	correct
3712180	3737477	1	25298	NC_002945.4	NODE_34_length_46582_cov_33.458358	99.97		True
local misassembly
3737688	3758844	25299	46455	NC_002945.4	NODE_34_length_46582_cov_33.458358	99.98		True
CONTIG	NODE_34_length_46582_cov_33.458358	46582	correct
2326988	2343623	16636	1	NC_002945.4	NODE_35_length_46378_cov_35.833906	99.98		True
relocation, inconsistency = 2596
2294650	2324391	46378	16637	NC_002945.4	NODE_35_length_46378_cov_35.833906	99.99		True
CONTIG	NODE_35_length_46378_cov_35.833906	46378	misassembled
1997190	2040963	1	43774	NC_002945.4	NODE_36_length_43894_cov_38.867069	99.98		True
CONTIG	NODE_36_length_43894_cov_38.867069	43894	correct
1491946	1535110	103	43267	NC_002945.4	NODE_37_length_43267_cov_42.006236	99.98		True
CONTIG	NODE_37_length_43267_cov_42.006236	43267	correct
928970	929673	704	1	NC_002945.4	NODE_38_length_42748_cov_37.282912	100.0		True
local misassembly
928372	928975	1455	843	NC_002945.4	NODE_38_length_42748_cov_37.282912	98.61		True
relocation, inconsistency = -2949817
3836888	3878188	42748	1456	NC_002945.4	NODE_38_length_42748_cov_37.282912	99.91		True
CONTIG	NODE_38_length_42748_cov_37.282912	42748	misassembled
1343879	1386504	1	42631	NC_002945.4	NODE_39_length_42643_cov_36.360758	99.97		True
CONTIG	NODE_39_length_42643_cov_36.360758	42643	correct
930732	970123	140	39771	NC_002945.4	NODE_40_length_39771_cov_36.716754	99.37		True
CONTIG	NODE_40_length_39771_cov_36.716754	39771	correct
2246080	2283745	37668	1	NC_002945.4	NODE_41_length_37835_cov_42.368887	99.95		True
CONTIG	NODE_41_length_37835_cov_42.368887	37835	correct
1535942	1573410	1	37469	NC_002945.4	NODE_42_length_37545_cov_38.084986	99.98		True
CONTIG	NODE_42_length_37545_cov_38.084986	37545	correct
363941	401308	36	37403	NC_002945.4	NODE_43_length_37403_cov_36.550408	99.96		True
CONTIG	NODE_43_length_37403_cov_36.550408	37403	correct
2210077	2246097	36021	1	NC_002945.4	NODE_44_length_36048_cov_42.487375	99.98		True
CONTIG	NODE_44_length_36048_cov_42.487375	36048	correct
4281767	4293924	12204	47	NC_002945.4	NODE_45_length_33793_cov_40.002584	99.99		True
local misassembly
4259930	4281520	33793	12205	NC_002945.4	NODE_45_length_33793_cov_40.002584	99.98		True
CONTIG	NODE_45_length_33793_cov_40.002584	33793	correct
306710	333374	1	26560	NC_002945.4	NODE_46_length_31907_cov_34.456514	99.6		True
relocation, inconsistency = 3551285
3884660	3889997	31907	26561	NC_002945.4	NODE_46_length_31907_cov_34.456514	99.81		True
CONTIG	NODE_46_length_31907_cov_34.456514	31907	misassembled
2161798	2192094	30298	1	NC_002945.4	NODE_47_length_30298_cov_39.461403	99.99		True
CONTIG	NODE_47_length_30298_cov_39.461403	30298	correct
2666203	2693421	285	27502	NC_002945.4	NODE_48_length_27502_cov_37.693333	99.99		True
CONTIG	NODE_48_length_27502_cov_37.693333	27502	correct
105040	131976	1	26937	NC_002945.4	NODE_49_length_26937_cov_38.944871	99.98		True
CONTIG	NODE_49_length_26937_cov_38.944871	26937	correct
1386910	1412955	26046	1	NC_002945.4	NODE_50_length_26133_cov_37.123087	99.97		True
CONTIG	NODE_50_length_26133_cov_37.123087	26133	correct
3674358	3699329	24954	1	NC_002945.4	NODE_51_length_24954_cov_27.607887	99.92		True
CONTIG	NODE_51_length_24954_cov_27.607887	24954	correct
338746	362915	24264	182	NC_002945.4	NODE_52_length_24421_cov_34.261340	99.61		True
CONTIG	NODE_52_length_24421_cov_34.261340	24421	correct
2423267	2444896	1	21630	NC_002945.4	NODE_53_length_21630_cov_39.883086	99.99		True
CONTIG	NODE_53_length_21630_cov_39.883086	21630	correct
2140783	2161533	20269	1	NC_002945.4	NODE_54_length_20286_cov_41.680341	97.66		True
CONTIG	NODE_54_length_20286_cov_41.680341	20286	correct
1471935	1490747	1	18814	NC_002945.4	NODE_55_length_19320_cov_42.837910	99.98		True
local misassembly
1490961	1491354	18815	19208	NC_002945.4	NODE_55_length_19320_cov_42.837910	99.75		True
CONTIG	NODE_55_length_19320_cov_42.837910	19320	correct
1171083	1189065	1	17983	NC_002945.4	NODE_56_length_18100_cov_37.833862	99.99		True
CONTIG	NODE_56_length_18100_cov_37.833862	18100	correct
2192685	2210036	17352	1	NC_002945.4	NODE_57_length_17352_cov_45.175791	99.99		True
CONTIG	NODE_57_length_17352_cov_45.175791	17352	correct
892165	909508	1	17344	NC_002945.4	NODE_58_length_17344_cov_40.497067	99.99		True
CONTIG	NODE_58_length_17344_cov_40.497067	17344	correct
132708	149763	1	17056	NC_002945.4	NODE_59_length_17132_cov_44.347604	99.89		True
CONTIG	NODE_59_length_17132_cov_44.347604	17132	correct
2776965	2793809	16943	99	NC_002945.4	NODE_60_length_17079_cov_41.032681	100.0		True
CONTIG	NODE_60_length_17079_cov_41.032681	17079	correct
3760367	3777383	17019	1	NC_002945.4	NODE_61_length_17056_cov_35.125642	99.93		True
CONTIG	NODE_61_length_17056_cov_35.125642	17056	correct
910050	926152	1	16103	NC_002945.4	NODE_62_length_16350_cov_40.085064	99.99		True
CONTIG	NODE_62_length_16350_cov_40.085064	16350	correct
3108521	3124582	16062	1	NC_002945.4	NODE_63_length_16114_cov_36.210484	99.99		True
CONTIG	NODE_63_length_16114_cov_36.210484	16114	correct
2040938	2056268	15574	244	NC_002945.4	NODE_64_length_15742_cov_38.222991	99.99		True
CONTIG	NODE_64_length_15742_cov_38.222991	15742	correct
609085	624467	1	15383	NC_002945.4	NODE_65_length_15383_cov_36.125393	99.99		True
CONTIG	NODE_65_length_15383_cov_36.125393	15383	correct
2916851	2932065	15362	148	NC_002945.4	NODE_66_length_15362_cov_42.065573	99.97		True
CONTIG	NODE_66_length_15362_cov_42.065573	15362	correct
4294608	4309406	1	14799	NC_002945.4	NODE_67_length_14799_cov_35.152604	99.99		True
CONTIG	NODE_67_length_14799_cov_35.152604	14799	correct
2409077	2422776	1	13700	NC_002945.4	NODE_68_length_13700_cov_38.955942	99.98		True
CONTIG	NODE_68_length_13700_cov_38.955942	13700	correct
1191587	1204718	125	13256	NC_002945.4	NODE_69_length_13256_cov_38.000609	99.96		True
CONTIG	NODE_69_length_13256_cov_38.000609	13256	correct
3700309	3711048	10740	1	NC_002945.4	NODE_70_length_10740_cov_24.130406	99.93		True
CONTIG	NODE_70_length_10740_cov_24.130406	10740	correct
2933886	2943963	213	10290	NC_002945.4	NODE_71_length_10290_cov_38.718981	99.99		True
CONTIG	NODE_71_length_10290_cov_38.718981	10290	correct
3209333	3219347	99	10113	NC_002945.4	NODE_72_length_10113_cov_38.538053	100.0		True
CONTIG	NODE_72_length_10113_cov_38.538053	10113	correct
1623850	1632544	101	8747	NC_002945.4	NODE_73_length_10019_cov_29.513142	99.41		True
relocation, inconsistency = 1141780
2774325	2775596	8748	10019	NC_002945.4	NODE_73_length_10019_cov_29.513142	100.0		True
CONTIG	NODE_73_length_10019_cov_29.513142	10019	misassembled
402605	411430	1	8826	NC_002945.4	NODE_74_length_8998_cov_34.517642	99.98		True
CONTIG	NODE_74_length_8998_cov_34.517642	8998	correct
1204794	1213474	8777	97	NC_002945.4	NODE_75_length_8845_cov_36.029250	99.98		True
CONTIG	NODE_75_length_8845_cov_36.029250	8845	correct
2793997	2799828	172	6003	NC_002945.4	NODE_76_length_6003_cov_38.009871	99.98		True
CONTIG	NODE_76_length_6003_cov_38.009871	6003	correct
1987009	1992127	1	5120	NC_002945.4	NODE_77_length_5120_cov_38.434809	99.96		True
CONTIG	NODE_77_length_5120_cov_38.434809	5120	correct
3980336	3984775	125	4564	NC_002945.4	NODE_78_length_4564_cov_29.364435	99.98		True
CONTIG	NODE_78_length_4564_cov_29.364435	4564	correct
1214750	1218291	3643	102	NC_002945.4	NODE_79_length_4165_cov_29.656265	100.0		True
local misassembly
1214576	1214774	3961	3763	NC_002945.4	NODE_79_length_4165_cov_29.656265	98.99		True
CONTIG	NODE_79_length_4165_cov_29.656265	4165	correct
1165899	1169900	4002	1	NC_002945.4	NODE_80_length_4002_cov_40.712258	99.98		True
CONTIG	NODE_80_length_4002_cov_40.712258	4002	correct
2284620	2287647	3028	1	NC_002945.4	NODE_81_length_3028_cov_26.355050	99.77		True
CONTIG	NODE_81_length_3028_cov_26.355050	3028	correct
2290710	2293716	1	3007	NC_002945.4	NODE_82_length_3007_cov_26.654167	100.0		True
CONTIG	NODE_82_length_3007_cov_26.654167	3007	correct
1993335	1996109	1	2775	NC_002945.4	NODE_83_length_2775_cov_37.924094	100.0		True
CONTIG	NODE_83_length_2775_cov_37.924094	2775	correct
1635657	1638014	2364	58	NC_002945.4	NODE_84_length_2364_cov_24.462673	97.41		True
CONTIG	NODE_84_length_2364_cov_24.462673	2364	correct
3878178	3879999	2027	206	NC_002945.4	NODE_85_length_2027_cov_2.988421	99.73		True
CONTIG	NODE_85_length_2027_cov_2.988421	2027	correct
1092617	1094240	1624	1	NC_002945.4	NODE_86_length_1953_cov_21.415663	99.75		True
relocation, inconsistency = 538616
1632857	1633152	1625	1920	NC_002945.4	NODE_86_length_1953_cov_21.415663	98.81		True
CONTIG	NODE_86_length_1953_cov_21.415663	1953	misassembled
674730	674806	197	273	NC_002945.4	NODE_87_length_1731_cov_3.311721	100.0		True
local misassembly
674921	676378	274	1731	NC_002945.4	NODE_87_length_1731_cov_3.311721	99.86		True
CONTIG	NODE_87_length_1731_cov_3.311721	1731	correct
3891249	3892674	1574	149	NC_002945.4	NODE_88_length_1730_cov_1.975671	99.37		True
CONTIG	NODE_88_length_1730_cov_1.975671	1730	correct
401182	402731	1550	1	NC_002945.4	NODE_89_length_1550_cov_52.087843	99.94		True
CONTIG	NODE_89_length_1550_cov_52.087843	1550	correct
336693	337850	162	1319	NC_002945.4	NODE_90_length_1527_cov_13.791429	100.0		True
CONTIG	NODE_90_length_1527_cov_13.791429	1527	correct
4193589	4195052	1	1464	NC_002945.4	NODE_91_length_1464_cov_81.345550	100.0		True
CONTIG	NODE_91_length_1464_cov_81.345550	1464	correct
1094890	1096328	1446	8	NC_002945.4	NODE_92_length_1446_cov_32.340409	99.51		True
CONTIG	NODE_92_length_1446_cov_32.340409	1446	correct
3443593	3445031	1439	1	NC_002945.4	NODE_93_length_1439_cov_51.619665	100.0		True
CONTIG	NODE_93_length_1439_cov_51.619665	1439	correct
673472	674100	1	629	NC_002945.4	NODE_94_length_1363_cov_2.268608	99.84		True
local misassembly
674177	674691	849	1363	NC_002945.4	NODE_94_length_1363_cov_2.268608	99.81		True
CONTIG	NODE_94_length_1363_cov_2.268608	1363	correct
3673145	3674484	1	1340	NC_002945.4	NODE_95_length_1340_cov_62.656224	100.0		True
CONTIG	NODE_95_length_1340_cov_62.656224	1340	correct
2324578	2325833	1256	1	NC_002945.4	NODE_96_length_1333_cov_29.271144	100.0		True
CONTIG	NODE_96_length_1333_cov_29.271144	1333	correct
3339137	3340461	1325	1	NC_002945.4	NODE_97_length_1325_cov_41.044240	100.0		True
CONTIG	NODE_97_length_1325_cov_41.044240	1325	correct
3835659	3836979	1	1321	NC_002945.4	NODE_98_length_1321_cov_80.773869	99.77		True
CONTIG	NODE_98_length_1321_cov_80.773869	1321	correct
1633366	1634454	7	1095	NC_002945.4	NODE_99_length_1281_cov_2.842288	100.0		True
CONTIG	NODE_99_length_1281_cov_2.842288	1281	correct
2288581	2289835	1255	1	NC_002945.4	NODE_100_length_1255_cov_40.581560	100.0		True
CONTIG	NODE_100_length_1255_cov_40.581560	1255	correct
839649	840880	1232	1	NC_002945.4	NODE_101_length_1237_cov_12.130631	100.0		True
CONTIG	NODE_101_length_1237_cov_12.130631	1237	correct
2287521	2288707	1187	1	NC_002945.4	NODE_102_length_1187_cov_33.985849	100.0		True
CONTIG	NODE_102_length_1187_cov_33.985849	1187	correct
2283619	2284746	1128	1	NC_002945.4	NODE_103_length_1128_cov_70.685315	99.91		True
CONTIG	NODE_103_length_1128_cov_70.685315	1128	correct
1190504	1191491	1	988	NC_002945.4	NODE_104_length_1121_cov_28.375252	99.9		True
CONTIG	NODE_104_length_1121_cov_28.375252	1121	correct
3711277	3712306	1030	1	NC_002945.4	NODE_105_length_1030_cov_70.635659	100.0		True
CONTIG	NODE_105_length_1030_cov_70.635659	1030	correct
362899	363815	926	10	NC_002945.4	NODE_106_length_1001_cov_3.521739	99.45		True
CONTIG	NODE_106_length_1001_cov_3.521739	1001	correct
335617	336455	839	1	NC_002945.4	NODE_107_length_999_cov_2.908257	99.4		True
CONTIG	NODE_107_length_999_cov_2.908257	999	correct
3699203	3700187	985	1	NC_002945.4	NODE_108_length_985_cov_2.059441	99.9		True
CONTIG	NODE_108_length_985_cov_2.059441	985	correct
1165044	1166025	982	1	NC_002945.4	NODE_109_length_982_cov_72.402339	100.0		True
CONTIG	NODE_109_length_982_cov_72.402339	982	correct
4309395	4310325	931	1	NC_002945.4	NODE_110_length_931_cov_20.716418	100.0		True
CONTIG	NODE_110_length_931_cov_20.716418	931	correct
2800228	2801136	909	1	NC_002945.4	NODE_111_length_909_cov_243.507673	100.0		True
CONTIG	NODE_111_length_909_cov_243.507673	909	correct
3341521	3342410	1	890	NC_002945.4	NODE_112_length_890_cov_30.981651	100.0		True
CONTIG	NODE_112_length_890_cov_30.981651	890	correct
3894591	3895312	1	722	NC_002945.4	NODE_113_length_866_cov_33.990528	100.0		True
CONTIG	NODE_113_length_866_cov_33.990528	866	correct
1278286	1279129	844	1	NC_002945.4	NODE_114_length_844_cov_77.489540	100.0		True
CONTIG	NODE_114_length_844_cov_77.489540	844	correct
3444905	3445699	1	795	NC_002945.4	NODE_115_length_795_cov_93.311377	100.0		True
CONTIG	NODE_115_length_795_cov_93.311377	795	correct
1985779	1986551	1	773	NC_002945.4	NODE_116_length_773_cov_2.976780	100.0		True
CONTIG	NODE_116_length_773_cov_2.976780	773	correct
2422650	2423393	1	744	NC_002945.4	NODE_117_length_744_cov_66.576985	100.0		True
CONTIG	NODE_117_length_744_cov_66.576985	744	correct
3884045	3884786	724	1	NC_002945.4	NODE_118_length_724_cov_8.546064	97.44		True
CONTIG	NODE_118_length_724_cov_8.546064	724	correct
3882202	3882708	641	135	NC_002945.4	NODE_119_length_718_cov_1.226734	98.62		True
CONTIG	NODE_119_length_718_cov_1.226734	718	correct
1996399	1996834	697	262	NC_002945.4	NODE_120_length_697_cov_0.878947	99.54		True
CONTIG	NODE_120_length_697_cov_0.878947	697	correct
3979601	3980122	531	10	NC_002945.4	NODE_121_length_651_cov_0.975191	98.66		True
CONTIG	NODE_121_length_651_cov_0.975191	651	correct
3340552	3341186	1	635	NC_002945.4	NODE_122_length_635_cov_26.100394	100.0		True
CONTIG	NODE_122_length_635_cov_26.100394	635	correct
334636	335159	598	75	NC_002945.4	NODE_123_length_598_cov_2.481953	99.81		True
CONTIG	NODE_123_length_598_cov_2.481953	598	correct
3883859	3883977	1	119	NC_002945.4	NODE_124_length_592_cov_7.410753	100.0		True
local misassembly
3883513	3883985	120	592	NC_002945.4	NODE_124_length_592_cov_7.410753	100.0		True
CONTIG	NODE_124_length_592_cov_7.410753	592	correct
2773470	2774058	1	589	NC_002945.4	NODE_125_length_590_cov_1.568035	98.64		True
CONTIG	NODE_125_length_590_cov_1.568035	590	correct
3341060	3341647	1	588	NC_002945.4	NODE_126_length_588_cov_45.268980	100.0		True
CONTIG	NODE_126_length_588_cov_45.268980	588	correct
3893515	3893926	1	412	NC_002945.4	NODE_127_length_572_cov_1.566292	100.0		True
CONTIG	NODE_127_length_572_cov_1.566292	572	correct
CONTIG	NODE_128_length_563_cov_0.506881	563	unaligned
3879984	3880422	115	553	NC_002945.4	NODE_129_length_553_cov_1.701878	99.54		True
CONTIG	NODE_129_length_553_cov_1.701878	553	correct
1535045	1535408	1	364	NC_002945.4	NODE_130_length_531_cov_38.527228	96.98		True
relocation, inconsistency = 2310255
3845679	3845830	531	380	NC_002945.4	NODE_130_length_531_cov_38.527228	95.39		True
CONTIG	NODE_130_length_531_cov_38.527228	531	misassembled
4294092	4294559	1	468	NC_002945.4	NODE_131_length_510_cov_3.574413	100.0		True
CONTIG	NODE_131_length_510_cov_3.574413	510	correct
1853859	1854360	1	502	NC_002945.4	NODE_132_length_510_cov_1.506527	98.8		True
CONTIG	NODE_132_length_510_cov_1.506527	510	correct
3882139	3882243	230	334	NC_002945.4	NODE_133_length_508_cov_0.860892	100.0		True
CONTIG	NODE_133_length_508_cov_0.860892	508	correct
