S1	E1	S2	E2	Reference	Contig	IDY	Ambiguous	Best_group
2444936	2665769	220786	9	NC_002945.4	NODE_1_length_220843_cov_47.800295	99.91		True
CONTIG	NODE_1_length_220843_cov_47.800295	220843	correct
3488378	3673271	1	184786	NC_002945.4	NODE_2_length_184786_cov_48.776290	99.93		True
CONTIG	NODE_2_length_184786_cov_48.776290	184786	correct
402605	581801	1	179082	NC_002945.4	NODE_3_length_179082_cov_47.833774	99.92		True
CONTIG	NODE_3_length_179082_cov_47.833774	179082	correct
150161	306653	156496	31	NC_002945.4	NODE_4_length_156496_cov_47.446521	99.97		True
CONTIG	NODE_4_length_156496_cov_47.446521	156496	correct
4301846	4349904	1	48058	NC_002945.4	NODE_5_length_151377_cov_49.296126	99.99		True
fake: not a misassembly [linear representation of circular genome]
1	29469	48059	77527	NC_002945.4	NODE_5_length_151377_cov_49.296126	99.99		True
local misassembly
30083	103918	77529	151377	NC_002945.4	NODE_5_length_151377_cov_49.296126	99.96		True
CONTIG	NODE_5_length_151377_cov_49.296126	151377	correct
1638923	1769053	97	130226	NC_002945.4	NODE_6_length_130318_cov_51.733638	99.99		True
CONTIG	NODE_6_length_130318_cov_51.733638	130318	correct
970273	1009472	312	39510	NC_002945.4	NODE_7_length_120680_cov_48.065424	99.98		True
relocation, inconsistency = 1457
1010930	1091963	39511	120547	NC_002945.4	NODE_7_length_120680_cov_48.065424	99.98		True
CONTIG	NODE_7_length_120680_cov_48.065424	120680	misassembled
3297493	3338080	40757	1	NC_002945.4	NODE_8_length_118943_cov_49.085031	99.82		True
indel: stretch of mismatches
3219373	3297478	118934	40772	NC_002945.4	NODE_8_length_118943_cov_49.085031	99.92		True
CONTIG	NODE_8_length_118943_cov_49.085031	118943	correct
1869271	1985614	116089	212	NC_002945.4	NODE_9_length_116089_cov_47.782411	99.58		True
CONTIG	NODE_9_length_116089_cov_47.782411	116089	correct
727260	824045	1	96787	NC_002945.4	NODE_10_length_110272_cov_49.063970	99.99		True
local misassembly
824601	837993	96788	110180	NC_002945.4	NODE_10_length_110272_cov_49.063970	99.98		True
CONTIG	NODE_10_length_110272_cov_49.063970	110272	correct
3343594	3442410	1	98885	NC_002945.4	NODE_11_length_98885_cov_49.278124	99.92		True
CONTIG	NODE_11_length_98885_cov_49.278124	98885	correct
4097330	4193715	96386	1	NC_002945.4	NODE_12_length_96386_cov_48.467084	99.99		True
CONTIG	NODE_12_length_96386_cov_48.467084	96386	correct
3016831	3108521	1	91055	NC_002945.4	NODE_13_length_91257_cov_49.090486	99.05		True
CONTIG	NODE_13_length_91257_cov_49.090486	91257	correct
3897145	3979445	82337	46	NC_002945.4	NODE_14_length_82337_cov_49.025897	99.98		True
CONTIG	NODE_14_length_82337_cov_49.025897	82337	correct
1492014	1573237	122	81345	NC_002945.4	NODE_15_length_81462_cov_51.662433	99.93		True
CONTIG	NODE_15_length_81462_cov_51.662433	81462	correct
2693912	2773105	79406	214	NC_002945.4	NODE_16_length_79406_cov_47.009094	99.99		True
CONTIG	NODE_16_length_79406_cov_47.009094	79406	correct
1779460	1853772	74467	155	NC_002945.4	NODE_17_length_74467_cov_47.854170	99.99		True
CONTIG	NODE_17_length_74467_cov_47.854170	74467	correct
1092496	1165170	156	72830	NC_002945.4	NODE_18_length_72830_cov_48.292574	99.98		True
CONTIG	NODE_18_length_72830_cov_48.292574	72830	correct
3124600	3193870	69217	1	NC_002945.4	NODE_19_length_69217_cov_48.333941	99.91		True
CONTIG	NODE_19_length_69217_cov_48.333941	69217	correct
4036096	4097346	61250	1	NC_002945.4	NODE_20_length_65895_cov_45.669763	99.99		True
relocation, inconsistency = 2821268
1214018	1214774	61304	62060	NC_002945.4	NODE_20_length_65895_cov_45.669763	98.68		True
local misassembly
1214750	1218340	62180	65770	NC_002945.4	NODE_20_length_65895_cov_45.669763	99.92		True
CONTIG	NODE_20_length_65895_cov_45.669763	65895	misassembled
4194926	4259153	1	64228	NC_002945.4	NODE_21_length_64228_cov_50.780705	99.98		True
CONTIG	NODE_21_length_64228_cov_50.780705	64228	correct
2852105	2915875	63887	117	NC_002945.4	NODE_22_length_63908_cov_46.362475	99.98		True
CONTIG	NODE_22_length_63908_cov_46.362475	63908	correct
1280097	1343223	63189	1	NC_002945.4	NODE_23_length_63189_cov_52.951651	99.89		True
CONTIG	NODE_23_length_63189_cov_52.951651	63189	correct
1219540	1278412	58873	1	NC_002945.4	NODE_24_length_58873_cov_47.782709	99.99		True
CONTIG	NODE_24_length_58873_cov_47.782709	58873	correct
2957039	3015712	58786	166	NC_002945.4	NODE_25_length_58786_cov_47.936412	99.9		True
CONTIG	NODE_25_length_58786_cov_47.936412	58786	correct
3777400	3835785	58318	1	NC_002945.4	NODE_26_length_58318_cov_47.885446	99.87		True
CONTIG	NODE_26_length_58318_cov_47.885446	58318	correct
2083596	2140478	293	57175	NC_002945.4	NODE_27_length_57175_cov_48.496161	99.99		True
CONTIG	NODE_27_length_57175_cov_48.496161	57175	correct
1413935	1470724	1	56733	NC_002945.4	NODE_28_length_56733_cov_50.820213	99.89		True
CONTIG	NODE_28_length_56733_cov_50.820213	56733	correct
2801012	2852054	1	51043	NC_002945.4	NODE_29_length_51043_cov_49.030285	99.99		True
CONTIG	NODE_29_length_51043_cov_49.030285	51043	correct
676823	726447	49625	1	NC_002945.4	NODE_30_length_51001_cov_46.069662	99.98		True
inversion
674811	676186	49626	51001	NC_002945.4	NODE_30_length_51001_cov_46.069662	100.0		True
CONTIG	NODE_30_length_51001_cov_46.069662	51001	misassembled
3984850	4000631	127	15908	NC_002945.4	NODE_31_length_50966_cov_48.335727	100.0		True
fake: scaffold gap size wrong estimation (local)
4000854	4035690	16009	50845	NC_002945.4	NODE_31_length_50966_cov_48.335727	99.98		True
CONTIG	NODE_31_length_50966_cov_48.335727	50966	correct
1574037	1623830	49794	1	NC_002945.4	NODE_32_length_49815_cov_47.015799	99.98		True
CONTIG	NODE_32_length_49815_cov_47.015799	49815	correct
625180	673426	1	48247	NC_002945.4	NODE_33_length_48247_cov_47.073192	99.99		True
CONTIG	NODE_33_length_48247_cov_47.073192	48247	correct
2294650	2324391	1	29742	NC_002945.4	NODE_34_length_46508_cov_45.842112	99.99		True
relocation, inconsistency = 2596
2326988	2343753	29743	46508	NC_002945.4	NODE_34_length_46508_cov_45.842112	99.98		True
CONTIG	NODE_34_length_46508_cov_45.842112	46508	misassembled
1997231	2041027	88	43884	NC_002945.4	NODE_35_length_43990_cov_48.417436	99.98		True
CONTIG	NODE_35_length_43990_cov_48.417436	43990	correct
1343879	1386903	43030	1	NC_002945.4	NODE_36_length_43030_cov_46.925203	99.99		True
CONTIG	NODE_36_length_43030_cov_46.925203	43030	correct
3445573	3488322	1	42750	NC_002945.4	NODE_37_length_42750_cov_49.850292	99.97		True
CONTIG	NODE_37_length_42750_cov_49.850292	42750	correct
849133	891078	41946	1	NC_002945.4	NODE_38_length_41946_cov_50.329181	99.99		True
CONTIG	NODE_38_length_41946_cov_50.329181	41946	correct
3836888	3878150	41281	27	NC_002945.4	NODE_39_length_41281_cov_47.514312	99.96		True
CONTIG	NODE_39_length_41281_cov_47.514312	41281	correct
930786	970128	39557	95	NC_002945.4	NODE_40_length_39696_cov_47.435063	99.67		True
CONTIG	NODE_40_length_39696_cov_47.435063	39696	correct
1171083	1189854	1	18772	NC_002945.4	NODE_41_length_39646_cov_47.883550	99.99		True
relocation, inconsistency = 2858
1192713	1213453	18773	39516	NC_002945.4	NODE_41_length_39646_cov_47.883550	99.87		True
CONTIG	NODE_41_length_39646_cov_47.883550	39646	misassembled
2246108	2283745	37640	1	NC_002945.4	NODE_42_length_37640_cov_51.365553	99.95		True
CONTIG	NODE_42_length_37640_cov_51.365553	37640	correct
363913	401308	95	37490	NC_002945.4	NODE_43_length_37490_cov_47.798250	99.99		True
CONTIG	NODE_43_length_37490_cov_47.798250	37490	correct
2210038	2246102	108	36173	NC_002945.4	NODE_44_length_36173_cov_54.834822	99.99		True
CONTIG	NODE_44_length_36173_cov_54.834822	36173	correct
2386726	2408886	1	22161	NC_002945.4	NODE_45_length_35762_cov_42.492549	100.0		True
local misassembly
2409176	2422776	22162	35762	NC_002945.4	NODE_45_length_35762_cov_42.492549	99.98		True
CONTIG	NODE_45_length_35762_cov_42.492549	35762	correct
3724942	3737454	1	12513	NC_002945.4	NODE_46_length_34106_cov_48.967745	99.98		True
local misassembly
3737665	3758817	12514	33666	NC_002945.4	NODE_46_length_34106_cov_48.967745	100.0		True
local misassembly
3759172	3759400	33667	33895	NC_002945.4	NODE_46_length_34106_cov_48.967745	100.0		True
CONTIG	NODE_46_length_34106_cov_48.967745	34106	correct
306706	333360	1	26550	NC_002945.4	NODE_47_length_30556_cov_42.089027	99.6		True
inversion
334467	335037	27121	26551	NC_002945.4	NODE_47_length_30556_cov_42.089027	99.71		True
relocation, inconsistency = -5642
336693	340108	30459	27122	NC_002945.4	NODE_47_length_30556_cov_42.089027	97.08		True
CONTIG	NODE_47_length_30556_cov_42.089027	30556	misassembled
2161798	2192094	1	30298	NC_002945.4	NODE_48_length_30298_cov_49.634218	99.99		True
CONTIG	NODE_48_length_30298_cov_49.634218	30298	correct
2343985	2372235	28251	1	NC_002945.4	NODE_49_length_28427_cov_46.175477	99.99		True
CONTIG	NODE_49_length_28427_cov_46.175477	28427	correct
2665873	2693421	27548	1	NC_002945.4	NODE_50_length_27548_cov_47.936253	99.99		True
CONTIG	NODE_50_length_27548_cov_47.936253	27548	correct
105040	131888	1	26849	NC_002945.4	NODE_51_length_27015_cov_47.076577	99.98		True
CONTIG	NODE_51_length_27015_cov_47.076577	27015	correct
2057111	2083574	201	26664	NC_002945.4	NODE_52_length_26755_cov_49.118297	99.98		True
CONTIG	NODE_52_length_26755_cov_49.118297	26755	correct
1387054	1412955	153	26054	NC_002945.4	NODE_53_length_26054_cov_47.034481	99.98		True
CONTIG	NODE_53_length_26054_cov_47.034481	26054	correct
3674358	3700233	1	25858	NC_002945.4	NODE_54_length_25977_cov_36.829632	99.93		True
CONTIG	NODE_54_length_25977_cov_36.829632	25977	correct
581820	607788	1	25969	NC_002945.4	NODE_55_length_25969_cov_48.461149	99.99		True
CONTIG	NODE_55_length_25969_cov_48.461149	25969	correct
339719	363825	24107	1	NC_002945.4	NODE_56_length_24107_cov_44.403003	99.97		True
CONTIG	NODE_56_length_24107_cov_44.403003	24107	correct
2776924	2799828	31	22935	NC_002945.4	NODE_57_length_22935_cov_50.801649	100.0		True
CONTIG	NODE_57_length_22935_cov_50.801649	22935	correct
4259930	4281677	21746	1	NC_002945.4	NODE_58_length_21746_cov_50.799667	99.98		True
CONTIG	NODE_58_length_21746_cov_50.799667	21746	correct
2423267	2444896	21630	1	NC_002945.4	NODE_59_length_21630_cov_48.555132	99.99		True
CONTIG	NODE_59_length_21630_cov_48.555132	21630	correct
1471935	1490429	1	18496	NC_002945.4	NODE_60_length_18551_cov_58.308782	99.98		True
CONTIG	NODE_60_length_18551_cov_58.308782	18551	correct
2140761	2158365	121	17725	NC_002945.4	NODE_61_length_17725_cov_50.416866	99.97		True
CONTIG	NODE_61_length_17725_cov_50.416866	17725	correct
2192685	2210036	17352	1	NC_002945.4	NODE_62_length_17352_cov_58.236284	99.99		True
CONTIG	NODE_62_length_17352_cov_58.236284	17352	correct
892165	909508	17344	1	NC_002945.4	NODE_63_length_17344_cov_48.916536	99.99		True
CONTIG	NODE_63_length_17344_cov_48.916536	17344	correct
132685	149938	1	17254	NC_002945.4	NODE_64_length_17284_cov_53.850906	99.97		True
CONTIG	NODE_64_length_17284_cov_53.850906	17284	correct
3760372	3777383	17014	1	NC_002945.4	NODE_65_length_17014_cov_46.149523	99.96		True
CONTIG	NODE_65_length_17014_cov_46.149523	17014	correct
3108565	3124566	16123	122	NC_002945.4	NODE_66_length_16290_cov_48.022273	99.99		True
CONTIG	NODE_66_length_16290_cov_48.022273	16290	correct
910050	926126	1	16077	NC_002945.4	NODE_67_length_16198_cov_52.182938	99.99		True
CONTIG	NODE_67_length_16198_cov_52.182938	16198	correct
3193780	3209297	15618	1	NC_002945.4	NODE_68_length_15618_cov_49.278613	100.0		True
CONTIG	NODE_68_length_15618_cov_49.278613	15618	correct
1853860	1869295	15436	1	NC_002945.4	NODE_69_length_15533_cov_35.344217	99.99		True
CONTIG	NODE_69_length_15533_cov_35.344217	15533	correct
2916851	2932322	15472	1	NC_002945.4	NODE_70_length_15472_cov_53.706549	99.97		True
CONTIG	NODE_70_length_15472_cov_53.706549	15472	correct
609085	624515	1	15431	NC_002945.4	NODE_71_length_15431_cov_44.129051	99.99		True
CONTIG	NODE_71_length_15431_cov_44.129051	15431	correct
2041094	2056402	1	15309	NC_002945.4	NODE_72_length_15324_cov_50.191814	99.99		True
CONTIG	NODE_72_length_15324_cov_50.191814	15324	correct
2373517	2386819	1	13303	NC_002945.4	NODE_73_length_13303_cov_49.619004	99.98		True
CONTIG	NODE_73_length_13303_cov_49.619004	13303	correct
3712180	3724845	12672	7	NC_002945.4	NODE_74_length_12672_cov_34.521562	99.96		True
CONTIG	NODE_74_length_12672_cov_34.521562	12672	correct
2944619	2957076	12458	1	NC_002945.4	NODE_75_length_12458_cov_47.205498	99.98		True
CONTIG	NODE_75_length_12458_cov_47.205498	12458	correct
3882139	3884027	294	2230	NC_002945.4	NODE_76_length_12298_cov_21.380248	97.69		True
local misassembly
3884643	3890278	2231	7875	NC_002945.4	NODE_76_length_12298_cov_21.380248	99.79		True
local misassembly
3890969	3895272	7876	12179	NC_002945.4	NODE_76_length_12298_cov_21.380248	99.89		True
CONTIG	NODE_76_length_12298_cov_21.380248	12298	correct
4281681	4293965	12285	1	NC_002945.4	NODE_77_length_12285_cov_49.299391	99.98		True
CONTIG	NODE_77_length_12285_cov_49.299391	12285	correct
3700319	3711403	11085	1	NC_002945.4	NODE_78_length_11085_cov_33.817211	100.0		True
CONTIG	NODE_78_length_11085_cov_33.817211	11085	correct
2933806	2943963	10158	1	NC_002945.4	NODE_79_length_10375_cov_47.276249	99.99		True
CONTIG	NODE_79_length_10375_cov_47.276249	10375	correct
1623846	1633295	1	9402	NC_002945.4	NODE_80_length_10187_cov_36.899304	99.46		True
local misassembly
1633455	1634239	9403	10187	NC_002945.4	NODE_80_length_10187_cov_36.899304	98.44		True
CONTIG	NODE_80_length_10187_cov_36.899304	10187	correct
3209306	3219360	1	10056	NC_002945.4	NODE_81_length_10056_cov_48.061436	99.98		True
CONTIG	NODE_81_length_10056_cov_48.061436	10056	correct
4294631	4301854	21	7244	NC_002945.4	NODE_82_length_7244_cov_45.586483	99.99		True
CONTIG	NODE_82_length_7244_cov_45.586483	7244	correct
842478	849082	6676	72	NC_002945.4	NODE_83_length_6684_cov_40.613543	99.95		True
CONTIG	NODE_83_length_6684_cov_40.613543	6684	correct
1987013	1992127	1	5116	NC_002945.4	NODE_84_length_5116_cov_48.088795	99.96		True
CONTIG	NODE_84_length_5116_cov_48.088795	5116	correct
3980237	3984550	4314	1	NC_002945.4	NODE_85_length_4314_cov_42.067112	99.98		True
CONTIG	NODE_85_length_4314_cov_42.067112	4314	correct
1165899	1169900	4002	1	NC_002945.4	NODE_86_length_4002_cov_48.851355	99.98		True
CONTIG	NODE_86_length_4002_cov_48.851355	4002	correct
2284620	2287647	3028	1	NC_002945.4	NODE_87_length_3028_cov_36.319890	99.77		True
CONTIG	NODE_87_length_3028_cov_36.319890	3028	correct
2290710	2293716	1	3007	NC_002945.4	NODE_88_length_3007_cov_30.305208	100.0		True
CONTIG	NODE_88_length_3007_cov_30.305208	3007	correct
2158341	2158913	1	573	NC_002945.4	NODE_89_length_2949_cov_55.233168	100.0		True
fake: scaffold gap size wrong estimation (local)
2158914	2160444	605	2135	NC_002945.4	NODE_89_length_2949_cov_55.233168	95.49		True
CONTIG	NODE_89_length_2949_cov_55.233168	2949	correct
1993335	1996061	2864	138	NC_002945.4	NODE_90_length_2864_cov_52.920351	100.0		True
CONTIG	NODE_90_length_2864_cov_52.920351	2864	correct
3878202	3881088	60	2820	NC_002945.4	NODE_91_length_2820_cov_9.575938	95.08		True
CONTIG	NODE_91_length_2820_cov_9.575938	2820	correct
928050	928975	1	935	NC_002945.4	NODE_92_length_2748_cov_10.566959	99.04		True
local misassembly
928970	930644	1074	2748	NC_002945.4	NODE_92_length_2748_cov_10.566959	100.0		True
CONTIG	NODE_92_length_2748_cov_10.566959	2748	correct
1190378	1192742	2484	120	NC_002945.4	NODE_93_length_2484_cov_20.460755	99.96		True
CONTIG	NODE_93_length_2484_cov_20.460755	2484	correct
1635657	1638030	1	2425	NC_002945.4	NODE_94_length_2425_cov_32.805918	97.9		True
CONTIG	NODE_94_length_2425_cov_32.805918	2425	correct
401182	402731	1	1550	NC_002945.4	NODE_95_length_1550_cov_79.146873	99.94		True
CONTIG	NODE_95_length_1550_cov_79.146873	1550	correct
4193589	4195052	1464	1	NC_002945.4	NODE_96_length_1464_cov_113.249065	100.0		True
CONTIG	NODE_96_length_1464_cov_113.249065	1464	correct
2774327	2775613	172	1458	NC_002945.4	NODE_97_length_1458_cov_9.259204	99.92		True
CONTIG	NODE_97_length_1458_cov_9.259204	1458	correct
3443593	3445031	1439	1	NC_002945.4	NODE_98_length_1439_cov_64.036585	100.0		True
CONTIG	NODE_98_length_1439_cov_64.036585	1439	correct
2324583	2325754	137	1308	NC_002945.4	NODE_99_length_1431_cov_33.026074	100.0		True
relocation, inconsistency = 293581
2619336	2619458	1431	1309	NC_002945.4	NODE_99_length_1431_cov_33.026074	100.0		True
CONTIG	NODE_99_length_1431_cov_33.026074	1431	misassembled
3673145	3674484	1340	1	NC_002945.4	NODE_100_length_1340_cov_95.065952	100.0		True
CONTIG	NODE_100_length_1340_cov_95.065952	1340	correct
3339137	3340461	1	1325	NC_002945.4	NODE_101_length_1325_cov_45.126043	100.0		True
CONTIG	NODE_101_length_1325_cov_45.126043	1325	correct
3835659	3836979	1321	1	NC_002945.4	NODE_102_length_1321_cov_90.066164	99.77		True
CONTIG	NODE_102_length_1321_cov_90.066164	1321	correct
2288581	2289835	1255	1	NC_002945.4	NODE_103_length_1255_cov_48.097518	100.0		True
CONTIG	NODE_103_length_1255_cov_48.097518	1255	correct
3759398	3760498	1101	1	NC_002945.4	NODE_104_length_1222_cov_2.543379	99.73		True
relocation, inconsistency = -1095
3760372	3760492	1222	1102	NC_002945.4	NODE_104_length_1222_cov_2.543379	100.0		True
CONTIG	NODE_104_length_1222_cov_2.543379	1222	misassembled
1996156	1997098	1	943	NC_002945.4	NODE_105_length_1194_cov_3.902530	99.89		True
CONTIG	NODE_105_length_1194_cov_3.902530	1194	correct
839627	840802	14	1189	NC_002945.4	NODE_106_length_1189_cov_17.630885	99.91		True
CONTIG	NODE_106_length_1189_cov_17.630885	1189	correct
2287521	2288707	1	1187	NC_002945.4	NODE_107_length_1187_cov_35.111321	100.0		True
CONTIG	NODE_107_length_1187_cov_35.111321	1187	correct
2289709	2290836	1128	1	NC_002945.4	NODE_108_length_1128_cov_92.522478	99.91		True
CONTIG	NODE_108_length_1128_cov_92.522478	1128	correct
3015705	3016830	1	1126	NC_002945.4	NODE_109_length_1126_cov_24.035116	100.0		True
CONTIG	NODE_109_length_1126_cov_24.035116	1126	correct
3711277	3712306	1030	1	NC_002945.4	NODE_110_length_1030_cov_91.129568	100.0		True
CONTIG	NODE_110_length_1030_cov_91.129568	1030	correct
1165044	1166025	1	982	NC_002945.4	NODE_111_length_982_cov_87.781287	100.0		True
CONTIG	NODE_111_length_982_cov_87.781287	982	correct
335650	336374	765	41	NC_002945.4	NODE_112_length_979_cov_9.180751	100.0		True
CONTIG	NODE_112_length_979_cov_9.180751	979	correct
2800228	2801136	1	909	NC_002945.4	NODE_113_length_909_cov_301.358056	100.0		True
CONTIG	NODE_113_length_909_cov_301.358056	909	correct
3341521	3342410	1	890	NC_002945.4	NODE_114_length_890_cov_41.601573	100.0		True
CONTIG	NODE_114_length_890_cov_41.601573	890	correct
2372633	2373516	1	884	NC_002945.4	NODE_115_length_884_cov_30.594461	100.0		True
CONTIG	NODE_115_length_884_cov_30.594461	884	correct
1278286	1279129	844	1	NC_002945.4	NODE_116_length_844_cov_101.348675	100.0		True
CONTIG	NODE_116_length_844_cov_101.348675	844	correct
1637904	1638224	1	321	NC_002945.4	NODE_117_length_814_cov_3.938865	100.0		True
local misassembly
1638369	1638856	322	809	NC_002945.4	NODE_117_length_814_cov_3.938865	99.8		True
CONTIG	NODE_117_length_814_cov_3.938865	814	correct
131996	132609	33	646	NC_002945.4	NODE_118_length_808_cov_2.428781	99.51		True
CONTIG	NODE_118_length_808_cov_2.428781	808	correct
3444905	3445699	1	795	NC_002945.4	NODE_119_length_795_cov_98.814371	100.0		True
CONTIG	NODE_119_length_795_cov_98.814371	795	correct
CONTIG	NODE_120_length_761_cov_0.768139	761	unaligned
2422650	2423393	744	1	NC_002945.4	NODE_121_length_744_cov_88.696921	100.0		True
CONTIG	NODE_121_length_744_cov_88.696921	744	correct
1985820	1986502	1	683	NC_002945.4	NODE_122_length_683_cov_4.451439	100.0		True
CONTIG	NODE_122_length_683_cov_4.451439	683	correct
2773540	2774133	594	1	NC_002945.4	NODE_123_length_665_cov_2.697026	99.33		True
CONTIG	NODE_123_length_665_cov_2.697026	665	correct
673514	674099	586	1	NC_002945.4	NODE_124_length_641_cov_4.050584	99.83		True
CONTIG	NODE_124_length_641_cov_4.050584	641	correct
3340552	3341186	1	635	NC_002945.4	NODE_125_length_635_cov_27.305118	100.0		True
CONTIG	NODE_125_length_635_cov_27.305118	635	correct
3338171	3338802	632	1	NC_002945.4	NODE_126_length_632_cov_49.097030	99.84		True
CONTIG	NODE_126_length_632_cov_49.097030	632	correct
3338676	3339263	1	588	NC_002945.4	NODE_127_length_588_cov_75.373102	100.0		True
CONTIG	NODE_127_length_588_cov_75.373102	588	correct
3895857	3896381	1	525	NC_002945.4	NODE_128_length_525_cov_2.736181	100.0		True
CONTIG	NODE_128_length_525_cov_2.736181	525	correct
CONTIG	NODE_129_length_518_cov_1.132992	518	unaligned
726760	727259	1	500	NC_002945.4	NODE_130_length_500_cov_29.741627	99.8		True
CONTIG	NODE_130_length_500_cov_29.741627	500	correct
