S1	E1	S2	E2	Reference	Contig	IDY	Ambiguous	Best_group
2453616	2665668	212144	34	NC_002945.4	NODE_1_length_212144_cov_37.372258	99.96		True
CONTIG	NODE_1_length_212144_cov_37.372258	212144	correct
411562	607788	195958	1	NC_002945.4	NODE_2_length_196194_cov_37.504593	99.85		True
CONTIG	NODE_2_length_196194_cov_37.504593	196194	correct
3488378	3673271	1	184786	NC_002945.4	NODE_3_length_184786_cov_38.239929	99.93		True
CONTIG	NODE_3_length_184786_cov_38.239929	184786	correct
676731	824045	149	147464	NC_002945.4	NODE_4_length_160921_cov_37.314545	99.99		True
local misassembly
824601	838057	147465	160921	NC_002945.4	NODE_4_length_160921_cov_37.314545	99.98		True
CONTIG	NODE_4_length_160921_cov_37.314545	160921	correct
150161	306669	16	156497	NC_002945.4	NODE_5_length_156625_cov_38.331116	99.97		True
CONTIG	NODE_5_length_156625_cov_38.331116	156625	correct
30083	103918	73849	1	NC_002945.4	NODE_6_length_151372_cov_38.242289	99.96		True
local misassembly
1	29469	103319	73851	NC_002945.4	NODE_6_length_151372_cov_38.242289	99.99		True
fake: not a misassembly [linear representation of circular genome]
4301851	4349904	151372	103320	NC_002945.4	NODE_6_length_151372_cov_38.242289	99.99		True
CONTIG	NODE_6_length_151372_cov_38.242289	151372	correct
1638907	1769053	130238	93	NC_002945.4	NODE_7_length_130389_cov_40.171193	99.99		True
CONTIG	NODE_7_length_130389_cov_40.171193	130389	correct
970137	1009472	1	39335	NC_002945.4	NODE_8_length_119657_cov_37.875889	99.98		True
relocation, inconsistency = 1457
1010930	1091248	39336	119657	NC_002945.4	NODE_8_length_119657_cov_37.875889	99.99		True
CONTIG	NODE_8_length_119657_cov_37.875889	119657	misassembled
3297493	3338080	40757	1	NC_002945.4	NODE_9_length_119031_cov_38.280041	99.82		True
indel: stretch of mismatches
3219368	3297478	118939	40772	NC_002945.4	NODE_9_length_119031_cov_38.280041	99.92		True
CONTIG	NODE_9_length_119031_cov_38.280041	119031	correct
1869401	1985602	115823	88	NC_002945.4	NODE_10_length_115823_cov_37.404863	99.58		True
CONTIG	NODE_10_length_115823_cov_37.404863	115823	correct
3015608	3124575	5	108336	NC_002945.4	NODE_11_length_108336_cov_36.960992	99.19		True
CONTIG	NODE_11_length_108336_cov_36.960992	108336	correct
4035929	4141969	27	105953	NC_002945.4	NODE_12_length_105953_cov_35.848856	99.87		True
CONTIG	NODE_12_length_105953_cov_35.848856	105953	correct
3343594	3442410	1	98885	NC_002945.4	NODE_13_length_98885_cov_39.525051	99.92		True
CONTIG	NODE_13_length_98885_cov_39.525051	98885	correct
2056991	2140714	83712	16	NC_002945.4	NODE_14_length_83724_cov_38.833391	99.95		True
CONTIG	NODE_14_length_83724_cov_38.833391	83724	correct
3897145	3979419	82266	1	NC_002945.4	NODE_15_length_82266_cov_37.444271	99.98		True
CONTIG	NODE_15_length_82266_cov_37.444271	82266	correct
1491919	1573711	81957	165	NC_002945.4	NODE_16_length_81957_cov_39.071441	99.93		True
CONTIG	NODE_16_length_81957_cov_39.071441	81957	correct
2693912	2773105	79356	164	NC_002945.4	NODE_17_length_79356_cov_37.262177	99.99		True
CONTIG	NODE_17_length_79356_cov_37.262177	79356	correct
1779460	1853464	74148	144	NC_002945.4	NODE_18_length_74148_cov_37.600262	99.99		True
CONTIG	NODE_18_length_74148_cov_37.600262	74148	correct
1092440	1094419	1	1980	NC_002945.4	NODE_19_length_70636_cov_37.645223	99.92		True
relocation, inconsistency = 2041
1096461	1165170	1981	70636	NC_002945.4	NODE_19_length_70636_cov_37.645223	99.83		True
CONTIG	NODE_19_length_70636_cov_37.645223	70636	misassembled
3124763	3193870	8	69061	NC_002945.4	NODE_20_length_69061_cov_37.514492	99.9		True
CONTIG	NODE_20_length_69061_cov_37.514492	69061	correct
4194926	4259153	1	64228	NC_002945.4	NODE_21_length_64228_cov_40.311150	99.99		True
CONTIG	NODE_21_length_64228_cov_40.311150	64228	correct
2852111	2916058	3	63950	NC_002945.4	NODE_22_length_64211_cov_35.661569	99.98		True
CONTIG	NODE_22_length_64211_cov_35.661569	64211	correct
1280097	1343223	63189	1	NC_002945.4	NODE_23_length_63189_cov_39.965320	99.89		True
CONTIG	NODE_23_length_63189_cov_39.965320	63189	correct
1996339	1997001	1	663	NC_002945.4	NODE_24_length_59898_cov_37.616871	99.11		True
local misassembly
1997173	2056402	664	59893	NC_002945.4	NODE_24_length_59898_cov_37.616871	99.98		True
CONTIG	NODE_24_length_59898_cov_37.616871	59898	correct
2957039	3015743	58808	157	NC_002945.4	NODE_25_length_58808_cov_37.357577	99.9		True
CONTIG	NODE_25_length_58808_cov_37.357577	58808	correct
1219591	1278115	60	58584	NC_002945.4	NODE_26_length_58584_cov_37.592247	99.99		True
CONTIG	NODE_26_length_58584_cov_37.592247	58584	correct
3777400	3835785	1	58318	NC_002945.4	NODE_27_length_58318_cov_37.377515	99.87		True
CONTIG	NODE_27_length_58318_cov_37.377515	58318	correct
1413935	1470724	1	56733	NC_002945.4	NODE_28_length_56733_cov_38.844645	99.89		True
CONTIG	NODE_28_length_56733_cov_38.844645	56733	correct
4141989	4193715	1	51727	NC_002945.4	NODE_29_length_51727_cov_38.786298	99.99		True
CONTIG	NODE_29_length_51727_cov_38.786298	51727	correct
2801012	2852066	1	51055	NC_002945.4	NODE_30_length_51055_cov_37.065740	99.99		True
CONTIG	NODE_30_length_51055_cov_37.065740	51055	correct
3985069	4000742	46	15666	NC_002945.4	NODE_31_length_50589_cov_37.609112	99.66		True
local misassembly
4000854	4035776	15667	50589	NC_002945.4	NODE_31_length_50589_cov_37.609112	99.84		True
CONTIG	NODE_31_length_50589_cov_37.609112	50589	correct
1574049	1623832	49784	1	NC_002945.4	NODE_32_length_49784_cov_36.551322	99.98		True
CONTIG	NODE_32_length_49784_cov_36.551322	49784	correct
842706	891078	1	48373	NC_002945.4	NODE_33_length_48373_cov_37.128570	99.99		True
CONTIG	NODE_33_length_48373_cov_37.128570	48373	correct
625558	673220	47862	200	NC_002945.4	NODE_34_length_48240_cov_35.636689	99.99		True
CONTIG	NODE_34_length_48240_cov_35.636689	48240	correct
3445573	3488322	1	42750	NC_002945.4	NODE_35_length_42750_cov_38.998029	99.97		True
CONTIG	NODE_35_length_42750_cov_38.998029	42750	correct
1343879	1386496	42623	1	NC_002945.4	NODE_36_length_42623_cov_36.505036	99.98		True
CONTIG	NODE_36_length_42623_cov_36.505036	42623	correct
3836888	3878173	41278	1	NC_002945.4	NODE_37_length_41278_cov_37.668076	99.96		True
CONTIG	NODE_37_length_41278_cov_37.668076	41278	correct
930634	970022	4	39512	NC_002945.4	NODE_38_length_39512_cov_37.094909	99.68		True
CONTIG	NODE_38_length_39512_cov_37.094909	39512	correct
363863	401308	37446	1	NC_002945.4	NODE_39_length_37446_cov_36.694311	99.99		True
CONTIG	NODE_39_length_37446_cov_36.694311	37446	correct
2246369	2283745	37379	1	NC_002945.4	NODE_40_length_37379_cov_40.561339	99.95		True
CONTIG	NODE_40_length_37379_cov_40.561339	37379	correct
2409196	2422776	13581	1	NC_002945.4	NODE_41_length_35518_cov_33.287050	99.98		True
local misassembly
2386668	2408604	35518	13582	NC_002945.4	NODE_41_length_35518_cov_33.287050	100.0		True
CONTIG	NODE_41_length_35518_cov_33.287050	35518	correct
2210167	2245161	34995	1	NC_002945.4	NODE_42_length_35210_cov_42.931676	99.99		True
CONTIG	NODE_42_length_35210_cov_42.931676	35210	correct
4259930	4293950	1	34019	NC_002945.4	NODE_43_length_34411_cov_37.447293	99.98		True
relocation, inconsistency = -314290
3979711	3980052	34070	34411	NC_002945.4	NODE_43_length_34411_cov_37.447293	98.54		True
CONTIG	NODE_43_length_34411_cov_37.447293	34411	misassembled
3737665	3758619	20955	1	NC_002945.4	NODE_44_length_33440_cov_37.705220	100.0		True
local misassembly
3724970	3737454	33440	20956	NC_002945.4	NODE_44_length_33440_cov_37.705220	99.98		True
CONTIG	NODE_44_length_33440_cov_37.705220	33440	correct
2294650	2325829	1	31137	NC_002945.4	NODE_45_length_31137_cov_35.252789	99.86		True
CONTIG	NODE_45_length_31137_cov_35.252789	31137	correct
2161798	2192094	30298	1	NC_002945.4	NODE_46_length_30298_cov_38.981704	99.99		True
CONTIG	NODE_46_length_30298_cov_38.981704	30298	correct
2343793	2372175	1	28383	NC_002945.4	NODE_47_length_28383_cov_36.164107	99.98		True
CONTIG	NODE_47_length_28383_cov_36.164107	28383	correct
2666110	2693421	27311	1	NC_002945.4	NODE_48_length_27330_cov_36.898541	99.97		True
CONTIG	NODE_48_length_27330_cov_36.898541	27330	correct
105040	132142	27254	152	NC_002945.4	NODE_49_length_27254_cov_36.819221	99.97		True
CONTIG	NODE_49_length_27254_cov_36.819221	27254	correct
332249	332772	534	11	NC_002945.4	NODE_50_length_26054_cov_36.779728	99.65		True
local misassembly
306754	332143	25924	535	NC_002945.4	NODE_50_length_26054_cov_36.779728	99.99		True
CONTIG	NODE_50_length_26054_cov_36.779728	26054	correct
3674358	3700271	1	25896	NC_002945.4	NODE_51_length_25941_cov_27.786782	99.93		True
CONTIG	NODE_51_length_25941_cov_27.786782	25941	correct
1387232	1412955	132	25855	NC_002945.4	NODE_52_length_25855_cov_36.623212	99.97		True
CONTIG	NODE_52_length_25855_cov_36.623212	25855	correct
338175	362849	260	24847	NC_002945.4	NODE_53_length_25048_cov_32.161069	99.6		True
CONTIG	NODE_53_length_25048_cov_32.161069	25048	correct
2423267	2444953	1	21687	NC_002945.4	NODE_54_length_21687_cov_39.583256	99.99		True
CONTIG	NODE_54_length_21687_cov_39.583256	21687	correct
1490961	1491514	554	1	NC_002945.4	NODE_55_length_19368_cov_41.003898	99.82		True
local misassembly
1471935	1490747	19368	555	NC_002945.4	NODE_55_length_19368_cov_41.003898	99.98		True
CONTIG	NODE_55_length_19368_cov_41.003898	19368	correct
1171083	1189879	1	18797	NC_002945.4	NODE_56_length_18870_cov_36.848317	99.97		True
CONTIG	NODE_56_length_18870_cov_36.848317	18870	correct
3759778	3777383	17608	1	NC_002945.4	NODE_57_length_17617_cov_34.493539	99.97		True
CONTIG	NODE_57_length_17617_cov_34.493539	17617	correct
2140805	2158365	17561	1	NC_002945.4	NODE_58_length_17561_cov_41.019674	99.97		True
CONTIG	NODE_58_length_17561_cov_41.019674	17561	correct
2326314	2343726	1	17413	NC_002945.4	NODE_59_length_17413_cov_35.092156	99.98		True
CONTIG	NODE_59_length_17413_cov_35.092156	17413	correct
132765	149931	17167	1	NC_002945.4	NODE_60_length_17344_cov_41.894813	99.97		True
CONTIG	NODE_60_length_17344_cov_41.894813	17344	correct
892165	909508	17344	1	NC_002945.4	NODE_61_length_17344_cov_39.851484	99.99		True
CONTIG	NODE_61_length_17344_cov_39.851484	17344	correct
2192982	2210090	17281	173	NC_002945.4	NODE_62_length_17281_cov_44.250612	99.94		True
CONTIG	NODE_62_length_17281_cov_44.250612	17281	correct
2776965	2793835	16871	1	NC_002945.4	NODE_63_length_17042_cov_39.824180	100.0		True
CONTIG	NODE_63_length_17042_cov_39.824180	17042	correct
910050	926327	1	16278	NC_002945.4	NODE_64_length_16278_cov_39.825398	99.99		True
CONTIG	NODE_64_length_16278_cov_39.825398	16278	correct
3193780	3209296	1	15517	NC_002945.4	NODE_65_length_15517_cov_39.662638	100.0		True
CONTIG	NODE_65_length_15517_cov_39.662638	15517	correct
609085	624364	1	15280	NC_002945.4	NODE_66_length_15429_cov_36.215397	99.99		True
CONTIG	NODE_66_length_15429_cov_36.215397	15429	correct
2916851	2932152	1	15302	NC_002945.4	NODE_67_length_15340_cov_42.025505	99.96		True
CONTIG	NODE_67_length_15340_cov_42.025505	15340	correct
1854219	1869272	154	15207	NC_002945.4	NODE_68_length_15207_cov_27.317374	99.99		True
CONTIG	NODE_68_length_15207_cov_27.317374	15207	correct
1190378	1204720	14377	35	NC_002945.4	NODE_69_length_14377_cov_36.344842	99.97		True
CONTIG	NODE_69_length_14377_cov_36.344842	14377	correct
2372750	2386761	14012	1	NC_002945.4	NODE_70_length_14249_cov_37.617335	99.98		True
CONTIG	NODE_70_length_14249_cov_37.617335	14249	correct
3712180	3724765	12586	1	NC_002945.4	NODE_71_length_12586_cov_26.890842	99.96		True
CONTIG	NODE_71_length_12586_cov_26.890842	12586	correct
2944619	2957076	12458	1	NC_002945.4	NODE_72_length_12458_cov_37.282378	99.98		True
CONTIG	NODE_72_length_12458_cov_37.282378	12458	correct
3700330	3711403	17	11090	NC_002945.4	NODE_73_length_11090_cov_25.883609	100.0		True
CONTIG	NODE_73_length_11090_cov_25.883609	11090	correct
2933884	2943963	10080	1	NC_002945.4	NODE_74_length_10281_cov_37.342525	99.99		True
CONTIG	NODE_74_length_10281_cov_37.342525	10281	correct
3881904	3882154	182	432	NC_002945.4	NODE_75_length_10090_cov_13.595604	98.8		True
local misassembly
3882139	3884027	585	2521	NC_002945.4	NODE_75_length_10090_cov_13.595604	97.69		True
local misassembly
3884643	3890278	2522	8166	NC_002945.4	NODE_75_length_10090_cov_13.595604	99.79		True
local misassembly
3890969	3892844	8167	10042	NC_002945.4	NODE_75_length_10090_cov_13.595604	99.25		True
CONTIG	NODE_75_length_10090_cov_13.595604	10090	correct
3209297	3219347	1	10051	NC_002945.4	NODE_76_length_10051_cov_35.729948	100.0		True
CONTIG	NODE_76_length_10051_cov_35.729948	10051	correct
1623859	1631609	1	7751	NC_002945.4	NODE_77_length_9197_cov_32.321169	99.97		True
local misassembly
1631733	1633194	7752	9165	NC_002945.4	NODE_77_length_9197_cov_32.321169	96.69		True
CONTIG	NODE_77_length_9197_cov_32.321169	9197	correct
1204744	1213474	1	8731	NC_002945.4	NODE_78_length_8908_cov_33.727708	99.98		True
CONTIG	NODE_78_length_8908_cov_33.727708	8908	correct
402605	411436	8865	34	NC_002945.4	NODE_79_length_8865_cov_33.658045	99.98		True
CONTIG	NODE_79_length_8865_cov_33.658045	8865	correct
4294092	4294231	1	140	NC_002945.4	NODE_80_length_7459_cov_33.289553	100.0		True
local misassembly
4294631	4301851	141	7361	NC_002945.4	NODE_80_length_7459_cov_33.289553	99.99		True
CONTIG	NODE_80_length_7459_cov_33.289553	7459	correct
2446156	2453611	1	7456	NC_002945.4	NODE_81_length_7456_cov_38.085414	100.0		True
CONTIG	NODE_81_length_7456_cov_38.085414	7456	correct
1213880	1214774	126	1020	NC_002945.4	NODE_82_length_6575_cov_22.867246	99.78		True
local misassembly
1214750	1218923	1140	5313	NC_002945.4	NODE_82_length_6575_cov_22.867246	99.86		True
relocation, inconsistency = 876911
336693	337838	6459	5314	NC_002945.4	NODE_82_length_6575_cov_22.867246	100.0		True
CONTIG	NODE_82_length_6575_cov_22.867246	6575	misassembled
2793921	2799828	5908	1	NC_002945.4	NODE_83_length_5995_cov_34.637526	99.98		True
CONTIG	NODE_83_length_5995_cov_34.637526	5995	correct
1987009	1992127	1	5120	NC_002945.4	NODE_84_length_5120_cov_37.408772	99.96		True
CONTIG	NODE_84_length_5120_cov_37.408772	5120	correct
3980085	3984520	4720	285	NC_002945.4	NODE_85_length_4720_cov_30.348792	99.98		True
CONTIG	NODE_85_length_4720_cov_30.348792	4720	correct
1165899	1169900	4002	1	NC_002945.4	NODE_86_length_4002_cov_44.803871	99.98		True
CONTIG	NODE_86_length_4002_cov_44.803871	4002	correct
3878346	3881510	59	3223	NC_002945.4	NODE_87_length_3223_cov_10.177326	100.0		True
CONTIG	NODE_87_length_3223_cov_10.177326	3223	correct
2284620	2287647	3028	1	NC_002945.4	NODE_88_length_3028_cov_26.164426	99.77		True
CONTIG	NODE_88_length_3028_cov_26.164426	3028	correct
2290710	2293716	1	3007	NC_002945.4	NODE_89_length_3007_cov_24.360764	100.0		True
CONTIG	NODE_89_length_3007_cov_24.360764	3007	correct
1993335	1995974	2813	174	NC_002945.4	NODE_90_length_2813_cov_43.359270	100.0		True
CONTIG	NODE_90_length_2813_cov_43.359270	2813	correct
2158914	2160444	2345	815	NC_002945.4	NODE_91_length_2811_cov_41.483234	95.49		True
fake: scaffold gap size wrong estimation (local)
2158479	2158913	2811	2377	NC_002945.4	NODE_91_length_2811_cov_41.483234	100.0		True
CONTIG	NODE_91_length_2811_cov_41.483234	2811	correct
1635657	1637301	1747	103	NC_002945.4	NODE_92_length_1747_cov_30.524691	99.94		True
CONTIG	NODE_92_length_1747_cov_30.524691	1747	correct
674753	676294	1698	157	NC_002945.4	NODE_93_length_1714_cov_3.173283	99.68		True
CONTIG	NODE_93_length_1714_cov_3.173283	1714	correct
928970	929768	799	1	NC_002945.4	NODE_94_length_1596_cov_10.914908	100.0		True
local misassembly
928422	928975	1500	938	NC_002945.4	NODE_94_length_1596_cov_10.914908	98.4		True
CONTIG	NODE_94_length_1596_cov_10.914908	1596	correct
1637358	1638240	230	1112	NC_002945.4	NODE_95_length_1551_cov_2.828652	100.0		True
local misassembly
1638385	1638791	1113	1519	NC_002945.4	NODE_95_length_1551_cov_2.828652	99.76		True
CONTIG	NODE_95_length_1551_cov_2.828652	1551	correct
607662	609211	1550	1	NC_002945.4	NODE_96_length_1550_cov_61.054111	99.94		True
CONTIG	NODE_96_length_1550_cov_61.054111	1550	correct
4193589	4195052	1	1464	NC_002945.4	NODE_97_length_1464_cov_88.702319	100.0		True
CONTIG	NODE_97_length_1464_cov_88.702319	1464	correct
1992001	1993461	1461	1	NC_002945.4	NODE_98_length_1461_cov_49.900300	100.0		True
CONTIG	NODE_98_length_1461_cov_49.900300	1461	correct
3443593	3445031	1439	1	NC_002945.4	NODE_99_length_1439_cov_52.495427	100.0		True
CONTIG	NODE_99_length_1439_cov_52.495427	1439	correct
1094890	1096302	1435	23	NC_002945.4	NODE_100_length_1435_cov_33.452599	99.36		True
CONTIG	NODE_100_length_1435_cov_33.452599	1435	correct
2774209	2775597	14	1402	NC_002945.4	NODE_101_length_1402_cov_6.187451	100.0		True
CONTIG	NODE_101_length_1402_cov_6.187451	1402	correct
890952	892291	1	1340	NC_002945.4	NODE_102_length_1340_cov_74.918384	100.0		True
CONTIG	NODE_102_length_1340_cov_74.918384	1340	correct
3339137	3340461	1325	1	NC_002945.4	NODE_103_length_1325_cov_36.435726	100.0		True
CONTIG	NODE_103_length_1325_cov_36.435726	1325	correct
3835659	3836979	1	1321	NC_002945.4	NODE_104_length_1321_cov_74.192630	99.77		True
CONTIG	NODE_104_length_1321_cov_74.192630	1321	correct
2288581	2289835	1255	1	NC_002945.4	NODE_105_length_1255_cov_35.780142	100.0		True
CONTIG	NODE_105_length_1255_cov_35.780142	1255	correct
839600	840840	1	1241	NC_002945.4	NODE_106_length_1241_cov_11.754937	100.0		True
CONTIG	NODE_106_length_1241_cov_11.754937	1241	correct
2287521	2288707	1	1187	NC_002945.4	NODE_107_length_1187_cov_28.274528	100.0		True
CONTIG	NODE_107_length_1187_cov_28.274528	1187	correct
1277989	1279129	1	1141	NC_002945.4	NODE_108_length_1141_cov_80.413215	100.0		True
CONTIG	NODE_108_length_1141_cov_80.413215	1141	correct
2444936	2446015	1	1080	NC_002945.4	NODE_109_length_1134_cov_33.652433	100.0		True
CONTIG	NODE_109_length_1134_cov_33.652433	1134	correct
2289709	2290836	1128	1	NC_002945.4	NODE_110_length_1128_cov_62.322677	99.91		True
CONTIG	NODE_110_length_1128_cov_62.322677	1128	correct
3711277	3712306	1	1030	NC_002945.4	NODE_111_length_1030_cov_76.971207	100.0		True
CONTIG	NODE_111_length_1030_cov_76.971207	1030	correct
362827	363814	1	988	NC_002945.4	NODE_112_length_988_cov_2.849013	100.0		True
CONTIG	NODE_112_length_988_cov_2.849013	988	correct
1165044	1166025	1	982	NC_002945.4	NODE_113_length_982_cov_71.219883	100.0		True
CONTIG	NODE_113_length_982_cov_71.219883	982	correct
2932112	2932847	192	926	NC_002945.4	NODE_114_length_926_cov_0.799750	99.59		True
CONTIG	NODE_114_length_926_cov_0.799750	926	correct
2943837	2944745	909	1	NC_002945.4	NODE_115_length_909_cov_241.415601	100.0		True
CONTIG	NODE_115_length_909_cov_241.415601	909	correct
929789	930507	744	26	NC_002945.4	NODE_116_length_900_cov_3.880983	100.0		True
CONTIG	NODE_116_length_900_cov_3.880983	900	correct
3341521	3342410	890	1	NC_002945.4	NODE_117_length_890_cov_20.613368	100.0		True
CONTIG	NODE_117_length_890_cov_20.613368	890	correct
332925	333388	181	644	NC_002945.4	NODE_118_length_859_cov_1.571038	99.78		True
CONTIG	NODE_118_length_859_cov_1.571038	859	correct
335765	336451	687	1	NC_002945.4	NODE_119_length_798_cov_5.612519	100.0		True
CONTIG	NODE_119_length_798_cov_5.612519	798	correct
3444905	3445699	1	795	NC_002945.4	NODE_120_length_795_cov_97.062874	100.0		True
CONTIG	NODE_120_length_795_cov_97.062874	795	correct
132213	132579	561	195	NC_002945.4	NODE_121_length_745_cov_1.328479	99.73		True
CONTIG	NODE_121_length_745_cov_1.328479	745	correct
2422650	2423393	744	1	NC_002945.4	NODE_122_length_744_cov_73.573744	100.0		True
CONTIG	NODE_122_length_744_cov_73.573744	744	correct
1091336	1092045	1	710	NC_002945.4	NODE_123_length_710_cov_1.506003	99.15		True
CONTIG	NODE_123_length_710_cov_1.506003	710	correct
1986056	1986525	190	659	NC_002945.4	NODE_124_length_659_cov_1.753759	100.0		True
CONTIG	NODE_124_length_659_cov_1.753759	659	correct
3892723	3893131	586	178	NC_002945.4	NODE_125_length_652_cov_0.761905	99.27		True
CONTIG	NODE_125_length_652_cov_0.761905	652	correct
2773522	2774151	13	642	NC_002945.4	NODE_126_length_642_cov_4.114563	100.0		True
CONTIG	NODE_126_length_642_cov_4.114563	642	correct
CONTIG	NODE_127_length_637_cov_0.486275	637	unaligned
3340552	3341186	635	1	NC_002945.4	NODE_128_length_635_cov_28.196850	100.0		True
CONTIG	NODE_128_length_635_cov_28.196850	635	correct
3338171	3338802	1	632	NC_002945.4	NODE_129_length_632_cov_44.102970	99.84		True
CONTIG	NODE_129_length_632_cov_44.102970	632	correct
674117	674676	66	626	NC_002945.4	NODE_130_length_629_cov_3.025896	98.93		True
CONTIG	NODE_130_length_629_cov_3.025896	629	correct
CONTIG	NODE_131_length_616_cov_0.617587	616	unaligned
3341060	3341647	588	1	NC_002945.4	NODE_132_length_588_cov_61.034707	100.0		True
CONTIG	NODE_132_length_588_cov_61.034707	588	correct
673774	674074	329	29	NC_002945.4	NODE_133_length_576_cov_1.654788	99.67		True
indel: indel (> 5bp)
673482	673728	576	330	NC_002945.4	NODE_133_length_576_cov_1.654788	100.0		True
CONTIG	NODE_133_length_576_cov_1.654788	576	correct
CONTIG	NODE_134_length_543_cov_0.728365	543	unaligned
CONTIG	NODE_135_length_535_cov_0.901961	535	unaligned
3895931	3896328	1	398	NC_002945.4	NODE_136_length_522_cov_2.220253	100.0		True
CONTIG	NODE_136_length_522_cov_2.220253	522	correct
