S1	E1	S2	E2	Reference	Contig	IDY	Ambiguous	Best_group
2453640	2665699	47	212158	NC_002945.4	NODE_1_length_233631_cov_70.420862	99.96		True
relocation, inconsistency = 1261379
1190092	1192260	214327	212159	NC_002945.4	NODE_1_length_233631_cov_70.420862	99.95		True
local misassembly
1170557	1189860	233631	214328	NC_002945.4	NODE_1_length_233631_cov_70.420862	99.99		True
CONTIG	NODE_1_length_233631_cov_70.420862	233631	misassembled
3445573	3673271	227591	1	NC_002945.4	NODE_2_length_227591_cov_72.997516	99.93		True
CONTIG	NODE_2_length_227591_cov_72.997516	227591	correct
1779460	1985646	205725	5	NC_002945.4	NODE_3_length_205725_cov_71.315061	99.76		True
CONTIG	NODE_3_length_205725_cov_71.315061	205725	correct
402605	581801	1	179082	NC_002945.4	NODE_4_length_179082_cov_70.302115	99.92		True
CONTIG	NODE_4_length_179082_cov_70.302115	179082	correct
2957039	3124689	1	167115	NC_002945.4	NODE_5_length_167311_cov_70.027401	99.44		True
CONTIG	NODE_5_length_167311_cov_70.027401	167311	correct
676492	824045	1	147555	NC_002945.4	NODE_6_length_161047_cov_72.745830	99.99		True
local misassembly
824601	837919	147556	160874	NC_002945.4	NODE_6_length_161047_cov_72.745830	99.98		True
CONTIG	NODE_6_length_161047_cov_72.745830	161047	correct
4035867	4193715	157735	1	NC_002945.4	NODE_7_length_157856_cov_73.598489	99.92		True
CONTIG	NODE_7_length_157856_cov_73.598489	157856	correct
150064	306681	156621	31	NC_002945.4	NODE_8_length_156717_cov_69.829248	99.97		True
CONTIG	NODE_8_length_156717_cov_69.829248	156717	correct
4301859	4349904	60	48104	NC_002945.4	NODE_9_length_151264_cov_71.468959	99.99		True
fake: not a misassembly [linear representation of circular genome]
1	29469	48105	77573	NC_002945.4	NODE_9_length_151264_cov_71.468959	99.99		True
local misassembly
30083	55519	77575	103011	NC_002945.4	NODE_9_length_151264_cov_71.468959	99.98		True
local misassembly
55676	103918	103012	151264	NC_002945.4	NODE_9_length_151264_cov_71.468959	99.96		True
CONTIG	NODE_9_length_151264_cov_71.468959	151264	correct
1635657	1638224	1	2619	NC_002945.4	NODE_10_length_133395_cov_69.654741	98.06		True
local misassembly
1638369	1769053	2620	133303	NC_002945.4	NODE_10_length_133395_cov_69.654741	99.99		True
CONTIG	NODE_10_length_133395_cov_69.654741	133395	correct
3297521	3338802	41451	1	NC_002945.4	NODE_11_length_129716_cov_69.359699	99.81		True
indel: stretch of mismatches
3209311	3297520	129664	41452	NC_002945.4	NODE_11_length_129716_cov_69.359699	99.87		True
CONTIG	NODE_11_length_129716_cov_69.359699	129716	correct
970273	1009472	159	39357	NC_002945.4	NODE_12_length_120766_cov_70.484603	99.97		True
relocation, inconsistency = 1457
1010930	1092133	39358	120564	NC_002945.4	NODE_12_length_120766_cov_70.484603	99.99		True
CONTIG	NODE_12_length_120766_cov_70.484603	120766	misassembled
3343594	3442410	1	98885	NC_002945.4	NODE_13_length_98885_cov_71.543409	99.92		True
CONTIG	NODE_13_length_98885_cov_71.543409	98885	correct
2056492	2056887	37	432	NC_002945.4	NODE_14_length_84299_cov_68.872559	100.0		True
local misassembly
2057038	2083604	433	26999	NC_002945.4	NODE_14_length_84299_cov_68.872559	99.98		True
local misassembly
2083596	2140638	27138	84180	NC_002945.4	NODE_14_length_84299_cov_68.872559	99.99		True
CONTIG	NODE_14_length_84299_cov_68.872559	84299	correct
3898832	3979606	1	80775	NC_002945.4	NODE_15_length_80897_cov_74.157992	99.99		True
CONTIG	NODE_15_length_80897_cov_74.157992	80897	correct
2693912	2773149	79321	85	NC_002945.4	NODE_16_length_79321_cov_67.996288	99.99		True
CONTIG	NODE_16_length_79321_cov_67.996288	79321	correct
3758955	3835785	76863	1	NC_002945.4	NODE_17_length_76984_cov_75.363194	99.89		True
CONTIG	NODE_17_length_76984_cov_75.363194	76984	correct
3124761	3193870	69056	1	NC_002945.4	NODE_18_length_69200_cov_73.615016	99.91		True
CONTIG	NODE_18_length_69200_cov_73.615016	69200	correct
1096985	1165170	1	68175	NC_002945.4	NODE_19_length_68175_cov_71.797628	99.97		True
CONTIG	NODE_19_length_68175_cov_71.797628	68175	correct
841553	891078	49478	1	NC_002945.4	NODE_20_length_64786_cov_71.147744	99.88		True
relocation, inconsistency = 217160
609085	624392	64786	49479	NC_002945.4	NODE_20_length_64786_cov_71.147744	99.98		True
CONTIG	NODE_20_length_64786_cov_71.147744	64786	misassembled
336601	401308	64696	1	NC_002945.4	NODE_21_length_64696_cov_68.632037	99.73		True
CONTIG	NODE_21_length_64696_cov_68.632037	64696	correct
2852100	2916393	1	64293	NC_002945.4	NODE_22_length_64293_cov_73.446311	99.98		True
CONTIG	NODE_22_length_64293_cov_73.446311	64293	correct
4194926	4259153	1	64228	NC_002945.4	NODE_23_length_64228_cov_68.577994	99.99		True
CONTIG	NODE_23_length_64228_cov_68.577994	64228	correct
1491995	1535110	43116	1	NC_002945.4	NODE_24_length_62805_cov_67.723396	99.98		True
local misassembly
1490961	1491835	43991	43117	NC_002945.4	NODE_24_length_62805_cov_67.723396	100.0		True
local misassembly
1471935	1490747	62805	43992	NC_002945.4	NODE_24_length_62805_cov_67.723396	99.98		True
CONTIG	NODE_24_length_62805_cov_67.723396	62805	correct
1280097	1340762	1	60728	NC_002945.4	NODE_25_length_60728_cov_73.048580	99.89		True
CONTIG	NODE_25_length_60728_cov_73.048580	60728	correct
1996146	2056268	9	60131	NC_002945.4	NODE_26_length_60310_cov_66.498712	99.98		True
CONTIG	NODE_26_length_60310_cov_66.498712	60310	correct
1219069	1278412	46	59389	NC_002945.4	NODE_27_length_59389_cov_72.731582	99.99		True
CONTIG	NODE_27_length_59389_cov_72.731582	59389	correct
929667	969705	40279	1	NC_002945.4	NODE_28_length_58165_cov_71.211206	99.38		True
inversion
928005	928975	40280	41259	NC_002945.4	NODE_28_length_58165_cov_71.211206	99.09		True
local misassembly
928970	929583	41398	42011	NC_002945.4	NODE_28_length_58165_cov_71.211206	100.0		True
relocation, inconsistency = 2766
910050	926203	58165	42012	NC_002945.4	NODE_28_length_58165_cov_71.211206	99.98		True
CONTIG	NODE_28_length_58165_cov_71.211206	58165	misassembled
1413935	1470724	1	56733	NC_002945.4	NODE_29_length_56733_cov_68.430184	99.89		True
CONTIG	NODE_29_length_56733_cov_68.430184	56733	correct
2192685	2246052	53473	106	NC_002945.4	NODE_30_length_53473_cov_66.646946	99.99		True
CONTIG	NODE_30_length_53473_cov_66.646946	53473	correct
3984626	4000631	205	16210	NC_002945.4	NODE_31_length_51246_cov_74.945676	100.0		True
fake: scaffold gap size wrong estimation (local)
4000854	4035788	16311	51245	NC_002945.4	NODE_31_length_51246_cov_74.945676	99.98		True
CONTIG	NODE_31_length_51246_cov_74.945676	51246	correct
2801012	2852095	1	51084	NC_002945.4	NODE_32_length_51084_cov_76.248543	99.9		True
CONTIG	NODE_32_length_51084_cov_76.248543	51084	correct
1574041	1623832	49792	1	NC_002945.4	NODE_33_length_49792_cov_76.337803	99.98		True
CONTIG	NODE_33_length_49792_cov_76.337803	49792	correct
625931	673489	47559	1	NC_002945.4	NODE_34_length_47559_cov_78.825434	99.99		True
CONTIG	NODE_34_length_47559_cov_78.825434	47559	correct
2326315	2372325	46119	109	NC_002945.4	NODE_35_length_46242_cov_69.956262	99.99		True
CONTIG	NODE_35_length_46242_cov_69.956262	46242	correct
3836888	3878174	41429	151	NC_002945.4	NODE_36_length_41429_cov_70.519224	99.96		True
CONTIG	NODE_36_length_41429_cov_70.519224	41429	correct
1343879	1384160	40287	1	NC_002945.4	NODE_37_length_40287_cov_73.381175	99.99		True
CONTIG	NODE_37_length_40287_cov_73.381175	40287	correct
1535942	1573904	1	37963	NC_002945.4	NODE_38_length_38164_cov_69.586744	99.99		True
CONTIG	NODE_38_length_38164_cov_69.586744	38164	correct
2246083	2283745	37665	1	NC_002945.4	NODE_39_length_37785_cov_66.020368	99.95		True
CONTIG	NODE_39_length_37785_cov_66.020368	37785	correct
3674358	3711403	1	37028	NC_002945.4	NODE_40_length_37028_cov_58.797404	99.95		True
CONTIG	NODE_40_length_37028_cov_58.797404	37028	correct
2386668	2408463	1	21796	NC_002945.4	NODE_41_length_35410_cov_72.896012	100.0		True
local misassembly
2409163	2422776	21797	35410	NC_002945.4	NODE_41_length_35410_cov_72.896012	99.98		True
CONTIG	NODE_41_length_35410_cov_72.896012	35410	correct
4259930	4293858	34043	117	NC_002945.4	NODE_42_length_34043_cov_62.368233	99.98		True
CONTIG	NODE_42_length_34043_cov_62.368233	34043	correct
3737665	3758930	21266	1	NC_002945.4	NODE_43_length_33875_cov_75.183033	100.0		True
local misassembly
3724846	3737454	33875	21267	NC_002945.4	NODE_43_length_33875_cov_75.183033	99.98		True
CONTIG	NODE_43_length_33875_cov_75.183033	33875	correct
2161798	2192094	1	30298	NC_002945.4	NODE_44_length_30298_cov_65.365517	99.99		True
CONTIG	NODE_44_length_30298_cov_65.365517	30298	correct
2294650	2324479	1	29830	NC_002945.4	NODE_45_length_29830_cov_79.320978	99.99		True
CONTIG	NODE_45_length_29830_cov_79.320978	29830	correct
2665954	2693421	27467	1	NC_002945.4	NODE_46_length_27507_cov_72.757743	99.99		True
CONTIG	NODE_46_length_27507_cov_72.757743	27507	correct
105040	131888	1	26849	NC_002945.4	NODE_47_length_27008_cov_70.739853	99.98		True
CONTIG	NODE_47_length_27008_cov_70.739853	27008	correct
306737	333298	57	26513	NC_002945.4	NODE_48_length_26768_cov_75.626290	99.59		True
indel: stretch of mismatches
333299	333422	26514	26637	NC_002945.4	NODE_48_length_26768_cov_75.626290	99.76		True
CONTIG	NODE_48_length_26768_cov_75.626290	26768	correct
1387005	1412955	169	26119	NC_002945.4	NODE_49_length_26119_cov_69.541013	99.98		True
CONTIG	NODE_49_length_26119_cov_69.541013	26119	correct
581820	607788	1	25969	NC_002945.4	NODE_50_length_25969_cov_70.192980	99.99		True
CONTIG	NODE_50_length_25969_cov_70.192980	25969	correct
2776932	2799828	22897	1	NC_002945.4	NODE_51_length_23037_cov_73.702794	100.0		True
CONTIG	NODE_51_length_23037_cov_73.702794	23037	correct
2423267	2444953	21687	1	NC_002945.4	NODE_52_length_21687_cov_69.094249	99.99		True
CONTIG	NODE_52_length_21687_cov_69.094249	21687	correct
1193002	1213846	21196	463	NC_002945.4	NODE_53_length_21196_cov_77.361147	99.44		True
CONTIG	NODE_53_length_21196_cov_77.361147	21196	correct
2140788	2158516	62	17790	NC_002945.4	NODE_54_length_20425_cov_60.303675	99.96		True
local misassembly
2158655	2158913	17791	18049	NC_002945.4	NODE_54_length_20425_cov_60.303675	100.0		True
fake: scaffold gap size wrong estimation (local)
2158914	2160444	18081	19611	NC_002945.4	NODE_54_length_20425_cov_60.303675	95.49		True
CONTIG	NODE_54_length_20425_cov_60.303675	20425	correct
132003	149846	18005	162	NC_002945.4	NODE_55_length_18127_cov_73.016556	99.96		True
CONTIG	NODE_55_length_18127_cov_73.016556	18127	correct
892165	909508	17344	1	NC_002945.4	NODE_56_length_17344_cov_74.976477	99.99		True
CONTIG	NODE_56_length_17344_cov_74.976477	17344	correct
2916851	2932881	16167	137	NC_002945.4	NODE_57_length_16167_cov_71.614401	99.97		True
CONTIG	NODE_57_length_16167_cov_71.614401	16167	correct
3193780	3209041	15362	1	NC_002945.4	NODE_58_length_15362_cov_65.094519	99.99		True
CONTIG	NODE_58_length_15362_cov_65.094519	15362	correct
2372408	2386761	1	14354	NC_002945.4	NODE_59_length_14354_cov_71.084066	99.98		True
CONTIG	NODE_59_length_14354_cov_71.084066	14354	correct
3712180	3724959	12780	1	NC_002945.4	NODE_60_length_12780_cov_53.014542	99.96		True
CONTIG	NODE_60_length_12780_cov_53.014542	12780	correct
2944619	2957076	1	12458	NC_002945.4	NODE_61_length_12458_cov_75.860757	99.98		True
CONTIG	NODE_61_length_12458_cov_75.860757	12458	correct
2933703	2943963	10261	1	NC_002945.4	NODE_62_length_10261_cov_69.055457	99.99		True
CONTIG	NODE_62_length_10261_cov_69.055457	10261	correct
1623877	1633373	66	9505	NC_002945.4	NODE_63_length_9505_cov_85.242056	99.35		True
CONTIG	NODE_63_length_9505_cov_85.242056	9505	correct
2444936	2453582	8739	93	NC_002945.4	NODE_64_length_8739_cov_68.328960	100.0		True
CONTIG	NODE_64_length_8739_cov_68.328960	8739	correct
3882139	3890001	8002	1	NC_002945.4	NODE_65_length_8616_cov_70.172458	99.03		True
local misassembly
3881693	3882155	8616	8154	NC_002945.4	NODE_65_length_8616_cov_70.172458	100.0		True
CONTIG	NODE_65_length_8616_cov_70.172458	8616	correct
4294608	4301863	1	7256	NC_002945.4	NODE_66_length_7256_cov_70.670501	99.99		True
CONTIG	NODE_66_length_7256_cov_70.670501	7256	correct
1987009	1992127	1	5120	NC_002945.4	NODE_67_length_5120_cov_78.542760	99.98		True
CONTIG	NODE_67_length_5120_cov_78.542760	5120	correct
3980151	3984628	1	4478	NC_002945.4	NODE_68_length_4478_cov_79.578488	100.0		True
CONTIG	NODE_68_length_4478_cov_79.578488	4478	correct
1214750	1218356	3791	185	NC_002945.4	NODE_69_length_4314_cov_83.051349	100.0		True
local misassembly
1214521	1214774	4164	3911	NC_002945.4	NODE_69_length_4314_cov_83.051349	99.21		True
CONTIG	NODE_69_length_4314_cov_83.051349	4314	correct
1165899	1169900	4002	1	NC_002945.4	NODE_70_length_4002_cov_63.007226	99.98		True
CONTIG	NODE_70_length_4002_cov_63.007226	4002	correct
3890565	3894344	3780	1	NC_002945.4	NODE_71_length_3780_cov_28.024090	99.95		True
CONTIG	NODE_71_length_3780_cov_28.024090	3780	correct
3878168	3881588	10	3430	NC_002945.4	NODE_72_length_3433_cov_45.830006	99.85		True
CONTIG	NODE_72_length_3433_cov_45.830006	3433	correct
2284620	2287647	3028	1	NC_002945.4	NODE_73_length_3028_cov_64.239573	99.77		True
CONTIG	NODE_73_length_3028_cov_64.239573	3028	correct
2290710	2293716	3007	1	NC_002945.4	NODE_74_length_3007_cov_66.164583	100.0		True
CONTIG	NODE_74_length_3007_cov_66.164583	3007	correct
673538	676294	146	2902	NC_002945.4	NODE_75_length_2944_cov_13.244231	99.96		True
CONTIG	NODE_75_length_2944_cov_13.244231	2944	correct
1993335	1995899	2805	241	NC_002945.4	NODE_76_length_2805_cov_88.030993	100.0		True
CONTIG	NODE_76_length_2805_cov_88.030993	2805	correct
1384161	1386720	2560	1	NC_002945.4	NODE_77_length_2560_cov_62.246744	100.0		True
CONTIG	NODE_77_length_2560_cov_62.246744	2560	correct
1092527	1094668	2142	1	NC_002945.4	NODE_78_length_2262_cov_75.844028	100.0		True
relocation, inconsistency = 1559
1096228	1096347	2143	2262	NC_002945.4	NODE_78_length_2262_cov_75.844028	100.0		True
CONTIG	NODE_78_length_2262_cov_75.844028	2262	misassembled
2773458	2774140	175	857	NC_002945.4	NODE_79_length_2161_cov_20.014258	100.0		True
local misassembly
2774282	2775585	858	2161	NC_002945.4	NODE_79_length_2161_cov_20.014258	100.0		True
CONTIG	NODE_79_length_2161_cov_20.014258	2161	correct
839189	840715	32	1558	NC_002945.4	NODE_80_length_1850_cov_31.744631	99.93		True
CONTIG	NODE_80_length_1850_cov_31.744631	1850	correct
401182	402731	1550	1	NC_002945.4	NODE_81_length_1550_cov_121.159522	100.0		True
CONTIG	NODE_81_length_1550_cov_121.159522	1550	correct
334193	335546	1	1354	NC_002945.4	NODE_82_length_1469_cov_36.023100	99.63		True
CONTIG	NODE_82_length_1469_cov_36.023100	1469	correct
4193589	4195052	1464	1	NC_002945.4	NODE_83_length_1464_cov_151.394914	100.0		True
CONTIG	NODE_83_length_1464_cov_151.394914	1464	correct
1094890	1096347	1458	1	NC_002945.4	NODE_84_length_1458_cov_92.057100	100.0		True
CONTIG	NODE_84_length_1458_cov_92.057100	1458	correct
3443593	3445031	1439	1	NC_002945.4	NODE_85_length_1439_cov_67.903963	100.0		True
CONTIG	NODE_85_length_1439_cov_67.903963	1439	correct
2324533	2325795	119	1381	NC_002945.4	NODE_86_length_1434_cov_65.785769	100.0		True
CONTIG	NODE_86_length_1434_cov_65.785769	1434	correct
3897145	3898585	1	1432	NC_002945.4	NODE_87_length_1432_cov_66.545594	99.38		True
CONTIG	NODE_87_length_1432_cov_66.545594	1432	correct
335552	336646	1185	91	NC_002945.4	NODE_88_length_1395_cov_16.998423	99.91		True
CONTIG	NODE_88_length_1395_cov_16.998423	1395	correct
890952	892291	1340	1	NC_002945.4	NODE_89_length_1340_cov_134.323166	100.0		True
CONTIG	NODE_89_length_1340_cov_134.323166	1340	correct
3339137	3340461	1325	1	NC_002945.4	NODE_90_length_1325_cov_79.148581	100.0		True
CONTIG	NODE_90_length_1325_cov_79.148581	1325	correct
3835659	3836979	1321	1	NC_002945.4	NODE_91_length_1321_cov_162.545226	99.7		True
CONTIG	NODE_91_length_1321_cov_162.545226	1321	correct
2288581	2289835	1255	1	NC_002945.4	NODE_92_length_1255_cov_98.273936	100.0		True
CONTIG	NODE_92_length_1255_cov_98.273936	1255	correct
2287521	2288707	1	1187	NC_002945.4	NODE_93_length_1187_cov_73.802830	100.0		True
CONTIG	NODE_93_length_1187_cov_73.802830	1187	correct
2283619	2284746	1128	1	NC_002945.4	NODE_94_length_1128_cov_152.946054	99.91		True
CONTIG	NODE_94_length_1128_cov_152.946054	1128	correct
1340970	1342059	1090	1	NC_002945.4	NODE_95_length_1090_cov_55.593977	99.91		True
CONTIG	NODE_95_length_1090_cov_55.593977	1090	correct
3711277	3712306	1	1030	NC_002945.4	NODE_96_length_1030_cov_144.538206	100.0		True
CONTIG	NODE_96_length_1030_cov_144.538206	1030	correct
1165044	1166025	982	1	NC_002945.4	NODE_97_length_982_cov_137.391813	99.9		True
CONTIG	NODE_97_length_982_cov_137.391813	982	correct
1218501	1219004	697	194	NC_002945.4	NODE_98_length_911_cov_3.205357	99.6		True
CONTIG	NODE_98_length_911_cov_3.205357	911	correct
2800228	2801136	909	1	NC_002945.4	NODE_99_length_909_cov_421.162404	100.0		True
CONTIG	NODE_99_length_909_cov_421.162404	909	correct
3341521	3342410	890	1	NC_002945.4	NODE_100_length_890_cov_60.492792	100.0		True
CONTIG	NODE_100_length_890_cov_60.492792	890	correct
2775639	2776151	138	650	NC_002945.4	NODE_101_length_854_cov_1.837689	99.22		True
CONTIG	NODE_101_length_854_cov_1.837689	854	correct
2191968	2192811	844	1	NC_002945.4	NODE_102_length_844_cov_130.716876	100.0		True
CONTIG	NODE_102_length_844_cov_130.716876	844	correct
1985757	1986522	2	767	NC_002945.4	NODE_103_length_796_cov_14.029895	99.48		True
CONTIG	NODE_103_length_796_cov_14.029895	796	correct
909382	910176	795	1	NC_002945.4	NODE_104_length_795_cov_139.880240	100.0		True
CONTIG	NODE_104_length_795_cov_139.880240	795	correct
2916267	2917043	1	777	NC_002945.4	NODE_105_length_777_cov_129.438462	99.87		True
CONTIG	NODE_105_length_777_cov_129.438462	777	correct
2693295	2694038	744	1	NC_002945.4	NODE_106_length_744_cov_123.813614	100.0		True
CONTIG	NODE_106_length_744_cov_123.813614	744	correct
3340552	3341186	635	1	NC_002945.4	NODE_107_length_635_cov_60.472441	100.0		True
CONTIG	NODE_107_length_635_cov_60.472441	635	correct
1342064	1342697	1	634	NC_002945.4	NODE_108_length_634_cov_90.370809	100.0		True
CONTIG	NODE_108_length_634_cov_90.370809	634	correct
927013	927534	79	600	NC_002945.4	NODE_109_length_615_cov_7.780738	99.81		True
CONTIG	NODE_109_length_615_cov_7.780738	615	correct
3341060	3341647	588	1	NC_002945.4	NODE_110_length_588_cov_120.409978	100.0		True
CONTIG	NODE_110_length_588_cov_120.409978	588	correct
3845679	3845830	1	152	NC_002945.4	NODE_111_length_531_cov_61.940594	95.39		True
relocation, inconsistency = 2310255
1535045	1535408	531	168	NC_002945.4	NODE_111_length_531_cov_61.940594	96.98		True
CONTIG	NODE_111_length_531_cov_61.940594	531	misassembled
2933074	2933367	127	420	NC_002945.4	NODE_112_length_503_cov_2.470745	99.66		True
CONTIG	NODE_112_length_503_cov_2.470745	503	correct
3894218	3894717	1	500	NC_002945.4	NODE_113_length_500_cov_218.579088	100.0		True
CONTIG	NODE_113_length_500_cov_218.579088	500	correct
