S1	E1	S2	E2	Reference	Contig	IDY	Ambiguous	Best_group
402605	607788	1	204915	NC_002945.4	NODE_1_length_204915_cov_43.412842	99.86		True
CONTIG	NODE_1_length_204915_cov_43.412842	204915	correct
3488378	3673271	184786	1	NC_002945.4	NODE_2_length_184786_cov_44.330810	99.93		True
CONTIG	NODE_2_length_184786_cov_44.330810	184786	correct
3015725	3124582	108222	1	NC_002945.4	NODE_3_length_166756_cov_43.697364	99.2		True
local misassembly
2957039	3015625	166756	108223	NC_002945.4	NODE_3_length_166756_cov_43.697364	99.9		True
CONTIG	NODE_3_length_166756_cov_43.697364	166756	correct
676631	824045	194	147609	NC_002945.4	NODE_4_length_161080_cov_43.900344	99.99		True
local misassembly
824601	838071	147610	161080	NC_002945.4	NODE_4_length_161080_cov_43.900344	99.98		True
CONTIG	NODE_4_length_161080_cov_43.900344	161080	correct
150075	306702	1	156601	NC_002945.4	NODE_5_length_156601_cov_43.460160	99.97		True
CONTIG	NODE_5_length_156601_cov_43.460160	156601	correct
2453623	2609265	155673	30	NC_002945.4	NODE_6_length_155673_cov_43.913633	99.99		True
CONTIG	NODE_6_length_155673_cov_43.913633	155673	correct
4310374	4349904	5	39534	NC_002945.4	NODE_7_length_142853_cov_44.443241	99.99		True
fake: not a misassembly [linear representation of circular genome]
1	29469	39535	69003	NC_002945.4	NODE_7_length_142853_cov_44.443241	99.99		True
local misassembly
30083	103918	69005	142853	NC_002945.4	NODE_7_length_142853_cov_44.443241	99.96		True
CONTIG	NODE_7_length_142853_cov_44.443241	142853	correct
1853853	1985582	131264	1	NC_002945.4	NODE_8_length_131478_cov_41.872700	99.63		True
CONTIG	NODE_8_length_131478_cov_41.872700	131478	correct
1639421	1769053	129724	93	NC_002945.4	NODE_9_length_129724_cov_45.325038	99.99		True
CONTIG	NODE_9_length_129724_cov_45.325038	129724	correct
970273	1009472	145	39343	NC_002945.4	NODE_10_length_119781_cov_43.590645	99.98		True
relocation, inconsistency = 1457
1010930	1091364	39344	119781	NC_002945.4	NODE_10_length_119781_cov_43.590645	99.99		True
CONTIG	NODE_10_length_119781_cov_43.590645	119781	misassembled
3219392	3338080	188	119102	NC_002945.4	NODE_11_length_119102_cov_43.683043	99.88		True
CONTIG	NODE_11_length_119102_cov_43.683043	119102	correct
3343594	3442410	98885	1	NC_002945.4	NODE_12_length_98885_cov_45.174173	99.92		True
CONTIG	NODE_12_length_98885_cov_45.174173	98885	correct
2057034	2083604	156	26726	NC_002945.4	NODE_13_length_83983_cov_44.175849	99.98		True
local misassembly
2083596	2140714	26865	83983	NC_002945.4	NODE_13_length_83983_cov_44.175849	99.99		True
CONTIG	NODE_13_length_83983_cov_44.175849	83983	correct
1386909	1470724	1	83759	NC_002945.4	NODE_14_length_83759_cov_44.457397	99.92		True
CONTIG	NODE_14_length_83759_cov_44.457397	83759	correct
3897145	3979568	1	82415	NC_002945.4	NODE_15_length_82659_cov_43.958828	99.98		True
CONTIG	NODE_15_length_82659_cov_43.958828	82659	correct
2693912	2773038	79126	1	NC_002945.4	NODE_16_length_79126_cov_43.779693	99.99		True
CONTIG	NODE_16_length_79126_cov_43.779693	79126	correct
1779460	1853541	1	74082	NC_002945.4	NODE_17_length_74331_cov_43.583122	99.99		True
CONTIG	NODE_17_length_74331_cov_43.583122	74331	correct
3124600	3193870	69217	1	NC_002945.4	NODE_18_length_69217_cov_43.538370	99.91		True
CONTIG	NODE_18_length_69217_cov_43.538370	69217	correct
1096985	1165170	1	68186	NC_002945.4	NODE_19_length_68186_cov_43.608457	99.99		True
CONTIG	NODE_19_length_68186_cov_43.608457	68186	correct
4194926	4259153	64228	1	NC_002945.4	NODE_20_length_64228_cov_45.689443	99.99		True
CONTIG	NODE_20_length_64228_cov_45.689443	64228	correct
2852107	2916173	32	64098	NC_002945.4	NODE_21_length_64098_cov_42.870426	99.98		True
CONTIG	NODE_21_length_64098_cov_42.870426	64098	correct
1280097	1343223	63189	1	NC_002945.4	NODE_22_length_63189_cov_46.812629	99.89		True
CONTIG	NODE_22_length_63189_cov_46.812629	63189	correct
4035842	4097403	192	61752	NC_002945.4	NODE_23_length_61752_cov_41.503692	99.99		True
CONTIG	NODE_23_length_61752_cov_41.503692	61752	correct
1219589	1278412	151	58974	NC_002945.4	NODE_24_length_58974_cov_43.952521	99.99		True
CONTIG	NODE_24_length_58974_cov_43.952521	58974	correct
3777400	3835785	58318	1	NC_002945.4	NODE_25_length_58318_cov_45.052723	99.87		True
CONTIG	NODE_25_length_58318_cov_45.052723	58318	correct
2372630	2386819	14190	1	NC_002945.4	NODE_26_length_57691_cov_43.519387	99.98		True
relocation, inconsistency = 331937
1997199	2040692	14191	57684	NC_002945.4	NODE_26_length_57691_cov_43.519387	99.97		True
CONTIG	NODE_26_length_57691_cov_43.519387	57691	misassembled
2611750	2665748	82	54131	NC_002945.4	NODE_27_length_54131_cov_42.669339	99.88		True
CONTIG	NODE_27_length_54131_cov_42.669339	54131	correct
4141986	4193715	2	51731	NC_002945.4	NODE_28_length_51731_cov_45.956341	99.99		True
CONTIG	NODE_28_length_51731_cov_45.956341	51731	correct
2801012	2852053	1	51042	NC_002945.4	NODE_29_length_51042_cov_44.026534	99.99		True
CONTIG	NODE_29_length_51042_cov_44.026534	51042	correct
4000854	4035755	35049	148	NC_002945.4	NODE_30_length_50618_cov_44.943851	99.98		True
local misassembly
3985305	4000742	50476	35050	NC_002945.4	NODE_30_length_50618_cov_44.943851	99.93		True
CONTIG	NODE_30_length_50618_cov_44.943851	50618	correct
1574062	1623819	49758	1	NC_002945.4	NODE_31_length_49758_cov_42.932985	99.98		True
CONTIG	NODE_31_length_49758_cov_42.932985	49758	correct
625503	673979	57	48548	NC_002945.4	NODE_32_length_48637_cov_41.702680	99.92		True
CONTIG	NODE_32_length_48637_cov_41.702680	48637	correct
842760	891078	48319	1	NC_002945.4	NODE_33_length_48361_cov_43.039288	99.99		True
CONTIG	NODE_33_length_48361_cov_43.039288	48361	correct
4097387	4141969	1	44583	NC_002945.4	NODE_34_length_44583_cov_43.335725	99.99		True
CONTIG	NODE_34_length_44583_cov_43.335725	44583	correct
338173	338566	216	609	NC_002945.4	NODE_35_length_44162_cov_45.653934	100.0		True
relocation, inconsistency = 1153456
1492023	1535540	610	44127	NC_002945.4	NODE_35_length_44162_cov_45.653934	99.91		True
CONTIG	NODE_35_length_44162_cov_45.653934	44162	misassembled
3445573	3488322	42750	1	NC_002945.4	NODE_36_length_42750_cov_44.315839	99.97		True
CONTIG	NODE_36_length_42750_cov_44.315839	42750	correct
1343879	1386522	42649	1	NC_002945.4	NODE_37_length_42649_cov_42.964912	99.98		True
CONTIG	NODE_37_length_42649_cov_42.964912	42649	correct
930605	970024	1	39540	NC_002945.4	NODE_38_length_39540_cov_43.456144	99.68		True
CONTIG	NODE_38_length_39540_cov_43.456144	39540	correct
1535942	1573693	37935	184	NC_002945.4	NODE_39_length_37935_cov_43.322630	99.99		True
CONTIG	NODE_39_length_37935_cov_43.322630	37935	correct
2246079	2283745	1	37669	NC_002945.4	NODE_40_length_37669_cov_46.509563	99.95		True
CONTIG	NODE_40_length_37669_cov_46.509563	37669	correct
363819	401308	81	37570	NC_002945.4	NODE_41_length_37570_cov_40.051839	99.99		True
CONTIG	NODE_41_length_37570_cov_40.051839	37570	correct
2210077	2246077	36001	1	NC_002945.4	NODE_42_length_36161_cov_48.900067	99.99		True
CONTIG	NODE_42_length_36161_cov_48.900067	36161	correct
2409228	2422776	13549	1	NC_002945.4	NODE_43_length_35598_cov_38.526994	99.97		True
local misassembly
2386726	2408774	35598	13550	NC_002945.4	NODE_43_length_35598_cov_38.526994	100.0		True
CONTIG	NODE_43_length_35598_cov_38.526994	35598	correct
3846144	3880063	34058	147	NC_002945.4	NODE_44_length_34058_cov_40.757655	99.95		True
CONTIG	NODE_44_length_34058_cov_40.757655	34058	correct
4259930	4293954	1	34023	NC_002945.4	NODE_45_length_34023_cov_43.550419	99.98		True
CONTIG	NODE_45_length_34023_cov_43.550419	34023	correct
3724894	3737454	1	12561	NC_002945.4	NODE_46_length_33863_cov_44.310114	99.98		True
local misassembly
3737665	3758844	12562	33741	NC_002945.4	NODE_46_length_33863_cov_44.310114	100.0		True
CONTIG	NODE_46_length_33863_cov_44.310114	33863	correct
2161798	2192094	1	30298	NC_002945.4	NODE_47_length_30298_cov_45.618607	99.99		True
CONTIG	NODE_47_length_30298_cov_45.618607	30298	correct
2294650	2324492	1	29843	NC_002945.4	NODE_48_length_29843_cov_42.140362	99.99		True
CONTIG	NODE_48_length_29843_cov_42.140362	29843	correct
2343821	2372199	69	28447	NC_002945.4	NODE_49_length_28472_cov_43.423214	99.96		True
CONTIG	NODE_49_length_28472_cov_43.423214	28472	correct
105040	132383	27580	237	NC_002945.4	NODE_50_length_27580_cov_39.984264	99.97		True
CONTIG	NODE_50_length_27580_cov_39.984264	27580	correct
2666094	2693421	46	27372	NC_002945.4	NODE_51_length_27372_cov_44.053661	99.99		True
CONTIG	NODE_51_length_27372_cov_44.053661	27372	correct
306705	333298	26733	245	NC_002945.4	NODE_52_length_26733_cov_42.812448	99.6		True
CONTIG	NODE_52_length_26733_cov_42.812448	26733	correct
336693	338049	91	1447	NC_002945.4	NODE_53_length_25831_cov_39.581972	99.93		True
relocation, inconsistency = 1362
339412	363795	1448	25831	NC_002945.4	NODE_53_length_25831_cov_39.581972	99.97		True
CONTIG	NODE_53_length_25831_cov_39.581972	25831	misassembled
3674358	3700195	1	25820	NC_002945.4	NODE_54_length_25820_cov_33.624684	99.91		True
CONTIG	NODE_54_length_25820_cov_33.624684	25820	correct
2776619	2776798	90	269	NC_002945.4	NODE_55_length_23086_cov_45.076702	100.0		True
local misassembly
2777012	2799828	270	23086	NC_002945.4	NODE_55_length_23086_cov_45.076702	100.0		True
CONTIG	NODE_55_length_23086_cov_45.076702	23086	correct
1190092	1193012	2921	1	NC_002945.4	NODE_56_length_21699_cov_40.366957	99.93		True
local misassembly
1171083	1189860	21699	2922	NC_002945.4	NODE_56_length_21699_cov_40.366957	99.99		True
CONTIG	NODE_56_length_21699_cov_40.366957	21699	correct
2423267	2444953	1	21687	NC_002945.4	NODE_57_length_21687_cov_44.467811	99.99		True
CONTIG	NODE_57_length_21687_cov_44.467811	21687	correct
2140908	2158516	165	17773	NC_002945.4	NODE_58_length_20408_cov_44.585080	99.95		True
local misassembly
2158655	2158913	17774	18032	NC_002945.4	NODE_58_length_20408_cov_44.585080	100.0		True
fake: scaffold gap size wrong estimation (local)
2158914	2160444	18064	19594	NC_002945.4	NODE_58_length_20408_cov_44.585080	95.49		True
CONTIG	NODE_58_length_20408_cov_44.585080	20408	correct
2932378	2932805	428	1	NC_002945.4	NODE_59_length_20338_cov_46.878729	99.54		True
local misassembly
2916267	2932197	16359	429	NC_002945.4	NODE_59_length_20338_cov_46.878729	99.96		True
relocation, inconsistency = 1819932
1092443	1096334	20251	16360	NC_002945.4	NODE_59_length_20338_cov_46.878729	99.73		True
CONTIG	NODE_59_length_20338_cov_46.878729	20338	misassembled
1471935	1490747	1	18814	NC_002945.4	NODE_60_length_19677_cov_47.455857	99.98		True
local misassembly
1490961	1491823	18815	19677	NC_002945.4	NODE_60_length_19677_cov_47.455857	100.0		True
CONTIG	NODE_60_length_19677_cov_47.455857	19677	correct
3759407	3777383	17979	1	NC_002945.4	NODE_61_length_17979_cov_39.334080	99.94		True
CONTIG	NODE_61_length_17979_cov_39.334080	17979	correct
2326324	2343895	17581	10	NC_002945.4	NODE_62_length_17581_cov_40.791967	99.97		True
CONTIG	NODE_62_length_17581_cov_40.791967	17581	correct
2192685	2210048	17552	189	NC_002945.4	NODE_63_length_17552_cov_48.376069	99.99		True
CONTIG	NODE_63_length_17552_cov_48.376069	17552	correct
892165	909508	17344	1	NC_002945.4	NODE_64_length_17344_cov_44.271360	99.99		True
CONTIG	NODE_64_length_17344_cov_44.271360	17344	correct
133106	149983	1	16878	NC_002945.4	NODE_65_length_16878_cov_48.261059	99.95		True
CONTIG	NODE_65_length_16878_cov_48.261059	16878	correct
910050	926208	1	16159	NC_002945.4	NODE_66_length_16310_cov_46.708089	99.98		True
CONTIG	NODE_66_length_16310_cov_46.708089	16310	correct
2040689	2056268	161	15740	NC_002945.4	NODE_67_length_15944_cov_43.800531	99.97		True
CONTIG	NODE_67_length_15944_cov_43.800531	15944	correct
3193780	3209295	15616	1	NC_002945.4	NODE_68_length_15616_cov_44.707599	100.0		True
CONTIG	NODE_68_length_15616_cov_44.707599	15616	correct
609085	624462	15378	1	NC_002945.4	NODE_69_length_15378_cov_42.057767	99.98		True
CONTIG	NODE_69_length_15378_cov_42.057767	15378	correct
1634578	1637429	2768	1	NC_002945.4	NODE_70_length_13025_cov_34.417429	97.05		True
local misassembly
1633544	1634433	3658	2769	NC_002945.4	NODE_70_length_13025_cov_34.417429	99.05		True
local misassembly
1623850	1633264	13025	3659	NC_002945.4	NODE_70_length_13025_cov_34.417429	99.46		True
CONTIG	NODE_70_length_13025_cov_34.417429	13025	correct
3712180	3724829	12650	1	NC_002945.4	NODE_71_length_12650_cov_30.922543	99.96		True
CONTIG	NODE_71_length_12650_cov_30.922543	12650	correct
2944619	2957076	12458	1	NC_002945.4	NODE_72_length_12458_cov_41.881843	99.98		True
CONTIG	NODE_72_length_12458_cov_41.881843	12458	correct
1193002	1204647	11793	148	NC_002945.4	NODE_73_length_11793_cov_44.639808	99.97		True
CONTIG	NODE_73_length_11793_cov_44.639808	11793	correct
3700306	3711403	43	11140	NC_002945.4	NODE_74_length_11140_cov_28.909652	100.0		True
CONTIG	NODE_74_length_11140_cov_28.909652	11140	correct
2933717	2943963	1	10247	NC_002945.4	NODE_75_length_10247_cov_43.195949	99.99		True
CONTIG	NODE_75_length_10247_cov_43.195949	10247	correct
3209315	3219231	1	9917	NC_002945.4	NODE_76_length_10044_cov_42.916910	100.0		True
CONTIG	NODE_76_length_10044_cov_42.916910	10044	correct
1204783	1213474	1	8692	NC_002945.4	NODE_77_length_8862_cov_40.501774	99.98		True
CONTIG	NODE_77_length_8862_cov_40.501774	8862	correct
2444936	2453612	1	8677	NC_002945.4	NODE_78_length_8677_cov_41.908889	100.0		True
CONTIG	NODE_78_length_8677_cov_41.908889	8677	correct
4301908	4310371	8464	1	NC_002945.4	NODE_79_length_8622_cov_40.530194	99.99		True
CONTIG	NODE_79_length_8622_cov_40.530194	8622	correct
3836888	3845503	1	8616	NC_002945.4	NODE_80_length_8616_cov_47.413241	99.95		True
CONTIG	NODE_80_length_8616_cov_47.413241	8616	correct
4294631	4301868	7446	209	NC_002945.4	NODE_81_length_7489_cov_37.171557	99.97		True
CONTIG	NODE_81_length_7489_cov_37.171557	7489	correct
3881873	3882155	1	283	NC_002945.4	NODE_82_length_7002_cov_21.356218	100.0		True
local misassembly
3882139	3884027	435	2371	NC_002945.4	NODE_82_length_7002_cov_21.356218	97.69		True
local misassembly
3884643	3888947	2372	6685	NC_002945.4	NODE_82_length_7002_cov_21.356218	99.77		True
CONTIG	NODE_82_length_7002_cov_21.356218	7002	correct
1987015	1992127	1	5114	NC_002945.4	NODE_83_length_5114_cov_44.641668	99.92		True
CONTIG	NODE_83_length_5114_cov_44.641668	5114	correct
3980347	3984555	124	4332	NC_002945.4	NODE_84_length_4332_cov_37.810702	100.0		True
CONTIG	NODE_84_length_4332_cov_37.810702	4332	correct
1214524	1214774	190	440	NC_002945.4	NODE_85_length_4211_cov_34.348433	99.2		True
local misassembly
1214750	1218291	560	4101	NC_002945.4	NODE_85_length_4211_cov_34.348433	100.0		True
CONTIG	NODE_85_length_4211_cov_34.348433	4211	correct
1165899	1169900	4002	1	NC_002945.4	NODE_86_length_4002_cov_44.517419	99.98		True
CONTIG	NODE_86_length_4002_cov_44.517419	4002	correct
2284620	2287647	1	3028	NC_002945.4	NODE_87_length_3028_cov_32.423647	99.77		True
CONTIG	NODE_87_length_3028_cov_32.423647	3028	correct
2290710	2293716	1	3007	NC_002945.4	NODE_88_length_3007_cov_34.663542	100.0		True
CONTIG	NODE_88_length_3007_cov_34.663542	3007	correct
1993335	1996140	2806	1	NC_002945.4	NODE_89_length_2806_cov_53.430758	100.0		True
CONTIG	NODE_89_length_2806_cov_53.430758	2806	correct
3890497	3892930	2558	125	NC_002945.4	NODE_90_length_2558_cov_4.772110	99.63		True
CONTIG	NODE_90_length_2558_cov_4.772110	2558	correct
928970	930629	1660	1	NC_002945.4	NODE_91_length_2409_cov_10.265118	100.0		True
local misassembly
928374	928975	2409	1799	NC_002945.4	NODE_91_length_2409_cov_10.265118	98.36		True
CONTIG	NODE_91_length_2409_cov_10.265118	2409	correct
2609387	2611609	2223	1	NC_002945.4	NODE_92_length_2223_cov_24.750000	100.0		True
CONTIG	NODE_92_length_2223_cov_24.750000	2223	correct
674818	676348	185	1715	NC_002945.4	NODE_93_length_1715_cov_4.562343	99.48		True
CONTIG	NODE_93_length_1715_cov_4.562343	1715	correct
335418	335779	363	2	NC_002945.4	NODE_94_length_1623_cov_8.618316	95.86		True
indel: indel (> 5bp)
334077	335336	1623	364	NC_002945.4	NODE_94_length_1623_cov_8.618316	99.84		True
CONTIG	NODE_94_length_1623_cov_8.618316	1623	correct
607662	609211	1	1550	NC_002945.4	NODE_95_length_1550_cov_69.046381	99.94		True
CONTIG	NODE_95_length_1550_cov_69.046381	1550	correct
4193589	4195052	1464	1	NC_002945.4	NODE_96_length_1464_cov_99.097981	100.0		True
CONTIG	NODE_96_length_1464_cov_99.097981	1464	correct
3443593	3445031	1439	1	NC_002945.4	NODE_97_length_1439_cov_57.562500	100.0		True
CONTIG	NODE_97_length_1439_cov_57.562500	1439	correct
2774204	2775616	1413	1	NC_002945.4	NODE_98_length_1432_cov_7.865134	100.0		True
CONTIG	NODE_98_length_1432_cov_7.865134	1432	correct
3879992	3881088	1097	1	NC_002945.4	NODE_99_length_1407_cov_6.871094	99.36		True
CONTIG	NODE_99_length_1407_cov_6.871094	1407	correct
2324569	2325830	145	1406	NC_002945.4	NODE_100_length_1406_cov_37.667709	99.92		True
CONTIG	NODE_100_length_1406_cov_37.667709	1406	correct
3673145	3674484	1340	1	NC_002945.4	NODE_101_length_1340_cov_84.868096	100.0		True
CONTIG	NODE_101_length_1340_cov_84.868096	1340	correct
3339137	3340461	1325	1	NC_002945.4	NODE_102_length_1325_cov_42.230384	100.0		True
CONTIG	NODE_102_length_1325_cov_42.230384	1325	correct
3835659	3836979	1	1321	NC_002945.4	NODE_103_length_1321_cov_86.390285	99.77		True
CONTIG	NODE_103_length_1321_cov_86.390285	1321	correct
2288581	2289835	1255	1	NC_002945.4	NODE_104_length_1255_cov_47.021277	100.0		True
CONTIG	NODE_104_length_1255_cov_47.021277	1255	correct
839633	840869	1237	1	NC_002945.4	NODE_105_length_1237_cov_15.611712	99.84		True
CONTIG	NODE_105_length_1237_cov_15.611712	1237	correct
2287521	2288707	1	1187	NC_002945.4	NODE_106_length_1187_cov_26.809434	100.0		True
CONTIG	NODE_106_length_1187_cov_26.809434	1187	correct
2283619	2284746	1	1128	NC_002945.4	NODE_107_length_1128_cov_84.669331	99.91		True
CONTIG	NODE_107_length_1128_cov_84.669331	1128	correct
3711277	3712306	1030	1	NC_002945.4	NODE_108_length_1030_cov_90.570321	100.0		True
CONTIG	NODE_108_length_1030_cov_90.570321	1030	correct
1996146	1996964	31	849	NC_002945.4	NODE_109_length_988_cov_1.927991	99.51		True
CONTIG	NODE_109_length_988_cov_1.927991	988	correct
1165044	1166025	1	982	NC_002945.4	NODE_110_length_982_cov_79.532164	99.9		True
CONTIG	NODE_110_length_982_cov_79.532164	982	correct
2800228	2801136	1	909	NC_002945.4	NODE_111_length_909_cov_274.245524	100.0		True
CONTIG	NODE_111_length_909_cov_274.245524	909	correct
3341521	3342410	890	1	NC_002945.4	NODE_112_length_890_cov_34.179554	100.0		True
CONTIG	NODE_112_length_890_cov_34.179554	890	correct
1278286	1279129	1	844	NC_002945.4	NODE_113_length_844_cov_85.878661	100.0		True
CONTIG	NODE_113_length_844_cov_85.878661	844	correct
335765	336455	691	1	NC_002945.4	NODE_114_length_815_cov_8.043605	100.0		True
CONTIG	NODE_114_length_815_cov_8.043605	815	correct
3894591	3895299	805	97	NC_002945.4	NODE_115_length_805_cov_45.106195	100.0		True
CONTIG	NODE_115_length_805_cov_45.106195	805	correct
3444905	3445699	1	795	NC_002945.4	NODE_116_length_795_cov_99.038922	100.0		True
CONTIG	NODE_116_length_795_cov_99.038922	795	correct
1213942	1214563	52	673	NC_002945.4	NODE_117_length_795_cov_3.158683	99.52		True
CONTIG	NODE_117_length_795_cov_3.158683	795	correct
2773561	2774071	156	666	NC_002945.4	NODE_118_length_776_cov_3.431433	100.0		True
CONTIG	NODE_118_length_776_cov_3.431433	776	correct
2693295	2694038	744	1	NC_002945.4	NODE_119_length_744_cov_80.811994	100.0		True
CONTIG	NODE_119_length_744_cov_80.811994	744	correct
1985788	1986490	703	1	NC_002945.4	NODE_120_length_729_cov_4.446844	100.0		True
CONTIG	NODE_120_length_729_cov_4.446844	729	correct
3340552	3341186	635	1	NC_002945.4	NODE_121_length_635_cov_32.700787	100.0		True
CONTIG	NODE_121_length_635_cov_32.700787	635	correct
3338171	3338802	632	1	NC_002945.4	NODE_122_length_632_cov_42.073267	99.84		True
CONTIG	NODE_122_length_632_cov_42.073267	632	correct
3984842	3985307	165	630	NC_002945.4	NODE_123_length_630_cov_1.652087	100.0		True
CONTIG	NODE_123_length_630_cov_1.652087	630	correct
3338676	3339263	588	1	NC_002945.4	NODE_124_length_588_cov_69.277657	100.0		True
CONTIG	NODE_124_length_588_cov_69.277657	588	correct
2325856	2326221	378	13	NC_002945.4	NODE_125_length_573_cov_2.466368	100.0		True
CONTIG	NODE_125_length_573_cov_2.466368	573	correct
CONTIG	NODE_126_length_573_cov_0.567265	573	unaligned
4294141	4294616	78	553	NC_002945.4	NODE_127_length_553_cov_5.075117	100.0		True
CONTIG	NODE_127_length_553_cov_5.075117	553	correct
1091508	1091810	450	148	NC_002945.4	NODE_128_length_543_cov_1.096154	98.68		True
CONTIG	NODE_128_length_543_cov_1.096154	543	correct
CONTIG	NODE_129_length_534_cov_0.486486	534	unaligned
3845679	3846209	1	531	NC_002945.4	NODE_130_length_531_cov_43.292079	100.0		True
CONTIG	NODE_130_length_531_cov_43.292079	531	correct
1218486	1219008	523	1	NC_002945.4	NODE_131_length_523_cov_1.537879	99.24		True
CONTIG	NODE_131_length_523_cov_1.537879	523	correct
