S1	E1	S2	E2	Reference	Contig	IDY	Ambiguous	Best_group
2444879	2665687	220899	39	NC_002945.4	NODE_1_length_220899_cov_45.578701	99.96		True
CONTIG	NODE_1_length_220899_cov_45.578701	220899	correct
402605	607788	1	204915	NC_002945.4	NODE_2_length_204915_cov_46.559735	99.86		True
CONTIG	NODE_2_length_204915_cov_46.559735	204915	correct
1574142	1633268	270	59332	NC_002945.4	NODE_3_length_190865_cov_46.424871	99.87		True
local misassembly
1633474	1634449	59343	60318	NC_002945.4	NODE_3_length_190865_cov_46.424871	100.0		True
relocation, inconsistency = 4148
1638899	1769053	60620	190773	NC_002945.4	NODE_3_length_190865_cov_46.424871	99.99		True
CONTIG	NODE_3_length_190865_cov_46.424871	190865	misassembled
3488378	3673271	1	184786	NC_002945.4	NODE_4_length_184786_cov_47.111692	99.92		True
CONTIG	NODE_4_length_184786_cov_47.111692	184786	correct
2944619	3124582	179173	1	NC_002945.4	NODE_5_length_179173_cov_45.700764	99.43		True
CONTIG	NODE_5_length_179173_cov_45.700764	179173	correct
676666	824045	1	147381	NC_002945.4	NODE_6_length_160845_cov_46.143182	99.99		True
local misassembly
824601	838064	147382	160845	NC_002945.4	NODE_6_length_160845_cov_46.143182	99.98		True
CONTIG	NODE_6_length_160845_cov_46.143182	160845	correct
4294607	4349904	1	55297	NC_002945.4	NODE_7_length_158616_cov_47.608844	99.98		True
fake: not a misassembly [linear representation of circular genome]
1	29469	55298	84766	NC_002945.4	NODE_7_length_158616_cov_47.608844	99.99		True
local misassembly
30083	103918	84768	158616	NC_002945.4	NODE_7_length_158616_cov_47.608844	99.96		True
CONTIG	NODE_7_length_158616_cov_47.608844	158616	correct
150070	306517	156601	181	NC_002945.4	NODE_8_length_156601_cov_47.541802	99.97		True
CONTIG	NODE_8_length_156601_cov_47.541802	156601	correct
3209302	3338802	1	129673	NC_002945.4	NODE_9_length_129673_cov_46.690010	99.85		True
CONTIG	NODE_9_length_129673_cov_46.690010	129673	correct
1010930	1091475	80722	174	NC_002945.4	NODE_10_length_120050_cov_47.134761	99.99		True
relocation, inconsistency = 1457
970259	1009472	119935	80723	NC_002945.4	NODE_10_length_120050_cov_47.134761	99.98		True
CONTIG	NODE_10_length_120050_cov_47.134761	120050	misassembled
1869324	1985582	1	115868	NC_002945.4	NODE_11_length_115868_cov_46.267010	99.65		True
CONTIG	NODE_11_length_115868_cov_46.267010	115868	correct
2083596	2158365	74725	1	NC_002945.4	NODE_12_length_101624_cov_46.262875	99.92		True
local misassembly
2056986	2083604	101482	74864	NC_002945.4	NODE_12_length_101624_cov_46.262875	99.98		True
CONTIG	NODE_12_length_101624_cov_46.262875	101624	correct
4097330	4193715	96386	1	NC_002945.4	NODE_13_length_96386_cov_48.854684	99.99		True
CONTIG	NODE_13_length_96386_cov_48.854684	96386	correct
3124600	3209297	84744	1	NC_002945.4	NODE_14_length_84744_cov_46.664205	99.92		True
CONTIG	NODE_14_length_84744_cov_46.664205	84744	correct
1387136	1470724	1	83532	NC_002945.4	NODE_15_length_83532_cov_46.931335	99.92		True
CONTIG	NODE_15_length_83532_cov_46.931335	83532	correct
3897145	3979629	1	82476	NC_002945.4	NODE_16_length_82476_cov_46.879294	99.98		True
CONTIG	NODE_16_length_82476_cov_46.879294	82476	correct
1491995	1573588	81653	60	NC_002945.4	NODE_17_length_81781_cov_48.456622	99.93		True
CONTIG	NODE_17_length_81781_cov_48.456622	81781	correct
3343593	3424496	1	80972	NC_002945.4	NODE_18_length_80972_cov_47.463838	99.91		True
CONTIG	NODE_18_length_80972_cov_47.463838	80972	correct
2693912	2773104	79341	150	NC_002945.4	NODE_19_length_79341_cov_45.174956	99.99		True
CONTIG	NODE_19_length_79341_cov_45.174956	79341	correct
2372630	2386819	14190	1	NC_002945.4	NODE_20_length_79117_cov_46.821509	99.98		True
relocation, inconsistency = 316295
1997199	2056334	14191	73326	NC_002945.4	NODE_20_length_79117_cov_46.821509	99.98		True
relocation, inconsistency = -69081
1987254	1993043	73327	79117	NC_002945.4	NODE_20_length_79117_cov_46.821509	99.97		True
CONTIG	NODE_20_length_79117_cov_46.821509	79117	misassembled
1779460	1853476	1	74017	NC_002945.4	NODE_21_length_74168_cov_46.388150	99.99		True
CONTIG	NODE_21_length_74168_cov_46.388150	74168	correct
1096985	1165170	1	68186	NC_002945.4	NODE_22_length_68186_cov_47.130152	99.99		True
CONTIG	NODE_22_length_68186_cov_47.130152	68186	correct
2852116	2916185	85	64153	NC_002945.4	NODE_23_length_64347_cov_44.403690	99.98		True
CONTIG	NODE_23_length_64347_cov_44.403690	64347	correct
4194926	4259153	1	64228	NC_002945.4	NODE_24_length_64228_cov_49.226362	99.99		True
CONTIG	NODE_24_length_64228_cov_49.226362	64228	correct
4035929	4097346	61417	1	NC_002945.4	NODE_25_length_61454_cov_45.349503	99.99		True
CONTIG	NODE_25_length_61454_cov_45.349503	61454	correct
1280097	1340762	60728	1	NC_002945.4	NODE_26_length_60728_cov_48.076649	99.89		True
CONTIG	NODE_26_length_60728_cov_48.076649	60728	correct
1219381	1278412	152	59183	NC_002945.4	NODE_27_length_59183_cov_45.888123	99.99		True
CONTIG	NODE_27_length_59183_cov_45.888123	59183	correct
3777400	3835785	1	58318	NC_002945.4	NODE_28_length_58318_cov_47.480710	99.87		True
CONTIG	NODE_28_length_58318_cov_47.480710	58318	correct
3984782	4000631	336	16185	NC_002945.4	NODE_29_length_51215_cov_47.036310	100.0		True
fake: scaffold gap size wrong estimation (local)
4000854	4035783	16286	51215	NC_002945.4	NODE_29_length_51215_cov_47.036310	99.98		True
CONTIG	NODE_29_length_51215_cov_47.036310	51215	correct
2801012	2852089	51078	1	NC_002945.4	NODE_30_length_51078_cov_46.301034	99.99		True
CONTIG	NODE_30_length_51078_cov_46.301034	51078	correct
625474	674475	16	49026	NC_002945.4	NODE_31_length_50245_cov_43.352548	99.55		True
local misassembly
675310	676295	49027	50012	NC_002945.4	NODE_31_length_50245_cov_43.352548	100.0		True
CONTIG	NODE_31_length_50245_cov_43.352548	50245	correct
842721	891078	1	48358	NC_002945.4	NODE_32_length_48358_cov_46.311853	99.99		True
CONTIG	NODE_32_length_48358_cov_46.311853	48358	correct
2326988	2343760	16773	1	NC_002945.4	NODE_33_length_46515_cov_43.460033	99.96		True
relocation, inconsistency = 2596
2294650	2324391	46515	16774	NC_002945.4	NODE_33_length_46515_cov_43.460033	99.99		True
CONTIG	NODE_33_length_46515_cov_43.460033	46515	misassembled
3737665	3758844	21265	86	NC_002945.4	NODE_34_length_46366_cov_43.185060	100.0		True
local misassembly
3724923	3737454	33797	21266	NC_002945.4	NODE_34_length_46366_cov_43.185060	99.98		True
local misassembly
3712180	3724748	46366	33798	NC_002945.4	NODE_34_length_46366_cov_43.185060	99.96		True
CONTIG	NODE_34_length_46366_cov_43.185060	46366	correct
3836888	3878188	1	41293	NC_002945.4	NODE_35_length_43718_cov_45.128123	99.91		True
relocation, inconsistency = -2949817
928372	928975	41294	41906	NC_002945.4	NODE_35_length_43718_cov_45.128123	98.61		True
local misassembly
928970	930643	42045	43718	NC_002945.4	NODE_35_length_43718_cov_45.128123	100.0		True
CONTIG	NODE_35_length_43718_cov_45.128123	43718	misassembled
1343879	1386825	1	42952	NC_002945.4	NODE_36_length_43033_cov_45.365031	99.97		True
CONTIG	NODE_36_length_43033_cov_45.365031	43033	correct
3445573	3488322	1	42750	NC_002945.4	NODE_37_length_42750_cov_47.666166	99.97		True
CONTIG	NODE_37_length_42750_cov_47.666166	42750	correct
1170557	1189854	1	19298	NC_002945.4	NODE_38_length_40156_cov_49.066127	99.99		True
relocation, inconsistency = 2858
1192713	1213474	19299	40063	NC_002945.4	NODE_38_length_40156_cov_49.066127	99.89		True
CONTIG	NODE_38_length_40156_cov_49.066127	40156	misassembled
930668	970056	192	39700	NC_002945.4	NODE_39_length_39700_cov_46.131959	99.68		True
CONTIG	NODE_39_length_39700_cov_46.131959	39700	correct
2246146	2283745	37602	1	NC_002945.4	NODE_40_length_37749_cov_48.835150	99.95		True
CONTIG	NODE_40_length_37749_cov_48.835150	37749	correct
363919	401308	272	37661	NC_002945.4	NODE_41_length_37661_cov_44.222252	99.99		True
CONTIG	NODE_41_length_37661_cov_44.222252	37661	correct
2210043	2245161	1	35119	NC_002945.4	NODE_42_length_35119_cov_51.982367	100.0		True
CONTIG	NODE_42_length_35119_cov_51.982367	35119	correct
4259930	4293950	1	34019	NC_002945.4	NODE_43_length_34019_cov_47.518116	99.98		True
CONTIG	NODE_43_length_34019_cov_47.518116	34019	correct
2161798	2192094	30298	1	NC_002945.4	NODE_44_length_30298_cov_46.832389	99.99		True
CONTIG	NODE_44_length_30298_cov_46.832389	30298	correct
2343940	2371560	164	27784	NC_002945.4	NODE_45_length_27784_cov_44.461547	99.97		True
CONTIG	NODE_45_length_27784_cov_44.461547	27784	correct
105040	132641	1	27602	NC_002945.4	NODE_46_length_27775_cov_43.911567	99.96		True
CONTIG	NODE_46_length_27775_cov_43.911567	27775	correct
2666194	2693421	27227	1	NC_002945.4	NODE_47_length_27250_cov_47.182797	99.97		True
CONTIG	NODE_47_length_27250_cov_47.182797	27250	correct
306718	333298	1	26476	NC_002945.4	NODE_48_length_26653_cov_44.751074	99.6		True
CONTIG	NODE_48_length_26653_cov_44.751074	26653	correct
3674358	3699607	1	25232	NC_002945.4	NODE_49_length_25738_cov_35.935184	99.92		True
local misassembly
3699695	3700195	25233	25733	NC_002945.4	NODE_49_length_25738_cov_35.935184	99.22		True
CONTIG	NODE_49_length_25738_cov_35.935184	25738	correct
339034	363814	24694	1	NC_002945.4	NODE_50_length_25605_cov_40.842256	99.62		True
local misassembly
338173	338937	25459	24695	NC_002945.4	NODE_50_length_25605_cov_40.842256	100.0		True
CONTIG	NODE_50_length_25605_cov_40.842256	25605	correct
2777013	2799828	22816	1	NC_002945.4	NODE_51_length_22999_cov_46.810904	100.0		True
CONTIG	NODE_51_length_22999_cov_46.810904	22999	correct
2386726	2408904	22181	3	NC_002945.4	NODE_52_length_22181_cov_38.142060	100.0		True
CONTIG	NODE_52_length_22181_cov_38.142060	22181	correct
2423267	2444896	21630	1	NC_002945.4	NODE_53_length_21630_cov_48.433614	99.99		True
CONTIG	NODE_53_length_21630_cov_48.433614	21630	correct
1490961	1491410	450	1	NC_002945.4	NODE_54_length_19264_cov_48.300308	100.0		True
local misassembly
1471935	1490747	19264	451	NC_002945.4	NODE_54_length_19264_cov_48.300308	99.98		True
CONTIG	NODE_54_length_19264_cov_48.300308	19264	correct
3424476	3442410	141	18075	NC_002945.4	NODE_55_length_18075_cov_49.188266	99.97		True
CONTIG	NODE_55_length_18075_cov_49.188266	18075	correct
3759318	3777383	1	18068	NC_002945.4	NODE_56_length_18068_cov_42.776768	99.93		True
CONTIG	NODE_56_length_18068_cov_42.776768	18068	correct
2192685	2209998	1	17314	NC_002945.4	NODE_57_length_17478_cov_52.580831	99.99		True
CONTIG	NODE_57_length_17478_cov_52.580831	17478	correct
132658	149909	17362	111	NC_002945.4	NODE_58_length_17362_cov_50.977894	99.97		True
CONTIG	NODE_58_length_17362_cov_50.977894	17362	correct
892165	909508	1	17344	NC_002945.4	NODE_59_length_17344_cov_47.759133	99.99		True
CONTIG	NODE_59_length_17344_cov_47.759133	17344	correct
910050	926152	1	16103	NC_002945.4	NODE_60_length_16201_cov_48.161565	99.99		True
CONTIG	NODE_60_length_16201_cov_48.161565	16201	correct
1853860	1869173	372	15685	NC_002945.4	NODE_61_length_15746_cov_34.240412	99.99		True
CONTIG	NODE_61_length_15746_cov_34.240412	15746	correct
2916851	2932242	1	15392	NC_002945.4	NODE_62_length_15539_cov_51.519725	99.97		True
CONTIG	NODE_62_length_15539_cov_51.519725	15539	correct
609085	624361	1	15277	NC_002945.4	NODE_63_length_15409_cov_46.388038	99.97		True
CONTIG	NODE_63_length_15409_cov_46.388038	15409	correct
2409042	2422776	1	13735	NC_002945.4	NODE_64_length_13735_cov_45.216196	99.98		True
CONTIG	NODE_64_length_13735_cov_45.216196	13735	correct
3880511	3881402	46	937	NC_002945.4	NODE_65_length_11464_cov_19.365529	99.55		True
local misassembly
3882139	3884027	1242	3178	NC_002945.4	NODE_65_length_11464_cov_19.365529	97.69		True
local misassembly
3884643	3890278	3179	8823	NC_002945.4	NODE_65_length_11464_cov_19.365529	99.79		True
local misassembly
3890969	3893467	8824	11322	NC_002945.4	NODE_65_length_11464_cov_19.365529	99.93		True
CONTIG	NODE_65_length_11464_cov_19.365529	11464	correct
3700288	3711403	11116	1	NC_002945.4	NODE_66_length_11116_cov_33.248794	100.0		True
CONTIG	NODE_66_length_11116_cov_33.248794	11116	correct
2933878	2943963	10086	1	NC_002945.4	NODE_67_length_10298_cov_48.604169	99.99		True
CONTIG	NODE_67_length_10298_cov_48.604169	10298	correct
3980336	3984669	4519	186	NC_002945.4	NODE_68_length_4980_cov_34.041418	100.0		True
CONTIG	NODE_68_length_4980_cov_34.041418	4980	correct
1214750	1218395	3769	124	NC_002945.4	NODE_69_length_4656_cov_32.665047	100.0		True
local misassembly
1214066	1214774	4597	3889	NC_002945.4	NODE_69_length_4656_cov_32.665047	98.59		True
CONTIG	NODE_69_length_4656_cov_32.665047	4656	correct
1165899	1169900	1	4002	NC_002945.4	NODE_70_length_4002_cov_48.321032	99.98		True
CONTIG	NODE_70_length_4002_cov_48.321032	4002	correct
1092438	1096325	18	3905	NC_002945.4	NODE_71_length_3905_cov_40.422181	100.0		True
CONTIG	NODE_71_length_3905_cov_40.422181	3905	correct
1993335	1996181	3029	183	NC_002945.4	NODE_72_length_3029_cov_47.263956	99.89		True
CONTIG	NODE_72_length_3029_cov_47.263956	3029	correct
2284620	2287647	3028	1	NC_002945.4	NODE_73_length_3028_cov_35.776973	99.77		True
CONTIG	NODE_73_length_3028_cov_35.776973	3028	correct
2290710	2293716	1	3007	NC_002945.4	NODE_74_length_3007_cov_34.386458	100.0		True
CONTIG	NODE_74_length_3007_cov_34.386458	3007	correct
2158914	2160444	2345	815	NC_002945.4	NODE_75_length_2811_cov_52.623696	95.49		True
fake: scaffold gap size wrong estimation (local)
2158479	2158913	2811	2377	NC_002945.4	NODE_75_length_2811_cov_52.623696	100.0		True
CONTIG	NODE_75_length_2811_cov_52.623696	2811	correct
1635657	1638030	2374	1	NC_002945.4	NODE_76_length_2374_cov_30.499777	99.96		True
CONTIG	NODE_76_length_2374_cov_30.499777	2374	correct
1190378	1192678	1	2301	NC_002945.4	NODE_77_length_2322_cov_18.628246	99.74		True
CONTIG	NODE_77_length_2322_cov_18.628246	2322	correct
3878387	3880398	2157	146	NC_002945.4	NODE_78_length_2230_cov_4.937708	100.0		True
CONTIG	NODE_78_length_2230_cov_4.937708	2230	correct
607662	609211	1	1550	NC_002945.4	NODE_79_length_1550_cov_78.325369	100.0		True
CONTIG	NODE_79_length_1550_cov_78.325369	1550	correct
2325818	2326009	1	192	NC_002945.4	NODE_80_length_1548_cov_28.432090	100.0		True
inversion
2324529	2325688	1352	193	NC_002945.4	NODE_80_length_1548_cov_28.432090	100.0		True
CONTIG	NODE_80_length_1548_cov_28.432090	1548	misassembled
4193589	4195052	1464	1	NC_002945.4	NODE_81_length_1464_cov_106.338818	100.0		True
CONTIG	NODE_81_length_1464_cov_106.338818	1464	correct
2774298	2775640	1343	1	NC_002945.4	NODE_82_length_1455_cov_6.499247	99.85		True
CONTIG	NODE_82_length_1455_cov_6.499247	1455	correct
3443593	3445031	1	1439	NC_002945.4	NODE_83_length_1439_cov_57.827744	100.0		True
CONTIG	NODE_83_length_1439_cov_57.827744	1439	correct
336693	337980	92	1379	NC_002945.4	NODE_84_length_1379_cov_19.928914	99.92		True
CONTIG	NODE_84_length_1379_cov_19.928914	1379	correct
890952	892291	1	1340	NC_002945.4	NODE_85_length_1340_cov_86.285243	100.0		True
CONTIG	NODE_85_length_1340_cov_86.285243	1340	correct
3339137	3340461	1	1325	NC_002945.4	NODE_86_length_1325_cov_49.091820	100.0		True
CONTIG	NODE_86_length_1325_cov_49.091820	1325	correct
3835659	3836979	1321	1	NC_002945.4	NODE_87_length_1321_cov_110.858459	99.77		True
CONTIG	NODE_87_length_1321_cov_110.858459	1321	correct
2288581	2289835	1	1255	NC_002945.4	NODE_88_length_1255_cov_51.250887	100.0		True
CONTIG	NODE_88_length_1255_cov_51.250887	1255	correct
1996345	1997098	41	794	NC_002945.4	NODE_89_length_1189_cov_2.608286	100.0		True
CONTIG	NODE_89_length_1189_cov_2.608286	1189	correct
2287521	2288707	1187	1	NC_002945.4	NODE_90_length_1187_cov_36.398113	100.0		True
CONTIG	NODE_90_length_1187_cov_36.398113	1187	correct
335427	336391	1	965	NC_002945.4	NODE_91_length_1181_cov_6.084440	100.0		True
CONTIG	NODE_91_length_1181_cov_6.084440	1181	correct
2289709	2290836	1128	1	NC_002945.4	NODE_92_length_1128_cov_89.071928	99.91		True
CONTIG	NODE_92_length_1128_cov_89.071928	1128	correct
1340970	1342059	1090	1	NC_002945.4	NODE_93_length_1090_cov_35.981308	99.91		True
CONTIG	NODE_93_length_1090_cov_35.981308	1090	correct
CONTIG	NODE_94_length_1088_cov_0.668054	1088	unaligned
CONTIG	NODE_95_length_1048_cov_0.815418	1048	unaligned
3711277	3712306	1	1030	NC_002945.4	NODE_96_length_1030_cov_96.795127	100.0		True
CONTIG	NODE_96_length_1030_cov_96.795127	1030	correct
CONTIG	NODE_97_length_1021_cov_0.964206	1021	unaligned
CONTIG	NODE_98_length_1010_cov_1.208381	1010	unaligned
1165044	1166025	1	982	NC_002945.4	NODE_99_length_982_cov_90.322807	99.9		True
CONTIG	NODE_99_length_982_cov_90.322807	982	correct
CONTIG	NODE_100_length_969_cov_0.703088	969	unaligned
CONTIG	NODE_101_length_964_cov_0.580645	964	unaligned
CONTIG	NODE_102_length_949_cov_0.698297	949	unaligned
CONTIG	NODE_103_length_944_cov_0.867809	944	unaligned
CONTIG	NODE_104_length_939_cov_1.048030	939	unaligned
CONTIG	NODE_105_length_928_cov_0.545568	928	unaligned
CONTIG	NODE_106_length_922_cov_0.773585	922	unaligned
2800228	2801136	1	909	NC_002945.4	NODE_107_length_909_cov_295.971867	100.0		True
CONTIG	NODE_107_length_909_cov_295.971867	909	correct
1853534	1853682	193	341	NC_002945.4	NODE_108_length_900_cov_2.178525	100.0		True
relocation, inconsistency = 919892
2773575	2774133	342	900	NC_002945.4	NODE_108_length_900_cov_2.178525	99.82		True
CONTIG	NODE_108_length_900_cov_2.178525	900	misassembled
1985765	1986486	172	893	NC_002945.4	NODE_109_length_893_cov_1.588773	99.58		True
CONTIG	NODE_109_length_893_cov_1.588773	893	correct
CONTIG	NODE_110_length_892_cov_0.643137	892	unaligned
3341521	3342410	1	890	NC_002945.4	NODE_111_length_890_cov_36.706422	100.0		True
CONTIG	NODE_111_length_890_cov_36.706422	890	correct
CONTIG	NODE_112_length_862_cov_0.526531	862	unaligned
CONTIG	NODE_113_length_861_cov_0.918256	861	unaligned
1278286	1279129	1	844	NC_002945.4	NODE_114_length_844_cov_100.004184	100.0		True
CONTIG	NODE_114_length_844_cov_100.004184	844	correct
CONTIG	NODE_115_length_843_cov_1.289106	843	unaligned
CONTIG	NODE_116_length_830_cov_0.642959	830	unaligned
CONTIG	NODE_117_length_825_cov_0.886819	825	unaligned
CONTIG	NODE_118_length_811_cov_1.511696	811	unaligned
CONTIG	NODE_119_length_807_cov_0.966176	807	unaligned
CONTIG	NODE_120_length_805_cov_0.690265	805	unaligned
3444905	3445699	1	795	NC_002945.4	NODE_121_length_795_cov_110.726048	100.0		True
CONTIG	NODE_121_length_795_cov_110.726048	795	correct
CONTIG	NODE_122_length_767_cov_0.804688	767	unaligned
CONTIG	NODE_123_length_763_cov_0.864780	763	unaligned
CONTIG	NODE_124_length_756_cov_0.972973	756	unaligned
1091422	1092131	25	734	NC_002945.4	NODE_125_length_755_cov_1.648089	98.45		True
CONTIG	NODE_125_length_755_cov_1.648089	755	correct
CONTIG	NODE_126_length_748_cov_0.969404	748	unaligned
CONTIG	NODE_127_length_747_cov_0.701613	747	unaligned
CONTIG	NODE_128_length_746_cov_0.494346	746	unaligned
2693295	2694038	744	1	NC_002945.4	NODE_129_length_744_cov_87.478120	100.0		True
CONTIG	NODE_129_length_744_cov_87.478120	744	correct
CONTIG	NODE_130_length_742_cov_0.756098	742	unaligned
CONTIG	NODE_131_length_721_cov_1.358586	721	unaligned
CONTIG	NODE_132_length_715_cov_0.824830	715	unaligned
CONTIG	NODE_133_length_706_cov_0.664940	706	unaligned
CONTIG	NODE_134_length_704_cov_0.942808	704	unaligned
CONTIG	NODE_135_length_704_cov_0.703640	704	unaligned
CONTIG	NODE_136_length_700_cov_1.078534	700	unaligned
CONTIG	NODE_137_length_696_cov_0.840070	696	unaligned
CONTIG	NODE_138_length_688_cov_0.951872	688	unaligned
CONTIG	NODE_139_length_687_cov_1.282143	687	unaligned
CONTIG	NODE_140_length_685_cov_1.157706	685	unaligned
CONTIG	NODE_141_length_685_cov_0.781362	685	unaligned
CONTIG	NODE_142_length_684_cov_0.836625	684	unaligned
CONTIG	NODE_143_length_684_cov_0.822262	684	unaligned
CONTIG	NODE_144_length_684_cov_0.739677	684	unaligned
CONTIG	NODE_145_length_683_cov_0.852518	683	unaligned
CONTIG	NODE_146_length_676_cov_1.278689	676	unaligned
CONTIG	NODE_147_length_669_cov_1.140221	669	unaligned
CONTIG	NODE_148_length_664_cov_1.281192	664	unaligned
CONTIG	NODE_149_length_664_cov_1.273743	664	unaligned
CONTIG	NODE_150_length_663_cov_1.240672	663	unaligned
CONTIG	NODE_151_length_662_cov_0.848598	662	unaligned
CONTIG	NODE_152_length_660_cov_1.108818	660	unaligned
CONTIG	NODE_153_length_659_cov_1.184211	659	unaligned
CONTIG	NODE_154_length_659_cov_0.896617	659	unaligned
CONTIG	NODE_155_length_657_cov_0.724528	657	unaligned
CONTIG	NODE_156_length_656_cov_1.047259	656	unaligned
CONTIG	NODE_157_length_653_cov_0.821293	653	unaligned
CONTIG	NODE_158_length_650_cov_1.015296	650	unaligned
840188	840835	1	648	NC_002945.4	NODE_159_length_648_cov_13.783109	100.0		True
CONTIG	NODE_159_length_648_cov_13.783109	648	correct
CONTIG	NODE_160_length_647_cov_1.011538	647	unaligned
CONTIG	NODE_161_length_647_cov_0.950000	647	unaligned
CONTIG	NODE_162_length_644_cov_0.642166	644	unaligned
3340552	3341186	635	1	NC_002945.4	NODE_163_length_635_cov_42.480315	100.0		True
CONTIG	NODE_163_length_635_cov_42.480315	635	correct
1342064	1342697	1	634	NC_002945.4	NODE_164_length_634_cov_55.800789	100.0		True
CONTIG	NODE_164_length_634_cov_55.800789	634	correct
CONTIG	NODE_165_length_633_cov_0.666008	633	unaligned
CONTIG	NODE_166_length_629_cov_1.280876	629	unaligned
CONTIG	NODE_167_length_624_cov_0.875252	624	unaligned
3893454	3893926	619	147	NC_002945.4	NODE_168_length_623_cov_3.582661	99.37		True
CONTIG	NODE_168_length_623_cov_3.582661	623	correct
CONTIG	NODE_169_length_623_cov_0.754032	623	unaligned
CONTIG	NODE_170_length_623_cov_0.747984	623	unaligned
CONTIG	NODE_171_length_621_cov_0.927126	621	unaligned
CONTIG	NODE_172_length_620_cov_0.675456	620	unaligned
CONTIG	NODE_173_length_619_cov_0.668699	619	unaligned
CONTIG	NODE_174_length_618_cov_0.778004	618	unaligned
CONTIG	NODE_175_length_617_cov_1.040816	617	unaligned
CONTIG	NODE_176_length_614_cov_0.761807	614	unaligned
CONTIG	NODE_177_length_611_cov_0.780992	611	unaligned
CONTIG	NODE_178_length_611_cov_0.770661	611	unaligned
CONTIG	NODE_179_length_611_cov_0.675620	611	unaligned
CONTIG	NODE_180_length_609_cov_0.804979	609	unaligned
CONTIG	NODE_181_length_609_cov_0.682573	609	unaligned
CONTIG	NODE_182_length_607_cov_0.712500	607	unaligned
CONTIG	NODE_183_length_606_cov_1.549061	606	unaligned
CONTIG	NODE_184_length_602_cov_1.042105	602	unaligned
CONTIG	NODE_185_length_600_cov_0.856237	600	unaligned
CONTIG	NODE_186_length_599_cov_1.042373	599	unaligned
CONTIG	NODE_187_length_599_cov_0.911017	599	unaligned
CONTIG	NODE_188_length_598_cov_1.033970	598	unaligned
CONTIG	NODE_189_length_597_cov_1.121277	597	unaligned
CONTIG	NODE_190_length_596_cov_0.582090	596	unaligned
CONTIG	NODE_191_length_596_cov_0.567164	596	unaligned
CONTIG	NODE_192_length_595_cov_1.128205	595	unaligned
CONTIG	NODE_193_length_594_cov_1.051392	594	unaligned
CONTIG	NODE_194_length_594_cov_1.040685	594	unaligned
CONTIG	NODE_195_length_592_cov_0.950538	592	unaligned
1491422	1491835	418	5	NC_002945.4	NODE_196_length_590_cov_1.198704	98.79		True
CONTIG	NODE_196_length_590_cov_1.198704	590	correct
CONTIG	NODE_197_length_590_cov_0.742981	590	unaligned
CONTIG	NODE_198_length_589_cov_0.787879	589	unaligned
3341060	3341647	1	588	NC_002945.4	NODE_199_length_588_cov_78.459870	100.0		True
CONTIG	NODE_199_length_588_cov_78.459870	588	correct
CONTIG	NODE_200_length_588_cov_0.709328	588	unaligned
CONTIG	NODE_201_length_587_cov_0.886957	587	unaligned
CONTIG	NODE_202_length_586_cov_0.671024	586	unaligned
CONTIG	NODE_203_length_585_cov_1.076419	585	unaligned
CONTIG	NODE_204_length_585_cov_0.980349	585	unaligned
CONTIG	NODE_205_length_580_cov_0.929360	580	unaligned
CONTIG	NODE_206_length_576_cov_1.327394	576	unaligned
CONTIG	NODE_207_length_576_cov_0.868597	576	unaligned
CONTIG	NODE_208_length_576_cov_0.748330	576	unaligned
CONTIG	NODE_209_length_575_cov_1.361607	575	unaligned
CONTIG	NODE_210_length_574_cov_0.988814	574	unaligned
CONTIG	NODE_211_length_574_cov_0.805369	574	unaligned
CONTIG	NODE_212_length_573_cov_0.901345	573	unaligned
CONTIG	NODE_213_length_573_cov_0.580717	573	unaligned
CONTIG	NODE_214_length_572_cov_0.966292	572	unaligned
CONTIG	NODE_215_length_572_cov_0.831461	572	unaligned
CONTIG	NODE_216_length_571_cov_0.808559	571	unaligned
CONTIG	NODE_217_length_571_cov_0.707207	571	unaligned
CONTIG	NODE_218_length_570_cov_1.647856	570	unaligned
CONTIG	NODE_219_length_570_cov_0.753950	570	unaligned
CONTIG	NODE_220_length_568_cov_2.079365	568	unaligned
CONTIG	NODE_221_length_567_cov_1.125000	567	unaligned
CONTIG	NODE_222_length_566_cov_0.974943	566	unaligned
1096199	1096763	565	1	NC_002945.4	NODE_223_length_565_cov_22.337900	99.47		True
CONTIG	NODE_223_length_565_cov_22.337900	565	correct
CONTIG	NODE_224_length_564_cov_0.869565	564	unaligned
CONTIG	NODE_225_length_563_cov_1.032110	563	unaligned
CONTIG	NODE_226_length_563_cov_0.745413	563	unaligned
CONTIG	NODE_227_length_563_cov_0.603211	563	unaligned
CONTIG	NODE_228_length_561_cov_0.972350	561	unaligned
CONTIG	NODE_229_length_560_cov_1.138568	560	unaligned
CONTIG	NODE_230_length_560_cov_1.043880	560	unaligned
CONTIG	NODE_231_length_559_cov_1.009259	559	unaligned
CONTIG	NODE_232_length_556_cov_0.941725	556	unaligned
CONTIG	NODE_233_length_555_cov_1.518692	555	unaligned
CONTIG	NODE_234_length_553_cov_1.856808	553	unaligned
CONTIG	NODE_235_length_553_cov_1.100939	553	unaligned
CONTIG	NODE_236_length_551_cov_1.160377	551	unaligned
CONTIG	NODE_237_length_550_cov_0.843972	550	unaligned
CONTIG	NODE_238_length_549_cov_0.962085	549	unaligned
CONTIG	NODE_239_length_547_cov_1.173810	547	unaligned
2932259	2932805	1	547	NC_002945.4	NODE_240_length_547_cov_1.016667	99.63		True
CONTIG	NODE_240_length_547_cov_1.016667	547	correct
CONTIG	NODE_241_length_545_cov_0.976077	545	unaligned
CONTIG	NODE_242_length_544_cov_0.657074	544	unaligned
CONTIG	NODE_243_length_543_cov_1.298077	543	unaligned
CONTIG	NODE_244_length_543_cov_1.211538	543	unaligned
CONTIG	NODE_245_length_543_cov_1.019231	543	unaligned
CONTIG	NODE_246_length_543_cov_1.012019	543	unaligned
CONTIG	NODE_247_length_542_cov_1.790361	542	unaligned
CONTIG	NODE_248_length_536_cov_1.205379	536	unaligned
CONTIG	NODE_249_length_536_cov_1.110024	536	unaligned
CONTIG	NODE_250_length_536_cov_0.396088	536	unaligned
CONTIG	NODE_251_length_535_cov_0.517157	535	unaligned
CONTIG	NODE_252_length_534_cov_0.911548	534	unaligned
CONTIG	NODE_253_length_534_cov_0.840295	534	unaligned
CONTIG	NODE_254_length_533_cov_0.660099	533	unaligned
CONTIG	NODE_255_length_532_cov_0.525926	532	unaligned
CONTIG	NODE_256_length_531_cov_0.990099	531	unaligned
CONTIG	NODE_257_length_530_cov_0.920596	530	unaligned
CONTIG	NODE_258_length_528_cov_0.927681	528	unaligned
CONTIG	NODE_259_length_527_cov_0.855000	527	unaligned
CONTIG	NODE_260_length_527_cov_0.722500	527	unaligned
CONTIG	NODE_261_length_526_cov_1.087719	526	unaligned
CONTIG	NODE_262_length_526_cov_0.897243	526	unaligned
4294093	4294616	524	1	NC_002945.4	NODE_263_length_524_cov_7.455919	100.0		True
CONTIG	NODE_263_length_524_cov_7.455919	524	correct
CONTIG	NODE_264_length_524_cov_1.801008	524	unaligned
CONTIG	NODE_265_length_524_cov_0.818640	524	unaligned
1218475	1218997	1	523	NC_002945.4	NODE_266_length_523_cov_2.189394	99.24		True
CONTIG	NODE_266_length_523_cov_2.189394	523	correct
841711	842098	136	523	NC_002945.4	NODE_267_length_523_cov_1.497475	100.0		True
CONTIG	NODE_267_length_523_cov_1.497475	523	correct
CONTIG	NODE_268_length_520_cov_0.933842	520	unaligned
CONTIG	NODE_269_length_518_cov_0.728900	518	unaligned
CONTIG	NODE_270_length_517_cov_1.192308	517	unaligned
CONTIG	NODE_271_length_517_cov_0.869231	517	unaligned
CONTIG	NODE_272_length_515_cov_1.265464	515	unaligned
CONTIG	NODE_273_length_515_cov_0.907216	515	unaligned
CONTIG	NODE_274_length_512_cov_1.148052	512	unaligned
CONTIG	NODE_275_length_511_cov_1.236979	511	unaligned
CONTIG	NODE_276_length_511_cov_0.861979	511	unaligned
CONTIG	NODE_277_length_510_cov_1.041775	510	unaligned
CONTIG	NODE_278_length_510_cov_0.754569	510	unaligned
CONTIG	NODE_279_length_506_cov_0.976253	506	unaligned
CONTIG	NODE_280_length_504_cov_1.310345	504	unaligned
CONTIG	NODE_281_length_504_cov_0.830239	504	unaligned
CONTIG	NODE_282_length_503_cov_1.316489	503	unaligned
CONTIG	NODE_283_length_503_cov_0.970745	503	unaligned
CONTIG	NODE_284_length_502_cov_1.320000	502	unaligned
CONTIG	NODE_285_length_502_cov_0.930667	502	unaligned
CONTIG	NODE_286_length_502_cov_0.698667	502	unaligned
CONTIG	NODE_287_length_501_cov_1.657754	501	unaligned
CONTIG	NODE_288_length_501_cov_1.016043	501	unaligned
CONTIG	NODE_289_length_501_cov_0.911765	501	unaligned
