S1	E1	S2	E2	Reference	Contig	IDY	Ambiguous	Best_group
2957039	3193870	236242	1	NC_002945.4	NODE_1_length_236242_cov_48.487779	99.58		True
CONTIG	NODE_1_length_236242_cov_48.487779	236242	correct
3445573	3673271	227591	1	NC_002945.4	NODE_2_length_227591_cov_48.934258	99.93		True
CONTIG	NODE_2_length_227591_cov_48.934258	227591	correct
2444879	2665753	220933	1	NC_002945.4	NODE_3_length_220933_cov_48.626097	99.96		True
CONTIG	NODE_3_length_220933_cov_48.626097	220933	correct
402605	581801	179082	1	NC_002945.4	NODE_4_length_179082_cov_48.325177	99.92		True
CONTIG	NODE_4_length_179082_cov_48.325177	179082	correct
676731	824045	183	147498	NC_002945.4	NODE_5_length_161131_cov_49.278943	99.99		True
local misassembly
824601	838029	147499	160927	NC_002945.4	NODE_5_length_161131_cov_49.278943	99.98		True
CONTIG	NODE_5_length_161131_cov_49.278943	161131	correct
4035858	4193715	157743	1	NC_002945.4	NODE_6_length_157743_cov_47.344673	99.92		True
CONTIG	NODE_6_length_157743_cov_47.344673	157743	correct
150075	306654	1	156553	NC_002945.4	NODE_7_length_156553_cov_47.797642	99.97		True
CONTIG	NODE_7_length_156553_cov_47.797642	156553	correct
30083	103918	73849	1	NC_002945.4	NODE_8_length_151445_cov_48.597900	99.96		True
local misassembly
1	29469	103319	73851	NC_002945.4	NODE_8_length_151445_cov_48.597900	99.99		True
fake: not a misassembly [linear representation of circular genome]
4301938	4349904	151285	103320	NC_002945.4	NODE_8_length_151445_cov_48.597900	99.99		True
CONTIG	NODE_8_length_151445_cov_48.597900	151445	correct
1635657	1638240	1	2584	NC_002945.4	NODE_9_length_132999_cov_50.554759	100.0		True
local misassembly
1638385	1638619	2585	2819	NC_002945.4	NODE_9_length_132999_cov_50.554759	100.0		True
local misassembly
1638965	1769053	2820	132907	NC_002945.4	NODE_9_length_132999_cov_50.554759	99.99		True
CONTIG	NODE_9_length_132999_cov_50.554759	132999	correct
1010930	1091462	80683	148	NC_002945.4	NODE_10_length_120028_cov_47.789843	99.99		True
relocation, inconsistency = 1457
970273	1009472	119882	80684	NC_002945.4	NODE_10_length_120028_cov_47.789843	99.98		True
CONTIG	NODE_10_length_120028_cov_47.789843	120028	misassembled
3297493	3338080	40757	1	NC_002945.4	NODE_11_length_119002_cov_49.526217	99.81		True
indel: stretch of mismatches
3219365	3297478	118942	40772	NC_002945.4	NODE_11_length_119002_cov_49.526217	99.92		True
CONTIG	NODE_11_length_119002_cov_49.526217	119002	correct
1869314	1985612	115833	1	NC_002945.4	NODE_12_length_115900_cov_47.345875	99.58		True
CONTIG	NODE_12_length_115900_cov_47.345875	115900	correct
2057047	2083604	159	26716	NC_002945.4	NODE_13_length_104279_cov_48.006894	99.98		True
local misassembly
2083596	2140633	26855	83892	NC_002945.4	NODE_13_length_104279_cov_48.006894	99.99		True
local misassembly
2140855	2158516	83911	101572	NC_002945.4	NODE_13_length_104279_cov_48.006894	99.96		True
local misassembly
2158655	2159088	101573	102006	NC_002945.4	NODE_13_length_104279_cov_48.006894	100.0		True
fake: scaffold gap size wrong estimation (local)
2160645	2160846	103369	103570	NC_002945.4	NODE_13_length_104279_cov_48.006894	100.0		True
fake: scaffold gap size wrong estimation (local)
2160997	2161605	103671	104279	NC_002945.4	NODE_13_length_104279_cov_48.006894	99.84		True
CONTIG	NODE_13_length_104279_cov_48.006894	104279	correct
3343594	3442410	1	98884	NC_002945.4	NODE_14_length_98884_cov_49.945999	99.92		True
CONTIG	NODE_14_length_98884_cov_49.945999	98884	correct
1386934	1470724	83734	1	NC_002945.4	NODE_15_length_83848_cov_50.254990	99.92		True
CONTIG	NODE_15_length_83848_cov_50.254990	83848	correct
3898832	3979489	1	80658	NC_002945.4	NODE_16_length_80660_cov_48.204140	99.98		True
CONTIG	NODE_16_length_80660_cov_48.204140	80660	correct
2693912	2773109	79266	70	NC_002945.4	NODE_17_length_79266_cov_47.963368	99.99		True
CONTIG	NODE_17_length_79266_cov_47.963368	79266	correct
2294650	2324272	1	29623	NC_002945.4	NODE_18_length_75105_cov_45.537318	99.99		True
relocation, inconsistency = 2596
2326869	2372350	29624	75105	NC_002945.4	NODE_18_length_75105_cov_45.537318	99.98		True
CONTIG	NODE_18_length_75105_cov_45.537318	75105	misassembled
1779460	1853811	1	74352	NC_002945.4	NODE_19_length_74358_cov_47.316539	99.99		True
CONTIG	NODE_19_length_74358_cov_47.316539	74358	correct
3759407	3830690	1	71427	NC_002945.4	NODE_20_length_71448_cov_45.196814	99.98		True
CONTIG	NODE_20_length_71448_cov_45.196814	71448	correct
1096985	1165170	68175	1	NC_002945.4	NODE_21_length_68175_cov_46.632157	99.97		True
CONTIG	NODE_21_length_68175_cov_46.632157	68175	correct
2852105	2916695	64590	1	NC_002945.4	NODE_22_length_64758_cov_46.988612	99.98		True
CONTIG	NODE_22_length_64758_cov_46.988612	64758	correct
4194926	4259153	64228	1	NC_002945.4	NODE_23_length_64228_cov_49.427638	99.99		True
CONTIG	NODE_23_length_64228_cov_49.427638	64228	correct
1997082	2056422	145	59485	NC_002945.4	NODE_24_length_60993_cov_46.234548	99.98		True
relocation, inconsistency = -1719830
336693	338092	59586	60985	NC_002945.4	NODE_24_length_60993_cov_46.234548	100.0		True
CONTIG	NODE_24_length_60993_cov_46.234548	60993	misassembled
1280097	1340762	60728	1	NC_002945.4	NODE_25_length_60728_cov_51.283741	99.89		True
CONTIG	NODE_25_length_60728_cov_51.283741	60728	correct
1219381	1278412	1	59032	NC_002945.4	NODE_26_length_59032_cov_47.046821	99.99		True
CONTIG	NODE_26_length_59032_cov_47.046821	59032	correct
4000854	4035711	34858	1	NC_002945.4	NODE_27_length_55400_cov_45.502650	99.98		True
fake: scaffold gap size wrong estimation (local)
3980336	4000631	55254	34959	NC_002945.4	NODE_27_length_55400_cov_45.502650	100.0		True
CONTIG	NODE_27_length_55400_cov_45.502650	55400	correct
2801012	2852054	51043	1	NC_002945.4	NODE_28_length_51043_cov_49.347140	99.99		True
CONTIG	NODE_28_length_51043_cov_49.347140	51043	correct
1574142	1623833	79	49770	NC_002945.4	NODE_29_length_49770_cov_45.576234	99.98		True
CONTIG	NODE_29_length_49770_cov_45.576234	49770	correct
625201	674098	1	48871	NC_002945.4	NODE_30_length_48871_cov_44.662441	99.93		True
CONTIG	NODE_30_length_48871_cov_44.662441	48871	correct
842778	891078	48301	1	NC_002945.4	NODE_31_length_48301_cov_47.980882	99.99		True
CONTIG	NODE_31_length_48301_cov_47.980882	48301	correct
1491980	1535110	124	43254	NC_002945.4	NODE_32_length_43254_cov_53.057157	99.98		True
CONTIG	NODE_32_length_43254_cov_53.057157	43254	correct
1343879	1386649	42776	1	NC_002945.4	NODE_33_length_42776_cov_46.454430	99.99		True
CONTIG	NODE_33_length_42776_cov_46.454430	42776	correct
3836888	3878180	41466	182	NC_002945.4	NODE_34_length_41466_cov_47.603909	99.96		True
CONTIG	NODE_34_length_41466_cov_47.603909	41466	correct
930743	970082	156	39615	NC_002945.4	NODE_35_length_39615_cov_45.640752	99.68		True
CONTIG	NODE_35_length_39615_cov_45.640752	39615	correct
1535942	1573903	1	37962	NC_002945.4	NODE_36_length_38141_cov_48.645894	99.99		True
CONTIG	NODE_36_length_38141_cov_48.645894	38141	correct
2246102	2283745	37646	1	NC_002945.4	NODE_37_length_37821_cov_53.536876	99.95		True
CONTIG	NODE_37_length_37821_cov_53.536876	37821	correct
363881	401308	37428	1	NC_002945.4	NODE_38_length_37434_cov_46.507814	99.98		True
CONTIG	NODE_38_length_37434_cov_46.507814	37434	correct
609085	624420	1	15336	NC_002945.4	NODE_39_length_36959_cov_40.696541	99.98		True
relocation, inconsistency = 1762247
2386668	2408290	36959	15337	NC_002945.4	NODE_39_length_36959_cov_40.696541	100.0		True
CONTIG	NODE_39_length_36959_cov_40.696541	36959	misassembled
2210028	2246066	36039	1	NC_002945.4	NODE_40_length_36039_cov_55.421725	99.99		True
CONTIG	NODE_40_length_36039_cov_55.421725	36039	correct
3737665	3758901	21500	264	NC_002945.4	NODE_41_length_34109_cov_49.264228	99.99		True
local misassembly
3724846	3737454	34109	21501	NC_002945.4	NODE_41_length_34109_cov_49.264228	99.98		True
CONTIG	NODE_41_length_34109_cov_49.264228	34109	correct
1190092	1204689	14687	90	NC_002945.4	NODE_42_length_33991_cov_49.370157	99.97		True
local misassembly
1170557	1189860	33991	14688	NC_002945.4	NODE_42_length_33991_cov_49.370157	99.99		True
CONTIG	NODE_42_length_33991_cov_49.370157	33991	correct
2161870	2192094	1	30226	NC_002945.4	NODE_43_length_30226_cov_50.556464	99.99		True
CONTIG	NODE_43_length_30226_cov_50.556464	30226	correct
105040	132399	1	27360	NC_002945.4	NODE_44_length_27523_cov_48.482297	99.98		True
CONTIG	NODE_44_length_27523_cov_48.482297	27523	correct
2666008	2693421	27413	1	NC_002945.4	NODE_45_length_27413_cov_46.416147	99.99		True
CONTIG	NODE_45_length_27413_cov_46.416147	27413	correct
306705	333298	187	26675	NC_002945.4	NODE_46_length_26929_cov_44.471084	99.6		True
indel: stretch of mismatches
333299	333426	26676	26803	NC_002945.4	NODE_46_length_26929_cov_44.471084	99.76		True
CONTIG	NODE_46_length_26929_cov_44.471084	26929	correct
581820	607788	25969	1	NC_002945.4	NODE_47_length_25969_cov_48.312437	99.99		True
CONTIG	NODE_47_length_25969_cov_48.312437	25969	correct
3674358	3700296	1	25921	NC_002945.4	NODE_48_length_25921_cov_33.159262	99.93		True
CONTIG	NODE_48_length_25921_cov_33.159262	25921	correct
338173	363805	25546	1	NC_002945.4	NODE_49_length_25684_cov_40.637907	99.6		True
CONTIG	NODE_49_length_25684_cov_40.637907	25684	correct
4259930	4281677	21746	1	NC_002945.4	NODE_50_length_21746_cov_49.548406	99.98		True
CONTIG	NODE_50_length_21746_cov_49.548406	21746	correct
2423267	2444896	21630	1	NC_002945.4	NODE_51_length_21630_cov_46.879877	99.99		True
CONTIG	NODE_51_length_21630_cov_46.879877	21630	correct
1471935	1490747	1	18814	NC_002945.4	NODE_52_length_19727_cov_48.755969	99.98		True
local misassembly
1490961	1491873	18815	19727	NC_002945.4	NODE_52_length_19727_cov_48.755969	99.56		True
CONTIG	NODE_52_length_19727_cov_48.755969	19727	correct
2192685	2209982	1	17298	NC_002945.4	NODE_53_length_17435_cov_52.694361	99.99		True
CONTIG	NODE_53_length_17435_cov_52.694361	17435	correct
892165	909508	17344	1	NC_002945.4	NODE_54_length_17344_cov_50.336179	99.99		True
CONTIG	NODE_54_length_17344_cov_50.336179	17344	correct
2776928	2793830	66	16968	NC_002945.4	NODE_55_length_17080_cov_51.678464	99.98		True
CONTIG	NODE_55_length_17080_cov_51.678464	17080	correct
132615	149547	16933	1	NC_002945.4	NODE_56_length_16933_cov_54.753064	99.96		True
CONTIG	NODE_56_length_16933_cov_54.753064	16933	correct
910050	926209	1	16160	NC_002945.4	NODE_57_length_16248_cov_49.566094	99.98		True
CONTIG	NODE_57_length_16248_cov_49.566094	16248	correct
3193780	3209289	15641	32	NC_002945.4	NODE_58_length_15641_cov_51.805724	100.0		True
CONTIG	NODE_58_length_15641_cov_51.805724	15641	correct
1853856	1869173	162	15479	NC_002945.4	NODE_59_length_15568_cov_33.291173	99.99		True
CONTIG	NODE_59_length_15568_cov_33.291173	15568	correct
2916851	2932207	15357	1	NC_002945.4	NODE_60_length_15357_cov_51.981418	99.96		True
CONTIG	NODE_60_length_15357_cov_51.981418	15357	correct
2372452	2386761	14310	1	NC_002945.4	NODE_61_length_14436_cov_48.334824	99.98		True
CONTIG	NODE_61_length_14436_cov_48.334824	14436	correct
2409067	2422776	13710	1	NC_002945.4	NODE_62_length_13710_cov_44.294633	99.98		True
CONTIG	NODE_62_length_13710_cov_44.294633	13710	correct
3712180	3724754	1	12575	NC_002945.4	NODE_63_length_12646_cov_25.876987	99.96		True
CONTIG	NODE_63_length_12646_cov_25.876987	12646	correct
2944619	2957076	12458	1	NC_002945.4	NODE_64_length_12458_cov_42.568080	99.98		True
CONTIG	NODE_64_length_12458_cov_42.568080	12458	correct
4281684	4293947	12368	105	NC_002945.4	NODE_65_length_12368_cov_47.838494	99.99		True
CONTIG	NODE_65_length_12368_cov_47.838494	12368	correct
3700306	3711403	1	11098	NC_002945.4	NODE_66_length_11098_cov_29.116580	100.0		True
CONTIG	NODE_66_length_11098_cov_29.116580	11098	correct
2933635	2943963	144	10472	NC_002945.4	NODE_67_length_10472_cov_41.790913	99.99		True
CONTIG	NODE_67_length_10472_cov_41.790913	10472	correct
3209311	3219352	10042	1	NC_002945.4	NODE_68_length_10165_cov_49.485655	100.0		True
CONTIG	NODE_68_length_10165_cov_49.485655	10165	correct
3884045	3890278	1	6225	NC_002945.4	NODE_69_length_9601_cov_19.621701	99.5		True
local misassembly
3890969	3894344	6226	9601	NC_002945.4	NODE_69_length_9601_cov_19.621701	99.79		True
CONTIG	NODE_69_length_9601_cov_19.621701	9601	correct
1623857	1632968	1	9055	NC_002945.4	NODE_70_length_9055_cov_37.323365	99.34		True
CONTIG	NODE_70_length_9055_cov_37.323365	9055	correct
1204847	1213474	8805	178	NC_002945.4	NODE_71_length_8931_cov_43.142549	99.98		True
CONTIG	NODE_71_length_8931_cov_43.142549	8931	correct
4294609	4301847	4	7242	NC_002945.4	NODE_72_length_7459_cov_39.487316	99.99		True
CONTIG	NODE_72_length_7459_cov_39.487316	7459	correct
2793903	2799828	200	6125	NC_002945.4	NODE_73_length_6125_cov_44.115539	99.98		True
CONTIG	NODE_73_length_6125_cov_44.115539	6125	correct
1987019	1992127	1	5110	NC_002945.4	NODE_74_length_5110_cov_45.435079	99.98		True
CONTIG	NODE_74_length_5110_cov_45.435079	5110	correct
3830725	3835785	5061	1	NC_002945.4	NODE_75_length_5061_cov_52.234293	100.0		True
CONTIG	NODE_75_length_5061_cov_52.234293	5061	correct
1165899	1169900	1	4002	NC_002945.4	NODE_76_length_4002_cov_52.673548	99.98		True
CONTIG	NODE_76_length_4002_cov_52.673548	4002	correct
1214750	1218408	3659	1	NC_002945.4	NODE_77_length_3952_cov_34.482614	100.0		True
CONTIG	NODE_77_length_3952_cov_34.482614	3952	correct
1993335	1996028	1	2694	NC_002945.4	NODE_78_length_3827_cov_35.790270	100.0		True
relocation, inconsistency = -1156348
839681	840706	2695	3720	NC_002945.4	NODE_78_length_3827_cov_35.790270	100.0		True
CONTIG	NODE_78_length_3827_cov_35.790270	3827	misassembled
2284620	2287647	3028	1	NC_002945.4	NODE_79_length_3028_cov_37.466391	99.77		True
CONTIG	NODE_79_length_3028_cov_37.466391	3028	correct
2290710	2293716	3007	1	NC_002945.4	NODE_80_length_3007_cov_29.938889	100.0		True
CONTIG	NODE_80_length_3007_cov_29.938889	3007	correct
927993	928975	46	1037	NC_002945.4	NODE_81_length_2857_cov_9.915751	99.09		True
local misassembly
928970	930601	1176	2807	NC_002945.4	NODE_81_length_2857_cov_9.915751	100.0		True
CONTIG	NODE_81_length_2857_cov_9.915751	2857	correct
1092438	1094668	28	2258	NC_002945.4	NODE_82_length_2258_cov_30.633036	100.0		True
CONTIG	NODE_82_length_2258_cov_30.633036	2258	correct
3881761	3882155	1	395	NC_002945.4	NODE_83_length_2095_cov_4.590955	100.0		True
local misassembly
3882139	3883639	547	2095	NC_002945.4	NODE_83_length_2095_cov_4.590955	96.9		True
CONTIG	NODE_83_length_2095_cov_4.590955	2095	correct
3878187	3880119	6	1938	NC_002945.4	NODE_84_length_2088_cov_6.278939	99.84		True
CONTIG	NODE_84_length_2088_cov_6.278939	2088	correct
674730	676337	1779	172	NC_002945.4	NODE_85_length_1942_cov_4.863361	99.5		True
CONTIG	NODE_85_length_1942_cov_4.863361	1942	correct
2774175	2775583	184	1592	NC_002945.4	NODE_86_length_1631_cov_7.234707	99.93		True
CONTIG	NODE_86_length_1631_cov_7.234707	1631	correct
1094890	1096467	1578	1	NC_002945.4	NODE_87_length_1578_cov_38.465886	99.75		True
CONTIG	NODE_87_length_1578_cov_38.465886	1578	correct
401182	402731	1	1550	NC_002945.4	NODE_88_length_1550_cov_76.456781	100.0		True
CONTIG	NODE_88_length_1550_cov_76.456781	1550	correct
2324580	2325778	95	1293	NC_002945.4	NODE_89_length_1472_cov_24.430483	100.0		True
CONTIG	NODE_89_length_1472_cov_24.430483	1472	correct
4193589	4195052	1464	1	NC_002945.4	NODE_90_length_1464_cov_103.438295	100.0		True
CONTIG	NODE_90_length_1464_cov_103.438295	1464	correct
3897204	3898585	1373	1	NC_002945.4	NODE_91_length_1441_cov_26.921613	99.35		True
CONTIG	NODE_91_length_1441_cov_26.921613	1441	correct
3443593	3445031	1439	1	NC_002945.4	NODE_92_length_1439_cov_62.296494	100.0		True
CONTIG	NODE_92_length_1439_cov_62.296494	1439	correct
890952	892291	1340	1	NC_002945.4	NODE_93_length_1340_cov_100.516900	100.0		True
CONTIG	NODE_93_length_1340_cov_100.516900	1340	correct
3339137	3340461	1325	1	NC_002945.4	NODE_94_length_1325_cov_37.904007	100.0		True
CONTIG	NODE_94_length_1325_cov_37.904007	1325	correct
3835659	3836979	1	1321	NC_002945.4	NODE_95_length_1321_cov_102.462312	99.7		True
CONTIG	NODE_95_length_1321_cov_102.462312	1321	correct
2288581	2289835	1255	1	NC_002945.4	NODE_96_length_1255_cov_47.939716	100.0		True
CONTIG	NODE_96_length_1255_cov_47.939716	1255	correct
2293590	2294776	1	1187	NC_002945.4	NODE_97_length_1187_cov_35.469811	100.0		True
CONTIG	NODE_97_length_1187_cov_35.469811	1187	correct
CONTIG	NODE_98_length_1183_cov_1.570076	1183	unaligned
2289709	2290836	1128	1	NC_002945.4	NODE_99_length_1128_cov_75.251748	99.91		True
CONTIG	NODE_99_length_1128_cov_75.251748	1128	correct
1340970	1342059	1	1090	NC_002945.4	NODE_100_length_1090_cov_34.813084	99.91		True
CONTIG	NODE_100_length_1090_cov_34.813084	1090	correct
1996152	1996955	40	843	NC_002945.4	NODE_101_length_1032_cov_3.266298	99.38		True
CONTIG	NODE_101_length_1032_cov_3.266298	1032	correct
3711277	3712306	1030	1	NC_002945.4	NODE_102_length_1030_cov_105.122924	100.0		True
CONTIG	NODE_102_length_1030_cov_105.122924	1030	correct
1165044	1166025	982	1	NC_002945.4	NODE_103_length_982_cov_95.792982	99.9		True
CONTIG	NODE_103_length_982_cov_95.792982	982	correct
335473	336374	7	908	NC_002945.4	NODE_104_length_935_cov_7.055693	100.0		True
CONTIG	NODE_104_length_935_cov_7.055693	935	correct
2943837	2944745	909	1	NC_002945.4	NODE_105_length_909_cov_312.379795	100.0		True
CONTIG	NODE_105_length_909_cov_312.379795	909	correct
3341521	3342410	890	1	NC_002945.4	NODE_106_length_890_cov_26.922674	100.0		True
CONTIG	NODE_106_length_890_cov_26.922674	890	correct
3894591	3895304	878	165	NC_002945.4	NODE_107_length_878_cov_37.233023	100.0		True
CONTIG	NODE_107_length_878_cov_37.233023	878	correct
CONTIG	NODE_108_length_864_cov_2.181818	864	unaligned
1278286	1279129	844	1	NC_002945.4	NODE_109_length_844_cov_88.831241	100.0		True
CONTIG	NODE_109_length_844_cov_88.831241	844	correct
1091507	1092122	75	690	NC_002945.4	NODE_110_length_813_cov_1.779883	98.7		True
CONTIG	NODE_110_length_813_cov_1.779883	813	correct
3444905	3445699	1	795	NC_002945.4	NODE_111_length_795_cov_109.049401	100.0		True
CONTIG	NODE_111_length_795_cov_109.049401	795	correct
674109	674654	677	132	NC_002945.4	NODE_112_length_790_cov_4.187029	99.82		True
CONTIG	NODE_112_length_790_cov_4.187029	790	correct
2773524	2774133	610	1	NC_002945.4	NODE_113_length_751_cov_3.931090	100.0		True
CONTIG	NODE_113_length_751_cov_3.931090	751	correct
2693295	2694038	744	1	NC_002945.4	NODE_114_length_744_cov_86.270665	100.0		True
CONTIG	NODE_114_length_744_cov_86.270665	744	correct
1985774	1986516	1	743	NC_002945.4	NODE_115_length_743_cov_5.400974	100.0		True
CONTIG	NODE_115_length_743_cov_5.400974	743	correct
1213934	1214563	1	630	NC_002945.4	NODE_116_length_732_cov_2.461157	99.37		True
CONTIG	NODE_116_length_732_cov_2.461157	732	correct
2056449	2056918	219	688	NC_002945.4	NODE_117_length_688_cov_1.846702	100.0		True
CONTIG	NODE_117_length_688_cov_1.846702	688	correct
841459	841978	679	169	NC_002945.4	NODE_118_length_679_cov_4.327899	98.08		True
CONTIG	NODE_118_length_679_cov_4.327899	679	correct
1218406	1218831	104	529	NC_002945.4	NODE_119_length_636_cov_2.626719	99.77		True
CONTIG	NODE_119_length_636_cov_2.626719	636	correct
3340552	3341186	635	1	NC_002945.4	NODE_120_length_635_cov_31.899606	100.0		True
CONTIG	NODE_120_length_635_cov_31.899606	635	correct
1342064	1342697	634	1	NC_002945.4	NODE_121_length_634_cov_49.429980	100.0		True
CONTIG	NODE_121_length_634_cov_49.429980	634	correct
3338171	3338802	632	1	NC_002945.4	NODE_122_length_632_cov_34.889109	99.84		True
CONTIG	NODE_122_length_632_cov_34.889109	632	correct
CONTIG	NODE_123_length_629_cov_0.872510	629	unaligned
CONTIG	NODE_124_length_624_cov_0.718310	624	unaligned
3883513	3883985	1	473	NC_002945.4	NODE_125_length_592_cov_8.329032	100.0		True
local misassembly
3883521	3883639	474	592	NC_002945.4	NODE_125_length_592_cov_8.329032	100.0		True
CONTIG	NODE_125_length_592_cov_8.329032	592	correct
3341060	3341647	588	1	NC_002945.4	NODE_126_length_588_cov_67.175705	100.0		True
CONTIG	NODE_126_length_588_cov_67.175705	588	correct
3979656	3980003	382	35	NC_002945.4	NODE_127_length_578_cov_3.082040	100.0		True
CONTIG	NODE_127_length_578_cov_3.082040	578	correct
3879971	3880449	76	554	NC_002945.4	NODE_128_length_554_cov_2.615925	97.91		True
CONTIG	NODE_128_length_554_cov_2.615925	554	correct
CONTIG	NODE_129_length_536_cov_1.911980	536	unaligned
CONTIG	NODE_130_length_532_cov_1.004938	532	unaligned
3845679	3845830	1	152	NC_002945.4	NODE_131_length_531_cov_39.462871	95.39		True
relocation, inconsistency = 2310255
1535045	1535408	531	168	NC_002945.4	NODE_131_length_531_cov_39.462871	96.98		True
CONTIG	NODE_131_length_531_cov_39.462871	531	misassembled
2932354	2932847	11	504	NC_002945.4	NODE_132_length_504_cov_1.992042	100.0		True
CONTIG	NODE_132_length_504_cov_1.992042	504	correct
3898459	3898958	1	500	NC_002945.4	NODE_133_length_500_cov_89.949062	100.0		True
CONTIG	NODE_133_length_500_cov_89.949062	500	correct
