S1	E1	S2	E2	Reference	Contig	IDY	Ambiguous	Best_group
3445623	3673221	227488	1	NC_002945.4	NODE_1_length_227488_cov_49.323806	99.94		True
CONTIG	NODE_1_length_227488_cov_49.323806	227488	correct
3124723	3193711	68882	1	NC_002945.4	NODE_2_length_224384_cov_48.279064	99.83		True
local misassembly
2968192	3124383	224384	68883	NC_002945.4	NODE_2_length_224384_cov_48.279064	99.41		True
CONTIG	NODE_2_length_224384_cov_48.279064	224384	correct
2444929	2665742	1	220759	NC_002945.4	NODE_3_length_220759_cov_47.868177	99.96		True
CONTIG	NODE_3_length_220759_cov_47.868177	220759	correct
402655	581751	1	178873	NC_002945.4	NODE_4_length_178873_cov_47.432873	99.86		True
CONTIG	NODE_4_length_178873_cov_47.432873	178873	correct
824601	838095	13495	1	NC_002945.4	NODE_5_length_160951_cov_48.815502	99.98		True
local misassembly
676591	824045	160951	13496	NC_002945.4	NODE_5_length_160951_cov_48.815502	99.99		True
CONTIG	NODE_5_length_160951_cov_48.815502	160951	correct
4294608	4349904	1	55296	NC_002945.4	NODE_6_length_158565_cov_48.391222	99.99		True
fake: not a misassembly [linear representation of circular genome]
1	29469	55297	84765	NC_002945.4	NODE_6_length_158565_cov_48.391222	99.99		True
local misassembly
30083	103868	84767	158565	NC_002945.4	NODE_6_length_158565_cov_48.391222	99.96		True
CONTIG	NODE_6_length_158565_cov_48.391222	158565	correct
150227	306653	61	156460	NC_002945.4	NODE_7_length_156509_cov_47.566336	99.97		True
CONTIG	NODE_7_length_156509_cov_47.566336	156509	correct
1638895	1769053	81	130238	NC_002945.4	NODE_8_length_130280_cov_50.020245	99.99		True
CONTIG	NODE_8_length_130280_cov_50.020245	130280	correct
1010930	1091532	80606	1	NC_002945.4	NODE_9_length_119932_cov_48.817663	99.99		True
relocation, inconsistency = 1457
970145	1009472	119932	80607	NC_002945.4	NODE_9_length_119932_cov_48.817663	99.98		True
CONTIG	NODE_9_length_119932_cov_48.817663	119932	misassembled
4035795	4141979	106014	1	NC_002945.4	NODE_10_length_106014_cov_46.918017	99.83		True
CONTIG	NODE_10_length_106014_cov_46.918017	106014	correct
1869370	1972998	1	103160	NC_002945.4	NODE_11_length_103160_cov_47.809687	99.53		True
CONTIG	NODE_11_length_103160_cov_47.809687	103160	correct
2056986	2083604	117	26735	NC_002945.4	NODE_12_length_83911_cov_48.929205	99.98		True
local misassembly
2083596	2140633	26874	83911	NC_002945.4	NODE_12_length_83911_cov_48.929205	99.99		True
CONTIG	NODE_12_length_83911_cov_48.929205	83911	correct
1386903	1470674	83658	1	NC_002945.4	NODE_13_length_83658_cov_50.138273	99.85		True
CONTIG	NODE_13_length_83658_cov_50.138273	83658	correct
1491879	1573291	10	81422	NC_002945.4	NODE_14_length_81422_cov_50.581953	99.93		True
CONTIG	NODE_14_length_81422_cov_50.581953	81422	correct
3343643	3424525	1	80951	NC_002945.4	NODE_15_length_80951_cov_49.158395	99.9		True
CONTIG	NODE_15_length_80951_cov_49.158395	80951	correct
3898882	3979611	80730	1	NC_002945.4	NODE_16_length_80730_cov_48.304304	99.99		True
CONTIG	NODE_16_length_80730_cov_48.304304	80730	correct
2693962	2773105	1	79143	NC_002945.4	NODE_17_length_79166_cov_47.868515	99.99		True
CONTIG	NODE_17_length_79166_cov_47.868515	79166	correct
1779510	1853476	74140	174	NC_002945.4	NODE_18_length_74140_cov_48.308967	99.99		True
CONTIG	NODE_18_length_74140_cov_48.308967	74140	correct
1097035	1165120	1	68075	NC_002945.4	NODE_19_length_68075_cov_47.125695	99.97		True
CONTIG	NODE_19_length_68075_cov_47.125695	68075	correct
2852103	2916645	64542	1	NC_002945.4	NODE_20_length_64542_cov_46.929186	99.98		True
CONTIG	NODE_20_length_64542_cov_46.929186	64542	correct
4194976	4259103	1	64128	NC_002945.4	NODE_21_length_64128_cov_48.911461	99.99		True
CONTIG	NODE_21_length_64128_cov_48.911461	64128	correct
1280147	1340704	1	60620	NC_002945.4	NODE_22_length_60620_cov_50.051071	99.89		True
CONTIG	NODE_22_length_60620_cov_50.051071	60620	correct
1574019	1633322	1	59232	NC_002945.4	NODE_23_length_59232_cov_45.152244	99.86		True
CONTIG	NODE_23_length_59232_cov_45.152244	59232	correct
1219525	1277954	58430	1	NC_002945.4	NODE_24_length_58430_cov_47.397512	99.99		True
CONTIG	NODE_24_length_58430_cov_47.397512	58430	correct
3777450	3835735	1	58218	NC_002945.4	NODE_25_length_58218_cov_47.231575	99.87		True
CONTIG	NODE_25_length_58218_cov_47.231575	58218	correct
2193143	2246082	1	52940	NC_002945.4	NODE_26_length_52940_cov_53.907383	99.99		True
CONTIG	NODE_26_length_52940_cov_53.907383	52940	correct
4141981	4193665	1	51685	NC_002945.4	NODE_27_length_51685_cov_50.333572	99.99		True
CONTIG	NODE_27_length_51685_cov_50.333572	51685	correct
2801062	2852060	1	50999	NC_002945.4	NODE_28_length_50999_cov_48.025647	99.99		True
CONTIG	NODE_28_length_50999_cov_48.025647	50999	correct
842762	891028	90	48356	NC_002945.4	NODE_29_length_48356_cov_47.895130	99.98		True
CONTIG	NODE_29_length_48356_cov_47.895130	48356	correct
625162	673283	1	48122	NC_002945.4	NODE_30_length_48122_cov_46.628640	99.98		True
CONTIG	NODE_30_length_48122_cov_46.628640	48122	correct
3252525	3297679	45155	1	NC_002945.4	NODE_31_length_45155_cov_49.991969	99.99		True
CONTIG	NODE_31_length_45155_cov_49.991969	45155	correct
3209296	3252461	43112	1	NC_002945.4	NODE_32_length_43112_cov_48.836389	99.87		True
CONTIG	NODE_32_length_43112_cov_48.836389	43112	correct
1343929	1386513	42699	110	NC_002945.4	NODE_33_length_42699_cov_46.155741	99.99		True
CONTIG	NODE_33_length_42699_cov_46.155741	42699	correct
3836938	3878172	1	41227	NC_002945.4	NODE_34_length_41227_cov_48.081920	99.95		True
CONTIG	NODE_34_length_41227_cov_48.081920	41227	correct
3297668	3338752	41039	1	NC_002945.4	NODE_35_length_41039_cov_46.038841	99.82		True
CONTIG	NODE_35_length_41039_cov_46.038841	41039	correct
930610	970091	1	39602	NC_002945.4	NODE_36_length_39602_cov_46.659178	99.68		True
CONTIG	NODE_36_length_39602_cov_46.659178	39602	correct
2246102	2283695	57	37652	NC_002945.4	NODE_37_length_37652_cov_51.854398	99.95		True
CONTIG	NODE_37_length_37652_cov_51.854398	37652	correct
363939	401258	37320	1	NC_002945.4	NODE_38_length_37346_cov_46.864606	99.99		True
CONTIG	NODE_38_length_37346_cov_46.864606	37346	correct
2386718	2408304	1	21587	NC_002945.4	NODE_39_length_35226_cov_41.500413	100.0		True
local misassembly
2409088	2422726	21588	35226	NC_002945.4	NODE_39_length_35226_cov_41.500413	99.98		True
CONTIG	NODE_39_length_35226_cov_41.500413	35226	correct
4000904	4035747	1	34844	NC_002945.4	NODE_40_length_34844_cov_49.700434	99.98		True
CONTIG	NODE_40_length_34844_cov_49.700434	34844	correct
4259980	4293954	1	33973	NC_002945.4	NODE_41_length_33973_cov_47.979142	99.99		True
CONTIG	NODE_41_length_33973_cov_47.979142	33973	correct
1190092	1204740	14652	1	NC_002945.4	NODE_42_length_33906_cov_50.136806	99.85		True
local misassembly
1170607	1189860	33906	14653	NC_002945.4	NODE_42_length_33906_cov_50.136806	99.99		True
CONTIG	NODE_42_length_33906_cov_50.136806	33906	correct
3737665	3758893	21229	1	NC_002945.4	NODE_43_length_33788_cov_48.145116	100.0		True
local misassembly
3724896	3737454	33788	21230	NC_002945.4	NODE_43_length_33788_cov_48.145116	99.98		True
CONTIG	NODE_43_length_33788_cov_48.145116	33788	correct
2023759	2054447	1	30689	NC_002945.4	NODE_44_length_30689_cov_47.702208	99.95		True
CONTIG	NODE_44_length_30689_cov_47.702208	30689	correct
2161848	2192044	1	30198	NC_002945.4	NODE_45_length_30198_cov_49.288105	99.99		True
CONTIG	NODE_45_length_30198_cov_49.288105	30198	correct
2294859	2324490	1	29632	NC_002945.4	NODE_46_length_29632_cov_45.860565	99.99		True
CONTIG	NODE_46_length_29632_cov_45.860565	29632	correct
2343845	2372315	1	28471	NC_002945.4	NODE_47_length_28471_cov_47.752201	99.99		True
CONTIG	NODE_47_length_28471_cov_47.752201	28471	correct
2665974	2693371	27303	1	NC_002945.4	NODE_48_length_27411_cov_48.481452	99.64		True
CONTIG	NODE_48_length_27411_cov_48.481452	27411	correct
105090	131982	1	26893	NC_002945.4	NODE_49_length_26893_cov_47.336366	99.98		True
CONTIG	NODE_49_length_26893_cov_47.336366	26893	correct
306706	333298	26692	205	NC_002945.4	NODE_50_length_26692_cov_46.671125	99.6		True
CONTIG	NODE_50_length_26692_cov_46.671125	26692	correct
338028	363803	25787	90	NC_002945.4	NODE_51_length_25894_cov_41.153968	99.6		True
CONTIG	NODE_51_length_25894_cov_41.153968	25894	correct
581870	607738	1	25869	NC_002945.4	NODE_52_length_25869_cov_48.796293	99.99		True
CONTIG	NODE_52_length_25869_cov_48.796293	25869	correct
3674408	3699999	1	25574	NC_002945.4	NODE_53_length_25850_cov_35.390447	99.91		True
relocation, inconsistency = 2582618
1091516	1091789	25848	25575	NC_002945.4	NODE_53_length_25850_cov_35.390447	97.63		True
CONTIG	NODE_53_length_25850_cov_35.390447	25850	misassembled
1997134	2020245	23112	1	NC_002945.4	NODE_54_length_23116_cov_47.937410	99.98		True
CONTIG	NODE_54_length_23116_cov_47.937410	23116	correct
2777011	2799778	119	22886	NC_002945.4	NODE_55_length_22886_cov_49.273708	100.0		True
CONTIG	NODE_55_length_22886_cov_49.273708	22886	correct
2423317	2444846	1	21530	NC_002945.4	NODE_56_length_21530_cov_48.387591	99.99		True
CONTIG	NODE_56_length_21530_cov_48.387591	21530	correct
1490961	1491229	269	1	NC_002945.4	NODE_57_length_19033_cov_50.350601	100.0		True
local misassembly
1471985	1490747	19033	270	NC_002945.4	NODE_57_length_19033_cov_50.350601	99.98		True
CONTIG	NODE_57_length_19033_cov_50.350601	19033	correct
3424514	3442360	17847	1	NC_002945.4	NODE_58_length_17879_cov_53.126952	99.99		True
CONTIG	NODE_58_length_17879_cov_53.126952	17879	correct
3759807	3777333	5	17533	NC_002945.4	NODE_59_length_17533_cov_45.874599	99.95		True
CONTIG	NODE_59_length_17533_cov_45.874599	17533	correct
132550	149938	1	17389	NC_002945.4	NODE_60_length_17423_cov_53.529171	99.97		True
CONTIG	NODE_60_length_17423_cov_53.529171	17423	correct
2140774	2158159	1	17386	NC_002945.4	NODE_61_length_17386_cov_49.264487	99.99		True
CONTIG	NODE_61_length_17386_cov_49.264487	17386	correct
2326332	2343758	17370	1	NC_002945.4	NODE_62_length_17370_cov_44.455907	99.66		True
CONTIG	NODE_62_length_17370_cov_44.455907	17370	correct
892215	909458	1	17244	NC_002945.4	NODE_63_length_17244_cov_49.807771	99.99		True
CONTIG	NODE_63_length_17244_cov_49.807771	17244	correct
910100	926262	1	16163	NC_002945.4	NODE_64_length_16163_cov_52.050479	99.99		True
CONTIG	NODE_64_length_16163_cov_52.050479	16163	correct
3984780	4000700	1	15921	NC_002945.4	NODE_65_length_15921_cov_45.364239	99.99		True
CONTIG	NODE_65_length_15921_cov_45.364239	15921	correct
1853864	1869373	15510	1	NC_002945.4	NODE_66_length_15540_cov_35.306797	99.99		True
CONTIG	NODE_66_length_15540_cov_35.306797	15540	correct
609135	624508	1	15374	NC_002945.4	NODE_67_length_15374_cov_44.083284	99.99		True
CONTIG	NODE_67_length_15374_cov_44.083284	15374	correct
2916967	2932234	15360	93	NC_002945.4	NODE_68_length_15360_cov_50.886017	99.96		True
CONTIG	NODE_68_length_15360_cov_50.886017	15360	correct
3193774	3208991	15139	1	NC_002945.4	NODE_69_length_15139_cov_51.282964	99.48		True
CONTIG	NODE_69_length_15139_cov_51.282964	15139	correct
2372914	2386711	1	13798	NC_002945.4	NODE_70_length_13798_cov_51.763793	99.98		True
CONTIG	NODE_70_length_13798_cov_51.763793	13798	correct
1973015	1985591	1	12544	NC_002945.4	NODE_71_length_12544_cov_48.340178	99.73		True
CONTIG	NODE_71_length_12544_cov_48.340178	12544	correct
3712230	3724596	12367	1	NC_002945.4	NODE_72_length_12367_cov_32.809683	99.96		True
CONTIG	NODE_72_length_12367_cov_32.809683	12367	correct
2957089	2968162	11074	1	NC_002945.4	NODE_73_length_11074_cov_52.808584	99.99		True
CONTIG	NODE_73_length_11074_cov_52.808584	11074	correct
3700291	3710685	10395	1	NC_002945.4	NODE_74_length_10395_cov_32.996899	100.0		True
CONTIG	NODE_74_length_10395_cov_32.996899	10395	correct
2933705	2943913	10209	1	NC_002945.4	NODE_75_length_10262_cov_43.774472	99.99		True
CONTIG	NODE_75_length_10262_cov_43.774472	10262	correct
1204741	1213474	1	8734	NC_002945.4	NODE_76_length_8825_cov_45.977938	99.98		True
CONTIG	NODE_76_length_8825_cov_45.977938	8825	correct
2944669	2951552	6884	1	NC_002945.4	NODE_77_length_6884_cov_48.844425	99.99		True
CONTIG	NODE_77_length_6884_cov_48.844425	6884	correct
1573297	1573904	221	828	NC_002945.4	NODE_78_length_5701_cov_29.156650	100.0		True
relocation, inconsistency = 2310280
3884270	3888947	914	5600	NC_002945.4	NODE_78_length_5701_cov_29.156650	99.74		True
CONTIG	NODE_78_length_5701_cov_29.156650	5701	misassembled
2951513	2957026	5514	1	NC_002945.4	NODE_79_length_5514_cov_44.456134	99.98		True
CONTIG	NODE_79_length_5514_cov_44.456134	5514	correct
1987025	1992077	104	5157	NC_002945.4	NODE_80_length_5157_cov_42.676181	99.98		True
CONTIG	NODE_80_length_5157_cov_42.676181	5157	correct
1214750	1218351	3621	20	NC_002945.4	NODE_81_length_4657_cov_30.657205	100.0		True
local misassembly
1213949	1214774	4566	3741	NC_002945.4	NODE_81_length_4657_cov_30.657205	99.76		True
CONTIG	NODE_81_length_4657_cov_30.657205	4657	correct
1165949	1169850	3902	1	NC_002945.4	NODE_82_length_3902_cov_50.335425	99.97		True
CONTIG	NODE_82_length_3902_cov_50.335425	3902	correct
3980336	3984079	119	3862	NC_002945.4	NODE_83_length_3862_cov_43.470542	100.0		True
CONTIG	NODE_83_length_3862_cov_43.470542	3862	correct
1993385	1997089	1	3705	NC_002945.4	NODE_84_length_3799_cov_35.467222	99.97		True
CONTIG	NODE_84_length_3799_cov_35.467222	3799	correct
3888958	3889874	1	917	NC_002945.4	NODE_85_length_3578_cov_8.147386	99.85		True
local misassembly
3890565	3893225	918	3578	NC_002945.4	NODE_85_length_3578_cov_8.147386	99.92		True
CONTIG	NODE_85_length_3578_cov_8.147386	3578	correct
2284670	2287597	2928	1	NC_002945.4	NODE_86_length_2928_cov_38.552438	99.76		True
CONTIG	NODE_86_length_2928_cov_38.552438	2928	correct
2290760	2293666	2907	1	NC_002945.4	NODE_87_length_2907_cov_33.736042	100.0		True
CONTIG	NODE_87_length_2907_cov_33.736042	2907	correct
1635707	1638240	1	2534	NC_002945.4	NODE_88_length_2866_cov_23.570455	100.0		True
local misassembly
1638385	1638711	2535	2861	NC_002945.4	NODE_88_length_2866_cov_23.570455	100.0		True
CONTIG	NODE_88_length_2866_cov_23.570455	2866	correct
3894641	3895311	1	671	NC_002945.4	NODE_89_length_2644_cov_16.351772	100.0		True
relocation, inconsistency = -13651
3882139	3883511	1150	2570	NC_002945.4	NODE_89_length_2644_cov_16.351772	96.55		True
CONTIG	NODE_89_length_2644_cov_16.351772	2644	misassembled
2020922	2023366	1	2445	NC_002945.4	NODE_90_length_2445_cov_42.352618	99.96		True
CONTIG	NODE_90_length_2445_cov_42.352618	2445	correct
928363	928975	1	622	NC_002945.4	NODE_91_length_2359_cov_15.171779	98.55		True
local misassembly
928970	930568	761	2359	NC_002945.4	NODE_91_length_2359_cov_15.171779	100.0		True
CONTIG	NODE_91_length_2359_cov_15.171779	2359	correct
1092441	1094618	1	2175	NC_002945.4	NODE_92_length_2175_cov_36.394662	99.31		True
CONTIG	NODE_92_length_2175_cov_36.394662	2175	correct
3878330	3880431	12	2113	NC_002945.4	NODE_93_length_2172_cov_8.356563	99.76		True
CONTIG	NODE_93_length_2172_cov_8.356563	2172	correct
2054388	2056424	1	2037	NC_002945.4	NODE_94_length_2037_cov_35.967347	100.0		True
CONTIG	NODE_94_length_2037_cov_35.967347	2037	correct
607662	609211	1550	1	NC_002945.4	NODE_95_length_1550_cov_76.841141	99.94		True
CONTIG	NODE_95_length_1550_cov_76.841141	1550	correct
4193589	4195052	1	1464	NC_002945.4	NODE_96_length_1464_cov_108.974766	100.0		True
CONTIG	NODE_96_length_1464_cov_108.974766	1464	correct
2159033	2160496	1	1464	NC_002945.4	NODE_97_length_1464_cov_45.102379	100.0		True
CONTIG	NODE_97_length_1464_cov_45.102379	1464	correct
2774205	2775564	15	1374	NC_002945.4	NODE_98_length_1441_cov_9.670088	99.93		True
CONTIG	NODE_98_length_1441_cov_9.670088	1441	correct
2293590	2294935	1	1349	NC_002945.4	NODE_99_length_1349_cov_48.522013	98.23		True
CONTIG	NODE_99_length_1349_cov_48.522013	1349	correct
3673145	3674484	1340	1	NC_002945.4	NODE_100_length_1340_cov_100.696754	100.0		True
CONTIG	NODE_100_length_1340_cov_100.696754	1340	correct
3443643	3444981	1	1339	NC_002945.4	NODE_101_length_1339_cov_63.625198	100.0		True
CONTIG	NODE_101_length_1339_cov_63.625198	1339	correct
2324503	2325839	1	1337	NC_002945.4	NODE_102_length_1337_cov_34.659524	100.0		True
CONTIG	NODE_102_length_1337_cov_34.659524	1337	correct
3897195	3898535	1332	1	NC_002945.4	NODE_103_length_1332_cov_26.702789	99.33		True
CONTIG	NODE_103_length_1332_cov_26.702789	1332	correct
3835659	3836979	1	1321	NC_002945.4	NODE_104_length_1321_cov_101.564309	99.7		True
CONTIG	NODE_104_length_1321_cov_101.564309	1321	correct
2191968	2193219	1	1252	NC_002945.4	NODE_105_length_1252_cov_93.377021	100.0		True
CONTIG	NODE_105_length_1252_cov_93.377021	1252	correct
3339187	3340411	1225	1	NC_002945.4	NODE_106_length_1225_cov_46.506969	100.0		True
CONTIG	NODE_106_length_1225_cov_46.506969	1225	correct
839603	840801	1	1199	NC_002945.4	NODE_107_length_1200_cov_15.906500	99.83		True
CONTIG	NODE_107_length_1200_cov_15.906500	1200	correct
674824	675918	90	1184	NC_002945.4	NODE_108_length_1184_cov_9.143631	100.0		True
CONTIG	NODE_108_length_1184_cov_9.143631	1184	correct
2289709	2290836	1	1128	NC_002945.4	NODE_109_length_1128_cov_89.533777	99.91		True
CONTIG	NODE_109_length_1128_cov_89.533777	1128	correct
335374	335467	1	94	NC_002945.4	NODE_110_length_1061_cov_13.138211	99.03		True
inversion
334369	335335	1061	95	NC_002945.4	NODE_110_length_1061_cov_13.138211	100.0		True
CONTIG	NODE_110_length_1061_cov_13.138211	1061	misassembled
3893264	3894294	1	1031	NC_002945.4	NODE_111_length_1031_cov_16.222222	99.81		True
CONTIG	NODE_111_length_1031_cov_16.222222	1031	correct
3711277	3712306	1	1030	NC_002945.4	NODE_112_length_1030_cov_95.227702	100.0		True
CONTIG	NODE_112_length_1030_cov_95.227702	1030	correct
CONTIG	NODE_113_length_1013_cov_3.309829	1013	unaligned
2288793	2289785	1	993	NC_002945.4	NODE_114_length_993_cov_45.068777	100.0		True
CONTIG	NODE_114_length_993_cov_45.068777	993	correct
1341020	1342009	990	1	NC_002945.4	NODE_115_length_990_cov_33.608981	99.9		True
CONTIG	NODE_115_length_990_cov_33.608981	990	correct
1165044	1166025	982	1	NC_002945.4	NODE_116_length_982_cov_97.811050	100.0		True
CONTIG	NODE_116_length_982_cov_97.811050	982	correct
1094995	1095920	1	926	NC_002945.4	NODE_117_length_926_cov_51.193168	100.0		True
CONTIG	NODE_117_length_926_cov_51.193168	926	correct
2800228	2801136	1	909	NC_002945.4	NODE_118_length_909_cov_309.265625	100.0		True
CONTIG	NODE_118_length_909_cov_309.265625	909	correct
673282	674157	882	7	NC_002945.4	NODE_119_length_882_cov_4.093168	99.2		True
CONTIG	NODE_119_length_882_cov_4.093168	882	correct
335432	336170	739	1	NC_002945.4	NODE_120_length_855_cov_7.151671	100.0		True
CONTIG	NODE_120_length_855_cov_7.151671	855	correct
CONTIG	NODE_121_length_847_cov_5.255844	847	unaligned
3444905	3445699	795	1	NC_002945.4	NODE_122_length_795_cov_108.949861	100.0		True
CONTIG	NODE_122_length_795_cov_108.949861	795	correct
3341571	3342360	790	1	NC_002945.4	NODE_123_length_790_cov_37.333801	100.0		True
CONTIG	NODE_123_length_790_cov_37.333801	790	correct
2693295	2694038	1	744	NC_002945.4	NODE_124_length_744_cov_74.089955	100.0		True
CONTIG	NODE_124_length_744_cov_74.089955	744	correct
2932266	2932983	6	723	NC_002945.4	NODE_125_length_723_cov_3.179567	99.44		True
CONTIG	NODE_125_length_723_cov_3.179567	723	correct
1985756	1986455	700	1	NC_002945.4	NODE_126_length_708_cov_6.538827	99.29		True
CONTIG	NODE_126_length_708_cov_6.538827	708	correct
2773501	2774151	1	651	NC_002945.4	NODE_127_length_651_cov_3.871080	100.0		True
CONTIG	NODE_127_length_651_cov_3.871080	651	correct
132008	132623	1	616	NC_002945.4	NODE_128_length_616_cov_3.922078	99.84		True
CONTIG	NODE_128_length_616_cov_3.922078	616	correct
4294078	4294610	64	596	NC_002945.4	NODE_129_length_596_cov_9.510597	100.0		True
CONTIG	NODE_129_length_596_cov_9.510597	596	correct
3341060	3341647	588	1	NC_002945.4	NODE_130_length_588_cov_69.363992	100.0		True
CONTIG	NODE_130_length_588_cov_69.363992	588	correct
674125	674693	569	1	NC_002945.4	NODE_131_length_569_cov_5.170732	100.0		True
CONTIG	NODE_131_length_569_cov_5.170732	569	correct
CONTIG	NODE_132_length_562_cov_1.602062	562	unaligned
1633365	1633915	1	551	NC_002945.4	NODE_133_length_551_cov_7.672996	100.0		True
CONTIG	NODE_133_length_551_cov_7.672996	551	correct
2020169	2020714	1	546	NC_002945.4	NODE_134_length_546_cov_60.477612	100.0		True
CONTIG	NODE_134_length_546_cov_60.477612	546	correct
3883513	3883985	473	1	NC_002945.4	NODE_135_length_542_cov_9.795699	100.0		True
local misassembly
3883909	3883977	542	474	NC_002945.4	NODE_135_length_542_cov_9.795699	100.0		True
CONTIG	NODE_135_length_542_cov_9.795699	542	correct
3340602	3341136	535	1	NC_002945.4	NODE_136_length_535_cov_35.316594	100.0		True
CONTIG	NODE_136_length_535_cov_35.316594	535	correct
CONTIG	NODE_137_length_523_cov_0.979821	523	unaligned
2160945	2161465	521	1	NC_002945.4	NODE_138_length_521_cov_58.159910	100.0		True
CONTIG	NODE_138_length_521_cov_58.159910	521	correct
1491350	1491856	507	1	NC_002945.4	NODE_139_length_516_cov_1.671982	99.41		True
CONTIG	NODE_139_length_516_cov_1.671982	516	correct
3894218	3894717	1	500	NC_002945.4	NODE_140_length_500_cov_105.423168	100.0		True
CONTIG	NODE_140_length_500_cov_105.423168	500	correct
