S1	E1	S2	E2	Reference	Contig	IDY	Ambiguous	Best_group
3445573	3673271	1	227591	NC_002945.4	NODE_1_length_227591_cov_41.133318	99.93		True
CONTIG	NODE_1_length_227591_cov_41.133318	227591	correct
2453686	2665668	104	212138	NC_002945.4	NODE_2_length_212215_cov_39.589670	99.96		True
CONTIG	NODE_2_length_212215_cov_39.589670	212215	correct
402605	607788	204915	1	NC_002945.4	NODE_3_length_204915_cov_39.664092	99.86		True
CONTIG	NODE_3_length_204915_cov_39.664092	204915	correct
2957039	3124507	166943	164	NC_002945.4	NODE_4_length_166943_cov_39.444046	99.45		True
CONTIG	NODE_4_length_166943_cov_39.444046	166943	correct
676731	824045	188	147503	NC_002945.4	NODE_5_length_160978_cov_39.877166	99.99		True
local misassembly
824601	838029	147504	160932	NC_002945.4	NODE_5_length_160978_cov_39.877166	99.98		True
CONTIG	NODE_5_length_160978_cov_39.877166	160978	correct
150052	306688	1	156610	NC_002945.4	NODE_6_length_156610_cov_40.446023	99.97		True
CONTIG	NODE_6_length_156610_cov_40.446023	156610	correct
4309413	4349904	33	40523	NC_002945.4	NODE_7_length_143842_cov_40.795957	99.99		True
fake: not a misassembly [linear representation of circular genome]
1	29469	40524	69992	NC_002945.4	NODE_7_length_143842_cov_40.795957	99.99		True
local misassembly
30083	103918	69994	143842	NC_002945.4	NODE_7_length_143842_cov_40.795957	99.96		True
CONTIG	NODE_7_length_143842_cov_40.795957	143842	correct
1635657	1638240	1	2584	NC_002945.4	NODE_8_length_133119_cov_40.654310	100.0		True
local misassembly
1638385	1638740	2585	2940	NC_002945.4	NODE_8_length_133119_cov_40.654310	100.0		True
local misassembly
1638966	1769053	2941	133027	NC_002945.4	NODE_8_length_133119_cov_40.654310	99.99		True
CONTIG	NODE_8_length_133119_cov_40.654310	133119	correct
970212	1009472	1	39260	NC_002945.4	NODE_9_length_119583_cov_40.164948	99.98		True
relocation, inconsistency = 1457
1010930	1091249	39261	119583	NC_002945.4	NODE_9_length_119583_cov_40.164948	99.99		True
CONTIG	NODE_9_length_119583_cov_40.164948	119583	misassembled
3297493	3338080	40757	1	NC_002945.4	NODE_10_length_118944_cov_39.318843	99.81		True
indel: stretch of mismatches
3219363	3297478	118944	40772	NC_002945.4	NODE_10_length_118944_cov_39.318843	99.92		True
CONTIG	NODE_10_length_118944_cov_39.318843	118944	correct
1869314	1985619	115840	1	NC_002945.4	NODE_11_length_115841_cov_39.182683	99.58		True
CONTIG	NODE_11_length_115841_cov_39.182683	115841	correct
4035863	4141989	106013	1	NC_002945.4	NODE_12_length_106021_cov_39.316609	99.88		True
CONTIG	NODE_12_length_106021_cov_39.316609	106021	correct
3343594	3442410	98885	1	NC_002945.4	NODE_13_length_98885_cov_40.703224	99.92		True
CONTIG	NODE_13_length_98885_cov_40.703224	98885	correct
2056972	2083604	1	26633	NC_002945.4	NODE_14_length_83890_cov_40.074138	99.98		True
local misassembly
2083596	2140714	26772	83890	NC_002945.4	NODE_14_length_83890_cov_40.074138	99.99		True
CONTIG	NODE_14_length_83890_cov_40.074138	83890	correct
3897145	3979328	82453	279	NC_002945.4	NODE_15_length_82453_cov_40.378884	99.98		True
CONTIG	NODE_15_length_82453_cov_40.378884	82453	correct
1491980	1573527	88	81634	NC_002945.4	NODE_16_length_81655_cov_41.447907	99.92		True
CONTIG	NODE_16_length_81655_cov_41.447907	81655	correct
2693912	2773069	79157	1	NC_002945.4	NODE_17_length_79157_cov_39.208187	99.99		True
CONTIG	NODE_17_length_79157_cov_39.208187	79157	correct
1779460	1853491	1	74032	NC_002945.4	NODE_18_length_74132_cov_40.061428	99.99		True
CONTIG	NODE_18_length_74132_cov_40.061428	74132	correct
3124719	3193870	69098	1	NC_002945.4	NODE_19_length_69098_cov_40.040481	99.91		True
CONTIG	NODE_19_length_69098_cov_40.040481	69098	correct
1096985	1165170	1	68175	NC_002945.4	NODE_20_length_68175_cov_39.593610	99.97		True
CONTIG	NODE_20_length_68175_cov_39.593610	68175	correct
2852102	2916393	64291	1	NC_002945.4	NODE_21_length_64291_cov_38.907814	99.98		True
CONTIG	NODE_21_length_64291_cov_38.907814	64291	correct
4194926	4259153	1	64228	NC_002945.4	NODE_22_length_64228_cov_41.985242	99.99		True
CONTIG	NODE_22_length_64228_cov_41.985242	64228	correct
1280097	1340762	60728	1	NC_002945.4	NODE_23_length_60728_cov_41.035857	99.89		True
CONTIG	NODE_23_length_60728_cov_41.035857	60728	correct
1997065	2056268	59405	202	NC_002945.4	NODE_24_length_59405_cov_38.856473	99.98		True
CONTIG	NODE_24_length_59405_cov_38.856473	59405	correct
1219537	1278412	8	58883	NC_002945.4	NODE_25_length_58883_cov_40.263650	99.99		True
CONTIG	NODE_25_length_58883_cov_40.263650	58883	correct
1413935	1470724	56790	1	NC_002945.4	NODE_26_length_56790_cov_40.333798	99.99		True
CONTIG	NODE_26_length_56790_cov_40.333798	56790	correct
4000854	4035754	35051	151	NC_002945.4	NODE_27_length_55751_cov_39.178538	99.98		True
local misassembly
3980249	4000742	55534	35052	NC_002945.4	NODE_27_length_55751_cov_39.178538	99.94		True
CONTIG	NODE_27_length_55751_cov_39.178538	55751	correct
4141991	4193715	1	51725	NC_002945.4	NODE_28_length_51725_cov_41.976937	99.98		True
CONTIG	NODE_28_length_51725_cov_41.976937	51725	correct
2801012	2852054	1	51043	NC_002945.4	NODE_29_length_51043_cov_39.320371	99.99		True
CONTIG	NODE_29_length_51043_cov_39.320371	51043	correct
1574152	1623838	168	49854	NC_002945.4	NODE_30_length_49964_cov_40.237173	99.98		True
CONTIG	NODE_30_length_49964_cov_40.237173	49964	correct
625286	673257	48000	29	NC_002945.4	NODE_31_length_48142_cov_39.365407	99.99		True
CONTIG	NODE_31_length_48142_cov_39.365407	48142	correct
2326988	2343691	16704	1	NC_002945.4	NODE_32_length_46446_cov_37.403744	99.98		True
relocation, inconsistency = 2596
2294650	2324391	46446	16705	NC_002945.4	NODE_32_length_46446_cov_37.403744	99.99		True
CONTIG	NODE_32_length_46446_cov_37.403744	46446	misassembled
1343879	1386703	42835	6	NC_002945.4	NODE_33_length_42835_cov_38.335956	99.98		True
CONTIG	NODE_33_length_42835_cov_38.335956	42835	correct
3836888	3878310	41553	139	NC_002945.4	NODE_34_length_41553_cov_39.192319	99.94		True
CONTIG	NODE_34_length_41553_cov_39.192319	41553	correct
849547	891078	1	41532	NC_002945.4	NODE_35_length_41532_cov_39.743171	99.99		True
CONTIG	NODE_35_length_41532_cov_39.743171	41532	correct
930668	970112	178	39742	NC_002945.4	NODE_36_length_39742_cov_39.982254	99.68		True
CONTIG	NODE_36_length_39742_cov_39.982254	39742	correct
363855	401308	37454	1	NC_002945.4	NODE_37_length_37454_cov_38.763549	99.99		True
CONTIG	NODE_37_length_37454_cov_38.763549	37454	correct
2246369	2283745	37379	1	NC_002945.4	NODE_38_length_37379_cov_41.433614	99.95		True
CONTIG	NODE_38_length_37379_cov_41.433614	37379	correct
3799817	3835785	1	35901	NC_002945.4	NODE_39_length_35901_cov_39.989825	99.79		True
CONTIG	NODE_39_length_35901_cov_39.989825	35901	correct
2210167	2245161	219	35213	NC_002945.4	NODE_40_length_35213_cov_43.165337	100.0		True
CONTIG	NODE_40_length_35213_cov_43.165337	35213	correct
3737665	3758872	21220	13	NC_002945.4	NODE_41_length_33829_cov_39.955522	99.98		True
local misassembly
3724846	3737454	33829	21221	NC_002945.4	NODE_41_length_33829_cov_39.955522	99.98		True
CONTIG	NODE_41_length_33829_cov_39.955522	33829	correct
2161798	2192094	1	30298	NC_002945.4	NODE_42_length_30298_cov_41.097942	99.99		True
CONTIG	NODE_42_length_30298_cov_41.097942	30298	correct
2343827	2372240	28414	1	NC_002945.4	NODE_43_length_28414_cov_38.894863	99.99		True
CONTIG	NODE_43_length_28414_cov_38.894863	28414	correct
105040	132650	1	27611	NC_002945.4	NODE_44_length_27744_cov_37.696491	99.97		True
CONTIG	NODE_44_length_27744_cov_37.696491	27744	correct
2666104	2693421	27317	1	NC_002945.4	NODE_45_length_27317_cov_40.964215	99.99		True
CONTIG	NODE_45_length_27317_cov_40.964215	27317	correct
306705	333298	26753	265	NC_002945.4	NODE_46_length_26753_cov_38.206039	99.6		True
CONTIG	NODE_46_length_26753_cov_38.206039	26753	correct
1386914	1412955	26042	1	NC_002945.4	NODE_47_length_26042_cov_38.252942	99.98		True
CONTIG	NODE_47_length_26042_cov_38.252942	26042	correct
3674358	3699992	25820	204	NC_002945.4	NODE_48_length_25820_cov_30.087923	99.93		True
CONTIG	NODE_48_length_25820_cov_30.087923	25820	correct
338610	363765	22	25090	NC_002945.4	NODE_49_length_25303_cov_35.262909	99.54		True
CONTIG	NODE_49_length_25303_cov_35.262909	25303	correct
3777400	3799804	22434	30	NC_002945.4	NODE_50_length_22434_cov_41.079885	100.0		True
CONTIG	NODE_50_length_22434_cov_41.079885	22434	correct
1170557	1189848	1	19292	NC_002945.4	NODE_51_length_22198_cov_40.425762	99.99		True
local misassembly
1190107	1193012	19293	22198	NC_002945.4	NODE_51_length_22198_cov_40.425762	99.97		True
CONTIG	NODE_51_length_22198_cov_40.425762	22198	correct
2386668	2408743	1	22076	NC_002945.4	NODE_52_length_22076_cov_33.356691	100.0		True
CONTIG	NODE_52_length_22076_cov_33.356691	22076	correct
4259930	4281641	1	21710	NC_002945.4	NODE_53_length_21710_cov_41.141037	99.98		True
CONTIG	NODE_53_length_21710_cov_41.141037	21710	correct
2423267	2444953	21687	1	NC_002945.4	NODE_54_length_21687_cov_41.843646	99.99		True
CONTIG	NODE_54_length_21687_cov_41.843646	21687	correct
2140774	2158516	1	17743	NC_002945.4	NODE_55_length_20378_cov_40.436374	99.94		True
local misassembly
2158655	2158913	17744	18002	NC_002945.4	NODE_55_length_20378_cov_40.436374	100.0		True
fake: scaffold gap size wrong estimation (local)
2158914	2160444	18034	19564	NC_002945.4	NODE_55_length_20378_cov_40.436374	95.49		True
CONTIG	NODE_55_length_20378_cov_40.436374	20378	correct
1490961	1491598	713	76	NC_002945.4	NODE_56_length_19527_cov_41.116340	99.84		True
local misassembly
1471935	1490747	19527	714	NC_002945.4	NODE_56_length_19527_cov_41.116340	99.98		True
CONTIG	NODE_56_length_19527_cov_41.116340	19527	correct
3759012	3777383	18374	1	NC_002945.4	NODE_57_length_18543_cov_36.572491	99.96		True
CONTIG	NODE_57_length_18543_cov_36.572491	18543	correct
2192685	2210064	1	17380	NC_002945.4	NODE_58_length_17553_cov_42.617812	99.98		True
CONTIG	NODE_58_length_17553_cov_42.617812	17553	correct
892165	909508	17344	1	NC_002945.4	NODE_59_length_17344_cov_42.101237	99.99		True
CONTIG	NODE_59_length_17344_cov_42.101237	17344	correct
132657	149547	1	16891	NC_002945.4	NODE_60_length_16891_cov_42.476378	99.96		True
CONTIG	NODE_60_length_16891_cov_42.476378	16891	correct
2777196	2793842	16647	1	NC_002945.4	NODE_61_length_16692_cov_42.614428	100.0		True
CONTIG	NODE_61_length_16692_cov_42.614428	16692	correct
910050	926301	1	16252	NC_002945.4	NODE_62_length_16252_cov_41.311194	99.99		True
CONTIG	NODE_62_length_16252_cov_41.311194	16252	correct
2916851	2932867	16017	1	NC_002945.4	NODE_63_length_16017_cov_42.752863	99.97		True
CONTIG	NODE_63_length_16017_cov_42.752863	16017	correct
3193780	3209290	15611	1	NC_002945.4	NODE_64_length_15611_cov_41.124064	99.99		True
CONTIG	NODE_64_length_15611_cov_41.124064	15611	correct
609085	624436	15577	226	NC_002945.4	NODE_65_length_15577_cov_38.555275	99.98		True
CONTIG	NODE_65_length_15577_cov_38.555275	15577	correct
1853934	1869305	15372	1	NC_002945.4	NODE_66_length_15474_cov_32.404118	99.99		True
CONTIG	NODE_66_length_15474_cov_32.404118	15474	correct
4294602	4309320	14948	230	NC_002945.4	NODE_67_length_14948_cov_38.116861	99.99		True
CONTIG	NODE_67_length_14948_cov_38.116861	14948	correct
2372427	2386761	1	14335	NC_002945.4	NODE_68_length_14335_cov_39.545327	99.98		True
CONTIG	NODE_68_length_14335_cov_39.545327	14335	correct
2409061	2422776	1	13716	NC_002945.4	NODE_69_length_13716_cov_38.551696	99.98		True
CONTIG	NODE_69_length_13716_cov_38.551696	13716	correct
3712180	3724829	12650	1	NC_002945.4	NODE_70_length_12650_cov_29.410684	99.96		True
CONTIG	NODE_70_length_12650_cov_29.410684	12650	correct
2944619	2957076	12458	1	NC_002945.4	NODE_71_length_12458_cov_39.643257	99.98		True
CONTIG	NODE_71_length_12458_cov_39.643257	12458	correct
3890969	3895520	4552	1	NC_002945.4	NODE_72_length_12381_cov_19.697895	99.92		True
local misassembly
3884643	3890278	10197	4553	NC_002945.4	NODE_72_length_12381_cov_19.697895	99.79		True
local misassembly
3882139	3884027	12134	10198	NC_002945.4	NODE_72_length_12381_cov_19.697895	97.69		True
local misassembly
3882060	3882155	12381	12286	NC_002945.4	NODE_72_length_12381_cov_19.697895	98.96		True
CONTIG	NODE_72_length_12381_cov_19.697895	12381	correct
4281681	4293916	12236	1	NC_002945.4	NODE_73_length_12236_cov_40.626063	99.99		True
CONTIG	NODE_73_length_12236_cov_40.626063	12236	correct
1193002	1204738	1	11737	NC_002945.4	NODE_74_length_11737_cov_43.105512	99.97		True
CONTIG	NODE_74_length_11737_cov_43.105512	11737	correct
2933878	2943963	10086	1	NC_002945.4	NODE_75_length_10283_cov_41.057798	99.98		True
CONTIG	NODE_75_length_10283_cov_41.057798	10283	correct
3209319	3219347	56	10084	NC_002945.4	NODE_76_length_10084_cov_36.930099	99.99		True
CONTIG	NODE_76_length_10084_cov_36.930099	10084	correct
1623857	1633340	1	9427	NC_002945.4	NODE_77_length_9427_cov_33.155699	99.35		True
CONTIG	NODE_77_length_9427_cov_33.155699	9427	correct
1204746	1213668	1	8848	NC_002945.4	NODE_78_length_8848_cov_38.759431	99.14		True
CONTIG	NODE_78_length_8848_cov_38.759431	8848	correct
2444936	2453624	8689	1	NC_002945.4	NODE_79_length_8689_cov_37.917776	100.0		True
CONTIG	NODE_79_length_8689_cov_37.917776	8689	correct
3703671	3711403	7733	1	NC_002945.4	NODE_80_length_7735_cov_26.144190	100.0		True
CONTIG	NODE_80_length_7735_cov_26.144190	7735	correct
842706	849128	1	6423	NC_002945.4	NODE_81_length_6423_cov_33.175508	99.98		True
CONTIG	NODE_81_length_6423_cov_33.175508	6423	correct
2794071	2799828	196	5953	NC_002945.4	NODE_82_length_5953_cov_36.287676	99.98		True
CONTIG	NODE_82_length_5953_cov_36.287676	5953	correct
1987009	1992127	5120	1	NC_002945.4	NODE_83_length_5120_cov_41.283397	99.96		True
CONTIG	NODE_83_length_5120_cov_41.283397	5120	correct
1214750	1218383	3704	71	NC_002945.4	NODE_84_length_4729_cov_27.080834	99.97		True
local misassembly
1213949	1214774	4649	3824	NC_002945.4	NODE_84_length_4729_cov_27.080834	99.52		True
CONTIG	NODE_84_length_4729_cov_27.080834	4729	correct
1165899	1169900	4002	1	NC_002945.4	NODE_85_length_4002_cov_40.745032	99.98		True
CONTIG	NODE_85_length_4002_cov_40.745032	4002	correct
1092496	1096461	6	3971	NC_002945.4	NODE_86_length_3971_cov_36.191727	99.97		True
CONTIG	NODE_86_length_3971_cov_36.191727	3971	correct
3700282	3703692	3411	1	NC_002945.4	NODE_87_length_3411_cov_32.136419	99.94		True
CONTIG	NODE_87_length_3411_cov_32.136419	3411	correct
2284620	2287647	1	3028	NC_002945.4	NODE_88_length_3028_cov_31.157532	99.77		True
CONTIG	NODE_88_length_3028_cov_31.157532	3028	correct
2290710	2293716	1	3007	NC_002945.4	NODE_89_length_3007_cov_31.615972	100.0		True
CONTIG	NODE_89_length_3007_cov_31.615972	3007	correct
1993335	1995709	2375	1	NC_002945.4	NODE_90_length_2375_cov_51.861210	100.0		True
CONTIG	NODE_90_length_2375_cov_51.861210	2375	correct
336822	338092	1271	1	NC_002945.4	NODE_91_length_2330_cov_15.376759	100.0		True
relocation, inconsistency = 1686
334077	335135	2330	1272	NC_002945.4	NODE_91_length_2330_cov_15.376759	99.81		True
CONTIG	NODE_91_length_2330_cov_15.376759	2330	misassembled
928970	930437	1510	43	NC_002945.4	NODE_92_length_2309_cov_11.068744	100.0		True
local misassembly
928364	928975	2269	1649	NC_002945.4	NODE_92_length_2309_cov_11.068744	98.55		True
CONTIG	NODE_92_length_2309_cov_11.068744	2309	correct
674536	676294	184	1942	NC_002945.4	NODE_93_length_1986_cov_4.341581	99.83		True
CONTIG	NODE_93_length_1986_cov_4.341581	1986	correct
3877536	3877662	127	1	NC_002945.4	NODE_94_length_1984_cov_5.573506	100.0		True
inversion
3878650	3880463	152	1965	NC_002945.4	NODE_94_length_1984_cov_5.573506	96.86		True
CONTIG	NODE_94_length_1984_cov_5.573506	1984	misassembled
607662	609211	1550	1	NC_002945.4	NODE_95_length_1550_cov_69.214336	99.94		True
CONTIG	NODE_95_length_1550_cov_69.214336	1550	correct
2774156	2775628	1473	1	NC_002945.4	NODE_96_length_1473_cov_7.135215	100.0		True
CONTIG	NODE_96_length_1473_cov_7.135215	1473	correct
4193589	4195052	1	1464	NC_002945.4	NODE_97_length_1464_cov_93.525804	100.0		True
CONTIG	NODE_97_length_1464_cov_93.525804	1464	correct
1992001	1993461	1461	1	NC_002945.4	NODE_98_length_1461_cov_50.203148	100.0		True
CONTIG	NODE_98_length_1461_cov_50.203148	1461	correct
2324569	2325833	194	1458	NC_002945.4	NODE_99_length_1458_cov_30.746807	100.0		True
CONTIG	NODE_99_length_1458_cov_30.746807	1458	correct
3443593	3445031	1439	1	NC_002945.4	NODE_100_length_1439_cov_49.250000	100.0		True
CONTIG	NODE_100_length_1439_cov_49.250000	1439	correct
3673145	3674484	1	1340	NC_002945.4	NODE_101_length_1340_cov_77.826051	100.0		True
CONTIG	NODE_101_length_1340_cov_77.826051	1340	correct
3339137	3340461	1	1325	NC_002945.4	NODE_102_length_1325_cov_44.372287	100.0		True
CONTIG	NODE_102_length_1325_cov_44.372287	1325	correct
3835659	3836979	1321	1	NC_002945.4	NODE_103_length_1321_cov_87.455611	99.7		True
CONTIG	NODE_103_length_1321_cov_87.455611	1321	correct
2288581	2289835	1255	1	NC_002945.4	NODE_104_length_1255_cov_42.979610	100.0		True
CONTIG	NODE_104_length_1255_cov_42.979610	1255	correct
839613	840818	1	1206	NC_002945.4	NODE_105_length_1206_cov_12.970343	100.0		True
CONTIG	NODE_105_length_1206_cov_12.970343	1206	correct
2287521	2288707	1187	1	NC_002945.4	NODE_106_length_1187_cov_26.267925	100.0		True
CONTIG	NODE_106_length_1187_cov_26.267925	1187	correct
2283619	2284746	1128	1	NC_002945.4	NODE_107_length_1128_cov_73.375624	99.91		True
CONTIG	NODE_107_length_1128_cov_73.375624	1128	correct
1340970	1342059	1090	1	NC_002945.4	NODE_108_length_1090_cov_30.734164	99.91		True
CONTIG	NODE_108_length_1090_cov_30.734164	1090	correct
3711277	3712306	1	1030	NC_002945.4	NODE_109_length_1030_cov_79.574751	100.0		True
CONTIG	NODE_109_length_1030_cov_79.574751	1030	correct
1165044	1166025	1	982	NC_002945.4	NODE_110_length_982_cov_74.189474	100.0		True
CONTIG	NODE_110_length_982_cov_74.189474	982	correct
1996473	1997089	975	359	NC_002945.4	NODE_111_length_975_cov_3.015330	100.0		True
CONTIG	NODE_111_length_975_cov_3.015330	975	correct
3442285	3443193	909	1	NC_002945.4	NODE_112_length_909_cov_249.115090	100.0		True
CONTIG	NODE_112_length_909_cov_249.115090	909	correct
3341521	3342410	890	1	NC_002945.4	NODE_113_length_890_cov_29.782438	100.0		True
CONTIG	NODE_113_length_890_cov_29.782438	890	correct
2191968	2192811	1	844	NC_002945.4	NODE_114_length_844_cov_87.892608	100.0		True
CONTIG	NODE_114_length_844_cov_87.892608	844	correct
338104	338755	1	661	NC_002945.4	NODE_115_length_835_cov_3.418079	98.64		True
CONTIG	NODE_115_length_835_cov_3.418079	835	correct
335669	336471	803	1	NC_002945.4	NODE_116_length_803_cov_8.695266	99.5		True
CONTIG	NODE_116_length_803_cov_8.695266	803	correct
3444905	3445699	1	795	NC_002945.4	NODE_117_length_795_cov_88.782934	100.0		True
CONTIG	NODE_117_length_795_cov_88.782934	795	correct
2693295	2694038	744	1	NC_002945.4	NODE_118_length_744_cov_84.886548	100.0		True
CONTIG	NODE_118_length_744_cov_84.886548	744	correct
1985757	1986452	696	1	NC_002945.4	NODE_119_length_697_cov_2.808772	100.0		True
CONTIG	NODE_119_length_697_cov_2.808772	697	correct
4294074	4294522	573	125	NC_002945.4	NODE_120_length_683_cov_2.877698	99.78		True
CONTIG	NODE_120_length_683_cov_2.877698	683	correct
3340552	3341186	635	1	NC_002945.4	NODE_121_length_635_cov_26.446850	100.0		True
CONTIG	NODE_121_length_635_cov_26.446850	635	correct
1342064	1342697	634	1	NC_002945.4	NODE_122_length_634_cov_52.378698	100.0		True
CONTIG	NODE_122_length_634_cov_52.378698	634	correct
2773524	2774140	617	1	NC_002945.4	NODE_123_length_633_cov_3.294466	100.0		True
CONTIG	NODE_123_length_633_cov_3.294466	633	correct
3338171	3338802	632	1	NC_002945.4	NODE_124_length_632_cov_45.544554	99.84		True
CONTIG	NODE_124_length_632_cov_45.544554	632	correct
841706	842207	23	524	NC_002945.4	NODE_125_length_603_cov_1.766807	99.0		True
CONTIG	NODE_125_length_603_cov_1.766807	603	correct
3338676	3339263	1	588	NC_002945.4	NODE_126_length_588_cov_63.598698	100.0		True
CONTIG	NODE_126_length_588_cov_63.598698	588	correct
3880509	3881088	580	1	NC_002945.4	NODE_127_length_580_cov_21.306843	100.0		True
CONTIG	NODE_127_length_580_cov_21.306843	580	correct
1091312	1091851	1	540	NC_002945.4	NODE_128_length_540_cov_2.753027	100.0		True
CONTIG	NODE_128_length_540_cov_2.753027	540	correct
