S1	E1	S2	E2	Reference	Contig	IDY	Ambiguous	Best_group
3445573	3673271	1	227594	NC_002945.4	NODE_1_length_227594_cov_35.280296	99.93		True
CONTIG	NODE_1_length_227594_cov_35.280296	227594	correct
2444879	2665719	221039	141	NC_002945.4	NODE_2_length_221039_cov_33.252010	99.96		True
CONTIG	NODE_2_length_221039_cov_33.252010	221039	correct
402605	607788	204992	1	NC_002945.4	NODE_3_length_204992_cov_34.013194	99.89		True
CONTIG	NODE_3_length_204992_cov_34.013194	204992	correct
2957039	3124596	1	166869	NC_002945.4	NODE_4_length_166979_cov_33.463147	99.44		True
CONTIG	NODE_4_length_166979_cov_33.463147	166979	correct
2083596	2158365	74725	1	NC_002945.4	NODE_5_length_164845_cov_35.615167	99.92		True
local misassembly
2057054	2083604	101414	74864	NC_002945.4	NODE_5_length_164845_cov_35.615167	99.98		True
local misassembly
1997100	2056903	161218	101415	NC_002945.4	NODE_5_length_164845_cov_35.615167	99.98		True
local misassembly
1993335	1996961	164845	161219	NC_002945.4	NODE_5_length_164845_cov_35.615167	99.95		True
CONTIG	NODE_5_length_164845_cov_35.615167	164845	correct
676559	824045	1	147488	NC_002945.4	NODE_6_length_160995_cov_33.628229	99.99		True
local misassembly
824601	838046	147489	160934	NC_002945.4	NODE_6_length_160995_cov_33.628229	99.97		True
CONTIG	NODE_6_length_160995_cov_33.628229	160995	correct
151437	306646	155314	105	NC_002945.4	NODE_7_length_155314_cov_35.833962	99.99		True
CONTIG	NODE_7_length_155314_cov_35.833962	155314	correct
4310388	4349904	119	39634	NC_002945.4	NODE_8_length_142953_cov_36.992998	99.99		True
fake: not a misassembly [linear representation of circular genome]
1	29469	39635	69103	NC_002945.4	NODE_8_length_142953_cov_36.992998	99.99		True
local misassembly
30083	103918	69105	142953	NC_002945.4	NODE_8_length_142953_cov_36.992998	99.96		True
CONTIG	NODE_8_length_142953_cov_36.992998	142953	correct
3209306	3338802	5	129673	NC_002945.4	NODE_9_length_129673_cov_33.181079	99.85		True
CONTIG	NODE_9_length_129673_cov_33.181079	129673	correct
1010930	1092398	81663	192	NC_002945.4	NODE_10_length_121037_cov_34.363684	99.99		True
relocation, inconsistency = 1457
970271	1009472	120864	81664	NC_002945.4	NODE_10_length_121037_cov_34.363684	99.98		True
CONTIG	NODE_10_length_121037_cov_34.363684	121037	misassembled
1869181	1986404	13	116770	NC_002945.4	NODE_11_length_116878_cov_35.003692	99.59		True
CONTIG	NODE_11_length_116878_cov_35.003692	116878	correct
1638945	1748214	109272	1	NC_002945.4	NODE_12_length_109393_cov_35.915097	99.99		True
CONTIG	NODE_12_length_109393_cov_35.915097	109393	correct
4035883	4141982	105985	1	NC_002945.4	NODE_13_length_106184_cov_33.556050	99.88		True
CONTIG	NODE_13_length_106184_cov_33.556050	106184	correct
1471935	1490747	1	18814	NC_002945.4	NODE_14_length_101700_cov_34.827474	99.98		True
local misassembly
1490961	1491835	18815	19689	NC_002945.4	NODE_14_length_101700_cov_34.827474	100.0		True
local misassembly
1491995	1573849	19690	101544	NC_002945.4	NODE_14_length_101700_cov_34.827474	99.93		True
CONTIG	NODE_14_length_101700_cov_34.827474	101700	correct
3343594	3442410	98885	1	NC_002945.4	NODE_15_length_98885_cov_34.388971	99.92		True
CONTIG	NODE_15_length_98885_cov_34.388971	98885	correct
1779460	1869287	1	89828	NC_002945.4	NODE_16_length_89832_cov_31.618717	99.99		True
CONTIG	NODE_16_length_89832_cov_31.618717	89832	correct
2693912	2773057	79380	236	NC_002945.4	NODE_17_length_79380_cov_32.000959	99.99		True
CONTIG	NODE_17_length_79380_cov_32.000959	79380	correct
3898832	3977199	78368	1	NC_002945.4	NODE_18_length_78368_cov_35.390844	99.99		True
CONTIG	NODE_18_length_78368_cov_35.390844	78368	correct
3758956	3835785	76608	1	NC_002945.4	NODE_19_length_76637_cov_34.009763	99.65		True
CONTIG	NODE_19_length_76637_cov_34.009763	76637	correct
3124591	3193870	120	69345	NC_002945.4	NODE_20_length_69345_cov_33.203921	99.91		True
CONTIG	NODE_20_length_69345_cov_33.203921	69345	correct
1096985	1165170	68186	1	NC_002945.4	NODE_21_length_68186_cov_31.917939	99.99		True
CONTIG	NODE_21_length_68186_cov_31.917939	68186	correct
2852106	2916393	145	64432	NC_002945.4	NODE_22_length_64432_cov_33.342866	99.98		True
CONTIG	NODE_22_length_64432_cov_33.342866	64432	correct
4194926	4259153	1	64228	NC_002945.4	NODE_23_length_64228_cov_38.565951	99.99		True
CONTIG	NODE_23_length_64228_cov_38.565951	64228	correct
1280097	1340762	60728	1	NC_002945.4	NODE_24_length_60728_cov_37.246135	99.89		True
CONTIG	NODE_24_length_60728_cov_37.246135	60728	correct
1574142	1632544	177	58518	NC_002945.4	NODE_25_length_59895_cov_32.184380	99.88		True
relocation, inconsistency = 1008
1633553	1634449	58519	59415	NC_002945.4	NODE_25_length_59895_cov_32.184380	100.0		True
local misassembly
1634594	1634885	59416	59707	NC_002945.4	NODE_25_length_59895_cov_32.184380	100.0		True
indel: indel (> 5bp)
1634913	1635100	59708	59895	NC_002945.4	NODE_25_length_59895_cov_32.184380	100.0		True
CONTIG	NODE_25_length_59895_cov_32.184380	59895	misassembled
1219563	1278412	194	59043	NC_002945.4	NODE_26_length_59043_cov_33.663979	99.99		True
CONTIG	NODE_26_length_59043_cov_33.663979	59043	correct
1413935	1470724	1	56733	NC_002945.4	NODE_27_length_56733_cov_34.533866	99.89		True
CONTIG	NODE_27_length_56733_cov_34.533866	56733	correct
3980100	3984664	1	4565	NC_002945.4	NODE_28_length_55165_cov_34.494186	100.0		True
local misassembly
3985132	4000631	4566	20065	NC_002945.4	NODE_28_length_55165_cov_34.494186	99.98		True
fake: scaffold gap size wrong estimation (local)
4000854	4035740	20166	55052	NC_002945.4	NODE_28_length_55165_cov_34.494186	99.97		True
CONTIG	NODE_28_length_55165_cov_34.494186	55165	correct
2192685	2245161	1	52477	NC_002945.4	NODE_29_length_52477_cov_39.866571	99.99		True
CONTIG	NODE_29_length_52477_cov_39.866571	52477	correct
4141981	4193715	51735	1	NC_002945.4	NODE_30_length_51735_cov_36.631181	99.99		True
CONTIG	NODE_30_length_51735_cov_36.631181	51735	correct
2801012	2852034	51023	1	NC_002945.4	NODE_31_length_51023_cov_31.700035	99.99		True
CONTIG	NODE_31_length_51023_cov_31.700035	51023	correct
4259930	4310355	1	50373	NC_002945.4	NODE_32_length_50419_cov_38.018512	99.88		True
CONTIG	NODE_32_length_50419_cov_38.018512	50419	correct
842033	891078	48998	1	NC_002945.4	NODE_33_length_49115_cov_35.973892	99.89		True
CONTIG	NODE_33_length_49115_cov_35.973892	49115	correct
625417	673391	48075	101	NC_002945.4	NODE_34_length_48078_cov_31.952848	99.99		True
CONTIG	NODE_34_length_48078_cov_31.952848	48078	correct
2325889	2372173	175	46459	NC_002945.4	NODE_35_length_46513_cov_28.994891	99.99		True
CONTIG	NODE_35_length_46513_cov_28.994891	46513	correct
1343879	1386920	43047	1	NC_002945.4	NODE_36_length_43047_cov_35.075093	99.99		True
CONTIG	NODE_36_length_43047_cov_35.075093	43047	correct
3836888	3878141	41295	50	NC_002945.4	NODE_37_length_41295_cov_36.343131	99.96		True
CONTIG	NODE_37_length_41295_cov_36.343131	41295	correct
930629	970128	7	39746	NC_002945.4	NODE_38_length_39887_cov_33.732495	99.38		True
CONTIG	NODE_38_length_39887_cov_33.732495	39887	correct
363922	401308	37387	1	NC_002945.4	NODE_39_length_37481_cov_37.653049	99.99		True
CONTIG	NODE_39_length_37481_cov_37.653049	37481	correct
2246369	2283745	1	37379	NC_002945.4	NODE_40_length_37379_cov_35.355390	99.95		True
CONTIG	NODE_40_length_37379_cov_35.355390	37379	correct
2409163	2422776	13614	1	NC_002945.4	NODE_41_length_35527_cov_28.915028	99.98		True
local misassembly
2386668	2408580	35527	13615	NC_002945.4	NODE_41_length_35527_cov_28.915028	100.0		True
CONTIG	NODE_41_length_35527_cov_28.915028	35527	correct
3724846	3737454	1	12609	NC_002945.4	NODE_42_length_33814_cov_32.022947	99.98		True
local misassembly
3737665	3758751	12610	33696	NC_002945.4	NODE_42_length_33814_cov_32.022947	100.0		True
CONTIG	NODE_42_length_33814_cov_32.022947	33814	correct
2161870	2192094	30226	1	NC_002945.4	NODE_43_length_30226_cov_34.151068	99.99		True
CONTIG	NODE_43_length_30226_cov_34.151068	30226	correct
2294650	2324493	29844	1	NC_002945.4	NODE_44_length_29844_cov_29.575899	99.99		True
CONTIG	NODE_44_length_29844_cov_29.575899	29844	correct
3696566	3699984	187	3587	NC_002945.4	NODE_45_length_29600_cov_28.286635	99.42		True
relocation, inconsistency = -2313042
1386943	1412955	3588	29600	NC_002945.4	NODE_45_length_29600_cov_28.286635	99.98		True
CONTIG	NODE_45_length_29600_cov_28.286635	29600	misassembled
2665786	2693421	195	27829	NC_002945.4	NODE_46_length_27829_cov_33.076493	99.97		True
CONTIG	NODE_46_length_27829_cov_33.076493	27829	correct
105040	131928	1	26889	NC_002945.4	NODE_47_length_27042_cov_32.787070	99.98		True
CONTIG	NODE_47_length_27042_cov_32.787070	27042	correct
306716	333298	26557	80	NC_002945.4	NODE_48_length_26609_cov_31.635526	99.6		True
CONTIG	NODE_48_length_26609_cov_31.635526	26609	correct
931178	931244	67	1	NC_002945.4	NODE_49_length_26071_cov_34.376465	100.0		True
local misassembly
928970	930583	1681	68	NC_002945.4	NODE_49_length_26071_cov_34.376465	99.94		True
local misassembly
928116	928975	2688	1820	NC_002945.4	NODE_49_length_26071_cov_34.376465	98.98		True
relocation, inconsistency = 1847996
2776972	2800354	2689	26071	NC_002945.4	NODE_49_length_26071_cov_34.376465	100.0		True
CONTIG	NODE_49_length_26071_cov_34.376465	26071	misassembled
338765	363812	25097	137	NC_002945.4	NODE_50_length_25265_cov_32.999125	99.62		True
CONTIG	NODE_50_length_25265_cov_32.999125	25265	correct
3674358	3696565	22335	128	NC_002945.4	NODE_51_length_22335_cov_27.743111	100.0		True
CONTIG	NODE_51_length_22335_cov_27.743111	22335	correct
2423267	2444896	21630	1	NC_002945.4	NODE_52_length_21630_cov_35.175743	99.99		True
CONTIG	NODE_52_length_21630_cov_35.175743	21630	correct
1748501	1769053	20642	93	NC_002945.4	NODE_53_length_20767_cov_35.354748	99.98		True
local misassembly
1748088	1748212	20767	20643	NC_002945.4	NODE_53_length_20767_cov_35.354748	100.0		True
CONTIG	NODE_53_length_20767_cov_35.354748	20767	correct
1171083	1189860	1	18778	NC_002945.4	NODE_54_length_20504_cov_31.289199	99.99		True
local misassembly
1190092	1191762	18779	20449	NC_002945.4	NODE_54_length_20504_cov_31.289199	99.94		True
CONTIG	NODE_54_length_20504_cov_31.289199	20504	correct
2916267	2932872	16606	1	NC_002945.4	NODE_55_length_18681_cov_38.731594	99.96		True
relocation, inconsistency = 1819932
1094260	1096334	18681	16607	NC_002945.4	NODE_55_length_18681_cov_38.731594	99.66		True
CONTIG	NODE_55_length_18681_cov_38.731594	18681	misassembled
892165	909508	17344	1	NC_002945.4	NODE_56_length_17344_cov_34.279143	99.99		True
CONTIG	NODE_56_length_17344_cov_34.279143	17344	correct
133006	149944	1	16939	NC_002945.4	NODE_57_length_16990_cov_36.192611	99.96		True
CONTIG	NODE_57_length_16990_cov_36.192611	16990	correct
910050	926211	1	16162	NC_002945.4	NODE_58_length_16168_cov_35.600150	99.99		True
CONTIG	NODE_58_length_16168_cov_35.600150	16168	correct
3193780	3209297	1	15618	NC_002945.4	NODE_59_length_15618_cov_31.635982	100.0		True
CONTIG	NODE_59_length_15618_cov_31.635982	15618	correct
2372433	2386761	14329	1	NC_002945.4	NODE_60_length_14364_cov_34.813795	99.97		True
CONTIG	NODE_60_length_14364_cov_34.813795	14364	correct
1204945	1213472	131	8658	NC_002945.4	NODE_61_length_13484_cov_31.976866	99.98		True
local misassembly
1213923	1214774	8791	9642	NC_002945.4	NODE_61_length_13484_cov_31.976866	99.77		True
local misassembly
1214750	1218311	9762	13323	NC_002945.4	NODE_61_length_13484_cov_31.976866	100.0		True
CONTIG	NODE_61_length_13484_cov_31.976866	13484	correct
609085	622012	1	12928	NC_002945.4	NODE_62_length_12928_cov_32.110538	99.99		True
CONTIG	NODE_62_length_12928_cov_32.110538	12928	correct
3712180	3724818	1	12639	NC_002945.4	NODE_63_length_12639_cov_34.969150	99.96		True
CONTIG	NODE_63_length_12639_cov_34.969150	12639	correct
2944619	2957076	1	12458	NC_002945.4	NODE_64_length_12458_cov_31.247344	99.98		True
CONTIG	NODE_64_length_12458_cov_31.247344	12458	correct
1193002	1204735	1	11734	NC_002945.4	NODE_65_length_11808_cov_39.457238	99.97		True
CONTIG	NODE_65_length_11808_cov_39.457238	11808	correct
3700276	3711403	44	11171	NC_002945.4	NODE_66_length_11171_cov_29.531691	99.99		True
CONTIG	NODE_66_length_11171_cov_29.531691	11171	correct
2933665	2943963	191	10489	NC_002945.4	NODE_67_length_10489_cov_35.613299	99.99		True
CONTIG	NODE_67_length_10489_cov_35.613299	10489	correct
3884660	3888967	1	4317	NC_002945.4	NODE_68_length_7388_cov_13.649497	99.77		True
local misassembly
3890565	3892808	4991	7234	NC_002945.4	NODE_68_length_7388_cov_13.649497	100.0		True
CONTIG	NODE_68_length_7388_cov_13.649497	7388	correct
1987103	1992127	5026	1	NC_002945.4	NODE_69_length_5211_cov_35.138670	99.92		True
CONTIG	NODE_69_length_5211_cov_35.138670	5211	correct
1165899	1169900	4002	1	NC_002945.4	NODE_70_length_4002_cov_38.189935	99.98		True
CONTIG	NODE_70_length_4002_cov_38.189935	4002	correct
2284620	2287647	1	3028	NC_002945.4	NODE_71_length_3028_cov_22.187177	99.77		True
CONTIG	NODE_71_length_3028_cov_22.187177	3028	correct
2290710	2293716	3007	1	NC_002945.4	NODE_72_length_3007_cov_24.352778	100.0		True
CONTIG	NODE_72_length_3007_cov_24.352778	3007	correct
3977200	3980034	2835	1	NC_002945.4	NODE_73_length_2835_cov_21.278528	100.0		True
CONTIG	NODE_73_length_2835_cov_21.278528	2835	correct
2160997	2161533	537	1	NC_002945.4	NODE_74_length_2811_cov_41.191133	100.0		True
fake: scaffold gap size wrong estimation (local)
2160645	2160846	839	638	NC_002945.4	NODE_74_length_2811_cov_41.191133	100.0		True
local misassembly
2158914	2160419	2345	840	NC_002945.4	NODE_74_length_2811_cov_41.191133	95.42		True
fake: scaffold gap size wrong estimation (local)
2158479	2158913	2811	2377	NC_002945.4	NODE_74_length_2811_cov_41.191133	100.0		True
CONTIG	NODE_74_length_2811_cov_41.191133	2811	correct
674558	676279	1837	110	NC_002945.4	NODE_75_length_2749_cov_4.035850	99.07		True
local misassembly
673557	674386	2667	1838	NC_002945.4	NODE_75_length_2749_cov_4.035850	99.78		True
CONTIG	NODE_75_length_2749_cov_4.035850	2749	correct
3881832	3882155	16	339	NC_002945.4	NODE_76_length_2554_cov_5.464359	100.0		True
local misassembly
3882139	3884154	491	2554	NC_002945.4	NODE_76_length_2554_cov_5.464359	97.67		True
CONTIG	NODE_76_length_2554_cov_5.464359	2554	correct
336693	338896	158	2370	NC_002945.4	NODE_77_length_2424_cov_11.904223	98.87		True
CONTIG	NODE_77_length_2424_cov_11.904223	2424	correct
3878220	3880392	2212	40	NC_002945.4	NODE_78_length_2326_cov_3.935880	100.0		True
CONTIG	NODE_78_length_2326_cov_3.935880	2326	correct
1635657	1637960	2272	20	NC_002945.4	NODE_79_length_2272_cov_29.267133	97.79		True
CONTIG	NODE_79_length_2272_cov_29.267133	2272	correct
622013	624256	1	2244	NC_002945.4	NODE_80_length_2244_cov_29.935049	99.96		True
CONTIG	NODE_80_length_2244_cov_29.935049	2244	correct
336173	336248	169	94	NC_002945.4	NODE_81_length_2243_cov_11.230151	100.0		True
local misassembly
335788	336577	959	170	NC_002945.4	NODE_81_length_2243_cov_11.230151	100.0		True
relocation, inconsistency = 503043
839621	840898	960	2237	NC_002945.4	NODE_81_length_2243_cov_11.230151	99.77		True
CONTIG	NODE_81_length_2243_cov_11.230151	2243	misassembled
3892879	3894344	1466	1	NC_002945.4	NODE_82_length_1953_cov_4.947974	99.52		True
relocation, inconsistency = 2259553
1632839	1633325	1467	1953	NC_002945.4	NODE_82_length_1953_cov_4.947974	99.81		True
CONTIG	NODE_82_length_1953_cov_4.947974	1953	misassembled
2773532	2774035	104	607	NC_002945.4	NODE_83_length_1915_cov_4.468680	99.45		True
local misassembly
2774282	2775589	608	1915	NC_002945.4	NODE_83_length_1915_cov_4.468680	99.77		True
CONTIG	NODE_83_length_1915_cov_4.468680	1915	correct
1092469	1094259	1791	1	NC_002945.4	NODE_84_length_1791_cov_27.122002	100.0		True
CONTIG	NODE_84_length_1791_cov_27.122002	1791	correct
334077	335631	1	1555	NC_002945.4	NODE_85_length_1649_cov_8.940210	99.81		True
relocation, inconsistency = 90653
426285	426378	1556	1649	NC_002945.4	NODE_85_length_1649_cov_8.940210	100.0		True
CONTIG	NODE_85_length_1649_cov_8.940210	1649	misassembled
607662	609211	1550	1	NC_002945.4	NODE_86_length_1550_cov_65.864371	99.94		True
CONTIG	NODE_86_length_1550_cov_65.864371	1550	correct
4193589	4195052	1464	1	NC_002945.4	NODE_87_length_1464_cov_74.954375	100.0		True
CONTIG	NODE_87_length_1464_cov_74.954375	1464	correct
1992001	1993461	1	1461	NC_002945.4	NODE_88_length_1461_cov_50.829835	100.0		True
CONTIG	NODE_88_length_1461_cov_50.829835	1461	correct
3443593	3445031	1439	1	NC_002945.4	NODE_89_length_1439_cov_49.978659	100.0		True
CONTIG	NODE_89_length_1439_cov_49.978659	1439	correct
3897145	3898585	1	1432	NC_002945.4	NODE_90_length_1432_cov_15.727203	99.38		True
CONTIG	NODE_90_length_1432_cov_15.727203	1432	correct
2324503	2325826	1376	53	NC_002945.4	NODE_91_length_1376_cov_34.280224	100.0		True
CONTIG	NODE_91_length_1376_cov_34.280224	1376	correct
3673145	3674484	1340	1	NC_002945.4	NODE_92_length_1340_cov_59.309975	100.0		True
CONTIG	NODE_92_length_1340_cov_59.309975	1340	correct
150081	151436	1329	1	NC_002945.4	NODE_93_length_1329_cov_9.477335	98.01		True
CONTIG	NODE_93_length_1329_cov_9.477335	1329	correct
3339137	3340461	1325	1	NC_002945.4	NODE_94_length_1325_cov_45.444908	100.0		True
CONTIG	NODE_94_length_1325_cov_45.444908	1325	correct
3835659	3836979	1321	1	NC_002945.4	NODE_95_length_1321_cov_84.144054	99.77		True
CONTIG	NODE_95_length_1321_cov_84.144054	1321	correct
2288581	2289835	1255	1	NC_002945.4	NODE_96_length_1255_cov_26.528369	100.0		True
CONTIG	NODE_96_length_1255_cov_26.528369	1255	correct
2287521	2288707	1187	1	NC_002945.4	NODE_97_length_1187_cov_31.863208	100.0		True
CONTIG	NODE_97_length_1187_cov_31.863208	1187	correct
2289709	2290836	1	1128	NC_002945.4	NODE_98_length_1128_cov_55.709291	99.91		True
CONTIG	NODE_98_length_1128_cov_55.709291	1128	correct
1340970	1342059	1090	1	NC_002945.4	NODE_99_length_1090_cov_27.390447	99.91		True
CONTIG	NODE_99_length_1090_cov_27.390447	1090	correct
3711277	3712306	1	1030	NC_002945.4	NODE_100_length_1030_cov_87.976744	100.0		True
CONTIG	NODE_100_length_1030_cov_87.976744	1030	correct
1165044	1166025	982	1	NC_002945.4	NODE_101_length_982_cov_77.913450	99.9		True
CONTIG	NODE_101_length_982_cov_77.913450	982	correct
2800228	2801136	909	1	NC_002945.4	NODE_102_length_909_cov_233.424552	100.0		True
CONTIG	NODE_102_length_909_cov_233.424552	909	correct
3894591	3895482	1	892	NC_002945.4	NODE_103_length_892_cov_26.930719	99.78		True
CONTIG	NODE_103_length_892_cov_26.930719	892	correct
3341521	3342410	890	1	NC_002945.4	NODE_104_length_890_cov_38.608126	100.0		True
CONTIG	NODE_104_length_890_cov_38.608126	890	correct
1278286	1279129	844	1	NC_002945.4	NODE_105_length_844_cov_59.743375	100.0		True
CONTIG	NODE_105_length_844_cov_59.743375	844	correct
909382	910176	795	1	NC_002945.4	NODE_106_length_795_cov_90.354790	100.0		True
CONTIG	NODE_106_length_795_cov_90.354790	795	correct
2693295	2694038	744	1	NC_002945.4	NODE_107_length_744_cov_61.842788	100.0		True
CONTIG	NODE_107_length_744_cov_61.842788	744	correct
3884045	3884769	1	707	NC_002945.4	NODE_108_length_707_cov_11.032759	97.38		True
CONTIG	NODE_108_length_707_cov_11.032759	707	correct
3340552	3341186	635	1	NC_002945.4	NODE_109_length_635_cov_42.009843	100.0		True
CONTIG	NODE_109_length_635_cov_42.009843	635	correct
1342064	1342697	634	1	NC_002945.4	NODE_110_length_634_cov_39.875740	100.0		True
CONTIG	NODE_110_length_634_cov_39.875740	634	correct
841437	841948	625	123	NC_002945.4	NODE_111_length_625_cov_2.845382	98.24		True
CONTIG	NODE_111_length_625_cov_2.845382	625	correct
2933034	2933415	100	481	NC_002945.4	NODE_112_length_612_cov_1.517526	99.74		True
CONTIG	NODE_112_length_612_cov_1.517526	612	correct
3338676	3339263	588	1	NC_002945.4	NODE_113_length_588_cov_79.861171	100.0		True
CONTIG	NODE_113_length_588_cov_79.861171	588	correct
838585	838995	547	137	NC_002945.4	NODE_114_length_557_cov_2.220930	99.51		True
CONTIG	NODE_114_length_557_cov_2.220930	557	correct
1748088	1748630	540	1	NC_002945.4	NODE_115_length_540_cov_23.033898	99.45		True
CONTIG	NODE_115_length_540_cov_23.033898	540	correct
3895826	3896346	1	521	NC_002945.4	NODE_116_length_534_cov_3.513514	100.0		True
CONTIG	NODE_116_length_534_cov_3.513514	534	correct
3894218	3894717	500	1	NC_002945.4	NODE_117_length_500_cov_57.284182	100.0		True
CONTIG	NODE_117_length_500_cov_57.284182	500	correct
