S1	E1	S2	E2	Reference	Contig	IDY	Ambiguous	Best_group
3445573	3673271	1	227591	NC_002945.4	NODE_1_length_227591_cov_45.747094	99.93		True
CONTIG	NODE_1_length_227591_cov_45.747094	227591	correct
2444879	2665763	1	220937	NC_002945.4	NODE_2_length_220937_cov_44.749436	99.96		True
CONTIG	NODE_2_length_220937_cov_44.749436	220937	correct
402605	607788	204915	1	NC_002945.4	NODE_3_length_204915_cov_44.965818	99.86		True
CONTIG	NODE_3_length_204915_cov_44.965818	204915	correct
824601	838027	13464	38	NC_002945.4	NODE_4_length_161048_cov_45.454061	99.98		True
local misassembly
676705	824045	160806	13465	NC_002945.4	NODE_4_length_161048_cov_45.454061	99.99		True
CONTIG	NODE_4_length_161048_cov_45.454061	161048	correct
150006	306666	157069	436	NC_002945.4	NODE_5_length_157081_cov_44.069613	99.97		True
CONTIG	NODE_5_length_157081_cov_44.069613	157081	correct
1638889	1769053	1	130164	NC_002945.4	NODE_6_length_130256_cov_47.208954	99.99		True
CONTIG	NODE_6_length_130256_cov_47.208954	130256	correct
1010930	1091815	81002	114	NC_002945.4	NODE_7_length_120397_cov_45.276054	99.99		True
relocation, inconsistency = 1457
970273	1009472	120201	81003	NC_002945.4	NODE_7_length_120397_cov_45.276054	99.98		True
CONTIG	NODE_7_length_120397_cov_45.276054	120397	misassembled
3297493	3338802	41479	1	NC_002945.4	NODE_8_length_119743_cov_45.118914	99.81		True
indel: stretch of mismatches
3219373	3297478	119656	41494	NC_002945.4	NODE_8_length_119743_cov_45.118914	99.92		True
CONTIG	NODE_8_length_119743_cov_45.118914	119743	correct
1869425	1985585	1	115770	NC_002945.4	NODE_9_length_116011_cov_44.183252	99.65		True
CONTIG	NODE_9_length_116011_cov_44.183252	116011	correct
3984850	4000631	149	15930	NC_002945.4	NODE_10_length_112579_cov_43.157018	100.0		True
fake: scaffold gap size wrong estimation (local)
4000854	4097403	16031	112579	NC_002945.4	NODE_10_length_112579_cov_43.157018	99.99		True
CONTIG	NODE_10_length_112579_cov_43.157018	112579	correct
3698318	3700122	115	1919	NC_002945.4	NODE_11_length_103321_cov_44.510756	100.0		True
relocation, inconsistency = -1643012
2057111	2083604	1920	28413	NC_002945.4	NODE_11_length_103321_cov_44.510756	99.98		True
local misassembly
2083596	2158365	28552	103321	NC_002945.4	NODE_11_length_103321_cov_44.510756	99.98		True
CONTIG	NODE_11_length_103321_cov_44.510756	103321	misassembled
3343594	3442410	1	98885	NC_002945.4	NODE_12_length_98885_cov_46.826515	99.92		True
CONTIG	NODE_12_length_98885_cov_46.826515	98885	correct
1779460	1853768	1	74309	NC_002945.4	NODE_13_length_89679_cov_42.132415	99.99		True
local misassembly
1853988	1869357	74310	89679	NC_002945.4	NODE_13_length_89679_cov_42.132415	99.99		True
CONTIG	NODE_13_length_89679_cov_42.132415	89679	correct
1491995	1573931	260	82196	NC_002945.4	NODE_14_length_82209_cov_47.908068	99.93		True
CONTIG	NODE_14_length_82209_cov_47.908068	82209	correct
21868	29469	18	7619	NC_002945.4	NODE_15_length_81469_cov_46.581471	99.99		True
local misassembly
30083	103918	7621	81469	NC_002945.4	NODE_15_length_81469_cov_46.581471	99.96		True
CONTIG	NODE_15_length_81469_cov_46.581471	81469	correct
3898832	3979552	80878	158	NC_002945.4	NODE_16_length_80878_cov_43.780263	99.99		True
CONTIG	NODE_16_length_80878_cov_43.780263	80878	correct
3015614	3097084	1	80835	NC_002945.4	NODE_17_length_80835_cov_46.625043	98.94		True
CONTIG	NODE_17_length_80835_cov_46.625043	80835	correct
2693912	2773104	1	79192	NC_002945.4	NODE_18_length_79364_cov_44.503490	99.99		True
CONTIG	NODE_18_length_79364_cov_44.503490	79364	correct
3124595	3193870	69222	1	NC_002945.4	NODE_19_length_69222_cov_43.804544	99.91		True
CONTIG	NODE_19_length_69222_cov_43.804544	69222	correct
1096985	1165170	1	68186	NC_002945.4	NODE_20_length_68186_cov_43.945870	99.99		True
CONTIG	NODE_20_length_68186_cov_43.945870	68186	correct
2852109	2916695	32	64618	NC_002945.4	NODE_21_length_64618_cov_43.624366	99.98		True
CONTIG	NODE_21_length_64618_cov_43.624366	64618	correct
4194926	4259153	1	64228	NC_002945.4	NODE_22_length_64228_cov_46.549757	99.99		True
CONTIG	NODE_22_length_64228_cov_46.549757	64228	correct
336693	362766	147	26142	NC_002945.4	NODE_23_length_64204_cov_41.235295	99.61		True
local misassembly
363013	363660	26143	26790	NC_002945.4	NODE_23_length_64204_cov_41.235295	100.0		True
local misassembly
363895	401308	26791	64204	NC_002945.4	NODE_23_length_64204_cov_41.235295	99.99		True
CONTIG	NODE_23_length_64204_cov_41.235295	64204	correct
1	21891	22064	174	NC_002945.4	NODE_24_length_62582_cov_44.970955	99.98		True
fake: not a misassembly [linear representation of circular genome]
4309401	4349904	62567	22065	NC_002945.4	NODE_24_length_62582_cov_44.970955	99.99		True
CONTIG	NODE_24_length_62582_cov_44.970955	62582	correct
1280097	1340762	60728	1	NC_002945.4	NODE_25_length_60728_cov_48.073976	99.89		True
CONTIG	NODE_25_length_60728_cov_48.073976	60728	correct
1997047	2056408	59362	1	NC_002945.4	NODE_26_length_59412_cov_43.623716	99.98		True
CONTIG	NODE_26_length_59412_cov_43.623716	59412	correct
1574152	1633324	141	59248	NC_002945.4	NODE_27_length_59248_cov_41.196664	99.86		True
CONTIG	NODE_27_length_59248_cov_41.196664	59248	correct
1219666	1278412	1	58747	NC_002945.4	NODE_28_length_58747_cov_44.909690	99.99		True
CONTIG	NODE_28_length_58747_cov_44.909690	58747	correct
2957039	3015574	1	58483	NC_002945.4	NODE_29_length_58672_cov_44.532291	99.9		True
CONTIG	NODE_29_length_58672_cov_44.532291	58672	correct
3777400	3835785	58318	1	NC_002945.4	NODE_30_length_58318_cov_43.626523	99.87		True
CONTIG	NODE_30_length_58318_cov_43.626523	58318	correct
1413935	1470724	1	56733	NC_002945.4	NODE_31_length_56733_cov_48.019980	99.89		True
CONTIG	NODE_31_length_56733_cov_48.019980	56733	correct
3724846	3737454	1	12609	NC_002945.4	NODE_32_length_52144_cov_43.171790	99.98		True
local misassembly
3737665	3759731	12610	34679	NC_002945.4	NODE_32_length_52144_cov_43.171790	99.98		True
local misassembly
3759921	3777383	34680	52144	NC_002945.4	NODE_32_length_52144_cov_43.171790	99.97		True
CONTIG	NODE_32_length_52144_cov_43.171790	52144	correct
4141985	4193715	51731	1	NC_002945.4	NODE_33_length_51731_cov_46.459209	99.99		True
CONTIG	NODE_33_length_51731_cov_46.459209	51731	correct
2801012	2852041	1	51030	NC_002945.4	NODE_34_length_51030_cov_45.319352	99.99		True
CONTIG	NODE_34_length_51030_cov_45.319352	51030	correct
842417	891078	48662	1	NC_002945.4	NODE_35_length_48662_cov_43.684928	99.99		True
CONTIG	NODE_35_length_48662_cov_43.684928	48662	correct
625576	673397	42	47863	NC_002945.4	NODE_36_length_47868_cov_42.489286	99.99		True
CONTIG	NODE_36_length_47868_cov_42.489286	47868	correct
4097387	4141956	1	44570	NC_002945.4	NODE_37_length_44570_cov_45.549085	100.0		True
CONTIG	NODE_37_length_44570_cov_45.549085	44570	correct
3836888	3880278	43539	157	NC_002945.4	NODE_38_length_43539_cov_42.390215	99.96		True
CONTIG	NODE_38_length_43539_cov_42.390215	43539	correct
1343879	1386903	1	43030	NC_002945.4	NODE_39_length_43030_cov_43.175233	99.98		True
CONTIG	NODE_39_length_43030_cov_43.175233	43030	correct
1170557	1189854	1	19298	NC_002945.4	NODE_40_length_40234_cov_46.286184	99.99		True
relocation, inconsistency = 2858
1192713	1213474	19299	40063	NC_002945.4	NODE_40_length_40234_cov_46.286184	99.89		True
CONTIG	NODE_40_length_40234_cov_46.286184	40234	misassembled
930784	970061	376	39893	NC_002945.4	NODE_41_length_39893_cov_42.601142	99.37		True
CONTIG	NODE_41_length_39893_cov_42.601142	39893	correct
2246092	2283745	37656	1	NC_002945.4	NODE_42_length_37817_cov_49.844282	99.95		True
CONTIG	NODE_42_length_37817_cov_49.844282	37817	correct
2210054	2246080	1	36027	NC_002945.4	NODE_43_length_36027_cov_51.783370	100.0		True
CONTIG	NODE_43_length_36027_cov_51.783370	36027	correct
2161798	2192094	1	30298	NC_002945.4	NODE_44_length_30298_cov_46.156740	99.99		True
CONTIG	NODE_44_length_30298_cov_46.156740	30298	correct
2294650	2324440	29814	24	NC_002945.4	NODE_45_length_29814_cov_41.292754	99.99		True
CONTIG	NODE_45_length_29814_cov_41.292754	29814	correct
2343773	2371678	140	28045	NC_002945.4	NODE_46_length_28045_cov_43.934129	99.98		True
CONTIG	NODE_46_length_28045_cov_43.934129	28045	correct
3097191	3124617	1	27427	NC_002945.4	NODE_47_length_27427_cov_39.906593	99.98		True
CONTIG	NODE_47_length_27427_cov_39.906593	27427	correct
105040	132138	1	27099	NC_002945.4	NODE_48_length_27344_cov_44.119043	99.97		True
CONTIG	NODE_48_length_27344_cov_44.119043	27344	correct
2666196	2693421	27225	1	NC_002945.4	NODE_49_length_27291_cov_44.904543	99.97		True
CONTIG	NODE_49_length_27291_cov_44.904543	27291	correct
306767	333298	160	26586	NC_002945.4	NODE_50_length_26808_cov_41.885686	99.6		True
indel: stretch of mismatches
333299	333426	26587	26714	NC_002945.4	NODE_50_length_26808_cov_41.885686	99.76		True
CONTIG	NODE_50_length_26808_cov_41.885686	26808	correct
1386943	1412955	100	26112	NC_002945.4	NODE_51_length_26112_cov_42.938272	99.98		True
CONTIG	NODE_51_length_26112_cov_42.938272	26112	correct
3674358	3698316	24090	150	NC_002945.4	NODE_52_length_24090_cov_34.008889	99.9		True
CONTIG	NODE_52_length_24090_cov_34.008889	24090	correct
2386668	2408733	1	22066	NC_002945.4	NODE_53_length_22072_cov_35.683071	100.0		True
CONTIG	NODE_53_length_22072_cov_35.683071	22072	correct
4259930	4281658	21727	1	NC_002945.4	NODE_54_length_21727_cov_45.720185	99.98		True
CONTIG	NODE_54_length_21727_cov_45.720185	21727	correct
2423267	2444896	1	21630	NC_002945.4	NODE_55_length_21630_cov_44.676743	99.99		True
CONTIG	NODE_55_length_21630_cov_44.676743	21630	correct
1471935	1490747	1	18814	NC_002945.4	NODE_56_length_21430_cov_43.008403	99.98		True
local misassembly
1490961	1491628	18815	19482	NC_002945.4	NODE_56_length_21430_cov_43.008403	99.86		True
relocation, inconsistency = 298635
1190378	1192325	21430	19483	NC_002945.4	NODE_56_length_21430_cov_43.008403	99.9		True
CONTIG	NODE_56_length_21430_cov_43.008403	21430	misassembled
2192685	2209982	17471	174	NC_002945.4	NODE_57_length_17471_cov_51.617735	99.99		True
CONTIG	NODE_57_length_17471_cov_51.617735	17471	correct
2326308	2343764	1	17457	NC_002945.4	NODE_58_length_17457_cov_40.064282	99.99		True
CONTIG	NODE_58_length_17457_cov_40.064282	17457	correct
892165	909508	17344	1	NC_002945.4	NODE_59_length_17344_cov_44.541442	99.99		True
CONTIG	NODE_59_length_17344_cov_44.541442	17344	correct
132692	149954	1	17263	NC_002945.4	NODE_60_length_17263_cov_50.876751	99.95		True
CONTIG	NODE_60_length_17263_cov_50.876751	17263	correct
2776911	2793815	1	16905	NC_002945.4	NODE_61_length_17082_cov_46.304276	100.0		True
CONTIG	NODE_61_length_17082_cov_46.304276	17082	correct
910050	926209	1	16160	NC_002945.4	NODE_62_length_16271_cov_46.505946	99.99		True
CONTIG	NODE_62_length_16271_cov_46.505946	16271	correct
2916851	2932868	1	16018	NC_002945.4	NODE_63_length_16035_cov_48.506852	99.97		True
CONTIG	NODE_63_length_16035_cov_48.506852	16035	correct
3193780	3209297	15618	1	NC_002945.4	NODE_64_length_15618_cov_47.618488	100.0		True
CONTIG	NODE_64_length_15618_cov_47.618488	15618	correct
609085	624346	15420	159	NC_002945.4	NODE_65_length_15420_cov_39.862878	99.99		True
CONTIG	NODE_65_length_15420_cov_39.862878	15420	correct
2372658	2386761	344	14447	NC_002945.4	NODE_66_length_14447_cov_44.776536	99.95		True
CONTIG	NODE_66_length_14447_cov_44.776536	14447	correct
2409215	2422776	13562	1	NC_002945.4	NODE_67_length_13710_cov_39.855628	99.98		True
CONTIG	NODE_67_length_13710_cov_39.855628	13710	correct
3712180	3724959	12780	1	NC_002945.4	NODE_68_length_12780_cov_25.848969	99.96		True
CONTIG	NODE_68_length_12780_cov_25.848969	12780	correct
2944619	2957076	1	12458	NC_002945.4	NODE_69_length_12458_cov_42.957181	99.98		True
CONTIG	NODE_69_length_12458_cov_42.957181	12458	correct
4281684	4293949	1	12266	NC_002945.4	NODE_70_length_12266_cov_44.159239	99.98		True
CONTIG	NODE_70_length_12266_cov_44.159239	12266	correct
3700305	3711403	11099	1	NC_002945.4	NODE_71_length_11099_cov_29.011484	100.0		True
CONTIG	NODE_71_length_11099_cov_29.011484	11099	correct
2933824	2943963	10140	1	NC_002945.4	NODE_72_length_10328_cov_40.483972	99.98		True
CONTIG	NODE_72_length_10328_cov_40.483972	10328	correct
3209297	3219352	10056	1	NC_002945.4	NODE_73_length_10056_cov_43.474066	100.0		True
CONTIG	NODE_73_length_10056_cov_43.474066	10056	correct
928134	928251	189	306	NC_002945.4	NODE_74_length_9092_cov_17.878305	100.0		True
local misassembly
928357	928975	307	934	NC_002945.4	NODE_74_length_9092_cov_17.878305	98.57		True
local misassembly
928970	929587	1073	1690	NC_002945.4	NODE_74_length_9092_cov_17.878305	100.0		True
relocation, inconsistency = 2955055
3884643	3889499	6556	1691	NC_002945.4	NODE_74_length_9092_cov_17.878305	99.79		True
local misassembly
3882139	3884027	8493	6557	NC_002945.4	NODE_74_length_9092_cov_17.878305	97.69		True
local misassembly
3881901	3882155	8899	8645	NC_002945.4	NODE_74_length_9092_cov_17.878305	100.0		True
CONTIG	NODE_74_length_9092_cov_17.878305	9092	misassembled
4301862	4309408	214	7760	NC_002945.4	NODE_75_length_7760_cov_40.472422	99.97		True
CONTIG	NODE_75_length_7760_cov_40.472422	7760	correct
4294608	4301850	1	7243	NC_002945.4	NODE_76_length_7301_cov_39.128101	99.99		True
CONTIG	NODE_76_length_7301_cov_39.128101	7301	correct
2793822	2799828	6007	1	NC_002945.4	NODE_77_length_6007_cov_40.825170	99.98		True
CONTIG	NODE_77_length_6007_cov_40.825170	6007	correct
1987117	1992127	210	5221	NC_002945.4	NODE_78_length_5221_cov_38.092854	99.96		True
CONTIG	NODE_78_length_5221_cov_38.092854	5221	correct
1213956	1214774	1	819	NC_002945.4	NODE_79_length_4579_cov_24.917341	99.63		True
local misassembly
1214750	1218390	939	4579	NC_002945.4	NODE_79_length_4579_cov_24.917341	99.95		True
CONTIG	NODE_79_length_4579_cov_24.917341	4579	correct
3980336	3984646	4311	1	NC_002945.4	NODE_80_length_4454_cov_36.553270	100.0		True
CONTIG	NODE_80_length_4454_cov_36.553270	4454	correct
1092496	1096443	3970	23	NC_002945.4	NODE_81_length_4018_cov_34.706759	100.0		True
CONTIG	NODE_81_length_4018_cov_34.706759	4018	correct
1165899	1169900	1	4002	NC_002945.4	NODE_82_length_4002_cov_47.327226	99.98		True
CONTIG	NODE_82_length_4002_cov_47.327226	4002	correct
3890842	3894344	1	3503	NC_002945.4	NODE_83_length_3503_cov_5.147808	99.94		True
CONTIG	NODE_83_length_3503_cov_5.147808	3503	correct
1638385	1638824	625	186	NC_002945.4	NODE_84_length_3149_cov_18.667439	99.56		True
local misassembly
1635657	1638240	3149	626	NC_002945.4	NODE_84_length_3149_cov_18.667439	97.68		True
CONTIG	NODE_84_length_3149_cov_18.667439	3149	correct
2284620	2287647	1	3028	NC_002945.4	NODE_85_length_3028_cov_30.878318	99.77		True
CONTIG	NODE_85_length_3028_cov_30.878318	3028	correct
2290710	2293716	1	3007	NC_002945.4	NODE_86_length_3007_cov_30.772222	100.0		True
CONTIG	NODE_86_length_3007_cov_30.772222	3007	correct
1993335	1996166	1	2832	NC_002945.4	NODE_87_length_3004_cov_44.720890	99.89		True
CONTIG	NODE_87_length_3004_cov_44.720890	3004	correct
2158479	2158913	1	435	NC_002945.4	NODE_88_length_2811_cov_44.756334	100.0		True
fake: scaffold gap size wrong estimation (local)
2158914	2160444	467	1997	NC_002945.4	NODE_88_length_2811_cov_44.756334	95.49		True
CONTIG	NODE_88_length_2811_cov_44.756334	2811	correct
334077	336396	1	2320	NC_002945.4	NODE_89_length_2320_cov_9.759234	99.91		True
CONTIG	NODE_89_length_2320_cov_9.759234	2320	correct
674860	676302	130	1572	NC_002945.4	NODE_90_length_1579_cov_6.415978	100.0		True
CONTIG	NODE_90_length_1579_cov_6.415978	1579	correct
401182	402731	1550	1	NC_002945.4	NODE_91_length_1550_cov_69.348559	99.94		True
CONTIG	NODE_91_length_1550_cov_69.348559	1550	correct
4193589	4195052	1	1464	NC_002945.4	NODE_92_length_1464_cov_100.344054	100.0		True
CONTIG	NODE_92_length_1464_cov_100.344054	1464	correct
3443593	3445031	1439	1	NC_002945.4	NODE_93_length_1439_cov_56.787348	100.0		True
CONTIG	NODE_93_length_1439_cov_56.787348	1439	correct
3897145	3898585	1432	1	NC_002945.4	NODE_94_length_1432_cov_33.486590	99.38		True
CONTIG	NODE_94_length_1432_cov_33.486590	1432	correct
2774360	2775581	1222	1	NC_002945.4	NODE_95_length_1405_cov_6.427230	100.0		True
CONTIG	NODE_95_length_1405_cov_6.427230	1405	correct
890952	892291	1340	1	NC_002945.4	NODE_96_length_1340_cov_90.232481	100.0		True
CONTIG	NODE_96_length_1340_cov_90.232481	1340	correct
2324506	2325842	1337	1	NC_002945.4	NODE_97_length_1337_cov_25.267769	100.0		True
CONTIG	NODE_97_length_1337_cov_25.267769	1337	correct
673551	674724	159	1332	NC_002945.4	NODE_98_length_1332_cov_3.728631	99.74		True
CONTIG	NODE_98_length_1332_cov_3.728631	1332	correct
3339137	3340461	1325	1	NC_002945.4	NODE_99_length_1325_cov_37.027546	100.0		True
CONTIG	NODE_99_length_1325_cov_37.027546	1325	correct
3835659	3836979	1321	1	NC_002945.4	NODE_100_length_1321_cov_85.139866	99.77		True
CONTIG	NODE_100_length_1321_cov_85.139866	1321	correct
2288581	2289835	1	1255	NC_002945.4	NODE_101_length_1255_cov_36.789894	100.0		True
CONTIG	NODE_101_length_1255_cov_36.789894	1255	correct
839578	840727	1242	93	NC_002945.4	NODE_102_length_1242_cov_15.002691	99.57		True
CONTIG	NODE_102_length_1242_cov_15.002691	1242	correct
929637	930613	1009	33	NC_002945.4	NODE_103_length_1216_cov_3.718090	100.0		True
CONTIG	NODE_103_length_1216_cov_3.718090	1216	correct
2287521	2288707	1	1187	NC_002945.4	NODE_104_length_1187_cov_34.661321	100.0		True
CONTIG	NODE_104_length_1187_cov_34.661321	1187	correct
2289709	2290836	1128	1	NC_002945.4	NODE_105_length_1128_cov_76.031968	99.91		True
CONTIG	NODE_105_length_1128_cov_76.031968	1128	correct
1340970	1342059	1090	1	NC_002945.4	NODE_106_length_1090_cov_33.942887	99.91		True
CONTIG	NODE_106_length_1090_cov_33.942887	1090	correct
1996230	1997026	1057	261	NC_002945.4	NODE_107_length_1090_cov_5.127726	99.62		True
CONTIG	NODE_107_length_1090_cov_5.127726	1090	correct
3711277	3712306	1030	1	NC_002945.4	NODE_108_length_1030_cov_94.666667	100.0		True
CONTIG	NODE_108_length_1030_cov_94.666667	1030	correct
1165044	1166025	1	982	NC_002945.4	NODE_109_length_982_cov_86.723977	99.9		True
CONTIG	NODE_109_length_982_cov_86.723977	982	correct
3442285	3443193	909	1	NC_002945.4	NODE_110_length_909_cov_273.905371	100.0		True
CONTIG	NODE_110_length_909_cov_273.905371	909	correct
3341521	3342410	890	1	NC_002945.4	NODE_111_length_890_cov_33.428571	100.0		True
CONTIG	NODE_111_length_890_cov_33.428571	890	correct
CONTIG	NODE_112_length_890_cov_1.441678	890	unaligned
3894591	3895304	1	714	NC_002945.4	NODE_113_length_868_cov_34.593792	100.0		True
CONTIG	NODE_113_length_868_cov_34.593792	868	correct
2191968	2192811	844	1	NC_002945.4	NODE_114_length_844_cov_84.599721	100.0		True
CONTIG	NODE_114_length_844_cov_84.599721	844	correct
3444905	3445699	1	795	NC_002945.4	NODE_115_length_795_cov_105.477545	100.0		True
CONTIG	NODE_115_length_795_cov_105.477545	795	correct
2422650	2423393	1	744	NC_002945.4	NODE_116_length_744_cov_82.717990	100.0		True
CONTIG	NODE_116_length_744_cov_82.717990	744	correct
2773623	2774163	184	724	NC_002945.4	NODE_117_length_724_cov_3.316583	100.0		True
CONTIG	NODE_117_length_724_cov_3.316583	724	correct
3340552	3341186	635	1	NC_002945.4	NODE_118_length_635_cov_33.625984	100.0		True
CONTIG	NODE_118_length_635_cov_33.625984	635	correct
1342064	1342697	1	634	NC_002945.4	NODE_119_length_634_cov_53.544379	100.0		True
CONTIG	NODE_119_length_634_cov_53.544379	634	correct
838336	838966	1	631	NC_002945.4	NODE_120_length_631_cov_1.390873	99.84		True
CONTIG	NODE_120_length_631_cov_1.390873	631	correct
1985857	1986466	610	1	NC_002945.4	NODE_121_length_610_cov_5.060041	100.0		True
CONTIG	NODE_121_length_610_cov_5.060041	610	correct
3341060	3341647	588	1	NC_002945.4	NODE_122_length_588_cov_58.982646	100.0		True
CONTIG	NODE_122_length_588_cov_58.982646	588	correct
132136	132665	28	557	NC_002945.4	NODE_123_length_557_cov_2.672093	99.43		True
CONTIG	NODE_123_length_557_cov_2.672093	557	correct
625149	625318	1	170	NC_002945.4	NODE_124_length_553_cov_0.481221	100.0		True
unknown
625403	625495	150	242	NC_002945.4	NODE_124_length_553_cov_0.481221	96.77		True
unknown
CONTIG	NODE_124_length_553_cov_0.481221	553	mis_unaligned
841548	841965	521	104	NC_002945.4	NODE_125_length_521_cov_1.576142	100.0		True
CONTIG	NODE_125_length_521_cov_1.576142	521	correct
3979638	3980059	422	1	NC_002945.4	NODE_126_length_506_cov_2.163588	99.76		True
CONTIG	NODE_126_length_506_cov_2.163588	506	correct
4294092	4294596	1	505	NC_002945.4	NODE_127_length_505_cov_8.833333	100.0		True
CONTIG	NODE_127_length_505_cov_8.833333	505	correct
3894218	3894717	500	1	NC_002945.4	NODE_128_length_500_cov_82.729223	100.0		True
CONTIG	NODE_128_length_500_cov_82.729223	500	correct
