S1	E1	S2	E2	Reference	Contig	IDY	Ambiguous	Best_group
3445573	3673271	227591	1	NC_002945.4	NODE_1_length_227591_cov_60.997063	99.93		True
CONTIG	NODE_1_length_227591_cov_60.997063	227591	correct
2453620	2665762	1	212195	NC_002945.4	NODE_2_length_212195_cov_60.711489	99.96		True
CONTIG	NODE_2_length_212195_cov_60.711489	212195	correct
402605	581801	1	179082	NC_002945.4	NODE_3_length_179082_cov_60.090190	99.92		True
CONTIG	NODE_3_length_179082_cov_60.090190	179082	correct
2957039	3124617	166890	1	NC_002945.4	NODE_4_length_166890_cov_60.641179	99.44		True
CONTIG	NODE_4_length_166890_cov_60.641179	166890	correct
4035839	4193715	157762	1	NC_002945.4	NODE_5_length_157762_cov_59.514137	99.92		True
CONTIG	NODE_5_length_157762_cov_59.514137	157762	correct
149999	306688	1	156663	NC_002945.4	NODE_6_length_156663_cov_60.126303	99.97		True
CONTIG	NODE_6_length_156663_cov_60.126303	156663	correct
4309413	4349904	35	40525	NC_002945.4	NODE_7_length_143844_cov_61.363395	99.99		True
fake: not a misassembly [linear representation of circular genome]
1	29469	40526	69994	NC_002945.4	NODE_7_length_143844_cov_61.363395	99.99		True
local misassembly
30083	103918	69996	143844	NC_002945.4	NODE_7_length_143844_cov_61.363395	99.96		True
CONTIG	NODE_7_length_143844_cov_61.363395	143844	correct
1638865	1769053	130280	93	NC_002945.4	NODE_8_length_130281_cov_64.114019	99.99		True
CONTIG	NODE_8_length_130281_cov_64.114019	130281	correct
970133	1009472	1	39339	NC_002945.4	NODE_9_length_119927_cov_60.791803	99.98		True
relocation, inconsistency = 1457
1010930	1091514	39340	119927	NC_002945.4	NODE_9_length_119927_cov_60.791803	99.99		True
CONTIG	NODE_9_length_119927_cov_60.791803	119927	misassembled
3219373	3338802	15	119670	NC_002945.4	NODE_10_length_119670_cov_60.729938	99.88		True
CONTIG	NODE_10_length_119670_cov_60.729938	119670	correct
824601	838032	13509	78	NC_002945.4	NODE_11_length_111086_cov_61.361287	99.98		True
local misassembly
726470	824045	111086	13510	NC_002945.4	NODE_11_length_111086_cov_61.361287	99.99		True
CONTIG	NODE_11_length_111086_cov_61.361287	111086	correct
1779460	1885341	1	105882	NC_002945.4	NODE_12_length_105882_cov_56.282842	99.99		True
CONTIG	NODE_12_length_105882_cov_56.282842	105882	correct
1491972	1573356	81670	286	NC_002945.4	NODE_13_length_101240_cov_63.530862	99.93		True
local misassembly
1490961	1491716	82426	81671	NC_002945.4	NODE_13_length_101240_cov_63.530862	100.0		True
local misassembly
1471935	1490747	101240	82427	NC_002945.4	NODE_13_length_101240_cov_63.530862	99.98		True
CONTIG	NODE_13_length_101240_cov_63.530862	101240	correct
1885270	1985598	1	99920	NC_002945.4	NODE_14_length_99920_cov_62.440592	99.58		True
CONTIG	NODE_14_length_99920_cov_62.440592	99920	correct
3343594	3442410	98885	1	NC_002945.4	NODE_15_length_98885_cov_62.865783	99.92		True
CONTIG	NODE_15_length_98885_cov_62.865783	98885	correct
3878361	3881358	117	3114	NC_002945.4	NODE_16_length_90501_cov_56.969704	99.73		True
relocation, inconsistency = 15634
3896993	3980041	3115	86154	NC_002945.4	NODE_16_length_90501_cov_56.969704	99.98		True
local misassembly
3980132	3984478	86155	90501	NC_002945.4	NODE_16_length_90501_cov_56.969704	100.0		True
CONTIG	NODE_16_length_90501_cov_56.969704	90501	misassembled
2056928	2083604	1	26677	NC_002945.4	NODE_17_length_83475_cov_61.240654	99.98		True
local misassembly
2083596	2140255	26816	83475	NC_002945.4	NODE_17_length_83475_cov_61.240654	99.99		True
CONTIG	NODE_17_length_83475_cov_61.240654	83475	correct
2693912	2772958	79303	258	NC_002945.4	NODE_18_length_79303_cov_59.589055	99.99		True
CONTIG	NODE_18_length_79303_cov_59.589055	79303	correct
3124816	3193761	68892	1	NC_002945.4	NODE_19_length_69009_cov_59.892236	99.91		True
CONTIG	NODE_19_length_69009_cov_59.892236	69009	correct
1096985	1165170	1	68186	NC_002945.4	NODE_20_length_68186_cov_59.837685	99.99		True
CONTIG	NODE_20_length_68186_cov_59.837685	68186	correct
2852146	2916393	64248	1	NC_002945.4	NODE_21_length_64324_cov_58.055594	99.98		True
CONTIG	NODE_21_length_64324_cov_58.055594	64324	correct
4194926	4259153	64228	1	NC_002945.4	NODE_22_length_64228_cov_63.166347	99.99		True
CONTIG	NODE_22_length_64228_cov_63.166347	64228	correct
1280097	1340762	1	60728	NC_002945.4	NODE_23_length_60728_cov_62.295507	99.89		True
CONTIG	NODE_23_length_60728_cov_62.295507	60728	correct
1997108	2056803	59696	1	NC_002945.4	NODE_24_length_59814_cov_59.985039	99.98		True
CONTIG	NODE_24_length_59814_cov_59.985039	59814	correct
1219525	1278412	1	58888	NC_002945.4	NODE_25_length_58888_cov_59.887578	99.99		True
CONTIG	NODE_25_length_58888_cov_59.887578	58888	correct
3777400	3835785	1	58318	NC_002945.4	NODE_26_length_58318_cov_59.788765	99.87		True
CONTIG	NODE_26_length_58318_cov_59.788765	58318	correct
1413935	1470724	56733	1	NC_002945.4	NODE_27_length_56733_cov_64.456400	99.89		True
CONTIG	NODE_27_length_56733_cov_64.456400	56733	correct
2192685	2245161	52477	1	NC_002945.4	NODE_28_length_52477_cov_67.955377	99.99		True
CONTIG	NODE_28_length_52477_cov_67.955377	52477	correct
673480	676168	1	2689	NC_002945.4	NODE_29_length_51507_cov_56.652083	99.96		True
local misassembly
676739	725535	2690	51486	NC_002945.4	NODE_29_length_51507_cov_56.652083	99.98		True
CONTIG	NODE_29_length_51507_cov_56.652083	51507	correct
2801012	2852051	1	51040	NC_002945.4	NODE_30_length_51040_cov_59.271895	99.99		True
CONTIG	NODE_30_length_51040_cov_59.271895	51040	correct
3984850	4000631	144	15925	NC_002945.4	NODE_31_length_50878_cov_60.685070	100.0		True
fake: scaffold gap size wrong estimation (local)
4000854	4035706	16026	50878	NC_002945.4	NODE_31_length_50878_cov_60.685070	99.98		True
CONTIG	NODE_31_length_50878_cov_60.685070	50878	correct
1574014	1623827	49814	1	NC_002945.4	NODE_32_length_49814_cov_57.914907	99.98		True
CONTIG	NODE_32_length_49814_cov_57.914907	49814	correct
842772	891078	2	48308	NC_002945.4	NODE_33_length_48308_cov_59.923704	99.99		True
CONTIG	NODE_33_length_48308_cov_59.923704	48308	correct
625359	673268	48149	240	NC_002945.4	NODE_34_length_48178_cov_57.357745	99.99		True
CONTIG	NODE_34_length_48178_cov_57.357745	48178	correct
2344007	2372204	28206	9	NC_002945.4	NODE_35_length_45199_cov_58.205804	99.99		True
local misassembly
2326492	2343268	44983	28207	NC_002945.4	NODE_35_length_45199_cov_58.205804	99.99		True
CONTIG	NODE_35_length_45199_cov_58.205804	45199	correct
1343879	1386633	1	42760	NC_002945.4	NODE_36_length_42882_cov_59.045843	99.99		True
CONTIG	NODE_36_length_42882_cov_59.045843	42882	correct
928970	970087	41271	1	NC_002945.4	NODE_37_length_41987_cov_55.534281	99.16		True
local misassembly
928407	928975	41987	41410	NC_002945.4	NODE_37_length_41987_cov_55.534281	98.44		True
CONTIG	NODE_37_length_41987_cov_55.534281	41987	correct
3836888	3878196	1	41301	NC_002945.4	NODE_38_length_41301_cov_60.814033	99.91		True
CONTIG	NODE_38_length_41301_cov_60.814033	41301	correct
363859	401308	1	37450	NC_002945.4	NODE_39_length_37450_cov_59.035715	99.99		True
CONTIG	NODE_39_length_37450_cov_59.035715	37450	correct
2246369	2283745	37379	1	NC_002945.4	NODE_40_length_37379_cov_66.294481	99.95		True
CONTIG	NODE_40_length_37379_cov_66.294481	37379	correct
3737665	3759356	21734	40	NC_002945.4	NODE_41_length_34295_cov_58.737766	99.98		True
local misassembly
3724894	3737454	34295	21735	NC_002945.4	NODE_41_length_34295_cov_58.737766	99.98		True
CONTIG	NODE_41_length_34295_cov_58.737766	34295	correct
2161798	2192094	30298	1	NC_002945.4	NODE_42_length_30298_cov_63.067615	99.99		True
CONTIG	NODE_42_length_30298_cov_63.067615	30298	correct
2294650	2324490	1	29841	NC_002945.4	NODE_43_length_29841_cov_56.331830	99.99		True
CONTIG	NODE_43_length_29841_cov_56.331830	29841	correct
2666111	2693421	27310	1	NC_002945.4	NODE_44_length_27310_cov_59.040466	99.99		True
CONTIG	NODE_44_length_27310_cov_59.040466	27310	correct
105040	131877	27031	194	NC_002945.4	NODE_45_length_27031_cov_59.569135	99.97		True
CONTIG	NODE_45_length_27031_cov_59.569135	27031	correct
306705	333298	1	26489	NC_002945.4	NODE_46_length_26655_cov_58.035020	99.6		True
CONTIG	NODE_46_length_26655_cov_58.035020	26655	correct
1386934	1412955	26022	1	NC_002945.4	NODE_47_length_26292_cov_56.121384	99.98		True
CONTIG	NODE_47_length_26292_cov_56.121384	26292	correct
581820	607788	1	25969	NC_002945.4	NODE_48_length_25969_cov_60.247698	99.99		True
CONTIG	NODE_48_length_25969_cov_60.247698	25969	correct
3674358	3700182	25807	1	NC_002945.4	NODE_49_length_25807_cov_45.412617	99.93		True
CONTIG	NODE_49_length_25807_cov_45.412617	25807	correct
338149	363586	1	25360	NC_002945.4	NODE_50_length_25636_cov_50.659140	99.59		True
CONTIG	NODE_50_length_25636_cov_50.659140	25636	correct
1190378	1213928	23476	1	NC_002945.4	NODE_51_length_23476_cov_55.675104	99.63		True
CONTIG	NODE_51_length_23476_cov_55.675104	23476	correct
2386668	2408683	22016	1	NC_002945.4	NODE_52_length_22016_cov_49.378638	100.0		True
CONTIG	NODE_52_length_22016_cov_49.378638	22016	correct
4259930	4281683	21752	1	NC_002945.4	NODE_53_length_21752_cov_60.383260	99.98		True
CONTIG	NODE_53_length_21752_cov_60.383260	21752	correct
2423267	2444953	1	21687	NC_002945.4	NODE_54_length_21687_cov_61.782839	99.99		True
CONTIG	NODE_54_length_21687_cov_61.782839	21687	correct
1190092	1190388	297	1	NC_002945.4	NODE_55_length_19601_cov_65.563880	100.0		True
local misassembly
1170557	1189860	19601	298	NC_002945.4	NODE_55_length_19601_cov_65.563880	99.99		True
CONTIG	NODE_55_length_19601_cov_65.563880	19601	correct
3759660	3777383	5	17730	NC_002945.4	NODE_56_length_17730_cov_56.780776	99.94		True
CONTIG	NODE_56_length_17730_cov_56.780776	17730	correct
2140778	2158365	17588	1	NC_002945.4	NODE_57_length_17588_cov_63.735181	99.97		True
CONTIG	NODE_57_length_17588_cov_63.735181	17588	correct
892165	909508	17344	1	NC_002945.4	NODE_58_length_17344_cov_62.521578	99.99		True
CONTIG	NODE_58_length_17344_cov_62.521578	17344	correct
132836	149981	118	17263	NC_002945.4	NODE_59_length_17263_cov_66.428630	99.97		True
CONTIG	NODE_59_length_17263_cov_66.428630	17263	correct
2776927	2793824	17097	200	NC_002945.4	NODE_60_length_17097_cov_64.227991	100.0		True
CONTIG	NODE_60_length_17097_cov_64.227991	17097	correct
910050	926213	16173	10	NC_002945.4	NODE_61_length_16173_cov_64.347065	99.99		True
CONTIG	NODE_61_length_16173_cov_64.347065	16173	correct
2916851	2932344	1	15494	NC_002945.4	NODE_62_length_15494_cov_67.502050	99.97		True
CONTIG	NODE_62_length_15494_cov_67.502050	15494	correct
3193724	3209295	15493	1	NC_002945.4	NODE_63_length_15493_cov_63.159378	99.49		True
CONTIG	NODE_63_length_15493_cov_63.159378	15493	correct
609085	624364	1	15280	NC_002945.4	NODE_64_length_15394_cov_54.987162	99.99		True
CONTIG	NODE_64_length_15394_cov_54.987162	15394	correct
2372440	2386761	14322	1	NC_002945.4	NODE_65_length_14322_cov_63.457203	99.98		True
CONTIG	NODE_65_length_14322_cov_63.457203	14322	correct
2409016	2422776	192	13952	NC_002945.4	NODE_66_length_13952_cov_56.180904	99.97		True
CONTIG	NODE_66_length_13952_cov_56.180904	13952	correct
3712180	3724959	12780	1	NC_002945.4	NODE_67_length_12780_cov_42.014463	99.96		True
CONTIG	NODE_67_length_12780_cov_42.014463	12780	correct
2944619	2957076	12458	1	NC_002945.4	NODE_68_length_12458_cov_58.866353	99.98		True
CONTIG	NODE_68_length_12458_cov_58.866353	12458	correct
4281682	4293955	12274	1	NC_002945.4	NODE_69_length_12274_cov_61.905985	99.98		True
CONTIG	NODE_69_length_12274_cov_61.905985	12274	correct
3700300	3711403	1	11104	NC_002945.4	NODE_70_length_11104_cov_42.905074	100.0		True
CONTIG	NODE_70_length_11104_cov_42.905074	11104	correct
2933812	2943963	10152	1	NC_002945.4	NODE_71_length_10352_cov_57.951002	99.99		True
CONTIG	NODE_71_length_10352_cov_57.951002	10352	correct
3209297	3219354	1	10058	NC_002945.4	NODE_72_length_10058_cov_60.197563	100.0		True
CONTIG	NODE_72_length_10058_cov_60.197563	10058	correct
1623859	1633014	1	9108	NC_002945.4	NODE_73_length_9108_cov_49.284712	99.44		True
CONTIG	NODE_73_length_9108_cov_49.284712	9108	correct
3890969	3894344	3376	1	NC_002945.4	NODE_74_length_9004_cov_24.072772	99.95		True
local misassembly
3884660	3890278	9004	3377	NC_002945.4	NODE_74_length_9004_cov_24.072772	99.79		True
CONTIG	NODE_74_length_9004_cov_24.072772	9004	correct
2444936	2453619	1	8684	NC_002945.4	NODE_75_length_8685_cov_59.184038	100.0		True
CONTIG	NODE_75_length_8685_cov_59.184038	8685	correct
4301846	4309408	1	7563	NC_002945.4	NODE_76_length_7563_cov_57.349516	99.99		True
CONTIG	NODE_76_length_7563_cov_57.349516	7563	correct
4294613	4301847	7453	219	NC_002945.4	NODE_77_length_7453_cov_52.770270	99.99		True
CONTIG	NODE_77_length_7453_cov_52.770270	7453	correct
2793852	2799828	5977	1	NC_002945.4	NODE_78_length_5977_cov_52.835897	99.98		True
CONTIG	NODE_78_length_5977_cov_52.835897	5977	correct
1987036	1992127	24	5116	NC_002945.4	NODE_79_length_5116_cov_57.753257	99.96		True
CONTIG	NODE_79_length_5116_cov_57.753257	5116	correct
1213934	1214774	1	841	NC_002945.4	NODE_80_length_4683_cov_37.875549	99.64		True
local misassembly
1214750	1218323	961	4534	NC_002945.4	NODE_80_length_4683_cov_37.875549	100.0		True
CONTIG	NODE_80_length_4683_cov_37.875549	4683	correct
3881913	3882155	94	336	NC_002945.4	NODE_81_length_4110_cov_9.046196	100.0		True
local misassembly
3882139	3883888	488	2285	NC_002945.4	NODE_81_length_4110_cov_9.046196	97.33		True
relocation, inconsistency = 3546237
334077	335260	4110	2927	NC_002945.4	NODE_81_length_4110_cov_9.046196	99.75		True
CONTIG	NODE_81_length_4110_cov_9.046196	4110	misassembled
1165899	1169900	4002	1	NC_002945.4	NODE_82_length_4002_cov_68.548387	99.98		True
CONTIG	NODE_82_length_4002_cov_68.548387	4002	correct
1638385	1638698	496	183	NC_002945.4	NODE_83_length_3131_cov_28.975366	99.7		True
local misassembly
1635657	1638240	3131	497	NC_002945.4	NODE_83_length_3131_cov_28.975366	98.06		True
CONTIG	NODE_83_length_3131_cov_28.975366	3131	correct
2284620	2287647	3028	1	NC_002945.4	NODE_84_length_3028_cov_46.166494	99.77		True
CONTIG	NODE_84_length_3028_cov_46.166494	3028	correct
2290710	2293716	1	3007	NC_002945.4	NODE_85_length_3007_cov_42.160764	100.0		True
CONTIG	NODE_85_length_3007_cov_42.160764	3007	correct
2158914	2160444	2345	815	NC_002945.4	NODE_86_length_2949_cov_67.531184	95.49		True
fake: scaffold gap size wrong estimation (local)
2158341	2158913	2949	2377	NC_002945.4	NODE_86_length_2949_cov_67.531184	100.0		True
CONTIG	NODE_86_length_2949_cov_67.531184	2949	correct
1993335	1996169	2835	1	NC_002945.4	NODE_87_length_2835_cov_60.954210	100.0		True
CONTIG	NODE_87_length_2835_cov_60.954210	2835	correct
1092545	1094668	2124	1	NC_002945.4	NODE_88_length_2608_cov_32.393390	100.0		True
local misassembly
1091534	1092010	2601	2125	NC_002945.4	NODE_88_length_2608_cov_32.393390	100.0		True
CONTIG	NODE_88_length_2608_cov_32.393390	2608	correct
839189	840707	32	1550	NC_002945.4	NODE_89_length_1694_cov_16.594129	99.8		True
CONTIG	NODE_89_length_1694_cov_16.594129	1694	correct
336567	338078	1643	66	NC_002945.4	NODE_90_length_1643_cov_19.737467	95.82		True
CONTIG	NODE_90_length_1643_cov_19.737467	1643	correct
1094890	1096461	1572	1	NC_002945.4	NODE_91_length_1572_cov_50.489273	100.0		True
CONTIG	NODE_91_length_1572_cov_50.489273	1572	correct
401182	402731	1	1550	NC_002945.4	NODE_92_length_1550_cov_95.067463	99.94		True
CONTIG	NODE_92_length_1550_cov_95.067463	1550	correct
4193589	4195052	1464	1	NC_002945.4	NODE_93_length_1464_cov_138.721017	100.0		True
CONTIG	NODE_93_length_1464_cov_138.721017	1464	correct
1992001	1993461	1461	1	NC_002945.4	NODE_94_length_1461_cov_79.227886	100.0		True
CONTIG	NODE_94_length_1461_cov_79.227886	1461	correct
2774178	2775621	1444	1	NC_002945.4	NODE_95_length_1444_cov_8.274108	100.0		True
CONTIG	NODE_95_length_1444_cov_8.274108	1444	correct
3443593	3445031	1439	1	NC_002945.4	NODE_96_length_1439_cov_81.044207	100.0		True
CONTIG	NODE_96_length_1439_cov_81.044207	1439	correct
2324664	2325848	1185	1	NC_002945.4	NODE_97_length_1351_cov_43.517157	99.92		True
CONTIG	NODE_97_length_1351_cov_43.517157	1351	correct
890952	892291	1340	1	NC_002945.4	NODE_98_length_1340_cov_123.200330	100.0		True
CONTIG	NODE_98_length_1340_cov_123.200330	1340	correct
3339137	3340461	1325	1	NC_002945.4	NODE_99_length_1325_cov_54.621870	100.0		True
CONTIG	NODE_99_length_1325_cov_54.621870	1325	correct
3835659	3836979	1321	1	NC_002945.4	NODE_100_length_1321_cov_123.440536	99.77		True
CONTIG	NODE_100_length_1321_cov_123.440536	1321	correct
2288581	2289835	1255	1	NC_002945.4	NODE_101_length_1255_cov_62.455674	100.0		True
CONTIG	NODE_101_length_1255_cov_62.455674	1255	correct
2287521	2288707	1	1187	NC_002945.4	NODE_102_length_1187_cov_41.628302	100.0		True
CONTIG	NODE_102_length_1187_cov_41.628302	1187	correct
2283619	2284746	1128	1	NC_002945.4	NODE_103_length_1128_cov_98.463536	99.91		True
CONTIG	NODE_103_length_1128_cov_98.463536	1128	correct
1340970	1342059	1	1090	NC_002945.4	NODE_104_length_1090_cov_44.406023	99.91		True
CONTIG	NODE_104_length_1090_cov_44.406023	1090	correct
CONTIG	NODE_105_length_1037_cov_1.379121	1037	unaligned
3711277	3712306	1030	1	NC_002945.4	NODE_106_length_1030_cov_108.058693	100.0		True
CONTIG	NODE_106_length_1030_cov_108.058693	1030	correct
1165044	1166025	982	1	NC_002945.4	NODE_107_length_982_cov_122.280702	100.0		True
CONTIG	NODE_107_length_982_cov_122.280702	982	correct
1996209	1997007	959	161	NC_002945.4	NODE_108_length_959_cov_4.909856	99.87		True
CONTIG	NODE_108_length_959_cov_4.909856	959	correct
3342811	3343719	1	909	NC_002945.4	NODE_109_length_909_cov_366.372123	100.0		True
CONTIG	NODE_109_length_909_cov_366.372123	909	correct
3341521	3342410	890	1	NC_002945.4	NODE_110_length_890_cov_40.580603	100.0		True
CONTIG	NODE_110_length_890_cov_40.580603	890	correct
CONTIG	NODE_111_length_862_cov_2.019048	862	unaligned
2191968	2192811	844	1	NC_002945.4	NODE_112_length_844_cov_111.513250	100.0		True
CONTIG	NODE_112_length_844_cov_111.513250	844	correct
3444905	3445699	1	795	NC_002945.4	NODE_113_length_795_cov_145.799401	100.0		True
CONTIG	NODE_113_length_795_cov_145.799401	795	correct
2916267	2917043	1	777	NC_002945.4	NODE_114_length_777_cov_88.118462	99.87		True
CONTIG	NODE_114_length_777_cov_88.118462	777	correct
1985753	1986525	773	1	NC_002945.4	NODE_115_length_773_cov_5.407121	100.0		True
CONTIG	NODE_115_length_773_cov_5.407121	773	correct
2422650	2423393	1	744	NC_002945.4	NODE_116_length_744_cov_116.061588	100.0		True
CONTIG	NODE_116_length_744_cov_116.061588	744	correct
841421	842154	1	725	NC_002945.4	NODE_117_length_725_cov_1.709030	98.5		True
CONTIG	NODE_117_length_725_cov_1.709030	725	correct
3884045	3884786	1	724	NC_002945.4	NODE_118_length_724_cov_20.348409	97.44		True
CONTIG	NODE_118_length_724_cov_20.348409	724	correct
132142	132661	724	205	NC_002945.4	NODE_119_length_724_cov_1.797320	99.81		True
CONTIG	NODE_119_length_724_cov_1.797320	724	correct
4294078	4294512	597	163	NC_002945.4	NODE_120_length_656_cov_3.674858	100.0		True
CONTIG	NODE_120_length_656_cov_3.674858	656	correct
3340552	3341186	635	1	NC_002945.4	NODE_121_length_635_cov_45.145669	100.0		True
CONTIG	NODE_121_length_635_cov_45.145669	635	correct
1342064	1342697	1	634	NC_002945.4	NODE_122_length_634_cov_88.266272	100.0		True
CONTIG	NODE_122_length_634_cov_88.266272	634	correct
CONTIG	NODE_123_length_607_cov_0.464583	607	unaligned
3338676	3339263	588	1	NC_002945.4	NODE_124_length_588_cov_91.878525	100.0		True
CONTIG	NODE_124_length_588_cov_91.878525	588	correct
CONTIG	NODE_125_length_581_cov_1.383260	581	unaligned
2932313	2932837	525	1	NC_002945.4	NODE_126_length_525_cov_0.932161	99.81		True
CONTIG	NODE_126_length_525_cov_0.932161	525	correct
2622160	2622330	171	1	NC_002945.4	NODE_127_length_520_cov_0.725191	95.91		True
CONTIG	NODE_127_length_520_cov_0.725191	520	correct
CONTIG	NODE_128_length_511_cov_0.437500	511	unaligned
