S1	E1	S2	E2	Reference	Contig	IDY	Ambiguous	Best_group
150689	331160	180335	1	NC_002945.4	NODE_1_length_180335_cov_27.279415	99.92		True
CONTIG	NODE_1_length_180335_cov_27.279415	180335	correct
2444973	2608936	1	163894	NC_002945.4	NODE_2_length_163894_cov_25.069358	99.94		True
CONTIG	NODE_2_length_163894_cov_25.069358	163894	correct
1637974	1638224	1	251	NC_002945.4	NODE_3_length_161716_cov_25.622886	100.0		True
local misassembly
1638369	1638857	252	740	NC_002945.4	NODE_3_length_161716_cov_25.622886	100.0		True
relocation, inconsistency = 800299
824601	838069	14152	741	NC_002945.4	NODE_3_length_161716_cov_25.622886	99.55		True
local misassembly
676375	824045	161716	14153	NC_002945.4	NODE_3_length_161716_cov_25.622886	99.91		True
CONTIG	NODE_3_length_161716_cov_25.622886	161716	misassembled
1010930	1091563	80638	2	NC_002945.4	NODE_4_length_124639_cov_24.690737	99.99		True
relocation, inconsistency = 1457
965518	1009472	124592	80639	NC_002945.4	NODE_4_length_124639_cov_24.690737	99.98		True
CONTIG	NODE_4_length_124639_cov_24.690737	124639	misassembled
3919042	3984573	1	65532	NC_002945.4	NODE_5_length_122838_cov_25.318709	99.99		True
relocation, inconsistency = 1024453
2838333	2894588	121808	65533	NC_002945.4	NODE_5_length_122838_cov_25.318709	99.84		True
local misassembly
2836647	2837676	122838	121809	NC_002945.4	NODE_5_length_122838_cov_25.318709	95.18		True
CONTIG	NODE_5_length_122838_cov_25.318709	122838	misassembled
1657333	1763844	106511	1	NC_002945.4	NODE_6_length_106511_cov_23.630309	99.99		True
CONTIG	NODE_6_length_106511_cov_23.630309	106511	correct
3343689	3442316	1	98696	NC_002945.4	NODE_7_length_98696_cov_25.962043	99.92		True
CONTIG	NODE_7_length_98696_cov_25.962043	98696	correct
4304448	4349904	1	45456	NC_002945.4	NODE_8_length_97328_cov_25.867126	99.99		True
fake: not a misassembly [linear representation of circular genome]
1	29469	45457	74925	NC_002945.4	NODE_8_length_97328_cov_25.867126	99.99		True
local misassembly
30083	52484	74927	97328	NC_002945.4	NODE_8_length_97328_cov_25.867126	99.98		True
CONTIG	NODE_8_length_97328_cov_25.867126	97328	correct
4097424	4193621	96139	1	NC_002945.4	NODE_9_length_96139_cov_27.523495	99.93		True
CONTIG	NODE_9_length_96139_cov_27.523495	96139	correct
1779554	1875072	95572	31	NC_002945.4	NODE_10_length_95572_cov_25.095772	99.97		True
CONTIG	NODE_10_length_95572_cov_25.095772	95572	correct
477160	560650	60	83550	NC_002945.4	NODE_11_length_83550_cov_26.163536	99.99		True
CONTIG	NODE_11_length_83550_cov_26.163536	83550	correct
2083986	2158078	1	74048	NC_002945.4	NODE_12_length_74048_cov_26.469756	99.93		True
CONTIG	NODE_12_length_74048_cov_26.469756	74048	correct
2694006	2766919	73012	99	NC_002945.4	NODE_13_length_73012_cov_25.679387	99.99		True
CONTIG	NODE_13_length_73012_cov_25.679387	73012	correct
3602948	3673177	1	70100	NC_002945.4	NODE_14_length_70100_cov_25.987455	99.8		True
CONTIG	NODE_14_length_70100_cov_25.987455	70100	correct
1097079	1161642	64825	287	NC_002945.4	NODE_15_length_64825_cov_26.591678	99.94		True
CONTIG	NODE_15_length_64825_cov_26.591678	64825	correct
4195020	4259059	1	64040	NC_002945.4	NODE_16_length_64040_cov_26.052338	99.99		True
CONTIG	NODE_16_length_64040_cov_26.052338	64040	correct
3490813	3553274	1	62465	NC_002945.4	NODE_17_length_62465_cov_25.866078	99.99		True
CONTIG	NODE_17_length_62465_cov_25.866078	62465	correct
2372227	2386725	14499	1	NC_002945.4	NODE_18_length_62046_cov_24.364198	99.98		True
local misassembly
2324560	2372106	62046	14500	NC_002945.4	NODE_18_length_62046_cov_24.364198	99.99		True
CONTIG	NODE_18_length_62046_cov_24.364198	62046	correct
4036069	4097252	61108	1	NC_002945.4	NODE_19_length_61108_cov_26.174507	99.87		True
CONTIG	NODE_19_length_61108_cov_26.174507	61108	correct
1885307	1945420	1	60116	NC_002945.4	NODE_20_length_60116_cov_24.017326	99.98		True
CONTIG	NODE_20_length_60116_cov_24.017326	60116	correct
3777598	3835691	58096	1	NC_002945.4	NODE_21_length_58096_cov_26.685962	99.98		True
CONTIG	NODE_21_length_58096_cov_26.685962	58096	correct
3016049	3073379	1	57355	NC_002945.4	NODE_22_length_57355_cov_25.667266	99.93		True
CONTIG	NODE_22_length_57355_cov_25.667266	57355	correct
1414029	1470630	56489	1	NC_002945.4	NODE_23_length_56489_cov_25.716629	99.79		True
CONTIG	NODE_23_length_56489_cov_25.716629	56489	correct
1285827	1340668	54904	1	NC_002945.4	NODE_24_length_54904_cov_23.236664	99.88		True
CONTIG	NODE_24_length_54904_cov_23.236664	54904	correct
2612063	2665782	1	53776	NC_002945.4	NODE_25_length_53776_cov_25.203338	99.88		True
CONTIG	NODE_25_length_53776_cov_25.203338	53776	correct
2193232	2245067	1	51836	NC_002945.4	NODE_26_length_51836_cov_23.532903	99.99		True
CONTIG	NODE_26_length_51836_cov_23.532903	51836	correct
3984565	4000623	1	16059	NC_002945.4	NODE_27_length_51021_cov_27.444595	100.0		True
local misassembly
4000846	4035864	16060	51021	NC_002945.4	NODE_27_length_51021_cov_27.444595	99.81		True
CONTIG	NODE_27_length_51021_cov_27.444595	51021	correct
624829	673218	48378	25	NC_002945.4	NODE_28_length_48386_cov_24.639030	99.92		True
CONTIG	NODE_28_length_48386_cov_24.639030	48386	correct
2968183	3015697	1	47515	NC_002945.4	NODE_29_length_47515_cov_27.888800	99.99		True
CONTIG	NODE_29_length_47515_cov_27.888800	47515	correct
843719	890984	1	47266	NC_002945.4	NODE_30_length_47266_cov_25.182775	99.98		True
CONTIG	NODE_30_length_47266_cov_25.182775	47266	correct
3556893	3602980	1	46088	NC_002945.4	NODE_31_length_46088_cov_27.872479	99.99		True
CONTIG	NODE_31_length_46088_cov_27.872479	46088	correct
1574060	1619359	45291	1	NC_002945.4	NODE_32_length_45291_cov_25.750762	99.96		True
CONTIG	NODE_32_length_45291_cov_25.750762	45291	correct
3252570	3297694	1	45126	NC_002945.4	NODE_33_length_45126_cov_24.383629	99.93		True
CONTIG	NODE_33_length_45126_cov_24.383629	45126	correct
4260024	4299034	1	38905	NC_002945.4	NODE_34_length_44222_cov_26.865034	99.72		True
local misassembly
4299128	4304480	38906	44222	NC_002945.4	NODE_34_length_44222_cov_26.865034	99.31		True
CONTIG	NODE_34_length_44222_cov_26.865034	44222	correct
431089	474819	43731	1	NC_002945.4	NODE_35_length_43731_cov_26.224724	99.98		True
CONTIG	NODE_35_length_43731_cov_26.224724	43731	correct
1492040	1535016	1	42977	NC_002945.4	NODE_36_length_42977_cov_23.472010	99.98		True
CONTIG	NODE_36_length_42977_cov_23.472010	42977	correct
1343973	1386356	42362	1	NC_002945.4	NODE_37_length_42362_cov_26.002929	99.92		True
CONTIG	NODE_37_length_42362_cov_26.002929	42362	correct
1536036	1573505	1	37470	NC_002945.4	NODE_38_length_37470_cov_24.721078	99.99		True
CONTIG	NODE_38_length_37470_cov_24.721078	37470	correct
2801104	2836679	35576	1	NC_002945.4	NODE_39_length_35576_cov_24.645697	99.98		True
CONTIG	NODE_39_length_35576_cov_24.645697	35576	correct
3124829	3158984	17	34011	NC_002945.4	NODE_40_length_34011_cov_26.038142	99.51		True
CONTIG	NODE_40_length_34011_cov_26.038142	34011	correct
3304384	3337986	1	33548	NC_002945.4	NODE_41_length_33548_cov_25.767089	99.81		True
CONTIG	NODE_41_length_33548_cov_25.767089	33548	correct
1219580	1253106	33539	13	NC_002945.4	NODE_42_length_33539_cov_25.793112	99.99		True
CONTIG	NODE_42_length_33539_cov_25.793112	33539	correct
3219343	3252474	1	33132	NC_002945.4	NODE_43_length_33132_cov_25.025650	99.99		True
CONTIG	NODE_43_length_33132_cov_25.025650	33132	correct
3445667	3478499	32833	1	NC_002945.4	NODE_44_length_32833_cov_23.161860	99.98		True
CONTIG	NODE_44_length_32833_cov_23.161860	32833	correct
3084518	3116951	1	32434	NC_002945.4	NODE_45_length_32434_cov_22.482115	99.93		True
CONTIG	NODE_45_length_32434_cov_22.482115	32434	correct
929935	960961	31027	1	NC_002945.4	NODE_46_length_31027_cov_25.856553	99.98		True
CONTIG	NODE_46_length_31027_cov_25.856553	31027	correct
3727738	3737454	1	9717	NC_002945.4	NODE_47_length_31002_cov_21.722529	99.99		True
local misassembly
3737665	3758949	9718	31002	NC_002945.4	NODE_47_length_31002_cov_21.722529	100.0		True
CONTIG	NODE_47_length_31002_cov_21.722529	31002	correct
3846238	3877150	30914	1	NC_002945.4	NODE_48_length_30914_cov_28.219423	99.98		True
CONTIG	NODE_48_length_30914_cov_28.219423	30914	correct
370639	401214	30576	1	NC_002945.4	NODE_49_length_30580_cov_27.098766	99.99		True
CONTIG	NODE_49_length_30580_cov_27.098766	30580	correct
2023803	2054326	1	30524	NC_002945.4	NODE_50_length_30524_cov_23.996425	99.96		True
CONTIG	NODE_50_length_30524_cov_23.996425	30524	correct
2161733	2192000	1	30269	NC_002945.4	NODE_51_length_30269_cov_24.886394	99.99		True
CONTIG	NODE_51_length_30269_cov_24.886394	30269	correct
2253977	2283547	29573	1	NC_002945.4	NODE_52_length_29573_cov_22.813676	99.94		True
CONTIG	NODE_52_length_29573_cov_22.813676	29573	correct
2294903	2324305	29403	1	NC_002945.4	NODE_53_length_29403_cov_24.357065	99.99		True
CONTIG	NODE_53_length_29403_cov_24.357065	29403	correct
105134	132486	27353	1	NC_002945.4	NODE_54_length_27353_cov_24.760286	99.98		True
CONTIG	NODE_54_length_27353_cov_24.760286	27353	correct
52452	79573	1	27125	NC_002945.4	NODE_55_length_27125_cov_25.074192	99.97		True
CONTIG	NODE_55_length_27125_cov_25.074192	27125	correct
2666251	2693327	26982	1	NC_002945.4	NODE_56_length_26991_cov_25.817123	99.64		True
CONTIG	NODE_56_length_26991_cov_25.817123	26991	correct
2917011	2943869	26859	1	NC_002945.4	NODE_57_length_26859_cov_26.760121	99.98		True
CONTIG	NODE_57_length_26859_cov_26.760121	26859	correct
1993429	2020201	26773	1	NC_002945.4	NODE_58_length_26773_cov_23.751720	99.98		True
CONTIG	NODE_58_length_26773_cov_23.751720	26773	correct
1945446	1971943	1	26498	NC_002945.4	NODE_59_length_26498_cov_24.007028	99.98		True
CONTIG	NODE_59_length_26498_cov_24.007028	26498	correct
1386598	1412861	26264	1	NC_002945.4	NODE_60_length_26264_cov_25.261866	99.98		True
CONTIG	NODE_60_length_26264_cov_25.261866	26264	correct
581914	607694	1	25781	NC_002945.4	NODE_61_length_25781_cov_26.254505	99.99		True
CONTIG	NODE_61_length_25781_cov_26.254505	25781	correct
1253100	1277865	24736	1	NC_002945.4	NODE_62_length_24736_cov_26.492815	99.87		True
CONTIG	NODE_62_length_24736_cov_26.492815	24736	correct
79561	103810	1	24251	NC_002945.4	NODE_63_length_24265_cov_26.175264	99.99		True
CONTIG	NODE_63_length_24265_cov_26.175264	24265	correct
402699	426433	23685	1	NC_002945.4	NODE_64_length_23685_cov_27.746322	99.78		True
CONTIG	NODE_64_length_23685_cov_27.746322	23685	correct
2776493	2800015	23448	1	NC_002945.4	NODE_65_length_23459_cov_25.797789	99.68		True
CONTIG	NODE_65_length_23459_cov_25.797789	23459	correct
2944713	2968118	1	23300	NC_002945.4	NODE_66_length_23300_cov_27.096661	99.53		True
CONTIG	NODE_66_length_23300_cov_27.096661	23300	correct
2386820	2408878	22059	1	NC_002945.4	NODE_67_length_22059_cov_24.894488	100.0		True
CONTIG	NODE_67_length_22059_cov_24.894488	22059	correct
2894641	2916601	21960	1	NC_002945.4	NODE_68_length_21960_cov_26.112464	99.98		True
CONTIG	NODE_68_length_21960_cov_26.112464	21960	correct
3158952	3180593	1	21642	NC_002945.4	NODE_69_length_21642_cov_26.837984	99.99		True
CONTIG	NODE_69_length_21642_cov_26.837984	21642	correct
2423361	2444802	1	21442	NC_002945.4	NODE_70_length_21442_cov_27.930263	99.99		True
CONTIG	NODE_70_length_21442_cov_27.930263	21442	correct
1193168	1213378	20211	1	NC_002945.4	NODE_71_length_20211_cov_26.472396	99.98		True
CONTIG	NODE_71_length_20211_cov_26.472396	20211	correct
3898926	3919060	20135	1	NC_002945.4	NODE_72_length_20135_cov_23.237937	99.99		True
CONTIG	NODE_72_length_20135_cov_23.237937	20135	correct
2063852	2083412	19561	1	NC_002945.4	NODE_73_length_19561_cov_27.092739	99.99		True
CONTIG	NODE_73_length_19561_cov_27.092739	19561	correct
3200645	3219357	18713	1	NC_002945.4	NODE_74_length_18713_cov_25.508994	99.98		True
CONTIG	NODE_74_length_18713_cov_25.508994	18713	correct
1638882	1657283	18353	5	NC_002945.4	NODE_75_length_18353_cov_25.288428	99.71		True
CONTIG	NODE_75_length_18353_cov_25.288428	18353	correct
1171177	1189008	17835	4	NC_002945.4	NODE_76_length_17835_cov_25.201887	99.99		True
CONTIG	NODE_76_length_17835_cov_25.201887	17835	correct
560618	578339	1	17722	NC_002945.4	NODE_77_length_17722_cov_27.498558	99.99		True
CONTIG	NODE_77_length_17722_cov_27.498558	17722	correct
3674452	3692107	1	17656	NC_002945.4	NODE_78_length_17656_cov_25.795892	100.0		True
CONTIG	NODE_78_length_17656_cov_25.795892	17656	correct
1472029	1489664	17637	1	NC_002945.4	NODE_79_length_17637_cov_24.171836	99.98		True
CONTIG	NODE_79_length_17637_cov_24.171836	17637	correct
132454	150078	1	17625	NC_002945.4	NODE_80_length_17636_cov_22.886553	99.97		True
CONTIG	NODE_80_length_17636_cov_22.886553	17636	correct
3759839	3777190	17352	1	NC_002945.4	NODE_81_length_17352_cov_22.714129	99.99		True
CONTIG	NODE_81_length_17352_cov_22.714129	17352	correct
892259	909414	1	17156	NC_002945.4	NODE_82_length_17156_cov_25.146353	99.99		True
CONTIG	NODE_82_length_17156_cov_25.146353	17156	correct
910144	926149	15948	1	NC_002945.4	NODE_83_length_15948_cov_31.183538	99.63		True
CONTIG	NODE_83_length_15948_cov_31.183538	15948	correct
609179	624453	15275	1	NC_002945.4	NODE_84_length_15275_cov_25.898635	99.99		True
CONTIG	NODE_84_length_15275_cov_25.898635	15275	correct
2409019	2422682	13664	1	NC_002945.4	NODE_85_length_13672_cov_26.597624	99.98		True
CONTIG	NODE_85_length_13672_cov_26.597624	13672	correct
341438	354867	1	13430	NC_002945.4	NODE_86_length_13438_cov_25.962626	99.99		True
CONTIG	NODE_86_length_13438_cov_25.962626	13438	correct
3193906	3200543	6638	1	NC_002945.4	NODE_87_length_13262_cov_25.012775	100.0		True
relocation, inconsistency = -6624
3193920	3200543	6639	13262	NC_002945.4	NODE_87_length_13262_cov_25.012775	100.0		True
CONTIG	NODE_87_length_13262_cov_25.012775	13262	misassembled
3180561	3193667	13107	1	NC_002945.4	NODE_88_length_13107_cov_25.234588	99.99		True
CONTIG	NODE_88_length_13107_cov_25.234588	13107	correct
1619427	1632213	12771	11	NC_002945.4	NODE_89_length_12771_cov_24.000864	99.77		True
CONTIG	NODE_89_length_12771_cov_24.000864	12771	correct
1973059	1985680	1	12589	NC_002945.4	NODE_90_length_12589_cov_22.486142	99.73		True
CONTIG	NODE_90_length_12589_cov_22.486142	12589	correct
3712274	3724552	12279	1	NC_002945.4	NODE_91_length_12279_cov_30.425608	99.72		True
CONTIG	NODE_91_length_12279_cov_30.425608	12279	correct
3700106	3710641	15	10550	NC_002945.4	NODE_92_length_10550_cov_30.750594	99.88		True
CONTIG	NODE_92_length_10550_cov_30.750594	10550	correct
1875071	1885190	4	10123	NC_002945.4	NODE_93_length_10123_cov_23.103667	99.99		True
CONTIG	NODE_93_length_10123_cov_23.103667	10123	correct
3478490	3488228	9739	1	NC_002945.4	NODE_94_length_9766_cov_25.260762	99.97		True
CONTIG	NODE_94_length_9766_cov_25.260762	9766	correct
354865	363712	20	8867	NC_002945.4	NODE_95_length_8867_cov_24.321259	99.99		True
CONTIG	NODE_95_length_8867_cov_24.321259	8867	correct
3836982	3845210	8229	1	NC_002945.4	NODE_96_length_8229_cov_25.901781	99.99		True
CONTIG	NODE_96_length_8229_cov_25.901781	8229	correct
3116985	3124726	1	7742	NC_002945.4	NODE_97_length_7751_cov_23.402954	100.0		True
CONTIG	NODE_97_length_7751_cov_23.402954	7751	correct
2246463	2253835	7373	1	NC_002945.4	NODE_98_length_7373_cov_23.483924	100.0		True
CONTIG	NODE_98_length_7373_cov_23.483924	7373	correct
2056958	2063881	6924	1	NC_002945.4	NODE_99_length_6938_cov_27.241854	99.96		True
CONTIG	NODE_99_length_6938_cov_27.241854	6938	correct
363923	370658	1	6736	NC_002945.4	NODE_100_length_6736_cov_27.093988	99.96		True
CONTIG	NODE_100_length_6736_cov_27.093988	6736	correct
3297747	3304389	1	6652	NC_002945.4	NODE_101_length_6652_cov_26.113763	99.86		True
CONTIG	NODE_101_length_6652_cov_26.113763	6652	correct
3074777	3080178	1	5404	NC_002945.4	NODE_102_length_5404_cov_18.065351	99.96		True
CONTIG	NODE_102_length_5404_cov_18.065351	5404	correct
1763820	1769051	5232	1	NC_002945.4	NODE_103_length_5232_cov_22.927101	100.0		True
CONTIG	NODE_103_length_5232_cov_22.927101	5232	correct
1986990	1992033	1	5045	NC_002945.4	NODE_104_length_5045_cov_27.313847	99.98		True
CONTIG	NODE_104_length_5045_cov_27.313847	5045	correct
2768476	2773135	4660	1	NC_002945.4	NODE_105_length_4663_cov_23.847516	99.98		True
CONTIG	NODE_105_length_4663_cov_23.847516	4663	correct
426506	430890	4385	1	NC_002945.4	NODE_106_length_4385_cov_29.188189	99.98		True
CONTIG	NODE_106_length_4385_cov_29.188189	4385	correct
960994	965313	4320	1	NC_002945.4	NODE_107_length_4320_cov_24.167716	100.0		True
CONTIG	NODE_107_length_4320_cov_24.167716	4320	correct
3885168	3889198	13	4043	NC_002945.4	NODE_108_length_4043_cov_23.648628	99.98		True
CONTIG	NODE_108_length_4043_cov_23.648628	4043	correct
1165993	1169806	3814	1	NC_002945.4	NODE_109_length_3814_cov_29.486115	99.97		True
CONTIG	NODE_109_length_3814_cov_29.486115	3814	correct
3553432	3556925	1	3494	NC_002945.4	NODE_110_length_3494_cov_27.961283	100.0		True
CONTIG	NODE_110_length_3494_cov_27.961283	3494	correct
1161595	1165076	3482	1	NC_002945.4	NODE_111_length_3482_cov_26.835025	100.0		True
CONTIG	NODE_111_length_3482_cov_26.835025	3482	correct
578485	581738	1	3254	NC_002945.4	NODE_112_length_3254_cov_32.761565	100.0		True
CONTIG	NODE_112_length_3254_cov_32.761565	3254	correct
1280191	1283358	1	3168	NC_002945.4	NODE_113_length_3168_cov_29.076874	100.0		True
CONTIG	NODE_113_length_3168_cov_29.076874	3168	correct
1215154	1218028	2	2876	NC_002945.4	NODE_114_length_2876_cov_26.411537	100.0		True
CONTIG	NODE_114_length_2876_cov_26.411537	2876	correct
2284756	2287553	43	2840	NC_002945.4	NODE_115_length_2840_cov_20.373709	100.0		True
CONTIG	NODE_115_length_2840_cov_20.373709	2840	correct
2290804	2293622	1	2819	NC_002945.4	NODE_116_length_2819_cov_20.986360	100.0		True
CONTIG	NODE_116_length_2819_cov_20.986360	2819	correct
3724988	3727522	2535	1	NC_002945.4	NODE_117_length_2535_cov_27.143086	99.96		True
CONTIG	NODE_117_length_2535_cov_27.143086	2535	correct
3697252	3699784	1	2533	NC_002945.4	NODE_118_length_2533_cov_9.365600	100.0		True
CONTIG	NODE_118_length_2533_cov_9.365600	2533	correct
2020966	2023322	1	2357	NC_002945.4	NODE_119_length_2357_cov_22.180293	99.96		True
CONTIG	NODE_119_length_2357_cov_22.180293	2357	correct
1092369	1094324	2111	159	NC_002945.4	NODE_120_length_2123_cov_24.029187	99.23		True
CONTIG	NODE_120_length_2123_cov_24.029187	2123	correct
2054411	2056326	1	1916	NC_002945.4	NODE_121_length_1916_cov_22.674987	100.0		True
CONTIG	NODE_121_length_1916_cov_22.674987	1916	correct
475086	476885	1	1800	NC_002945.4	NODE_122_length_1800_cov_26.163554	100.0		True
CONTIG	NODE_122_length_1800_cov_26.163554	1800	correct
1490961	1491598	661	24	NC_002945.4	NODE_123_length_1777_cov_19.025229	100.0		True
local misassembly
1489632	1490747	1777	662	NC_002945.4	NODE_123_length_1777_cov_19.025229	100.0		True
CONTIG	NODE_123_length_1777_cov_19.025229	1777	correct
3488667	3490374	1	1708	NC_002945.4	NODE_124_length_1708_cov_28.394627	100.0		True
CONTIG	NODE_124_length_1708_cov_28.394627	1708	correct
3694254	3695111	1	858	NC_002945.4	NODE_125_length_1706_cov_21.224148	100.0		True
inversion
3694254	3695101	1706	859	NC_002945.4	NODE_125_length_1706_cov_21.224148	100.0		True
CONTIG	NODE_125_length_1706_cov_21.224148	1706	misassembled
3879080	3880172	1093	1	NC_002945.4	NODE_126_length_1679_cov_9.141555	100.0		True
local misassembly
3878395	3878980	1679	1094	NC_002945.4	NODE_126_length_1679_cov_9.141555	100.0		True
CONTIG	NODE_126_length_1679_cov_9.141555	1679	correct
2773103	2774772	1	1673	NC_002945.4	NODE_127_length_1673_cov_7.159146	99.76		True
CONTIG	NODE_127_length_1673_cov_7.159146	1673	correct
2609911	2611515	1	1605	NC_002945.4	NODE_128_length_1605_cov_33.314249	100.0		True
CONTIG	NODE_128_length_1605_cov_33.314249	1605	correct
333994	335236	75	1317	NC_002945.4	NODE_129_length_1564_cov_22.902025	99.36		True
indel: indel (> 5bp)
335315	335561	1318	1564	NC_002945.4	NODE_129_length_1564_cov_22.902025	100.0		True
CONTIG	NODE_129_length_1564_cov_22.902025	1564	correct
1632546	1634059	2	1563	NC_002945.4	NODE_130_length_1563_cov_5.713072	95.29		True
CONTIG	NODE_130_length_1563_cov_5.713072	1563	correct
1283386	1284941	1	1556	NC_002945.4	NODE_131_length_1556_cov_29.067630	100.0		True
CONTIG	NODE_131_length_1556_cov_29.067630	1556	correct
401182	402731	1550	1	NC_002945.4	NODE_132_length_1550_cov_46.103494	99.94		True
CONTIG	NODE_132_length_1550_cov_46.103494	1550	correct
3081329	3082862	1	1534	NC_002945.4	NODE_133_length_1534_cov_21.962025	100.0		True
CONTIG	NODE_133_length_1534_cov_21.962025	1534	correct
1635751	1637251	1	1501	NC_002945.4	NODE_134_length_1501_cov_24.955041	100.0		True
CONTIG	NODE_134_length_1501_cov_24.955041	1501	correct
4193589	4195052	1464	1	NC_002945.4	NODE_135_length_1464_cov_52.027254	100.0		True
CONTIG	NODE_135_length_1464_cov_52.027254	1464	correct
1992001	1993461	1	1461	NC_002945.4	NODE_136_length_1461_cov_50.523810	100.0		True
CONTIG	NODE_136_length_1461_cov_50.523810	1461	correct
2159077	2160527	1	1451	NC_002945.4	NODE_137_length_1451_cov_28.083921	100.0		True
CONTIG	NODE_137_length_1451_cov_28.083921	1451	correct
928345	928953	1	618	NC_002945.4	NODE_138_length_1426_cov_11.384063	98.54		True
local misassembly
928970	929655	741	1426	NC_002945.4	NODE_138_length_1426_cov_11.384063	100.0		True
CONTIG	NODE_138_length_1426_cov_11.384063	1426	correct
340055	341455	1	1401	NC_002945.4	NODE_139_length_1401_cov_27.633041	99.64		True
CONTIG	NODE_139_length_1401_cov_27.633041	1401	correct
839282	840673	1	1392	NC_002945.4	NODE_140_length_1392_cov_13.539367	99.93		True
CONTIG	NODE_140_length_1392_cov_13.539367	1392	correct
3073410	3074792	1	1383	NC_002945.4	NODE_141_length_1383_cov_24.700000	100.0		True
CONTIG	NODE_141_length_1383_cov_24.700000	1383	correct
2767130	2768483	1353	1	NC_002945.4	NODE_142_length_1353_cov_11.346970	99.85		True
CONTIG	NODE_142_length_1353_cov_11.346970	1353	correct
3673145	3674484	1	1340	NC_002945.4	NODE_143_length_1340_cov_57.741393	100.0		True
CONTIG	NODE_143_length_1340_cov_57.741393	1340	correct
3835659	3836979	1	1321	NC_002945.4	NODE_144_length_1321_cov_66.093168	99.7		True
CONTIG	NODE_144_length_1321_cov_66.093168	1321	correct
3443687	3444937	1	1251	NC_002945.4	NODE_145_length_1251_cov_22.533662	100.0		True
CONTIG	NODE_145_length_1251_cov_22.533662	1251	correct
3692526	3693774	1249	1	NC_002945.4	NODE_146_length_1249_cov_29.675164	100.0		True
CONTIG	NODE_146_length_1249_cov_29.675164	1249	correct
2283515	2284746	1232	1	NC_002945.4	NODE_147_length_1232_cov_41.831526	99.92		True
CONTIG	NODE_147_length_1232_cov_41.831526	1232	correct
3339231	3340367	1	1137	NC_002945.4	NODE_148_length_1137_cov_26.093297	100.0		True
CONTIG	NODE_148_length_1137_cov_26.093297	1137	correct
335565	336564	20	1019	NC_002945.4	NODE_149_length_1095_cov_9.498117	100.0		True
CONTIG	NODE_149_length_1095_cov_9.498117	1095	correct
338035	338164	1	130	NC_002945.4	NODE_150_length_1086_cov_10.168091	100.0		True
indel: indel (> 5bp)
338165	338343	140	318	NC_002945.4	NODE_150_length_1086_cov_10.168091	100.0		True
relocation, inconsistency = -5633
332711	333426	319	1034	NC_002945.4	NODE_150_length_1086_cov_10.168091	99.86		True
CONTIG	NODE_150_length_1086_cov_10.168091	1086	misassembled
3711277	3712306	1	1030	NC_002945.4	NODE_151_length_1030_cov_49.198596	100.0		True
CONTIG	NODE_151_length_1030_cov_49.198596	1030	correct
3890936	3891929	994	1	NC_002945.4	NODE_152_length_994_cov_6.729448	100.0		True
CONTIG	NODE_152_length_994_cov_6.729448	994	correct
331412	332143	1	732	NC_002945.4	NODE_153_length_990_cov_16.124347	99.73		True
local misassembly
332249	332506	733	990	NC_002945.4	NODE_153_length_990_cov_16.124347	99.36		True
CONTIG	NODE_153_length_990_cov_16.124347	990	correct
1165044	1166025	982	1	NC_002945.4	NODE_154_length_982_cov_52.256059	100.0		True
CONTIG	NODE_154_length_982_cov_52.256059	982	correct
674838	675762	1	925	NC_002945.4	NODE_155_length_925_cov_10.008969	100.0		True
CONTIG	NODE_155_length_925_cov_10.008969	925	correct
2287521	2288443	1	923	NC_002945.4	NODE_156_length_923_cov_37.546067	100.0		True
CONTIG	NODE_156_length_923_cov_37.546067	923	correct
1284957	1285854	898	1	NC_002945.4	NODE_157_length_921_cov_18.738739	100.0		True
CONTIG	NODE_157_length_921_cov_18.738739	921	correct
3342811	3343719	1	909	NC_002945.4	NODE_158_length_909_cov_146.068493	100.0		True
CONTIG	NODE_158_length_909_cov_146.068493	909	correct
1214392	1214774	18	400	NC_002945.4	NODE_159_length_888_cov_6.163743	99.48		True
local misassembly
1214750	1214876	520	646	NC_002945.4	NODE_159_length_888_cov_6.163743	100.0		True
indel: indel (> 5bp)
1214907	1215148	647	888	NC_002945.4	NODE_159_length_888_cov_6.163743	100.0		True
CONTIG	NODE_159_length_888_cov_6.163743	888	correct
2774841	2775687	1	847	NC_002945.4	NODE_160_length_857_cov_9.348301	100.0		True
CONTIG	NODE_160_length_857_cov_9.348301	857	correct
2191968	2192811	1	844	NC_002945.4	NODE_161_length_844_cov_48.688039	100.0		True
CONTIG	NODE_161_length_844_cov_48.688039	844	correct
1095039	1095876	838	1	NC_002945.4	NODE_162_length_838_cov_26.407453	100.0		True
CONTIG	NODE_162_length_838_cov_26.407453	838	correct
1190598	1191419	1	822	NC_002945.4	NODE_163_length_822_cov_20.442332	99.88		True
CONTIG	NODE_163_length_822_cov_20.442332	822	correct
1972138	1972954	1	817	NC_002945.4	NODE_164_length_817_cov_25.729592	100.0		True
CONTIG	NODE_164_length_817_cov_25.729592	817	correct
2288837	2289637	1	801	NC_002945.4	NODE_165_length_801_cov_26.705729	100.0		True
CONTIG	NODE_165_length_801_cov_26.705729	801	correct
3444905	3445699	795	1	NC_002945.4	NODE_166_length_795_cov_55.968504	100.0		True
CONTIG	NODE_166_length_795_cov_55.968504	795	correct
3897732	3898491	1	760	NC_002945.4	NODE_167_length_760_cov_18.324622	100.0		True
CONTIG	NODE_167_length_760_cov_18.324622	760	correct
2422650	2423393	1	744	NC_002945.4	NODE_168_length_744_cov_57.133615	99.87		True
CONTIG	NODE_168_length_744_cov_57.133615	744	correct
673261	673998	1	738	NC_002945.4	NODE_169_length_738_cov_5.036879	99.86		True
CONTIG	NODE_169_length_738_cov_5.036879	738	correct
838318	839007	1	690	NC_002945.4	NODE_170_length_690_cov_9.079148	100.0		True
CONTIG	NODE_170_length_690_cov_9.079148	690	correct
3882139	3882317	19	197	NC_002945.4	NODE_171_length_686_cov_8.791730	100.0		True
relocation, inconsistency = 11444
3893762	3894250	198	686	NC_002945.4	NODE_171_length_686_cov_8.791730	100.0		True
CONTIG	NODE_171_length_686_cov_8.791730	686	misassembled
1218449	1219113	1	665	NC_002945.4	NODE_172_length_665_cov_8.601266	100.0		True
CONTIG	NODE_172_length_665_cov_8.601266	665	correct
926231	926721	1	491	NC_002945.4	NODE_173_length_650_cov_5.233387	100.0		True
relocation, inconsistency = 564858
1491580	1491734	646	492	NC_002945.4	NODE_173_length_650_cov_5.233387	100.0		True
CONTIG	NODE_173_length_650_cov_5.233387	650	misassembled
1637286	1637865	10	589	NC_002945.4	NODE_174_length_589_cov_10.956835	100.0		True
CONTIG	NODE_174_length_589_cov_10.956835	589	correct
842908	843467	1	560	NC_002945.4	NODE_175_length_560_cov_22.013283	100.0		True
CONTIG	NODE_175_length_560_cov_22.013283	560	correct
2020169	2020714	1	546	NC_002945.4	NODE_176_length_546_cov_37.988304	100.0		True
CONTIG	NODE_176_length_546_cov_37.988304	546	correct
2775714	2776229	13	522	NC_002945.4	NODE_177_length_522_cov_7.881391	98.84		True
CONTIG	NODE_177_length_522_cov_7.881391	522	correct
3724520	3725020	501	1	NC_002945.4	NODE_178_length_501_cov_24.455128	99.8		True
CONTIG	NODE_178_length_501_cov_24.455128	501	correct
3898459	3898958	1	500	NC_002945.4	NODE_179_length_500_cov_38.779443	100.0		True
CONTIG	NODE_179_length_500_cov_38.779443	500	correct
