S1	E1	S2	E2	Reference	Contig	IDY	Ambiguous	Best_group
2453712	2665687	185	212218	NC_002945.4	NODE_1_length_212289_cov_49.373988	99.96		True
CONTIG	NODE_1_length_212289_cov_49.373988	212289	correct
3488378	3673271	184786	1	NC_002945.4	NODE_2_length_184786_cov_50.405845	99.93		True
CONTIG	NODE_2_length_184786_cov_50.405845	184786	correct
402605	581801	1	179082	NC_002945.4	NODE_3_length_179082_cov_48.968825	99.92		True
CONTIG	NODE_3_length_179082_cov_48.968825	179082	correct
150496	306664	156326	185	NC_002945.4	NODE_4_length_172811_cov_48.451657	99.97		True
relocation, inconsistency = -776039
910050	926152	172811	156709	NC_002945.4	NODE_4_length_172811_cov_48.451657	99.99		True
CONTIG	NODE_4_length_172811_cov_48.451657	172811	misassembled
824601	837995	13616	222	NC_002945.4	NODE_5_length_161150_cov_51.008875	99.96		True
local misassembly
676731	824045	160932	13617	NC_002945.4	NODE_5_length_161150_cov_51.008875	99.98		True
CONTIG	NODE_5_length_161150_cov_51.008875	161150	correct
4294608	4349904	1	55296	NC_002945.4	NODE_6_length_158615_cov_49.598033	99.99		True
fake: not a misassembly [linear representation of circular genome]
1	29469	55297	84765	NC_002945.4	NODE_6_length_158615_cov_49.598033	99.99		True
local misassembly
30083	103918	84767	158615	NC_002945.4	NODE_6_length_158615_cov_49.598033	99.96		True
CONTIG	NODE_6_length_158615_cov_49.598033	158615	correct
1638966	1769053	130179	93	NC_002945.4	NODE_7_length_140894_cov_50.781547	99.99		True
local misassembly
1638385	1638740	130535	130180	NC_002945.4	NODE_7_length_140894_cov_50.781547	100.0		True
relocation, inconsistency = 3935
1633529	1634449	131456	130536	NC_002945.4	NODE_7_length_140894_cov_50.781547	99.78		True
local misassembly
1623865	1633268	140811	131465	NC_002945.4	NODE_7_length_140894_cov_50.781547	99.36		True
CONTIG	NODE_7_length_140894_cov_50.781547	140894	misassembled
970263	1009472	147	39355	NC_002945.4	NODE_8_length_119980_cov_50.523041	99.97		True
relocation, inconsistency = 1457
1010930	1091367	39356	119796	NC_002945.4	NODE_8_length_119980_cov_50.523041	99.99		True
CONTIG	NODE_8_length_119980_cov_50.523041	119980	misassembled
3219380	3338080	116	119042	NC_002945.4	NODE_9_length_119042_cov_49.918883	99.88		True
CONTIG	NODE_9_length_119042_cov_49.918883	119042	correct
1869470	1985670	99	115890	NC_002945.4	NODE_10_length_115890_cov_48.409811	99.63		True
CONTIG	NODE_10_length_115890_cov_48.409811	115890	correct
3015535	3124575	108405	1	NC_002945.4	NODE_11_length_108415_cov_51.219129	99.2		True
CONTIG	NODE_11_length_108415_cov_51.219129	108415	correct
2083596	2158365	74725	1	NC_002945.4	NODE_12_length_101952_cov_48.613504	99.92		True
local misassembly
2056553	2083604	101765	74864	NC_002945.4	NODE_12_length_101952_cov_48.613504	99.41		True
CONTIG	NODE_12_length_101952_cov_48.613504	101952	correct
1471935	1490747	1	18814	NC_002945.4	NODE_13_length_101671_cov_51.556419	99.98		True
local misassembly
1490961	1491835	18815	19689	NC_002945.4	NODE_13_length_101671_cov_51.556419	100.0		True
local misassembly
1491995	1573976	19690	101671	NC_002945.4	NODE_13_length_101671_cov_51.556419	99.93		True
CONTIG	NODE_13_length_101671_cov_51.556419	101671	correct
3343594	3442410	1	98885	NC_002945.4	NODE_14_length_98885_cov_51.841370	99.92		True
CONTIG	NODE_14_length_98885_cov_51.841370	98885	correct
1779460	1869173	89803	90	NC_002945.4	NODE_15_length_89803_cov_46.712387	99.99		True
CONTIG	NODE_15_length_89803_cov_46.712387	89803	correct
3897145	3980041	1	82888	NC_002945.4	NODE_16_length_87425_cov_48.129854	99.98		True
local misassembly
3980132	3984668	82889	87425	NC_002945.4	NODE_16_length_87425_cov_48.129854	100.0		True
CONTIG	NODE_16_length_87425_cov_48.129854	87425	correct
2693912	2773057	79359	215	NC_002945.4	NODE_17_length_79359_cov_50.390297	99.99		True
CONTIG	NODE_17_length_79359_cov_50.390297	79359	correct
3124600	3193761	1	69108	NC_002945.4	NODE_18_length_69108_cov_49.206245	99.9		True
CONTIG	NODE_18_length_69108_cov_49.206245	69108	correct
1096985	1165170	1	68175	NC_002945.4	NODE_19_length_68175_cov_48.588041	99.97		True
CONTIG	NODE_19_length_68175_cov_48.588041	68175	correct
2852103	2916695	1	64592	NC_002945.4	NODE_20_length_64592_cov_47.667789	99.98		True
CONTIG	NODE_20_length_64592_cov_47.667789	64592	correct
4194926	4259153	64228	1	NC_002945.4	NODE_21_length_64228_cov_50.389729	99.99		True
CONTIG	NODE_21_length_64228_cov_50.389729	64228	correct
4036446	4097346	60900	1	NC_002945.4	NODE_22_length_60900_cov_45.990242	99.99		True
CONTIG	NODE_22_length_60900_cov_45.990242	60900	correct
1280097	1340762	1	60728	NC_002945.4	NODE_23_length_60728_cov_52.689609	99.89		True
CONTIG	NODE_23_length_60728_cov_52.689609	60728	correct
1219738	1278412	58675	1	NC_002945.4	NODE_24_length_58802_cov_49.425735	99.99		True
CONTIG	NODE_24_length_58802_cov_49.425735	58802	correct
2957039	3015477	1	58539	NC_002945.4	NODE_25_length_58708_cov_48.409279	99.9		True
CONTIG	NODE_25_length_58708_cov_48.409279	58708	correct
1413935	1470724	1	56733	NC_002945.4	NODE_26_length_56733_cov_54.218528	99.89		True
CONTIG	NODE_26_length_56733_cov_54.218528	56733	correct
3777400	3830696	1	53297	NC_002945.4	NODE_27_length_53297_cov_46.634587	99.99		True
CONTIG	NODE_27_length_53297_cov_46.634587	53297	correct
4141978	4193715	1	51738	NC_002945.4	NODE_28_length_51738_cov_50.682510	99.99		True
CONTIG	NODE_28_length_51738_cov_50.682510	51738	correct
132220	149954	17735	1	NC_002945.4	NODE_29_length_51531_cov_50.216384	99.96		True
relocation, inconsistency = -3626632
3737665	3758851	38922	17736	NC_002945.4	NODE_29_length_51531_cov_50.216384	100.0		True
local misassembly
3724846	3737454	51531	38923	NC_002945.4	NODE_29_length_51531_cov_50.216384	99.98		True
CONTIG	NODE_29_length_51531_cov_50.216384	51531	misassembled
3884439	3884769	331	1	NC_002945.4	NODE_30_length_51160_cov_47.835224	99.71		True
relocation, inconsistency = 100018
3984788	4000631	332	16175	NC_002945.4	NODE_30_length_51160_cov_47.835224	100.0		True
fake: scaffold gap size wrong estimation (local)
4000854	4035738	16276	51160	NC_002945.4	NODE_30_length_51160_cov_47.835224	99.98		True
CONTIG	NODE_30_length_51160_cov_47.835224	51160	misassembled
2801012	2852018	51054	48	NC_002945.4	NODE_31_length_51054_cov_50.469712	99.99		True
CONTIG	NODE_31_length_51054_cov_50.469712	51054	correct
1574059	1623832	49774	1	NC_002945.4	NODE_32_length_49774_cov_46.066248	99.98		True
CONTIG	NODE_32_length_49774_cov_46.066248	49774	correct
842465	891078	48614	1	NC_002945.4	NODE_33_length_48651_cov_48.604299	99.98		True
CONTIG	NODE_33_length_48651_cov_48.604299	48651	correct
625182	673391	154	48363	NC_002945.4	NODE_34_length_48371_cov_46.798483	99.99		True
CONTIG	NODE_34_length_48371_cov_46.798483	48371	correct
1190085	1192947	2957	95	NC_002945.4	NODE_35_length_48305_cov_47.175038	99.97		True
local misassembly
1189203	1189853	3608	2958	NC_002945.4	NODE_35_length_48305_cov_47.175038	100.0		True
relocation, inconsistency = -2952824
4097330	4141987	48305	3648	NC_002945.4	NODE_35_length_48305_cov_47.175038	100.0		True
CONTIG	NODE_35_length_48305_cov_47.175038	48305	misassembled
2294650	2324391	1	29742	NC_002945.4	NODE_36_length_46291_cov_45.088640	99.99		True
relocation, inconsistency = 2596
2326988	2343474	29743	46229	NC_002945.4	NODE_36_length_46291_cov_45.088640	99.97		True
CONTIG	NODE_36_length_46291_cov_45.088640	46291	misassembled
1997093	2040815	80	43802	NC_002945.4	NODE_37_length_43874_cov_48.987496	99.97		True
CONTIG	NODE_37_length_43874_cov_48.987496	43874	correct
1343879	1386917	43044	1	NC_002945.4	NODE_38_length_43044_cov_46.510147	99.99		True
CONTIG	NODE_38_length_43044_cov_46.510147	43044	correct
3445573	3488322	42750	1	NC_002945.4	NODE_39_length_42750_cov_50.803205	99.97		True
CONTIG	NODE_39_length_42750_cov_50.803205	42750	correct
3836888	3878162	41438	172	NC_002945.4	NODE_40_length_41438_cov_48.992544	99.96		True
CONTIG	NODE_40_length_41438_cov_48.992544	41438	correct
2246090	2283745	37658	1	NC_002945.4	NODE_41_length_37798_cov_55.226408	99.95		True
CONTIG	NODE_41_length_37798_cov_55.226408	37798	correct
363925	401308	37384	1	NC_002945.4	NODE_42_length_37394_cov_47.893954	99.99		True
CONTIG	NODE_42_length_37394_cov_47.893954	37394	correct
2210174	2246069	117	36012	NC_002945.4	NODE_43_length_36012_cov_58.536770	100.0		True
CONTIG	NODE_43_length_36012_cov_58.536770	36012	correct
930684	965445	251	35012	NC_002945.4	NODE_44_length_35012_cov_49.312484	99.98		True
CONTIG	NODE_44_length_35012_cov_49.312484	35012	correct
2161798	2192094	30298	1	NC_002945.4	NODE_45_length_30298_cov_51.167843	99.99		True
CONTIG	NODE_45_length_30298_cov_51.167843	30298	correct
2343437	2372199	28763	1	NC_002945.4	NODE_46_length_28868_cov_48.212240	99.95		True
CONTIG	NODE_46_length_28868_cov_48.212240	28868	correct
2665977	2693421	158	27601	NC_002945.4	NODE_47_length_27601_cov_48.541676	99.98		True
CONTIG	NODE_47_length_27601_cov_48.541676	27601	correct
105040	132035	1	26996	NC_002945.4	NODE_48_length_27196_cov_49.042817	99.98		True
CONTIG	NODE_48_length_27196_cov_49.042817	27196	correct
306716	333323	47	26549	NC_002945.4	NODE_49_length_27073_cov_46.139056	99.6		True
relocation, inconsistency = 2441764
2775088	2775611	26550	27073	NC_002945.4	NODE_49_length_27073_cov_46.139056	100.0		True
CONTIG	NODE_49_length_27073_cov_46.139056	27073	misassembled
3891518	3892084	679	113	NC_002945.4	NODE_50_length_25992_cov_47.846201	99.83		True
relocation, inconsistency = 2478562
1387643	1412955	680	25992	NC_002945.4	NODE_50_length_25992_cov_47.846201	99.98		True
CONTIG	NODE_50_length_25992_cov_47.846201	25992	misassembled
581820	607788	1	25969	NC_002945.4	NODE_51_length_25969_cov_50.322576	99.99		True
CONTIG	NODE_51_length_25969_cov_50.322576	25969	correct
2386668	2408376	1	21709	NC_002945.4	NODE_52_length_25869_cov_37.346865	100.0		True
relocation, inconsistency = 1168323
1214750	1218344	25304	21710	NC_002945.4	NODE_52_length_25869_cov_37.346865	100.0		True
local misassembly
1214498	1214774	25700	25424	NC_002945.4	NODE_52_length_25869_cov_37.346865	98.19		True
CONTIG	NODE_52_length_25869_cov_37.346865	25869	misassembled
338784	363814	129	25072	NC_002945.4	NODE_53_length_25072_cov_43.912247	99.63		True
CONTIG	NODE_53_length_25072_cov_43.912247	25072	correct
3674358	3698381	1	24006	NC_002945.4	NODE_54_length_24063_cov_34.962233	99.85		True
CONTIG	NODE_54_length_24063_cov_34.962233	24063	correct
2776936	2800354	6	23424	NC_002945.4	NODE_55_length_23424_cov_54.807271	100.0		True
CONTIG	NODE_55_length_23424_cov_54.807271	23424	correct
4259930	4281643	1	21712	NC_002945.4	NODE_56_length_21712_cov_49.832662	99.98		True
CONTIG	NODE_56_length_21712_cov_49.832662	21712	correct
2423267	2444953	1	21687	NC_002945.4	NODE_57_length_21687_cov_48.560529	99.99		True
CONTIG	NODE_57_length_21687_cov_48.560529	21687	correct
1171083	1189414	1	18332	NC_002945.4	NODE_58_length_18335_cov_51.814642	99.94		True
CONTIG	NODE_58_length_18335_cov_51.814642	18335	correct
3760000	3777383	17386	1	NC_002945.4	NODE_59_length_17464_cov_48.036973	99.94		True
CONTIG	NODE_59_length_17464_cov_48.036973	17464	correct
2192685	2209982	1	17298	NC_002945.4	NODE_60_length_17426_cov_53.674605	99.99		True
CONTIG	NODE_60_length_17426_cov_53.674605	17426	correct
892165	909508	1	17344	NC_002945.4	NODE_61_length_17344_cov_51.082128	99.99		True
CONTIG	NODE_61_length_17344_cov_51.082128	17344	correct
2040838	2056402	1	15565	NC_002945.4	NODE_62_length_15726_cov_46.228284	99.99		True
CONTIG	NODE_62_length_15726_cov_46.228284	15726	correct
3193780	3209304	1	15625	NC_002945.4	NODE_63_length_15625_cov_53.530326	100.0		True
CONTIG	NODE_63_length_15625_cov_53.530326	15625	correct
609085	624364	1	15280	NC_002945.4	NODE_64_length_15477_cov_44.839935	99.98		True
CONTIG	NODE_64_length_15477_cov_44.839935	15477	correct
2916851	2932192	15342	1	NC_002945.4	NODE_65_length_15342_cov_53.879264	99.97		True
CONTIG	NODE_65_length_15342_cov_53.879264	15342	correct
2372452	2386761	144	14453	NC_002945.4	NODE_66_length_14453_cov_49.364442	99.98		True
CONTIG	NODE_66_length_14453_cov_49.364442	14453	correct
2409042	2422776	21	13755	NC_002945.4	NODE_67_length_13755_cov_43.341063	99.98		True
CONTIG	NODE_67_length_13755_cov_43.341063	13755	correct
3712180	3724646	1	12467	NC_002945.4	NODE_68_length_12467_cov_26.639627	99.94		True
CONTIG	NODE_68_length_12467_cov_26.639627	12467	correct
2944619	2957076	1	12458	NC_002945.4	NODE_69_length_12458_cov_46.752575	99.98		True
CONTIG	NODE_69_length_12458_cov_46.752575	12458	correct
4281688	4293929	12242	1	NC_002945.4	NODE_70_length_12242_cov_47.885019	99.99		True
CONTIG	NODE_70_length_12242_cov_47.885019	12242	correct
1193002	1204727	11789	64	NC_002945.4	NODE_71_length_11789_cov_51.552993	99.97		True
CONTIG	NODE_71_length_11789_cov_51.552993	11789	correct
3700322	3710735	10414	1	NC_002945.4	NODE_72_length_10445_cov_29.938069	100.0		True
CONTIG	NODE_72_length_10445_cov_29.938069	10445	correct
2933689	2943963	10275	1	NC_002945.4	NODE_73_length_10423_cov_42.067502	99.99		True
CONTIG	NODE_73_length_10423_cov_42.067502	10423	correct
3209298	3219356	3	10061	NC_002945.4	NODE_74_length_10061_cov_48.837729	100.0		True
CONTIG	NODE_74_length_10061_cov_48.837729	10061	correct
1204749	1213474	1	8726	NC_002945.4	NODE_75_length_8840_cov_45.186732	99.95		True
CONTIG	NODE_75_length_8840_cov_45.186732	8840	correct
2444936	2453616	1	8681	NC_002945.4	NODE_76_length_8764_cov_47.999190	100.0		True
CONTIG	NODE_76_length_8764_cov_47.999190	8764	correct
1987033	1992127	5096	1	NC_002945.4	NODE_77_length_7684_cov_31.419743	99.98		True
relocation, inconsistency = 1056611
928970	930421	6548	5097	NC_002945.4	NODE_77_length_7684_cov_31.419743	99.93		True
local misassembly
927969	928975	7684	6687	NC_002945.4	NODE_77_length_7684_cov_31.419743	97.34		True
CONTIG	NODE_77_length_7684_cov_31.419743	7684	misassembled
3884643	3890001	1	5368	NC_002945.4	NODE_78_length_5368_cov_27.960885	99.81		True
CONTIG	NODE_78_length_5368_cov_27.960885	5368	correct
3830738	3835785	5048	1	NC_002945.4	NODE_79_length_5099_cov_55.190467	100.0		True
CONTIG	NODE_79_length_5099_cov_55.190467	5099	correct
965251	970060	46	4810	NC_002945.4	NODE_80_length_4810_cov_30.843903	98.73		True
CONTIG	NODE_80_length_4810_cov_30.843903	4810	correct
1165899	1169900	1	4002	NC_002945.4	NODE_81_length_4002_cov_55.912000	99.98		True
CONTIG	NODE_81_length_4002_cov_55.912000	4002	correct
2284620	2287647	3028	1	NC_002945.4	NODE_82_length_3028_cov_36.159600	99.77		True
CONTIG	NODE_82_length_3028_cov_36.159600	3028	correct
2290710	2293716	3007	1	NC_002945.4	NODE_83_length_3007_cov_31.523264	100.0		True
CONTIG	NODE_83_length_3007_cov_31.523264	3007	correct
2158914	2160444	2345	815	NC_002945.4	NODE_84_length_2912_cov_51.466427	95.49		True
fake: scaffold gap size wrong estimation (local)
2158378	2158913	2912	2377	NC_002945.4	NODE_84_length_2912_cov_51.466427	99.07		True
CONTIG	NODE_84_length_2912_cov_51.466427	2912	correct
1993335	1996175	1	2841	NC_002945.4	NODE_85_length_2866_cov_44.524279	100.0		True
CONTIG	NODE_85_length_2866_cov_44.524279	2866	correct
3882139	3884154	2064	1	NC_002945.4	NODE_86_length_2683_cov_4.920188	97.67		True
local misassembly
3881850	3882155	2521	2216	NC_002945.4	NODE_86_length_2683_cov_4.920188	100.0		True
CONTIG	NODE_86_length_2683_cov_4.920188	2683	correct
1635657	1638030	2374	1	NC_002945.4	NODE_87_length_2374_cov_29.531820	100.0		True
CONTIG	NODE_87_length_2374_cov_29.531820	2374	correct
3878188	3880111	2043	120	NC_002945.4	NODE_88_length_2064_cov_5.043366	99.53		True
CONTIG	NODE_88_length_2064_cov_5.043366	2064	correct
674956	676206	1251	1	NC_002945.4	NODE_89_length_1892_cov_6.345609	100.0		True
local misassembly
674104	674643	1791	1252	NC_002945.4	NODE_89_length_1892_cov_6.345609	99.82		True
CONTIG	NODE_89_length_1892_cov_6.345609	1892	correct
1092435	1094260	1	1826	NC_002945.4	NODE_90_length_1826_cov_30.859329	100.0		True
CONTIG	NODE_90_length_1826_cov_30.859329	1826	correct
59546	59672	1	127	NC_002945.4	NODE_91_length_1774_cov_4.884639	100.0		True
relocation, inconsistency = 3638405
3698242	3699676	292	1726	NC_002945.4	NODE_91_length_1774_cov_4.884639	99.86		True
CONTIG	NODE_91_length_1774_cov_4.884639	1774	misassembled
607662	609211	1550	1	NC_002945.4	NODE_92_length_1550_cov_74.985945	100.0		True
CONTIG	NODE_92_length_1550_cov_74.985945	1550	correct
4193589	4195052	1464	1	NC_002945.4	NODE_93_length_1464_cov_106.663426	100.0		True
CONTIG	NODE_93_length_1464_cov_106.663426	1464	correct
3443593	3445031	1439	1	NC_002945.4	NODE_94_length_1439_cov_67.120427	100.0		True
CONTIG	NODE_94_length_1439_cov_67.120427	1439	correct
2324569	2325843	123	1397	NC_002945.4	NODE_95_length_1397_cov_29.997638	100.0		True
CONTIG	NODE_95_length_1397_cov_29.997638	1397	correct
3673145	3674484	1340	1	NC_002945.4	NODE_96_length_1340_cov_93.098104	100.0		True
CONTIG	NODE_96_length_1340_cov_93.098104	1340	correct
840931	840999	69	1	NC_002945.4	NODE_97_length_1340_cov_14.338005	100.0		True
local misassembly
839508	840774	1336	70	NC_002945.4	NODE_97_length_1340_cov_14.338005	99.92		True
CONTIG	NODE_97_length_1340_cov_14.338005	1340	correct
3339137	3340461	1	1325	NC_002945.4	NODE_98_length_1325_cov_38.503339	100.0		True
CONTIG	NODE_98_length_1325_cov_38.503339	1325	correct
3835659	3836979	1	1321	NC_002945.4	NODE_99_length_1321_cov_101.116415	99.7		True
CONTIG	NODE_99_length_1321_cov_101.116415	1321	correct
1094890	1096139	1	1250	NC_002945.4	NODE_100_length_1256_cov_49.502214	99.92		True
CONTIG	NODE_100_length_1256_cov_49.502214	1256	correct
2288581	2289835	1255	1	NC_002945.4	NODE_101_length_1255_cov_36.929965	100.0		True
CONTIG	NODE_101_length_1255_cov_36.929965	1255	correct
2287521	2288707	1	1187	NC_002945.4	NODE_102_length_1187_cov_37.191509	100.0		True
CONTIG	NODE_102_length_1187_cov_37.191509	1187	correct
336693	337788	1096	1	NC_002945.4	NODE_103_length_1130_cov_26.976072	100.0		True
CONTIG	NODE_103_length_1130_cov_26.976072	1130	correct
2289709	2290836	1128	1	NC_002945.4	NODE_104_length_1128_cov_83.092907	99.91		True
CONTIG	NODE_104_length_1128_cov_83.092907	1128	correct
1340970	1342059	1	1090	NC_002945.4	NODE_105_length_1090_cov_37.273105	99.91		True
CONTIG	NODE_105_length_1090_cov_37.273105	1090	correct
3758990	3759847	214	1071	NC_002945.4	NODE_106_length_1071_cov_2.043432	99.88		True
CONTIG	NODE_106_length_1071_cov_2.043432	1071	correct
3892023	3892904	1	882	NC_002945.4	NODE_107_length_1032_cov_1.958011	98.98		True
CONTIG	NODE_107_length_1032_cov_1.958011	1032	correct
3711277	3712306	1030	1	NC_002945.4	NODE_108_length_1030_cov_100.181617	100.0		True
CONTIG	NODE_108_length_1030_cov_100.181617	1030	correct
2932237	2933025	789	1	NC_002945.4	NODE_109_length_1005_cov_1.781321	100.0		True
CONTIG	NODE_109_length_1005_cov_1.781321	1005	correct
1165044	1166025	982	1	NC_002945.4	NODE_110_length_982_cov_99.653801	100.0		True
CONTIG	NODE_110_length_982_cov_99.653801	982	correct
1091624	1092417	1	794	NC_002945.4	NODE_111_length_972_cov_1.004734	99.75		True
CONTIG	NODE_111_length_972_cov_1.004734	972	correct
3894591	3895311	924	204	NC_002945.4	NODE_112_length_924_cov_42.598494	100.0		True
CONTIG	NODE_112_length_924_cov_42.598494	924	correct
673585	674074	240	729	NC_002945.4	NODE_113_length_919_cov_1.297980	99.39		True
CONTIG	NODE_113_length_919_cov_1.297980	919	correct
1169775	1170683	909	1	NC_002945.4	NODE_114_length_909_cov_295.974425	100.0		True
CONTIG	NODE_114_length_909_cov_295.974425	909	correct
3341521	3342410	1	890	NC_002945.4	NODE_115_length_890_cov_35.230668	100.0		True
CONTIG	NODE_115_length_890_cov_35.230668	890	correct
1996630	1996729	103	4	NC_002945.4	NODE_116_length_849_cov_6.199446	100.0		True
local misassembly
1996301	1997022	825	104	NC_002945.4	NODE_116_length_849_cov_6.199446	100.0		True
CONTIG	NODE_116_length_849_cov_6.199446	849	correct
2191968	2192811	1	844	NC_002945.4	NODE_117_length_844_cov_101.195258	100.0		True
CONTIG	NODE_117_length_844_cov_101.195258	844	correct
3699698	3700325	190	817	NC_002945.4	NODE_118_length_817_cov_1.988406	100.0		True
CONTIG	NODE_118_length_817_cov_1.988406	817	correct
1985791	1986551	806	46	NC_002945.4	NODE_119_length_808_cov_3.710720	99.87		True
CONTIG	NODE_119_length_808_cov_3.710720	808	correct
909382	910176	1	795	NC_002945.4	NODE_120_length_795_cov_107.276946	100.0		True
CONTIG	NODE_120_length_795_cov_107.276946	795	correct
335765	336425	85	745	NC_002945.4	NODE_121_length_781_cov_9.042813	98.94		True
CONTIG	NODE_121_length_781_cov_9.042813	781	correct
2774156	2774886	765	35	NC_002945.4	NODE_122_length_765_cov_6.758621	99.32		True
CONTIG	NODE_122_length_765_cov_6.758621	765	correct
2693295	2694038	1	744	NC_002945.4	NODE_123_length_744_cov_85.084279	100.0		True
CONTIG	NODE_123_length_744_cov_85.084279	744	correct
3340552	3341186	635	1	NC_002945.4	NODE_124_length_635_cov_32.265748	100.0		True
CONTIG	NODE_124_length_635_cov_32.265748	635	correct
1342064	1342697	1	634	NC_002945.4	NODE_125_length_634_cov_57.234714	100.0		True
CONTIG	NODE_125_length_634_cov_57.234714	634	correct
3338171	3338802	632	1	NC_002945.4	NODE_126_length_632_cov_42.205941	99.84		True
CONTIG	NODE_126_length_632_cov_42.205941	632	correct
2773526	2774074	69	617	NC_002945.4	NODE_127_length_621_cov_3.493927	99.64		True
CONTIG	NODE_127_length_621_cov_3.493927	621	correct
4294078	4294618	541	1	NC_002945.4	NODE_128_length_610_cov_6.908903	100.0		True
CONTIG	NODE_128_length_610_cov_6.908903	610	correct
3338676	3339263	1	588	NC_002945.4	NODE_129_length_588_cov_68.045553	100.0		True
CONTIG	NODE_129_length_588_cov_68.045553	588	correct
2933187	2933582	396	1	NC_002945.4	NODE_130_length_542_cov_0.792771	98.99		True
CONTIG	NODE_130_length_542_cov_0.792771	542	correct
1094134	1094668	535	1	NC_002945.4	NODE_131_length_535_cov_11.093137	100.0		True
CONTIG	NODE_131_length_535_cov_11.093137	535	correct
927071	927455	513	129	NC_002945.4	NODE_132_length_513_cov_2.246114	99.48		True
CONTIG	NODE_132_length_513_cov_2.246114	513	correct
1213966	1214442	477	1	NC_002945.4	NODE_133_length_508_cov_2.535433	99.79		True
CONTIG	NODE_133_length_508_cov_2.535433	508	correct
CONTIG	NODE_134_length_507_cov_0.513158	507	unaligned
