S1	E1	S2	E2	Reference	Contig	IDY	Ambiguous	Best_group
3445573	3673271	1	227591	NC_002945.4	NODE_1_length_227591_cov_40.078808	99.93		True
CONTIG	NODE_1_length_227591_cov_40.078808	227591	correct
402605	607788	204915	1	NC_002945.4	NODE_2_length_204915_cov_39.651718	99.86		True
CONTIG	NODE_2_length_204915_cov_39.651718	204915	correct
2957039	3124536	166934	126	NC_002945.4	NODE_3_length_166934_cov_38.926496	99.45		True
CONTIG	NODE_3_length_166934_cov_38.926496	166934	correct
150053	306666	156743	157	NC_002945.4	NODE_4_length_156743_cov_39.485538	99.97		True
CONTIG	NODE_4_length_156743_cov_39.485538	156743	correct
2453619	2609259	1	155642	NC_002945.4	NODE_5_length_155642_cov_39.579507	99.99		True
CONTIG	NODE_5_length_155642_cov_39.579507	155642	correct
4310410	4349904	1	39494	NC_002945.4	NODE_6_length_142813_cov_41.146742	99.99		True
fake: not a misassembly [linear representation of circular genome]
1	29469	39495	68963	NC_002945.4	NODE_6_length_142813_cov_41.146742	99.99		True
local misassembly
30083	103918	68965	142813	NC_002945.4	NODE_6_length_142813_cov_41.146742	99.96		True
CONTIG	NODE_6_length_142813_cov_41.146742	142813	correct
2852060	2916266	1	64207	NC_002945.4	NODE_7_length_133043_cov_39.160966	99.97		True
relocation, inconsistency = -1819932
1096335	1165170	64208	133043	NC_002945.4	NODE_7_length_133043_cov_39.160966	99.98		True
CONTIG	NODE_7_length_133043_cov_39.160966	133043	misassembled
1853878	1985602	131304	46	NC_002945.4	NODE_8_length_131304_cov_38.352249	99.63		True
CONTIG	NODE_8_length_131304_cov_38.352249	131304	correct
1638964	1769053	130181	93	NC_002945.4	NODE_9_length_130323_cov_41.323789	99.99		True
CONTIG	NODE_9_length_130323_cov_41.323789	130323	correct
1343879	1386721	1	42848	NC_002945.4	NODE_10_length_126476_cov_39.951309	99.99		True
local misassembly
1387040	1470724	42849	126476	NC_002945.4	NODE_10_length_126476_cov_39.951309	99.92		True
CONTIG	NODE_10_length_126476_cov_39.951309	126476	correct
1985842	1986147	79	384	NC_002945.4	NODE_11_length_120047_cov_39.336082	100.0		True
relocation, inconsistency = 894555
1010930	1091286	80744	385	NC_002945.4	NODE_11_length_120047_cov_39.336082	99.99		True
relocation, inconsistency = 1457
970263	1009472	119953	80745	NC_002945.4	NODE_11_length_120047_cov_39.336082	99.97		True
CONTIG	NODE_11_length_120047_cov_39.336082	120047	misassembled
3219373	3338802	15	119670	NC_002945.4	NODE_12_length_119670_cov_39.402341	99.88		True
CONTIG	NODE_12_length_119670_cov_39.402341	119670	correct
824601	838089	13489	1	NC_002945.4	NODE_13_length_110935_cov_39.922767	99.98		True
local misassembly
726601	824045	110935	13490	NC_002945.4	NODE_13_length_110935_cov_39.922767	99.99		True
CONTIG	NODE_13_length_110935_cov_39.922767	110935	correct
4035850	4141974	11	106020	NC_002945.4	NODE_14_length_106020_cov_38.191354	99.88		True
CONTIG	NODE_14_length_106020_cov_38.191354	106020	correct
3343594	3442410	98885	1	NC_002945.4	NODE_15_length_98885_cov_39.981601	99.92		True
CONTIG	NODE_15_length_98885_cov_39.981601	98885	correct
3124646	3209288	84689	1	NC_002945.4	NODE_16_length_84811_cov_39.484212	99.92		True
CONTIG	NODE_16_length_84811_cov_39.484212	84811	correct
2083596	2140759	57396	233	NC_002945.4	NODE_17_length_84226_cov_40.360337	99.99		True
local misassembly
2056913	2083604	84226	57535	NC_002945.4	NODE_17_length_84226_cov_40.360337	99.98		True
CONTIG	NODE_17_length_84226_cov_40.360337	84226	correct
928970	970091	41362	1	NC_002945.4	NODE_18_length_83406_cov_38.221280	99.4		True
local misassembly
928372	928975	42113	41501	NC_002945.4	NODE_18_length_83406_cov_38.221280	98.61		True
relocation, inconsistency = -2949817
3836888	3878188	83406	42114	NC_002945.4	NODE_18_length_83406_cov_38.221280	99.96		True
CONTIG	NODE_18_length_83406_cov_38.221280	83406	misassembled
3897145	3979529	82376	1	NC_002945.4	NODE_19_length_82376_cov_39.659327	99.98		True
CONTIG	NODE_19_length_82376_cov_39.659327	82376	correct
1491916	1573631	81736	21	NC_002945.4	NODE_20_length_81736_cov_41.160068	99.93		True
CONTIG	NODE_20_length_81736_cov_41.160068	81736	correct
2693912	2773051	79452	314	NC_002945.4	NODE_21_length_79452_cov_38.496477	99.99		True
CONTIG	NODE_21_length_79452_cov_38.496477	79452	correct
1779460	1853791	1	74332	NC_002945.4	NODE_22_length_74332_cov_39.850819	99.99		True
CONTIG	NODE_22_length_74332_cov_39.850819	74332	correct
4194926	4259153	64228	1	NC_002945.4	NODE_23_length_64228_cov_42.603828	99.99		True
CONTIG	NODE_23_length_64228_cov_42.603828	64228	correct
1280097	1343223	63189	1	NC_002945.4	NODE_24_length_63189_cov_42.664203	99.89		True
CONTIG	NODE_24_length_63189_cov_42.664203	63189	correct
1997074	2056268	59379	185	NC_002945.4	NODE_25_length_59379_cov_40.470971	99.98		True
CONTIG	NODE_25_length_59379_cov_40.470971	59379	correct
1219420	1278412	1	58993	NC_002945.4	NODE_26_length_58993_cov_38.650783	99.99		True
CONTIG	NODE_26_length_58993_cov_38.650783	58993	correct
3777400	3835785	58318	1	NC_002945.4	NODE_27_length_58318_cov_39.337303	99.87		True
CONTIG	NODE_27_length_58318_cov_39.337303	58318	correct
2611773	2665748	54030	1	NC_002945.4	NODE_28_length_54030_cov_38.889283	99.89		True
CONTIG	NODE_28_length_54030_cov_38.889283	54030	correct
2192685	2245161	1	52477	NC_002945.4	NODE_29_length_52477_cov_43.637631	99.99		True
CONTIG	NODE_29_length_52477_cov_43.637631	52477	correct
4141985	4193715	51731	1	NC_002945.4	NODE_30_length_51731_cov_40.132645	99.99		True
CONTIG	NODE_30_length_51731_cov_40.132645	51731	correct
673570	673860	139	429	NC_002945.4	NODE_31_length_51323_cov_37.541390	100.0		True
local misassembly
674185	674389	430	634	NC_002945.4	NODE_31_length_51323_cov_37.541390	100.0		True
local misassembly
674651	675552	635	1536	NC_002945.4	NODE_31_length_51323_cov_37.541390	99.89		True
relocation, inconsistency = 1143
676696	726469	1537	51310	NC_002945.4	NODE_31_length_51323_cov_37.541390	99.98		True
CONTIG	NODE_31_length_51323_cov_37.541390	51323	misassembled
2801012	2852048	1	51037	NC_002945.4	NODE_32_length_51037_cov_39.903418	99.99		True
CONTIG	NODE_32_length_51037_cov_39.903418	51037	correct
3985279	4000742	1	15453	NC_002945.4	NODE_33_length_50316_cov_39.274303	99.93		True
local misassembly
4000854	4035716	15454	50316	NC_002945.4	NODE_33_length_50316_cov_39.274303	99.97		True
CONTIG	NODE_33_length_50316_cov_39.274303	50316	correct
1574013	1623795	49783	1	NC_002945.4	NODE_34_length_49783_cov_38.559469	99.98		True
CONTIG	NODE_34_length_49783_cov_38.559469	49783	correct
842618	891078	48461	1	NC_002945.4	NODE_35_length_48568_cov_38.591049	99.98		True
CONTIG	NODE_35_length_48568_cov_38.591049	48568	correct
625442	673257	1	47816	NC_002945.4	NODE_36_length_47845_cov_39.466994	99.99		True
CONTIG	NODE_36_length_47845_cov_39.466994	47845	correct
2326988	2343792	16805	1	NC_002945.4	NODE_37_length_46547_cov_37.380806	99.98		True
relocation, inconsistency = 2596
2294650	2324391	46547	16806	NC_002945.4	NODE_37_length_46547_cov_37.380806	99.99		True
CONTIG	NODE_37_length_46547_cov_37.380806	46547	misassembled
2246369	2283745	37379	1	NC_002945.4	NODE_38_length_37379_cov_42.226726	99.95		True
CONTIG	NODE_38_length_37379_cov_42.226726	37379	correct
363946	401308	37363	1	NC_002945.4	NODE_39_length_37363_cov_38.780186	99.99		True
CONTIG	NODE_39_length_37363_cov_38.780186	37363	correct
2372447	2408776	36272	1	NC_002945.4	NODE_40_length_36399_cov_35.776494	99.83		True
CONTIG	NODE_40_length_36399_cov_35.776494	36399	correct
4259930	4293924	1	33993	NC_002945.4	NODE_41_length_33993_cov_40.153546	99.99		True
CONTIG	NODE_41_length_33993_cov_40.153546	33993	correct
3737665	3758844	21254	75	NC_002945.4	NODE_42_length_33863_cov_40.033821	100.0		True
local misassembly
3724846	3737454	33863	21255	NC_002945.4	NODE_42_length_33863_cov_40.033821	99.98		True
CONTIG	NODE_42_length_33863_cov_40.033821	33863	correct
1190092	1204733	14642	1	NC_002945.4	NODE_43_length_33420_cov_39.578860	99.97		True
local misassembly
1171083	1189860	33420	14643	NC_002945.4	NODE_43_length_33420_cov_39.578860	99.99		True
CONTIG	NODE_43_length_33420_cov_39.578860	33420	correct
2161798	2192094	30298	1	NC_002945.4	NODE_44_length_30298_cov_41.744821	99.99		True
CONTIG	NODE_44_length_30298_cov_41.744821	30298	correct
2343764	2372137	204	28577	NC_002945.4	NODE_45_length_28759_cov_37.992072	99.99		True
CONTIG	NODE_45_length_28759_cov_37.992072	28759	correct
2666043	2693421	27378	1	NC_002945.4	NODE_46_length_27378_cov_39.586217	99.99		True
CONTIG	NODE_46_length_27378_cov_39.586217	27378	correct
105040	131913	1	26874	NC_002945.4	NODE_47_length_26981_cov_37.982721	99.98		True
CONTIG	NODE_47_length_26981_cov_37.982721	26981	correct
306705	333332	1	26523	NC_002945.4	NODE_48_length_26523_cov_38.993029	99.6		True
CONTIG	NODE_48_length_26523_cov_38.993029	26523	correct
3674358	3700286	25911	1	NC_002945.4	NODE_49_length_25911_cov_29.682555	99.93		True
CONTIG	NODE_49_length_25911_cov_29.682555	25911	correct
337983	362998	196	25133	NC_002945.4	NODE_50_length_25133_cov_34.583340	99.57		True
CONTIG	NODE_50_length_25133_cov_34.583340	25133	correct
2776917	2799828	22912	1	NC_002945.4	NODE_51_length_22912_cov_41.426158	100.0		True
CONTIG	NODE_51_length_22912_cov_41.426158	22912	correct
2423267	2444953	1	21687	NC_002945.4	NODE_52_length_21687_cov_40.087199	99.99		True
CONTIG	NODE_52_length_21687_cov_40.087199	21687	correct
1471935	1490747	1	18814	NC_002945.4	NODE_53_length_19661_cov_43.659107	99.98		True
local misassembly
1490961	1491807	18815	19661	NC_002945.4	NODE_53_length_19661_cov_43.659107	100.0		True
CONTIG	NODE_53_length_19661_cov_43.659107	19661	correct
2140834	2158365	17532	1	NC_002945.4	NODE_54_length_17639_cov_40.623744	99.95		True
CONTIG	NODE_54_length_17639_cov_40.623744	17639	correct
3759962	3777383	17424	1	NC_002945.4	NODE_55_length_17424_cov_38.787767	99.97		True
CONTIG	NODE_55_length_17424_cov_38.787767	17424	correct
892165	909508	1	17344	NC_002945.4	NODE_56_length_17344_cov_40.597956	99.99		True
CONTIG	NODE_56_length_17344_cov_40.597956	17344	correct
132701	149931	1	17231	NC_002945.4	NODE_57_length_17231_cov_43.334600	99.97		True
CONTIG	NODE_57_length_17231_cov_43.334600	17231	correct
910050	926161	16239	128	NC_002945.4	NODE_58_length_16239_cov_42.076589	99.99		True
CONTIG	NODE_58_length_16239_cov_42.076589	16239	correct
2916851	2932911	1	16061	NC_002945.4	NODE_59_length_16182_cov_41.356275	99.96		True
CONTIG	NODE_59_length_16182_cov_41.356275	16182	correct
609085	624603	15519	1	NC_002945.4	NODE_60_length_15519_cov_38.687370	99.99		True
CONTIG	NODE_60_length_15519_cov_38.687370	15519	correct
4295469	4309405	1	13937	NC_002945.4	NODE_61_length_13937_cov_37.852281	99.99		True
CONTIG	NODE_61_length_13937_cov_37.852281	13937	correct
2409051	2422776	13726	1	NC_002945.4	NODE_62_length_13726_cov_37.164497	99.98		True
CONTIG	NODE_62_length_13726_cov_37.164497	13726	correct
3712180	3724845	12691	26	NC_002945.4	NODE_63_length_12691_cov_27.740926	99.96		True
CONTIG	NODE_63_length_12691_cov_27.740926	12691	correct
2944619	2957076	12458	1	NC_002945.4	NODE_64_length_12458_cov_37.680723	99.98		True
CONTIG	NODE_64_length_12458_cov_37.680723	12458	correct
3700270	3711403	11134	1	NC_002945.4	NODE_65_length_11149_cov_27.407549	100.0		True
CONTIG	NODE_65_length_11149_cov_27.407549	11149	correct
2933863	2943963	206	10306	NC_002945.4	NODE_66_length_10306_cov_40.680126	99.98		True
CONTIG	NODE_66_length_10306_cov_40.680126	10306	correct
3209313	3219295	10044	62	NC_002945.4	NODE_67_length_10044_cov_39.237370	100.0		True
CONTIG	NODE_67_length_10044_cov_39.237370	10044	correct
1623823	1633219	137	9485	NC_002945.4	NODE_68_length_9485_cov_32.289378	99.46		True
CONTIG	NODE_68_length_9485_cov_32.289378	9485	correct
1204920	1213915	8921	1	NC_002945.4	NODE_69_length_9041_cov_38.957931	99.13		True
CONTIG	NODE_69_length_9041_cov_38.957931	9041	correct
3890969	3894344	3376	1	NC_002945.4	NODE_70_length_9004_cov_17.387518	99.89		True
local misassembly
3884660	3890278	9004	3377	NC_002945.4	NODE_70_length_9004_cov_17.387518	99.79		True
CONTIG	NODE_70_length_9004_cov_17.387518	9004	correct
2444936	2453623	1	8688	NC_002945.4	NODE_71_length_8688_cov_36.269828	100.0		True
CONTIG	NODE_71_length_8688_cov_36.269828	8688	correct
3980103	3985346	1	5244	NC_002945.4	NODE_72_length_5297_cov_27.229014	99.81		True
CONTIG	NODE_72_length_5297_cov_27.229014	5297	correct
1986996	1992127	1	5133	NC_002945.4	NODE_73_length_5133_cov_41.654415	99.96		True
CONTIG	NODE_73_length_5133_cov_41.654415	5133	correct
1214750	1218423	3674	1	NC_002945.4	NODE_74_length_4603_cov_25.893655	100.0		True
local misassembly
1213965	1214774	4603	3794	NC_002945.4	NODE_74_length_4603_cov_25.893655	99.75		True
CONTIG	NODE_74_length_4603_cov_25.893655	4603	correct
1165899	1169900	4002	1	NC_002945.4	NODE_75_length_4002_cov_42.153548	99.98		True
CONTIG	NODE_75_length_4002_cov_42.153548	4002	correct
1092533	1096305	3773	1	NC_002945.4	NODE_76_length_3784_cov_36.372163	100.0		True
CONTIG	NODE_76_length_3784_cov_36.372163	3784	correct
1993335	1996299	1	2965	NC_002945.4	NODE_77_length_3152_cov_41.027438	99.8		True
CONTIG	NODE_77_length_3152_cov_41.027438	3152	correct
2284620	2287647	3028	1	NC_002945.4	NODE_78_length_3028_cov_30.289900	99.77		True
CONTIG	NODE_78_length_3028_cov_30.289900	3028	correct
2290710	2293716	1	3007	NC_002945.4	NODE_79_length_3007_cov_30.879167	100.0		True
CONTIG	NODE_79_length_3007_cov_30.879167	3007	correct
334761	335336	1	576	NC_002945.4	NODE_80_length_2992_cov_9.536126	100.0		True
indel: indel (> 5bp)
335418	336692	577	1851	NC_002945.4	NODE_80_length_2992_cov_9.536126	100.0		True
indel: indel (> 5bp)
336693	337767	1918	2992	NC_002945.4	NODE_80_length_2992_cov_9.536126	99.26		True
CONTIG	NODE_80_length_2992_cov_9.536126	2992	correct
2158914	2160444	2345	815	NC_002945.4	NODE_81_length_2912_cov_41.449551	95.49		True
fake: scaffold gap size wrong estimation (local)
2158378	2158913	2912	2377	NC_002945.4	NODE_81_length_2912_cov_41.449551	99.07		True
CONTIG	NODE_81_length_2912_cov_41.449551	2912	correct
1635657	1638245	2853	214	NC_002945.4	NODE_82_length_2853_cov_21.452311	98.03		True
CONTIG	NODE_82_length_2853_cov_21.452311	2853	correct
3894591	3895303	1	713	NC_002945.4	NODE_83_length_2739_cov_13.409265	100.0		True
relocation, inconsistency = -13474
3881830	3882155	714	1039	NC_002945.4	NODE_83_length_2739_cov_13.409265	100.0		True
local misassembly
3882139	3883639	1191	2739	NC_002945.4	NODE_83_length_2739_cov_13.409265	96.9		True
CONTIG	NODE_83_length_2739_cov_13.409265	2739	misassembled
3878284	3880295	2196	185	NC_002945.4	NODE_84_length_2236_cov_4.972973	99.95		True
CONTIG	NODE_84_length_2236_cov_4.972973	2236	correct
2609387	2611609	1	2223	NC_002945.4	NODE_85_length_2223_cov_28.288168	100.0		True
CONTIG	NODE_85_length_2223_cov_28.288168	2223	correct
401182	402731	1550	1	NC_002945.4	NODE_86_length_1550_cov_71.073788	99.87		True
CONTIG	NODE_86_length_1550_cov_71.073788	1550	correct
4193589	4195052	1464	1	NC_002945.4	NODE_87_length_1464_cov_88.151832	100.0		True
CONTIG	NODE_87_length_1464_cov_88.151832	1464	correct
3443593	3445031	1	1439	NC_002945.4	NODE_88_length_1439_cov_51.273628	100.0		True
CONTIG	NODE_88_length_1439_cov_51.273628	1439	correct
2774162	2775593	1432	1	NC_002945.4	NODE_89_length_1432_cov_7.370115	100.0		True
CONTIG	NODE_89_length_1432_cov_7.370115	1432	correct
2324503	2325844	1342	1	NC_002945.4	NODE_90_length_1342_cov_29.679012	100.0		True
CONTIG	NODE_90_length_1342_cov_29.679012	1342	correct
3673145	3674484	1340	1	NC_002945.4	NODE_91_length_1340_cov_79.084089	100.0		True
CONTIG	NODE_91_length_1340_cov_79.084089	1340	correct
3339137	3340461	1325	1	NC_002945.4	NODE_92_length_1325_cov_40.344741	100.0		True
CONTIG	NODE_92_length_1325_cov_40.344741	1325	correct
3835659	3836979	1	1321	NC_002945.4	NODE_93_length_1321_cov_91.568677	99.77		True
CONTIG	NODE_93_length_1321_cov_91.568677	1321	correct
1992001	1992986	1	986	NC_002945.4	NODE_94_length_1317_cov_59.576471	100.0		True
local misassembly
1993131	1993461	987	1317	NC_002945.4	NODE_94_length_1317_cov_59.576471	100.0		True
CONTIG	NODE_94_length_1317_cov_59.576471	1317	correct
839570	840853	1	1284	NC_002945.4	NODE_95_length_1284_cov_12.381158	100.0		True
CONTIG	NODE_95_length_1284_cov_12.381158	1284	correct
2288581	2289835	1255	1	NC_002945.4	NODE_96_length_1255_cov_42.338652	100.0		True
CONTIG	NODE_96_length_1255_cov_42.338652	1255	correct
2287521	2288707	1187	1	NC_002945.4	NODE_97_length_1187_cov_34.178302	100.0		True
CONTIG	NODE_97_length_1187_cov_34.178302	1187	correct
2289709	2290836	1128	1	NC_002945.4	NODE_98_length_1128_cov_71.111888	99.91		True
CONTIG	NODE_98_length_1128_cov_71.111888	1128	correct
3711277	3712306	1030	1	NC_002945.4	NODE_99_length_1030_cov_76.954596	100.0		True
CONTIG	NODE_99_length_1030_cov_76.954596	1030	correct
1165044	1166025	1	982	NC_002945.4	NODE_100_length_982_cov_83.389474	100.0		True
CONTIG	NODE_100_length_982_cov_83.389474	982	correct
4309395	4310371	977	1	NC_002945.4	NODE_101_length_977_cov_24.845882	100.0		True
CONTIG	NODE_101_length_977_cov_24.845882	977	correct
3442285	3443193	909	1	NC_002945.4	NODE_102_length_909_cov_244.167519	100.0		True
CONTIG	NODE_102_length_909_cov_244.167519	909	correct
3341521	3342410	890	1	NC_002945.4	NODE_103_length_890_cov_29.623853	100.0		True
CONTIG	NODE_103_length_890_cov_29.623853	890	correct
362970	363829	1	860	NC_002945.4	NODE_104_length_860_cov_3.002729	99.77		True
CONTIG	NODE_104_length_860_cov_3.002729	860	correct
2191968	2192811	1	844	NC_002945.4	NODE_105_length_844_cov_79.046025	100.0		True
CONTIG	NODE_105_length_844_cov_79.046025	844	correct
131958	132641	1	684	NC_002945.4	NODE_106_length_832_cov_1.995745	99.42		True
CONTIG	NODE_106_length_832_cov_1.995745	832	correct
4294645	4295468	1	824	NC_002945.4	NODE_107_length_824_cov_29.783386	100.0		True
CONTIG	NODE_107_length_824_cov_29.783386	824	correct
3444905	3445699	1	795	NC_002945.4	NODE_108_length_795_cov_90.700599	100.0		True
CONTIG	NODE_108_length_795_cov_90.700599	795	correct
2693295	2694038	1	744	NC_002945.4	NODE_109_length_744_cov_79.549433	100.0		True
CONTIG	NODE_109_length_744_cov_79.549433	744	correct
1996391	1996988	1	598	NC_002945.4	NODE_110_length_744_cov_3.004862	100.0		True
CONTIG	NODE_110_length_744_cov_3.004862	744	correct
3884045	3884786	724	1	NC_002945.4	NODE_111_length_724_cov_13.698492	97.44		True
CONTIG	NODE_111_length_724_cov_13.698492	724	correct
1634913	1635083	204	34	NC_002945.4	NODE_112_length_694_cov_0.947090	100.0		True
indel: indel (> 5bp)
1634577	1634885	513	205	NC_002945.4	NODE_112_length_694_cov_0.947090	97.09		True
CONTIG	NODE_112_length_694_cov_0.947090	694	correct
1218476	1218986	678	168	NC_002945.4	NODE_113_length_678_cov_1.295826	100.0		True
CONTIG	NODE_113_length_678_cov_1.295826	678	correct
3340552	3341186	635	1	NC_002945.4	NODE_114_length_635_cov_30.232283	100.0		True
CONTIG	NODE_114_length_635_cov_30.232283	635	correct
2774532	2774606	78	4	NC_002945.4	NODE_115_length_614_cov_3.373717	98.81		True
local misassembly
2773507	2774042	614	79	NC_002945.4	NODE_115_length_614_cov_3.373717	100.0		True
CONTIG	NODE_115_length_614_cov_3.373717	614	correct
3883521	3883639	119	1	NC_002945.4	NODE_116_length_592_cov_8.109677	100.0		True
local misassembly
3883513	3883985	592	120	NC_002945.4	NODE_116_length_592_cov_8.109677	100.0		True
CONTIG	NODE_116_length_592_cov_8.109677	592	correct
3338676	3339263	588	1	NC_002945.4	NODE_117_length_588_cov_57.290672	100.0		True
CONTIG	NODE_117_length_588_cov_57.290672	588	correct
CONTIG	NODE_118_length_555_cov_0.577103	555	unaligned
1091362	1091708	16	362	NC_002945.4	NODE_119_length_548_cov_0.935867	97.12		True
CONTIG	NODE_119_length_548_cov_0.935867	548	correct
841613	841979	22	388	NC_002945.4	NODE_120_length_538_cov_0.788321	95.64		True
CONTIG	NODE_120_length_538_cov_0.788321	538	correct
