S1	E1	S2	E2	Reference	Contig	IDY	Ambiguous	Best_group
3445573	3673271	1	227591	NC_002945.4	NODE_1_length_227591_cov_40.097550	99.93		True
CONTIG	NODE_1_length_227591_cov_40.097550	227591	correct
824601	838057	13457	1	NC_002945.4	NODE_2_length_218283_cov_39.373595	99.98		True
local misassembly
676802	824045	160702	13458	NC_002945.4	NODE_2_length_218283_cov_39.373595	99.99		True
relocation, inconsistency = 750064
1574140	1631604	160733	218170	NC_002945.4	NODE_2_length_218283_cov_39.373595	99.93		True
local misassembly
1632250	1632347	218186	218283	NC_002945.4	NODE_2_length_218283_cov_39.373595	100.0		True
CONTIG	NODE_2_length_218283_cov_39.373595	218283	misassembled
402605	607788	1	204915	NC_002945.4	NODE_3_length_204915_cov_39.665283	99.86		True
CONTIG	NODE_3_length_204915_cov_39.665283	204915	correct
132697	149899	1	17203	NC_002945.4	NODE_4_length_173620_cov_40.625115	99.97		True
local misassembly
150261	306697	17211	173620	NC_002945.4	NODE_4_length_173620_cov_40.625115	99.97		True
CONTIG	NODE_4_length_173620_cov_40.625115	173620	correct
2957039	3124421	167007	314	NC_002945.4	NODE_5_length_167007_cov_39.651073	99.45		True
CONTIG	NODE_5_length_167007_cov_39.651073	167007	correct
4294631	4349904	51	55323	NC_002945.4	NODE_6_length_158642_cov_39.798776	99.99		True
fake: not a misassembly [linear representation of circular genome]
1	29469	55324	84792	NC_002945.4	NODE_6_length_158642_cov_39.798776	99.98		True
local misassembly
30083	103918	84794	158642	NC_002945.4	NODE_6_length_158642_cov_39.798776	99.96		True
CONTIG	NODE_6_length_158642_cov_39.798776	158642	correct
2453617	2609216	155601	1	NC_002945.4	NODE_7_length_155601_cov_40.343279	99.99		True
CONTIG	NODE_7_length_155601_cov_40.343279	155601	correct
1638870	1769053	1	130183	NC_002945.4	NODE_8_length_130275_cov_41.474921	99.99		True
CONTIG	NODE_8_length_130275_cov_41.474921	130275	correct
3209302	3338802	1	129673	NC_002945.4	NODE_9_length_129673_cov_39.449848	99.85		True
CONTIG	NODE_9_length_129673_cov_39.449848	129673	correct
970172	1009472	1	39300	NC_002945.4	NODE_10_length_119948_cov_39.841931	99.98		True
relocation, inconsistency = 1457
1010930	1091412	39301	119786	NC_002945.4	NODE_10_length_119948_cov_39.841931	99.98		True
CONTIG	NODE_10_length_119948_cov_39.841931	119948	misassembled
1869349	1985585	115771	1	NC_002945.4	NODE_11_length_115771_cov_39.710923	99.58		True
CONTIG	NODE_11_length_115771_cov_39.710923	115771	correct
928970	970056	41240	1	NC_002945.4	NODE_12_length_98976_cov_39.762375	99.19		True
local misassembly
928422	928975	41941	41379	NC_002945.4	NODE_12_length_98976_cov_39.762375	98.46		True
relocation, inconsistency = 1154732
2083708	2140742	41942	98976	NC_002945.4	NODE_12_length_98976_cov_39.762375	99.99		True
CONTIG	NODE_12_length_98976_cov_39.762375	98976	misassembled
3343594	3442410	1	98885	NC_002945.4	NODE_13_length_98885_cov_41.043359	99.92		True
CONTIG	NODE_13_length_98885_cov_41.043359	98885	correct
4097330	4193715	96386	1	NC_002945.4	NODE_14_length_96386_cov_40.878920	99.99		True
CONTIG	NODE_14_length_96386_cov_40.878920	96386	correct
3897446	3979533	82088	1	NC_002945.4	NODE_15_length_84180_cov_38.732919	99.99		True
relocation, inconsistency = 2264154
1631835	1633291	82089	83497	NC_002945.4	NODE_15_length_84180_cov_38.732919	96.72		True
local misassembly
1633544	1634226	83498	84180	NC_002945.4	NODE_15_length_84180_cov_38.732919	100.0		True
CONTIG	NODE_15_length_84180_cov_38.732919	84180	misassembled
1491951	1573315	1	81365	NC_002945.4	NODE_16_length_81365_cov_41.545865	99.93		True
CONTIG	NODE_16_length_81365_cov_41.545865	81365	correct
2693912	2772960	1	79048	NC_002945.4	NODE_17_length_79317_cov_38.638818	99.99		True
CONTIG	NODE_17_length_79317_cov_38.638818	79317	correct
3881830	3882155	1	326	NC_002945.4	NODE_18_length_75484_cov_39.647637	100.0		True
local misassembly
3882139	3882718	478	1057	NC_002945.4	NODE_18_length_75484_cov_39.647637	100.0		True
indel: indel (> 5bp)
3882719	3883003	1106	1390	NC_002945.4	NODE_18_length_75484_cov_39.647637	100.0		True
relocation, inconsistency = 2029165
1779460	1853553	75484	1391	NC_002945.4	NODE_18_length_75484_cov_39.647637	99.99		True
CONTIG	NODE_18_length_75484_cov_39.647637	75484	misassembled
2056923	2083114	1	26192	NC_002945.4	NODE_19_length_74351_cov_40.095387	99.98		True
relocation, inconsistency = -1240276
842839	891078	26193	74351	NC_002945.4	NODE_19_length_74351_cov_40.095387	99.82		True
CONTIG	NODE_19_length_74351_cov_40.095387	74351	misassembled
1094824	1165170	1	70347	NC_002945.4	NODE_20_length_70347_cov_39.578596	99.98		True
CONTIG	NODE_20_length_70347_cov_39.578596	70347	correct
3124817	3193870	69000	1	NC_002945.4	NODE_21_length_69000_cov_39.723404	99.91		True
CONTIG	NODE_21_length_69000_cov_39.723404	69000	correct
4194926	4259153	1	64228	NC_002945.4	NODE_22_length_64228_cov_41.928956	99.99		True
CONTIG	NODE_22_length_64228_cov_41.928956	64228	correct
2852105	2916176	64072	1	NC_002945.4	NODE_23_length_64072_cov_38.382516	99.98		True
CONTIG	NODE_23_length_64072_cov_38.382516	64072	correct
1280097	1343223	1	63189	NC_002945.4	NODE_24_length_63189_cov_43.124227	99.89		True
CONTIG	NODE_24_length_63189_cov_43.124227	63189	correct
4035850	4097346	61497	1	NC_002945.4	NODE_25_length_61497_cov_37.161642	99.99		True
CONTIG	NODE_25_length_61497_cov_37.161642	61497	correct
1219636	1278412	9	58785	NC_002945.4	NODE_26_length_58785_cov_39.475587	99.99		True
CONTIG	NODE_26_length_58785_cov_39.475587	58785	correct
3777400	3835785	58318	1	NC_002945.4	NODE_27_length_58318_cov_40.710110	99.87		True
CONTIG	NODE_27_length_58318_cov_40.710110	58318	correct
1413935	1470724	1	56733	NC_002945.4	NODE_28_length_56733_cov_41.265785	99.89		True
CONTIG	NODE_28_length_56733_cov_41.265785	56733	correct
2611807	2665728	1	53976	NC_002945.4	NODE_29_length_53992_cov_40.186151	99.89		True
CONTIG	NODE_29_length_53992_cov_40.186151	53992	correct
2192685	2246066	1	53382	NC_002945.4	NODE_30_length_53382_cov_44.714675	99.99		True
CONTIG	NODE_30_length_53382_cov_44.714675	53382	correct
2801012	2852054	1	51043	NC_002945.4	NODE_31_length_51043_cov_39.391586	99.99		True
CONTIG	NODE_31_length_51043_cov_39.391586	51043	correct
3984842	4000631	165	15954	NC_002945.4	NODE_32_length_51011_cov_40.257684	100.0		True
fake: scaffold gap size wrong estimation (local)
4000854	4035810	16055	51011	NC_002945.4	NODE_32_length_51011_cov_40.257684	99.98		True
CONTIG	NODE_32_length_51011_cov_40.257684	51011	correct
306708	332743	1	25931	NC_002945.4	NODE_33_length_50565_cov_37.796364	99.59		True
relocation, inconsistency = 5633
338377	362923	25932	50391	NC_002945.4	NODE_33_length_50565_cov_37.796364	99.62		True
CONTIG	NODE_33_length_50565_cov_37.796364	50565	misassembled
625545	673260	314	48029	NC_002945.4	NODE_34_length_48059_cov_38.306142	99.98		True
CONTIG	NODE_34_length_48059_cov_38.306142	48059	correct
1997020	2040936	9	43925	NC_002945.4	NODE_35_length_43925_cov_38.984360	99.97		True
CONTIG	NODE_35_length_43925_cov_38.984360	43925	correct
1343879	1386659	1	42786	NC_002945.4	NODE_36_length_42786_cov_39.719004	99.99		True
CONTIG	NODE_36_length_42786_cov_39.719004	42786	correct
3836888	3878089	1	41194	NC_002945.4	NODE_37_length_41309_cov_38.781482	99.96		True
CONTIG	NODE_37_length_41309_cov_38.781482	41309	correct
2246110	2283745	37638	1	NC_002945.4	NODE_38_length_37862_cov_41.798304	99.95		True
CONTIG	NODE_38_length_37862_cov_41.798304	37862	correct
363943	401308	38	37403	NC_002945.4	NODE_39_length_37403_cov_36.178345	99.99		True
CONTIG	NODE_39_length_37403_cov_36.178345	37403	correct
2372359	2408714	36298	1	NC_002945.4	NODE_40_length_36298_cov_37.222195	99.83		True
CONTIG	NODE_40_length_36298_cov_37.222195	36298	correct
1171083	1189860	1	18778	NC_002945.4	NODE_41_length_35941_cov_33.258949	99.99		True
relocation, inconsistency = 662334
1854051	1869357	20635	35941	NC_002945.4	NODE_41_length_35941_cov_33.258949	99.99		True
CONTIG	NODE_41_length_35941_cov_33.258949	35941	misassembled
3737665	3759004	21482	140	NC_002945.4	NODE_42_length_34005_cov_39.384733	99.98		True
local misassembly
3724932	3737454	34005	21483	NC_002945.4	NODE_42_length_34005_cov_39.384733	99.98		True
CONTIG	NODE_42_length_34005_cov_39.384733	34005	correct
2294650	2325838	31192	1	NC_002945.4	NODE_43_length_31192_cov_36.671688	99.97		True
CONTIG	NODE_43_length_31192_cov_36.671688	31192	correct
2161798	2192094	30298	1	NC_002945.4	NODE_44_length_30298_cov_41.541447	99.99		True
CONTIG	NODE_44_length_30298_cov_41.541447	30298	correct
2343964	2371678	27715	1	NC_002945.4	NODE_45_length_27857_cov_39.386152	99.99		True
CONTIG	NODE_45_length_27857_cov_39.386152	27857	correct
2666099	2693421	1	27322	NC_002945.4	NODE_46_length_27322_cov_41.443059	99.99		True
CONTIG	NODE_46_length_27322_cov_41.443059	27322	correct
105040	131964	27128	204	NC_002945.4	NODE_47_length_27128_cov_38.166401	99.98		True
CONTIG	NODE_47_length_27128_cov_38.166401	27128	correct
1387398	1412955	214	25771	NC_002945.4	NODE_48_length_25771_cov_39.308610	99.98		True
CONTIG	NODE_48_length_25771_cov_39.308610	25771	correct
3674358	3699805	25430	1	NC_002945.4	NODE_49_length_25430_cov_28.949295	99.91		True
CONTIG	NODE_49_length_25430_cov_28.949295	25430	correct
4259930	4281678	1	21747	NC_002945.4	NODE_50_length_21747_cov_40.586864	99.98		True
CONTIG	NODE_50_length_21747_cov_40.586864	21747	correct
2423267	2444953	21687	1	NC_002945.4	NODE_51_length_21687_cov_41.059926	99.99		True
CONTIG	NODE_51_length_21687_cov_41.059926	21687	correct
2160997	2161533	537	1	NC_002945.4	NODE_52_length_19636_cov_43.482495	100.0		True
fake: scaffold gap size wrong estimation (local)
2160645	2160846	839	638	NC_002945.4	NODE_52_length_19636_cov_43.482495	100.0		True
fake: scaffold gap size wrong estimation (local)
2158655	2159088	2635	2202	NC_002945.4	NODE_52_length_19636_cov_43.482495	100.0		True
local misassembly
2141516	2158516	19636	2636	NC_002945.4	NODE_52_length_19636_cov_43.482495	99.96		True
CONTIG	NODE_52_length_19636_cov_43.482495	19636	correct
1471935	1490747	1	18814	NC_002945.4	NODE_53_length_19120_cov_43.677039	99.98		True
local misassembly
1490961	1491266	18815	19120	NC_002945.4	NODE_53_length_19120_cov_43.677039	100.0		True
CONTIG	NODE_53_length_19120_cov_43.677039	19120	correct
3759143	3777383	18243	1	NC_002945.4	NODE_54_length_18406_cov_35.421084	99.97		True
CONTIG	NODE_54_length_18406_cov_35.421084	18406	correct
892165	909508	17344	1	NC_002945.4	NODE_55_length_17344_cov_42.030609	99.99		True
CONTIG	NODE_55_length_17344_cov_42.030609	17344	correct
2326332	2343651	1	17320	NC_002945.4	NODE_56_length_17320_cov_37.979585	99.99		True
CONTIG	NODE_56_length_17320_cov_37.979585	17320	correct
910050	926210	16161	1	NC_002945.4	NODE_57_length_16161_cov_42.978047	99.99		True
CONTIG	NODE_57_length_16161_cov_42.978047	16161	correct
2776943	2792950	16008	1	NC_002945.4	NODE_58_length_16020_cov_42.967218	100.0		True
CONTIG	NODE_58_length_16020_cov_42.967218	16020	correct
3193780	3209287	15608	1	NC_002945.4	NODE_59_length_15608_cov_40.385892	100.0		True
CONTIG	NODE_59_length_15608_cov_40.385892	15608	correct
609085	624374	15566	277	NC_002945.4	NODE_60_length_15566_cov_37.627631	99.99		True
CONTIG	NODE_60_length_15566_cov_37.627631	15566	correct
2916851	2932361	1	15511	NC_002945.4	NODE_61_length_15511_cov_44.814873	99.97		True
CONTIG	NODE_61_length_15511_cov_44.814873	15511	correct
2040925	2056390	1	15466	NC_002945.4	NODE_62_length_15466_cov_41.683161	99.99		True
CONTIG	NODE_62_length_15466_cov_41.683161	15466	correct
2409213	2422776	168	13731	NC_002945.4	NODE_63_length_13731_cov_39.123420	99.98		True
CONTIG	NODE_63_length_13731_cov_39.123420	13731	correct
3712180	3724801	1	12622	NC_002945.4	NODE_64_length_12683_cov_26.693852	99.96		True
CONTIG	NODE_64_length_12683_cov_26.693852	12683	correct
2944619	2957076	12458	1	NC_002945.4	NODE_65_length_12458_cov_39.356824	99.98		True
CONTIG	NODE_65_length_12458_cov_39.356824	12458	correct
4281716	4293950	12235	1	NC_002945.4	NODE_66_length_12235_cov_39.617278	99.98		True
CONTIG	NODE_66_length_12235_cov_39.617278	12235	correct
1193002	1204735	11734	1	NC_002945.4	NODE_67_length_11734_cov_41.746791	99.97		True
CONTIG	NODE_67_length_11734_cov_41.746791	11734	correct
3700362	3711403	11042	1	NC_002945.4	NODE_68_length_11081_cov_27.831386	99.99		True
CONTIG	NODE_68_length_11081_cov_27.831386	11081	correct
2933811	2943963	10153	1	NC_002945.4	NODE_69_length_10376_cov_38.818421	99.99		True
CONTIG	NODE_69_length_10376_cov_38.818421	10376	correct
1204773	1213474	1	8702	NC_002945.4	NODE_70_length_8800_cov_36.649141	99.98		True
CONTIG	NODE_70_length_8800_cov_36.649141	8800	correct
2446139	2453626	7531	44	NC_002945.4	NODE_71_length_8593_cov_37.504252	100.0		True
CONTIG	NODE_71_length_8593_cov_37.504252	8593	correct
2793868	2799828	1	5961	NC_002945.4	NODE_72_length_5961_cov_35.818992	99.98		True
CONTIG	NODE_72_length_5961_cov_35.818992	5961	correct
3884660	3890001	1	5351	NC_002945.4	NODE_73_length_5351_cov_22.895291	99.81		True
CONTIG	NODE_73_length_5351_cov_22.895291	5351	correct
1987009	1992127	1	5120	NC_002945.4	NODE_74_length_5120_cov_40.735830	99.96		True
CONTIG	NODE_74_length_5120_cov_40.735830	5120	correct
1214750	1218404	3666	12	NC_002945.4	NODE_75_length_4626_cov_28.951100	99.7		True
local misassembly
1213934	1214774	4626	3786	NC_002945.4	NODE_75_length_4626_cov_28.951100	99.76		True
CONTIG	NODE_75_length_4626_cov_28.951100	4626	correct
3980249	3984509	1	4261	NC_002945.4	NODE_76_length_4261_cov_35.616594	100.0		True
CONTIG	NODE_76_length_4261_cov_35.616594	4261	correct
1165899	1169900	1	4002	NC_002945.4	NODE_77_length_4002_cov_43.428645	99.98		True
CONTIG	NODE_77_length_4002_cov_43.428645	4002	correct
3878231	3881455	1	3117	NC_002945.4	NODE_78_length_3117_cov_10.259532	96.65		True
CONTIG	NODE_78_length_3117_cov_10.259532	3117	correct
2284582	2287647	1	3066	NC_002945.4	NODE_79_length_3066_cov_29.062266	99.74		True
CONTIG	NODE_79_length_3066_cov_29.062266	3066	correct
2290672	2293716	1	3045	NC_002945.4	NODE_80_length_3045_cov_30.374914	100.0		True
CONTIG	NODE_80_length_3045_cov_30.374914	3045	correct
1993335	1995984	2836	187	NC_002945.4	NODE_81_length_2836_cov_40.254707	99.96		True
CONTIG	NODE_81_length_2836_cov_40.254707	2836	correct
1635657	1638017	2361	1	NC_002945.4	NODE_82_length_2361_cov_22.466876	100.0		True
CONTIG	NODE_82_length_2361_cov_22.466876	2361	correct
2609387	2611609	2223	1	NC_002945.4	NODE_83_length_2223_cov_23.915553	100.0		True
CONTIG	NODE_83_length_2223_cov_23.915553	2223	correct
1092421	1094267	1	1847	NC_002945.4	NODE_84_length_1847_cov_27.875581	100.0		True
CONTIG	NODE_84_length_1847_cov_27.875581	1847	correct
674730	676293	1564	1	NC_002945.4	NODE_85_length_1714_cov_4.336484	99.81		True
CONTIG	NODE_85_length_1714_cov_4.336484	1714	correct
401182	402731	1	1550	NC_002945.4	NODE_86_length_1550_cov_67.284610	100.0		True
CONTIG	NODE_86_length_1550_cov_67.284610	1550	correct
336693	337950	1379	122	NC_002945.4	NODE_87_length_1470_cov_13.275503	100.0		True
CONTIG	NODE_87_length_1470_cov_13.275503	1470	correct
4193589	4195052	1464	1	NC_002945.4	NODE_88_length_1464_cov_90.903515	100.0		True
CONTIG	NODE_88_length_1464_cov_90.903515	1464	correct
3443593	3445031	1	1439	NC_002945.4	NODE_89_length_1439_cov_47.808689	100.0		True
CONTIG	NODE_89_length_1439_cov_47.808689	1439	correct
890952	892291	1	1340	NC_002945.4	NODE_90_length_1340_cov_77.732894	100.0		True
CONTIG	NODE_90_length_1340_cov_77.732894	1340	correct
3339137	3340461	1	1325	NC_002945.4	NODE_91_length_1325_cov_40.494992	100.0		True
CONTIG	NODE_91_length_1325_cov_40.494992	1325	correct
3835659	3836979	1321	1	NC_002945.4	NODE_92_length_1321_cov_77.002513	99.77		True
CONTIG	NODE_92_length_1321_cov_77.002513	1321	correct
2774396	2774491	1	96	NC_002945.4	NODE_93_length_1304_cov_7.189465	100.0		True
relocation, inconsistency = -1045
2774233	2775440	1304	97	NC_002945.4	NODE_93_length_1304_cov_7.189465	100.0		True
CONTIG	NODE_93_length_1304_cov_7.189465	1304	misassembled
2288581	2289835	1255	1	NC_002945.4	NODE_94_length_1255_cov_41.728723	100.0		True
CONTIG	NODE_94_length_1255_cov_41.728723	1255	correct
2293590	2294776	1187	1	NC_002945.4	NODE_95_length_1187_cov_27.219811	100.0		True
CONTIG	NODE_95_length_1187_cov_27.219811	1187	correct
839637	840814	1	1178	NC_002945.4	NODE_96_length_1178_cov_13.506185	100.0		True
CONTIG	NODE_96_length_1178_cov_13.506185	1178	correct
2283619	2284708	1090	1	NC_002945.4	NODE_97_length_1090_cov_75.183801	99.91		True
CONTIG	NODE_97_length_1090_cov_75.183801	1090	correct
3711277	3712306	1	1030	NC_002945.4	NODE_98_length_1030_cov_77.408638	100.0		True
CONTIG	NODE_98_length_1030_cov_77.408638	1030	correct
3892698	3893485	1	788	NC_002945.4	NODE_99_length_1017_cov_1.859551	100.0		True
CONTIG	NODE_99_length_1017_cov_1.859551	1017	correct
1638385	1638698	678	365	NC_002945.4	NODE_100_length_1015_cov_1.345721	99.7		True
local misassembly
1637904	1638240	1015	679	NC_002945.4	NODE_100_length_1015_cov_1.345721	100.0		True
CONTIG	NODE_100_length_1015_cov_1.345721	1015	correct
335570	336563	994	1	NC_002945.4	NODE_101_length_994_cov_4.843137	100.0		True
CONTIG	NODE_101_length_994_cov_4.843137	994	correct
1165044	1166025	982	1	NC_002945.4	NODE_102_length_982_cov_83.175439	100.0		True
CONTIG	NODE_102_length_982_cov_83.175439	982	correct
CONTIG	NODE_103_length_967_cov_1.223810	967	unaligned
363486	363605	126	7	NC_002945.4	NODE_104_length_924_cov_4.119197	100.0		True
local misassembly
362928	363699	924	153	NC_002945.4	NODE_104_length_924_cov_4.119197	100.0		True
CONTIG	NODE_104_length_924_cov_4.119197	924	correct
2800228	2801136	1	909	NC_002945.4	NODE_105_length_909_cov_258.994885	100.0		True
CONTIG	NODE_105_length_909_cov_258.994885	909	correct
3341521	3342410	890	1	NC_002945.4	NODE_106_length_890_cov_22.060288	100.0		True
CONTIG	NODE_106_length_890_cov_22.060288	890	correct
1278286	1279129	844	1	NC_002945.4	NODE_107_length_844_cov_80.654114	100.0		True
CONTIG	NODE_107_length_844_cov_80.654114	844	correct
1996237	1996951	1	715	NC_002945.4	NODE_108_length_805_cov_2.219764	99.86		True
CONTIG	NODE_108_length_805_cov_2.219764	805	correct
909382	910176	795	1	NC_002945.4	NODE_109_length_795_cov_95.652695	100.0		True
CONTIG	NODE_109_length_795_cov_95.652695	795	correct
3891970	3892665	780	85	NC_002945.4	NODE_110_length_780_cov_2.966309	98.85		True
CONTIG	NODE_110_length_780_cov_2.966309	780	correct
CONTIG	NODE_111_length_767_cov_1.189062	767	unaligned
2792951	2793695	745	1	NC_002945.4	NODE_112_length_745_cov_34.297018	100.0		True
CONTIG	NODE_112_length_745_cov_34.297018	745	correct
2693295	2694038	1	744	NC_002945.4	NODE_113_length_744_cov_67.251216	100.0		True
CONTIG	NODE_113_length_744_cov_67.251216	744	correct
3884045	3884786	1	724	NC_002945.4	NODE_114_length_724_cov_13.899497	97.44		True
CONTIG	NODE_114_length_724_cov_13.899497	724	correct
1985818	1986513	696	1	NC_002945.4	NODE_115_length_696_cov_2.091388	100.0		True
CONTIG	NODE_115_length_696_cov_2.091388	696	correct
2140853	2141515	663	1	NC_002945.4	NODE_116_length_663_cov_31.477215	100.0		True
CONTIG	NODE_116_length_663_cov_31.477215	663	correct
132186	132653	663	196	NC_002945.4	NODE_117_length_663_cov_1.059701	99.79		True
CONTIG	NODE_117_length_663_cov_1.059701	663	correct
CONTIG	NODE_118_length_654_cov_0.705882	654	unaligned
3340552	3341186	635	1	NC_002945.4	NODE_119_length_635_cov_27.773622	100.0		True
CONTIG	NODE_119_length_635_cov_27.773622	635	correct
3699823	3700298	476	1	NC_002945.4	NODE_120_length_635_cov_0.830709	100.0		True
CONTIG	NODE_120_length_635_cov_0.830709	635	correct
673789	674035	247	1	NC_002945.4	NODE_121_length_611_cov_1.119835	99.6		True
inversion
674000	674071	519	590	NC_002945.4	NODE_121_length_611_cov_1.119835	100.0		True
CONTIG	NODE_121_length_611_cov_1.119835	611	misassembled
3338676	3339263	1	588	NC_002945.4	NODE_122_length_588_cov_59.396963	100.0		True
CONTIG	NODE_122_length_588_cov_59.396963	588	correct
674101	674676	1	576	NC_002945.4	NODE_123_length_576_cov_3.069042	99.48		True
CONTIG	NODE_123_length_576_cov_3.069042	576	correct
CONTIG	NODE_124_length_565_cov_1.002283	565	unaligned
CONTIG	NODE_125_length_547_cov_1.178571	547	unaligned
CONTIG	NODE_126_length_521_cov_1.005076	521	unaligned
