S1	E1	S2	E2	Reference	Contig	IDY	Ambiguous	Best_group
3445573	3673271	1	227591	NC_002945.4	NODE_1_length_227591_cov_35.993568	99.93		True
CONTIG	NODE_1_length_227591_cov_35.993568	227591	correct
1779460	1985660	205735	1	NC_002945.4	NODE_2_length_205735_cov_33.942804	99.76		True
CONTIG	NODE_2_length_205735_cov_33.942804	205735	correct
402605	607788	1	204915	NC_002945.4	NODE_3_length_204915_cov_35.036809	99.86		True
CONTIG	NODE_3_length_204915_cov_35.036809	204915	correct
3015617	3193742	3	177434	NC_002945.4	NODE_4_length_177434_cov_35.229692	99.47		True
CONTIG	NODE_4_length_177434_cov_35.229692	177434	correct
824601	838037	13445	9	NC_002945.4	NODE_5_length_160891_cov_35.262335	99.98		True
local misassembly
676601	824045	160891	13446	NC_002945.4	NODE_5_length_160891_cov_35.262335	99.99		True
CONTIG	NODE_5_length_160891_cov_35.262335	160891	correct
4035945	4193715	1	157638	NC_002945.4	NODE_6_length_157638_cov_34.596873	99.91		True
CONTIG	NODE_6_length_157638_cov_34.596873	157638	correct
150155	306687	1	156506	NC_002945.4	NODE_7_length_156506_cov_34.942089	99.97		True
CONTIG	NODE_7_length_156506_cov_34.942089	156506	correct
2453619	2609222	1	155604	NC_002945.4	NODE_8_length_155604_cov_35.095796	99.99		True
CONTIG	NODE_8_length_155604_cov_35.095796	155604	correct
30083	103918	73849	1	NC_002945.4	NODE_9_length_142870_cov_36.356557	99.96		True
local misassembly
1	29469	103319	73851	NC_002945.4	NODE_9_length_142870_cov_36.356557	99.99		True
fake: not a misassembly [linear representation of circular genome]
4310423	4349904	142800	103320	NC_002945.4	NODE_9_length_142870_cov_36.356557	99.99		True
CONTIG	NODE_9_length_142870_cov_36.356557	142870	correct
1638881	1769053	130264	93	NC_002945.4	NODE_10_length_130264_cov_36.579182	99.99		True
CONTIG	NODE_10_length_130264_cov_36.579182	130264	correct
3343594	3442410	1	98885	NC_002945.4	NODE_11_length_98885_cov_36.283430	99.92		True
CONTIG	NODE_11_length_98885_cov_36.283430	98885	correct
2083596	2140666	57137	67	NC_002945.4	NODE_12_length_83905_cov_34.863604	99.99		True
local misassembly
2056991	2083604	83889	57276	NC_002945.4	NODE_12_length_83905_cov_34.863604	99.98		True
CONTIG	NODE_12_length_83905_cov_34.863604	83905	correct
1010930	1053737	42813	1	NC_002945.4	NODE_13_length_82144_cov_36.130229	99.98		True
relocation, inconsistency = 1457
970263	1009472	82022	42814	NC_002945.4	NODE_13_length_82144_cov_36.130229	99.97		True
CONTIG	NODE_13_length_82144_cov_36.130229	82144	misassembled
1491921	1573836	1	81916	NC_002945.4	NODE_14_length_81917_cov_36.733268	99.93		True
CONTIG	NODE_14_length_81917_cov_36.733268	81917	correct
3898832	3978501	79670	1	NC_002945.4	NODE_15_length_79670_cov_36.003684	99.99		True
CONTIG	NODE_15_length_79670_cov_36.003684	79670	correct
2693912	2772895	79096	114	NC_002945.4	NODE_16_length_79096_cov_33.817802	99.99		True
CONTIG	NODE_16_length_79096_cov_33.817802	79096	correct
3219373	3297729	78414	1	NC_002945.4	NODE_17_length_78428_cov_35.795507	99.92		True
CONTIG	NODE_17_length_78428_cov_35.795507	78428	correct
3759697	3830701	2	70936	NC_002945.4	NODE_18_length_70936_cov_34.560706	99.82		True
CONTIG	NODE_18_length_70936_cov_34.560706	70936	correct
1096985	1165170	68186	1	NC_002945.4	NODE_19_length_68186_cov_35.607238	99.99		True
CONTIG	NODE_19_length_68186_cov_35.607238	68186	correct
4194926	4259153	64228	1	NC_002945.4	NODE_20_length_64228_cov_37.199654	99.99		True
CONTIG	NODE_20_length_64228_cov_37.199654	64228	correct
2852146	2916082	63937	1	NC_002945.4	NODE_21_length_63996_cov_34.282046	99.98		True
CONTIG	NODE_21_length_63996_cov_34.282046	63996	correct
1280097	1343223	1	63189	NC_002945.4	NODE_22_length_63189_cov_37.839666	99.89		True
CONTIG	NODE_22_length_63189_cov_37.839666	63189	correct
1997040	2056444	1	59405	NC_002945.4	NODE_23_length_59495_cov_34.162158	99.98		True
CONTIG	NODE_23_length_59495_cov_34.162158	59495	correct
1219498	1278412	92	58979	NC_002945.4	NODE_24_length_58979_cov_34.742931	99.94		True
CONTIG	NODE_24_length_58979_cov_34.742931	58979	correct
2957039	3015767	1	58676	NC_002945.4	NODE_25_length_58716_cov_34.101982	99.9		True
CONTIG	NODE_25_length_58716_cov_34.101982	58716	correct
1413935	1470724	1	56733	NC_002945.4	NODE_26_length_56733_cov_36.520245	99.89		True
CONTIG	NODE_26_length_56733_cov_36.520245	56733	correct
2611720	2665626	54084	124	NC_002945.4	NODE_27_length_54168_cov_33.896005	99.88		True
CONTIG	NODE_27_length_54168_cov_33.896005	54168	correct
2192685	2246077	1	53393	NC_002945.4	NODE_28_length_53393_cov_39.410656	99.99		True
CONTIG	NODE_28_length_53393_cov_39.410656	53393	correct
2801012	2852053	1	51042	NC_002945.4	NODE_29_length_51042_cov_34.960149	99.99		True
CONTIG	NODE_29_length_51042_cov_34.960149	51042	correct
4000854	4035491	34756	119	NC_002945.4	NODE_30_length_50681_cov_34.834612	99.98		True
fake: scaffold gap size wrong estimation (local)
3984807	4000631	50681	34857	NC_002945.4	NODE_30_length_50681_cov_34.834612	100.0		True
CONTIG	NODE_30_length_50681_cov_34.834612	50681	correct
1574013	1623830	49818	1	NC_002945.4	NODE_31_length_49818_cov_34.360709	99.98		True
CONTIG	NODE_31_length_49818_cov_34.360709	49818	correct
842770	891078	48309	1	NC_002945.4	NODE_32_length_48309_cov_34.865531	99.99		True
CONTIG	NODE_32_length_48309_cov_34.865531	48309	correct
625576	673271	22	47717	NC_002945.4	NODE_33_length_47722_cov_35.265595	99.99		True
CONTIG	NODE_33_length_47722_cov_35.265595	47722	correct
3836888	3878073	41368	191	NC_002945.4	NODE_34_length_41368_cov_33.658641	99.96		True
CONTIG	NODE_34_length_41368_cov_33.658641	41368	correct
1343879	1385177	41304	1	NC_002945.4	NODE_35_length_41304_cov_34.667241	99.99		True
CONTIG	NODE_35_length_41304_cov_34.667241	41304	correct
3297618	3338080	40473	1	NC_002945.4	NODE_36_length_40473_cov_33.250112	99.96		True
CONTIG	NODE_36_length_40473_cov_33.250112	40473	correct
930668	970095	155	39702	NC_002945.4	NODE_37_length_39702_cov_34.749413	99.68		True
CONTIG	NODE_37_length_39702_cov_34.749413	39702	correct
2246122	2283745	37626	1	NC_002945.4	NODE_38_length_37932_cov_36.259648	99.95		True
CONTIG	NODE_38_length_37932_cov_36.259648	37932	correct
363918	401308	1	37391	NC_002945.4	NODE_39_length_37391_cov_33.304610	99.99		True
CONTIG	NODE_39_length_37391_cov_33.304610	37391	correct
2372432	2408904	36415	1	NC_002945.4	NODE_40_length_36415_cov_32.444114	99.83		True
CONTIG	NODE_40_length_36415_cov_32.444114	36415	correct
3737665	3758888	21224	1	NC_002945.4	NODE_41_length_33833_cov_35.944194	100.0		True
local misassembly
3724846	3737454	33833	21225	NC_002945.4	NODE_41_length_33833_cov_35.944194	99.98		True
CONTIG	NODE_41_length_33833_cov_35.944194	33833	correct
2161870	2192094	1	30226	NC_002945.4	NODE_42_length_30226_cov_35.826406	99.99		True
CONTIG	NODE_42_length_30226_cov_35.826406	30226	correct
2294650	2324490	29841	1	NC_002945.4	NODE_43_length_29841_cov_32.239180	99.99		True
CONTIG	NODE_43_length_29841_cov_32.239180	29841	correct
2343843	2372346	28504	1	NC_002945.4	NODE_44_length_28504_cov_32.774712	99.99		True
CONTIG	NODE_44_length_28504_cov_32.774712	28504	correct
1093756	1097045	3290	1	NC_002945.4	NODE_45_length_28183_cov_35.414279	99.79		True
relocation, inconsistency = 15252
1053611	1078503	28183	3291	NC_002945.4	NODE_45_length_28183_cov_35.414279	100.0		True
CONTIG	NODE_45_length_28183_cov_35.414279	28183	misassembled
2665994	2693421	1	27427	NC_002945.4	NODE_46_length_27427_cov_34.863004	99.98		True
CONTIG	NODE_46_length_27427_cov_34.863004	27427	correct
336693	363836	93	27158	NC_002945.4	NODE_47_length_27158_cov_30.698753	99.62		True
CONTIG	NODE_47_length_27158_cov_30.698753	27158	correct
105040	131865	27058	233	NC_002945.4	NODE_48_length_27058_cov_34.666704	99.97		True
CONTIG	NODE_48_length_27058_cov_34.666704	27058	correct
306716	333298	1	26478	NC_002945.4	NODE_49_length_26622_cov_34.952821	99.6		True
CONTIG	NODE_49_length_26622_cov_34.952821	26622	correct
1386934	1412955	177	26198	NC_002945.4	NODE_50_length_26198_cov_33.093859	99.98		True
CONTIG	NODE_50_length_26198_cov_33.093859	26198	correct
3674358	3700178	1	25803	NC_002945.4	NODE_51_length_25803_cov_25.872722	99.93		True
CONTIG	NODE_51_length_25803_cov_25.872722	25803	correct
2776909	2799828	1	22920	NC_002945.4	NODE_52_length_22920_cov_36.225245	100.0		True
CONTIG	NODE_52_length_22920_cov_36.225245	22920	correct
4259930	4281682	21751	1	NC_002945.4	NODE_53_length_21751_cov_35.715917	99.98		True
CONTIG	NODE_53_length_21751_cov_35.715917	21751	correct
2423267	2444896	1	21630	NC_002945.4	NODE_54_length_21630_cov_34.951170	99.99		True
CONTIG	NODE_54_length_21630_cov_34.951170	21630	correct
2140710	2158516	104	17910	NC_002945.4	NODE_55_length_20617_cov_35.080673	99.97		True
local misassembly
2158655	2159088	17911	18344	NC_002945.4	NODE_55_length_20617_cov_35.080673	100.0		True
fake: scaffold gap size wrong estimation (local)
2160645	2160846	19707	19908	NC_002945.4	NODE_55_length_20617_cov_35.080673	100.0		True
fake: scaffold gap size wrong estimation (local)
2160997	2161605	20009	20617	NC_002945.4	NODE_55_length_20617_cov_35.080673	99.84		True
CONTIG	NODE_55_length_20617_cov_35.080673	20617	correct
3758989	3759694	95	800	NC_002945.4	NODE_56_length_19374_cov_33.338079	99.73		True
relocation, inconsistency = 2569332
1171083	1189656	19374	801	NC_002945.4	NODE_56_length_19374_cov_33.338079	99.99		True
CONTIG	NODE_56_length_19374_cov_33.338079	19374	misassembled
1490961	1491388	428	1	NC_002945.4	NODE_57_length_19242_cov_38.235679	100.0		True
local misassembly
1471935	1490747	19242	429	NC_002945.4	NODE_57_length_19242_cov_38.235679	99.98		True
CONTIG	NODE_57_length_19242_cov_38.235679	19242	correct
132133	149535	17527	125	NC_002945.4	NODE_58_length_17647_cov_38.639555	99.97		True
CONTIG	NODE_58_length_17647_cov_38.639555	17647	correct
2326334	2343726	17493	101	NC_002945.4	NODE_59_length_17493_cov_31.684498	99.98		True
CONTIG	NODE_59_length_17493_cov_31.684498	17493	correct
892165	909508	1	17344	NC_002945.4	NODE_60_length_17344_cov_36.721612	99.99		True
CONTIG	NODE_60_length_17344_cov_36.721612	17344	correct
910050	926278	16229	1	NC_002945.4	NODE_61_length_16229_cov_37.108806	99.99		True
CONTIG	NODE_61_length_16229_cov_37.108806	16229	correct
2916851	2932175	1	15325	NC_002945.4	NODE_62_length_15375_cov_38.749672	99.97		True
CONTIG	NODE_62_length_15375_cov_38.749672	15375	correct
609085	624376	1	15292	NC_002945.4	NODE_63_length_15324_cov_34.615977	99.92		True
CONTIG	NODE_63_length_15324_cov_34.615977	15324	correct
1190378	1204673	14375	80	NC_002945.4	NODE_64_length_14375_cov_33.441255	99.97		True
CONTIG	NODE_64_length_14375_cov_33.441255	14375	correct
2409215	2422776	13562	1	NC_002945.4	NODE_65_length_13709_cov_33.104550	99.98		True
CONTIG	NODE_65_length_13709_cov_33.104550	13709	correct
3890969	3895304	4487	152	NC_002945.4	NODE_66_length_12676_cov_16.128935	99.92		True
local misassembly
3884643	3890278	10132	4488	NC_002945.4	NODE_66_length_12676_cov_16.128935	99.79		True
local misassembly
3882139	3884027	12069	10133	NC_002945.4	NODE_66_length_12676_cov_16.128935	97.69		True
local misassembly
3881700	3882155	12676	12221	NC_002945.4	NODE_66_length_12676_cov_16.128935	99.78		True
CONTIG	NODE_66_length_12676_cov_16.128935	12676	correct
2944619	2957076	1	12458	NC_002945.4	NODE_67_length_12458_cov_35.031871	99.98		True
CONTIG	NODE_67_length_12458_cov_35.031871	12458	correct
4281696	4293931	12367	132	NC_002945.4	NODE_68_length_12367_cov_35.843709	99.99		True
CONTIG	NODE_68_length_12367_cov_35.843709	12367	correct
3712180	3724372	12193	1	NC_002945.4	NODE_69_length_12193_cov_25.969584	99.96		True
CONTIG	NODE_69_length_12193_cov_25.969584	12193	correct
3700433	3711403	10971	1	NC_002945.4	NODE_70_length_11092_cov_24.624168	100.0		True
CONTIG	NODE_70_length_11092_cov_24.624168	11092	correct
2933818	2943963	10146	1	NC_002945.4	NODE_71_length_10521_cov_32.886569	99.99		True
CONTIG	NODE_71_length_10521_cov_32.886569	10521	correct
3209302	3219347	1	10046	NC_002945.4	NODE_72_length_10046_cov_35.844642	100.0		True
CONTIG	NODE_72_length_10046_cov_35.844642	10046	correct
1204739	1213832	9209	191	NC_002945.4	NODE_73_length_9209_cov_30.985796	99.14		True
CONTIG	NODE_73_length_9209_cov_30.985796	9209	correct
4301850	4310443	8718	125	NC_002945.4	NODE_74_length_8718_cov_33.106972	99.99		True
CONTIG	NODE_74_length_8718_cov_33.106972	8718	correct
3200715	3209299	8585	1	NC_002945.4	NODE_75_length_8585_cov_40.110783	99.99		True
CONTIG	NODE_75_length_8585_cov_40.110783	8585	correct
2444879	2453288	1	8410	NC_002945.4	NODE_76_length_8410_cov_33.144754	100.0		True
CONTIG	NODE_76_length_8410_cov_33.144754	8410	correct
1623857	1631598	7848	107	NC_002945.4	NODE_77_length_7848_cov_33.784872	99.97		True
CONTIG	NODE_77_length_7848_cov_33.784872	7848	correct
4294618	4301875	7365	108	NC_002945.4	NODE_78_length_7365_cov_32.446118	99.94		True
CONTIG	NODE_78_length_7365_cov_32.446118	7365	correct
3193780	3200755	1	6976	NC_002945.4	NODE_79_length_7162_cov_31.476048	100.0		True
indel: stretch of mismatches
3200756	3200841	6977	7162	NC_002945.4	NODE_79_length_7162_cov_31.476048	100.0		True
CONTIG	NODE_79_length_7162_cov_31.476048	7162	correct
1214750	1218875	4307	182	NC_002945.4	NODE_80_length_5294_cov_24.213857	100.0		True
CONTIG	NODE_80_length_5294_cov_24.213857	5294	correct
1987041	1992127	5088	1	NC_002945.4	NODE_81_length_5088_cov_35.066116	99.96		True
CONTIG	NODE_81_length_5088_cov_35.066116	5088	correct
3830727	3835785	1	5059	NC_002945.4	NODE_82_length_5059_cov_39.644566	100.0		True
CONTIG	NODE_82_length_5059_cov_39.644566	5059	correct
1165899	1169900	4002	1	NC_002945.4	NODE_83_length_4002_cov_37.136774	99.98		True
CONTIG	NODE_83_length_4002_cov_37.136774	4002	correct
1635657	1638240	1	2635	NC_002945.4	NODE_84_length_3260_cov_16.902649	98.06		True
local misassembly
1638385	1638853	2636	3104	NC_002945.4	NODE_84_length_3260_cov_16.902649	99.79		True
CONTIG	NODE_84_length_3260_cov_16.902649	3260	correct
3980351	3983474	1	3124	NC_002945.4	NODE_85_length_3124_cov_37.115042	100.0		True
CONTIG	NODE_85_length_3124_cov_37.115042	3124	correct
2284620	2287647	3028	1	NC_002945.4	NODE_86_length_3028_cov_26.365047	99.77		True
CONTIG	NODE_86_length_3028_cov_26.365047	3028	correct
2290710	2293716	3007	1	NC_002945.4	NODE_87_length_3007_cov_26.593403	100.0		True
CONTIG	NODE_87_length_3007_cov_26.593403	3007	correct
1993335	1996111	2777	1	NC_002945.4	NODE_88_length_2777_cov_38.148679	100.0		True
CONTIG	NODE_88_length_2777_cov_38.148679	2777	correct
928970	930584	1740	126	NC_002945.4	NODE_89_length_2535_cov_9.171512	100.0		True
local misassembly
928363	928975	2500	1879	NC_002945.4	NODE_89_length_2535_cov_9.171512	98.55		True
CONTIG	NODE_89_length_2535_cov_9.171512	2535	correct
3338676	3341186	2511	1	NC_002945.4	NODE_90_length_2511_cov_34.846896	100.0		True
CONTIG	NODE_90_length_2511_cov_34.846896	2511	correct
3878198	3880403	2420	215	NC_002945.4	NODE_91_length_2420_cov_5.048844	100.0		True
CONTIG	NODE_91_length_2420_cov_5.048844	2420	correct
2609387	2611609	1	2223	NC_002945.4	NODE_92_length_2223_cov_23.056298	100.0		True
CONTIG	NODE_92_length_2223_cov_23.056298	2223	correct
674527	676305	1906	128	NC_002945.4	NODE_93_length_2080_cov_3.905786	99.89		True
CONTIG	NODE_93_length_2080_cov_3.905786	2080	correct
839601	840842	1242	1	NC_002945.4	NODE_94_length_1703_cov_10.265228	100.0		True
relocation, inconsistency = 1934278
2775121	2775581	1243	1703	NC_002945.4	NODE_94_length_1703_cov_10.265228	100.0		True
CONTIG	NODE_94_length_1703_cov_10.265228	1703	misassembled
1631602	1633155	1678	173	NC_002945.4	NODE_95_length_1678_cov_7.076080	96.85		True
CONTIG	NODE_95_length_1678_cov_7.076080	1678	correct
607662	609211	1	1550	NC_002945.4	NODE_96_length_1550_cov_55.947294	99.87		True
CONTIG	NODE_96_length_1550_cov_55.947294	1550	correct
4193589	4195052	1	1464	NC_002945.4	NODE_97_length_1464_cov_79.026926	100.0		True
CONTIG	NODE_97_length_1464_cov_79.026926	1464	correct
3443593	3445031	1	1439	NC_002945.4	NODE_98_length_1439_cov_43.192073	100.0		True
CONTIG	NODE_98_length_1439_cov_43.192073	1439	correct
3897156	3898585	1	1421	NC_002945.4	NODE_99_length_1421_cov_20.693972	99.37		True
CONTIG	NODE_99_length_1421_cov_20.693972	1421	correct
CONTIG	NODE_100_length_1370_cov_1.597747	1370	unaligned
3673145	3674484	1340	1	NC_002945.4	NODE_101_length_1340_cov_72.650453	100.0		True
CONTIG	NODE_101_length_1340_cov_72.650453	1340	correct
2324503	2325833	1	1331	NC_002945.4	NODE_102_length_1331_cov_28.611296	100.0		True
CONTIG	NODE_102_length_1331_cov_28.611296	1331	correct
3835659	3836979	1	1321	NC_002945.4	NODE_103_length_1321_cov_70.335008	99.77		True
CONTIG	NODE_103_length_1321_cov_70.335008	1321	correct
1385853	1385952	100	1	NC_002945.4	NODE_104_length_1307_cov_24.937238	100.0		True
local misassembly
1385178	1386384	1307	101	NC_002945.4	NODE_104_length_1307_cov_24.937238	100.0		True
CONTIG	NODE_104_length_1307_cov_24.937238	1307	correct
3983475	3984539	1	1065	NC_002945.4	NODE_105_length_1270_cov_16.163605	100.0		True
CONTIG	NODE_105_length_1270_cov_16.163605	1270	correct
2288581	2289835	1	1255	NC_002945.4	NODE_106_length_1255_cov_35.223404	100.0		True
CONTIG	NODE_106_length_1255_cov_35.223404	1255	correct
2287521	2288707	1187	1	NC_002945.4	NODE_107_length_1187_cov_28.580189	100.0		True
CONTIG	NODE_107_length_1187_cov_28.580189	1187	correct
673504	674577	1076	3	NC_002945.4	NODE_108_length_1162_cov_3.231884	99.81		True
CONTIG	NODE_108_length_1162_cov_3.231884	1162	correct
2283619	2284746	1128	1	NC_002945.4	NODE_109_length_1128_cov_57.984016	99.91		True
CONTIG	NODE_109_length_1128_cov_57.984016	1128	correct
CONTIG	NODE_110_length_1052_cov_2.725405	1052	unaligned
3711277	3712306	1030	1	NC_002945.4	NODE_111_length_1030_cov_71.451827	100.0		True
CONTIG	NODE_111_length_1030_cov_71.451827	1030	correct
1165044	1166025	982	1	NC_002945.4	NODE_112_length_982_cov_71.906433	100.0		True
CONTIG	NODE_112_length_982_cov_71.906433	982	correct
3442285	3443193	909	1	NC_002945.4	NODE_113_length_909_cov_216.217391	100.0		True
CONTIG	NODE_113_length_909_cov_216.217391	909	correct
3341521	3342410	890	1	NC_002945.4	NODE_114_length_890_cov_27.096986	100.0		True
CONTIG	NODE_114_length_890_cov_27.096986	890	correct
1996351	1997014	881	218	NC_002945.4	NODE_115_length_881_cov_3.659151	100.0		True
CONTIG	NODE_115_length_881_cov_3.659151	881	correct
335620	336486	867	1	NC_002945.4	NODE_116_length_870_cov_7.987887	99.88		True
CONTIG	NODE_116_length_870_cov_7.987887	870	correct
1278286	1279129	844	1	NC_002945.4	NODE_117_length_844_cov_67.025105	100.0		True
CONTIG	NODE_117_length_844_cov_67.025105	844	correct
3978502	3979314	813	1	NC_002945.4	NODE_118_length_813_cov_31.027660	100.0		True
CONTIG	NODE_118_length_813_cov_31.027660	813	correct
909382	910176	795	1	NC_002945.4	NODE_119_length_795_cov_78.106287	100.0		True
CONTIG	NODE_119_length_795_cov_78.106287	795	correct
1985756	1986496	769	29	NC_002945.4	NODE_120_length_780_cov_3.058193	100.0		True
CONTIG	NODE_120_length_780_cov_3.058193	780	correct
2422650	2423393	1	744	NC_002945.4	NODE_121_length_744_cov_71.377634	100.0		True
CONTIG	NODE_121_length_744_cov_71.377634	744	correct
CONTIG	NODE_122_length_742_cov_2.952846	742	unaligned
3880433	3881088	1	656	NC_002945.4	NODE_123_length_656_cov_18.950851	99.7		True
CONTIG	NODE_123_length_656_cov_18.950851	656	correct
3338171	3338802	632	1	NC_002945.4	NODE_124_length_632_cov_26.376238	99.84		True
CONTIG	NODE_124_length_632_cov_26.376238	632	correct
841430	841992	1	554	NC_002945.4	NODE_125_length_601_cov_0.824895	97.87		True
CONTIG	NODE_125_length_601_cov_0.824895	601	correct
2773565	2774060	96	591	NC_002945.4	NODE_126_length_594_cov_3.539615	99.4		True
CONTIG	NODE_126_length_594_cov_3.539615	594	correct
CONTIG	NODE_127_length_565_cov_0.847032	565	unaligned
927143	927686	558	15	NC_002945.4	NODE_128_length_558_cov_1.997680	99.82		True
CONTIG	NODE_128_length_558_cov_1.997680	558	correct
2932319	2932820	553	52	NC_002945.4	NODE_129_length_553_cov_2.258216	100.0		True
CONTIG	NODE_129_length_553_cov_2.258216	553	correct
CONTIG	NODE_130_length_521_cov_0.730964	521	unaligned
3979682	3980057	436	61	NC_002945.4	NODE_131_length_516_cov_2.866324	99.2		True
CONTIG	NODE_131_length_516_cov_2.866324	516	correct
