S1	E1	S2	E2	Reference	Contig	IDY	Ambiguous	Best_group
3445573	3673271	227591	1	NC_002945.4	NODE_1_length_227591_cov_28.841333	99.93		True
CONTIG	NODE_1_length_227591_cov_28.841333	227591	correct
402605	607788	204915	1	NC_002945.4	NODE_2_length_204915_cov_28.240595	99.86		True
CONTIG	NODE_2_length_204915_cov_28.240595	204915	correct
824601	837943	13388	46	NC_002945.4	NODE_3_length_160852_cov_29.291996	99.96		True
local misassembly
676731	824045	160704	13389	NC_002945.4	NODE_3_length_160852_cov_29.291996	99.99		True
CONTIG	NODE_3_length_160852_cov_29.291996	160852	correct
150166	306671	156479	1	NC_002945.4	NODE_4_length_156479_cov_27.964612	99.97		True
CONTIG	NODE_4_length_156479_cov_27.964612	156479	correct
2453623	2609234	155613	1	NC_002945.4	NODE_5_length_155613_cov_28.517931	99.99		True
CONTIG	NODE_5_length_155613_cov_28.517931	155613	correct
1638879	1769053	1	130174	NC_002945.4	NODE_6_length_130266_cov_29.367668	99.99		True
CONTIG	NODE_6_length_130266_cov_29.367668	130266	correct
970240	1009472	178	39409	NC_002945.4	NODE_7_length_119765_cov_28.776200	99.98		True
relocation, inconsistency = 1457
1010930	1091282	39410	119765	NC_002945.4	NODE_7_length_119765_cov_28.776200	99.99		True
CONTIG	NODE_7_length_119765_cov_28.776200	119765	misassembled
1869381	1985560	115714	1	NC_002945.4	NODE_8_length_115714_cov_27.979954	99.58		True
CONTIG	NODE_8_length_115714_cov_27.979954	115714	correct
3297493	3338802	41479	1	NC_002945.4	NODE_9_length_112247_cov_28.335070	99.81		True
indel: stretch of mismatches
3227035	3297478	111994	41494	NC_002945.4	NODE_9_length_112247_cov_28.335070	99.91		True
CONTIG	NODE_9_length_112247_cov_28.335070	112247	correct
4036064	4141986	105808	1	NC_002945.4	NODE_10_length_105820_cov_27.477931	99.88		True
CONTIG	NODE_10_length_105820_cov_27.477931	105820	correct
30083	55529	25621	175	NC_002945.4	NODE_11_length_94599_cov_28.535439	99.98		True
local misassembly
1	29469	55091	25623	NC_002945.4	NODE_11_length_94599_cov_28.535439	99.98		True
fake: not a misassembly [linear representation of circular genome]
4310396	4349904	94599	55092	NC_002945.4	NODE_11_length_94599_cov_28.535439	99.99		True
CONTIG	NODE_11_length_94599_cov_28.535439	94599	correct
2056568	2056755	165	352	NC_002945.4	NODE_12_length_84277_cov_28.391741	97.07		True
local misassembly
2057038	2083604	353	26919	NC_002945.4	NODE_12_length_84277_cov_28.391741	99.98		True
local misassembly
2083596	2140679	27058	84141	NC_002945.4	NODE_12_length_84277_cov_28.391741	99.99		True
CONTIG	NODE_12_length_84277_cov_28.391741	84277	correct
3897439	3979382	81954	11	NC_002945.4	NODE_13_length_84235_cov_27.837102	99.99		True
relocation, inconsistency = 4070
3891252	3893368	84071	81955	NC_002945.4	NODE_13_length_84235_cov_27.837102	99.58		True
CONTIG	NODE_13_length_84235_cov_27.837102	84235	misassembled
1491976	1573461	81486	1	NC_002945.4	NODE_14_length_81643_cov_29.692428	99.92		True
CONTIG	NODE_14_length_81643_cov_29.692428	81643	correct
3343593	3424518	1	80994	NC_002945.4	NODE_15_length_81098_cov_29.123056	99.91		True
CONTIG	NODE_15_length_81098_cov_29.123056	81098	correct
1779460	1853485	74173	148	NC_002945.4	NODE_16_length_74173_cov_28.374754	99.99		True
CONTIG	NODE_16_length_74173_cov_28.374754	74173	correct
2944619	3015742	70969	1	NC_002945.4	NODE_17_length_70969_cov_27.183803	99.77		True
CONTIG	NODE_17_length_70969_cov_27.183803	70969	correct
1094824	1165170	1	70336	NC_002945.4	NODE_18_length_70336_cov_27.815337	99.97		True
CONTIG	NODE_18_length_70336_cov_27.815337	70336	correct
3124600	3193873	1	69220	NC_002945.4	NODE_19_length_69220_cov_28.492394	99.9		True
CONTIG	NODE_19_length_69220_cov_28.492394	69220	correct
2705185	2773105	125	68044	NC_002945.4	NODE_20_length_68063_cov_28.166657	99.98		True
CONTIG	NODE_20_length_68063_cov_28.166657	68063	correct
3015819	3081542	65822	1	NC_002945.4	NODE_21_length_65901_cov_28.339922	99.83		True
CONTIG	NODE_21_length_65901_cov_28.339922	65901	correct
4194926	4259153	1	64228	NC_002945.4	NODE_22_length_64228_cov_29.864089	99.99		True
CONTIG	NODE_22_length_64228_cov_29.864089	64228	correct
2852235	2916091	221	64076	NC_002945.4	NODE_23_length_64082_cov_27.170573	99.98		True
CONTIG	NODE_23_length_64082_cov_27.170573	64082	correct
1280097	1340762	60728	1	NC_002945.4	NODE_24_length_60728_cov_29.558077	99.89		True
CONTIG	NODE_24_length_60728_cov_29.558077	60728	correct
1387222	1447551	60387	58	NC_002945.4	NODE_25_length_60387_cov_29.306920	99.98		True
CONTIG	NODE_25_length_60387_cov_29.306920	60387	correct
1997167	2040954	5	43792	NC_002945.4	NODE_26_length_58952_cov_26.621147	99.98		True
local misassembly
2041195	2056351	43793	58949	NC_002945.4	NODE_26_length_58952_cov_26.621147	99.97		True
CONTIG	NODE_26_length_58952_cov_26.621147	58952	correct
1219980	1278412	399	58831	NC_002945.4	NODE_27_length_58831_cov_27.573607	99.99		True
CONTIG	NODE_27_length_58831_cov_27.573607	58831	correct
2611915	2665713	141	53993	NC_002945.4	NODE_28_length_54099_cov_28.564107	99.88		True
CONTIG	NODE_28_length_54099_cov_28.564107	54099	correct
4141989	4193715	1	51727	NC_002945.4	NODE_29_length_51727_cov_29.019128	99.99		True
CONTIG	NODE_29_length_51727_cov_29.019128	51727	correct
2801012	2852054	1	51043	NC_002945.4	NODE_30_length_51043_cov_28.904883	99.99		True
CONTIG	NODE_30_length_51043_cov_28.904883	51043	correct
842772	891078	1	48307	NC_002945.4	NODE_31_length_48307_cov_27.824305	99.99		True
CONTIG	NODE_31_length_48307_cov_27.824305	48307	correct
55647	103918	48282	1	NC_002945.4	NODE_32_length_48282_cov_28.000374	99.94		True
CONTIG	NODE_32_length_48282_cov_28.000374	48282	correct
625458	673460	47970	1	NC_002945.4	NODE_33_length_47993_cov_27.751536	99.91		True
CONTIG	NODE_33_length_47993_cov_27.751536	47993	correct
2294650	2324391	1	29742	NC_002945.4	NODE_34_length_46444_cov_26.575707	99.99		True
relocation, inconsistency = 2596
2326988	2343689	29743	46444	NC_002945.4	NODE_34_length_46444_cov_26.575707	99.95		True
CONTIG	NODE_34_length_46444_cov_26.575707	46444	misassembled
1574044	1619468	1	45425	NC_002945.4	NODE_35_length_45425_cov_27.326637	99.98		True
CONTIG	NODE_35_length_45425_cov_27.326637	45425	correct
1343879	1386618	42766	22	NC_002945.4	NODE_36_length_42766_cov_26.540655	99.98		True
CONTIG	NODE_36_length_42766_cov_26.540655	42766	correct
3878308	3878691	568	185	NC_002945.4	NODE_37_length_41821_cov_27.416511	100.0		True
local misassembly
3836888	3878148	41821	569	NC_002945.4	NODE_37_length_41821_cov_27.416511	99.96		True
CONTIG	NODE_37_length_41821_cov_27.416511	41821	correct
3082644	3124617	1	41240	NC_002945.4	NODE_38_length_41240_cov_28.760416	98.18		True
CONTIG	NODE_38_length_41240_cov_28.760416	41240	correct
4000854	4024975	24320	199	NC_002945.4	NODE_39_length_39796_cov_28.250901	99.97		True
fake: scaffold gap size wrong estimation (local)
3985256	4000631	39796	24421	NC_002945.4	NODE_39_length_39796_cov_28.250901	100.0		True
CONTIG	NODE_39_length_39796_cov_28.250901	39796	correct
930731	970085	1	39427	NC_002945.4	NODE_40_length_39427_cov_27.646234	99.78		True
CONTIG	NODE_40_length_39427_cov_27.646234	39427	correct
2246369	2283745	1	37379	NC_002945.4	NODE_41_length_37379_cov_30.412998	99.95		True
CONTIG	NODE_41_length_37379_cov_30.412998	37379	correct
3799811	3835785	1	35907	NC_002945.4	NODE_42_length_35907_cov_26.926942	99.8		True
CONTIG	NODE_42_length_35907_cov_26.926942	35907	correct
2210051	2245161	35111	1	NC_002945.4	NODE_43_length_35111_cov_31.828436	100.0		True
CONTIG	NODE_43_length_35111_cov_31.828436	35111	correct
4259930	4293944	34013	1	NC_002945.4	NODE_44_length_34013_cov_27.281355	99.99		True
CONTIG	NODE_44_length_34013_cov_27.281355	34013	correct
3737665	3758851	21339	153	NC_002945.4	NODE_45_length_33891_cov_27.374363	99.99		True
local misassembly
3724903	3737454	33891	21340	NC_002945.4	NODE_45_length_33891_cov_27.374363	99.98		True
CONTIG	NODE_45_length_33891_cov_27.374363	33891	correct
2161798	2192094	30298	1	NC_002945.4	NODE_46_length_30298_cov_28.649664	99.99		True
CONTIG	NODE_46_length_30298_cov_28.649664	30298	correct
2666108	2693421	1	27313	NC_002945.4	NODE_47_length_27313_cov_28.314059	99.99		True
CONTIG	NODE_47_length_27313_cov_28.314059	27313	correct
375503	401308	25806	1	NC_002945.4	NODE_48_length_27131_cov_28.418345	100.0		True
relocation, inconsistency = -3318254
3692432	3693756	27131	25807	NC_002945.4	NODE_48_length_27131_cov_28.418345	99.72		True
CONTIG	NODE_48_length_27131_cov_28.418345	27131	misassembled
105040	132073	27034	1	NC_002945.4	NODE_49_length_27034_cov_29.175233	99.98		True
CONTIG	NODE_49_length_27034_cov_29.175233	27034	correct
2345635	2372146	26632	121	NC_002945.4	NODE_50_length_26632_cov_28.717751	99.98		True
CONTIG	NODE_50_length_26632_cov_28.717751	26632	correct
306710	333298	26582	99	NC_002945.4	NODE_51_length_26582_cov_28.312909	99.6		True
CONTIG	NODE_51_length_26582_cov_28.312909	26582	correct
339004	363572	24722	241	NC_002945.4	NODE_52_length_24860_cov_25.092427	99.61		True
CONTIG	NODE_52_length_24860_cov_25.092427	24860	correct
1190378	1213813	1	23364	NC_002945.4	NODE_53_length_23419_cov_25.316804	99.58		True
CONTIG	NODE_53_length_23419_cov_25.316804	23419	correct
1447565	1470724	23103	1	NC_002945.4	NODE_54_length_23103_cov_30.764842	99.74		True
CONTIG	NODE_54_length_23103_cov_30.764842	23103	correct
2423267	2446132	22752	1	NC_002945.4	NODE_55_length_22752_cov_27.922431	99.49		True
CONTIG	NODE_55_length_22752_cov_27.922431	22752	correct
3777400	3799825	22426	1	NC_002945.4	NODE_56_length_22426_cov_28.612090	100.0		True
CONTIG	NODE_56_length_22426_cov_28.612090	22426	correct
2386668	2408739	1	22072	NC_002945.4	NODE_57_length_22072_cov_23.017179	99.99		True
CONTIG	NODE_57_length_22072_cov_23.017179	22072	correct
2140800	2161533	20490	1	NC_002945.4	NODE_58_length_20490_cov_27.610175	98.61		True
CONTIG	NODE_58_length_20490_cov_27.610175	20490	correct
3674358	3692655	1	18298	NC_002945.4	NODE_59_length_19979_cov_24.450735	99.93		True
relocation, inconsistency = 1728
3694384	3696049	18299	19964	NC_002945.4	NODE_59_length_19979_cov_24.450735	99.35		True
CONTIG	NODE_59_length_19979_cov_24.450735	19979	misassembled
1471935	1490747	1	18814	NC_002945.4	NODE_60_length_19148_cov_28.830871	99.98		True
local misassembly
1490961	1491243	18815	19097	NC_002945.4	NODE_60_length_19148_cov_28.830871	98.96		True
CONTIG	NODE_60_length_19148_cov_28.830871	19148	correct
1170557	1189152	1	18596	NC_002945.4	NODE_61_length_18596_cov_34.110726	99.99		True
CONTIG	NODE_61_length_18596_cov_34.110726	18596	correct
3424530	3442410	17881	1	NC_002945.4	NODE_62_length_17917_cov_31.368465	99.99		True
CONTIG	NODE_62_length_17917_cov_31.368465	17917	correct
2774873	2775594	722	1	NC_002945.4	NODE_63_length_17834_cov_30.580448	99.72		True
relocation, inconsistency = 2625073
132718	149793	729	17804	NC_002945.4	NODE_63_length_17834_cov_30.580448	99.92		True
CONTIG	NODE_63_length_17834_cov_30.580448	17834	misassembled
2192685	2210012	17433	106	NC_002945.4	NODE_64_length_17433_cov_31.626026	99.99		True
CONTIG	NODE_64_length_17433_cov_31.626026	17433	correct
3760073	3777386	17316	1	NC_002945.4	NODE_65_length_17397_cov_27.860799	99.94		True
CONTIG	NODE_65_length_17397_cov_27.860799	17397	correct
892165	909508	17344	1	NC_002945.4	NODE_66_length_17344_cov_28.880118	99.99		True
CONTIG	NODE_66_length_17344_cov_28.880118	17344	correct
2776926	2793787	1	16862	NC_002945.4	NODE_67_length_16927_cov_29.337440	100.0		True
CONTIG	NODE_67_length_16927_cov_29.337440	16927	correct
910050	926311	16262	1	NC_002945.4	NODE_68_length_16262_cov_29.174961	99.99		True
CONTIG	NODE_68_length_16262_cov_29.174961	16262	correct
3882811	3883662	3	854	NC_002945.4	NODE_69_length_16083_cov_28.649975	99.31		True
relocation, inconsistency = 950731
2916851	2932079	16083	855	NC_002945.4	NODE_69_length_16083_cov_28.649975	99.97		True
CONTIG	NODE_69_length_16083_cov_28.649975	16083	misassembled
3193724	3209294	1	15492	NC_002945.4	NODE_70_length_15492_cov_30.917280	99.49		True
CONTIG	NODE_70_length_15492_cov_30.917280	15492	correct
609085	624400	15316	1	NC_002945.4	NODE_71_length_15316_cov_25.798670	99.99		True
CONTIG	NODE_71_length_15316_cov_25.798670	15316	correct
2372518	2386761	1	14244	NC_002945.4	NODE_72_length_14244_cov_27.829071	99.98		True
CONTIG	NODE_72_length_14244_cov_27.829071	14244	correct
2409082	2422776	1	13695	NC_002945.4	NODE_73_length_13695_cov_28.037441	99.98		True
CONTIG	NODE_73_length_13695_cov_28.037441	13695	correct
3712180	3724649	12470	1	NC_002945.4	NODE_74_length_12470_cov_15.370898	99.94		True
CONTIG	NODE_74_length_12470_cov_15.370898	12470	correct
364060	375676	11617	1	NC_002945.4	NODE_75_length_11766_cov_22.109803	99.97		True
CONTIG	NODE_75_length_11766_cov_22.109803	11766	correct
2693912	2705190	11406	128	NC_002945.4	NODE_76_length_11406_cov_30.141059	100.0		True
CONTIG	NODE_76_length_11406_cov_30.141059	11406	correct
1854199	1865317	11126	8	NC_002945.4	NODE_77_length_11306_cov_22.974327	99.91		True
CONTIG	NODE_77_length_11306_cov_22.974327	11306	correct
3700309	3711403	11095	1	NC_002945.4	NODE_78_length_11095_cov_17.513220	99.95		True
CONTIG	NODE_78_length_11095_cov_17.513220	11095	correct
4025000	4035773	219	10992	NC_002945.4	NODE_79_length_10992_cov_27.673079	99.99		True
CONTIG	NODE_79_length_10992_cov_27.673079	10992	correct
2933878	2943963	10086	1	NC_002945.4	NODE_80_length_10264_cov_25.560718	99.99		True
CONTIG	NODE_80_length_10264_cov_25.560718	10264	correct
3209311	3219348	10038	1	NC_002945.4	NODE_81_length_10038_cov_29.401877	100.0		True
CONTIG	NODE_81_length_10038_cov_29.401877	10038	correct
4301845	4310370	8526	1	NC_002945.4	NODE_82_length_8657_cov_24.853810	99.98		True
CONTIG	NODE_82_length_8657_cov_24.853810	8657	correct
3219380	3227028	1	7649	NC_002945.4	NODE_83_length_7844_cov_27.794221	100.0		True
CONTIG	NODE_83_length_7844_cov_27.794221	7844	correct
1623861	1631582	7774	53	NC_002945.4	NODE_84_length_7774_cov_26.543089	99.97		True
CONTIG	NODE_84_length_7774_cov_26.543089	7774	correct
2446128	2453582	1	7455	NC_002945.4	NODE_85_length_7510_cov_26.188406	100.0		True
CONTIG	NODE_85_length_7510_cov_26.188406	7510	correct
4294631	4301803	27	7199	NC_002945.4	NODE_86_length_7199_cov_24.979214	99.99		True
CONTIG	NODE_86_length_7199_cov_24.979214	7199	correct
2794077	2799828	295	6046	NC_002945.4	NODE_87_length_6046_cov_25.058625	99.98		True
CONTIG	NODE_87_length_6046_cov_25.058625	6046	correct
3884660	3890001	1	5351	NC_002945.4	NODE_88_length_5351_cov_15.468989	99.79		True
CONTIG	NODE_88_length_5351_cov_15.468989	5351	correct
1987019	1992127	1	5110	NC_002945.4	NODE_89_length_5110_cov_28.669075	99.98		True
CONTIG	NODE_89_length_5110_cov_28.669075	5110	correct
3984850	3985304	127	581	NC_002945.4	NODE_90_length_4759_cov_22.186097	100.0		True
inversion
3980154	3984331	4759	582	NC_002945.4	NODE_90_length_4759_cov_22.186097	100.0		True
CONTIG	NODE_90_length_4759_cov_22.186097	4759	misassembled
1619442	1623823	180	4561	NC_002945.4	NODE_91_length_4561_cov_21.488724	99.98		True
CONTIG	NODE_91_length_4561_cov_21.488724	4561	correct
1214520	1214774	200	454	NC_002945.4	NODE_92_length_4250_cov_17.235508	99.22		True
local misassembly
1214750	1218285	574	4109	NC_002945.4	NODE_92_length_4250_cov_17.235508	99.77		True
CONTIG	NODE_92_length_4250_cov_17.235508	4250	correct
1865258	1869239	35	4016	NC_002945.4	NODE_93_length_4167_cov_14.250248	99.87		True
CONTIG	NODE_93_length_4167_cov_14.250248	4167	correct
1165899	1169900	1	4002	NC_002945.4	NODE_94_length_4002_cov_29.827613	99.98		True
CONTIG	NODE_94_length_4002_cov_29.827613	4002	correct
3695869	3699726	3840	1	NC_002945.4	NODE_95_length_3966_cov_2.713728	99.12		True
CONTIG	NODE_95_length_3966_cov_2.713728	3966	correct
3893594	3895303	1848	139	NC_002945.4	NODE_96_length_3278_cov_15.933672	100.0		True
relocation, inconsistency = 2260302
1631814	1633268	1872	3278	NC_002945.4	NODE_96_length_3278_cov_15.933672	96.63		True
CONTIG	NODE_96_length_3278_cov_15.933672	3278	misassembled
2284620	2287647	1	3028	NC_002945.4	NODE_97_length_3028_cov_20.028611	99.77		True
CONTIG	NODE_97_length_3028_cov_20.028611	3028	correct
1993335	1996177	1	2843	NC_002945.4	NODE_98_length_3012_cov_25.022184	99.89		True
CONTIG	NODE_98_length_3012_cov_25.022184	3012	correct
2290710	2293716	1	3007	NC_002945.4	NODE_99_length_3007_cov_21.563542	100.0		True
CONTIG	NODE_99_length_3007_cov_21.563542	3007	correct
1638385	1638666	288	7	NC_002945.4	NODE_100_length_2815_cov_12.859375	100.0		True
local misassembly
1635657	1638240	2815	289	NC_002945.4	NODE_100_length_2815_cov_12.859375	97.79		True
CONTIG	NODE_100_length_2815_cov_12.859375	2815	correct
928970	930592	1623	1	NC_002945.4	NODE_101_length_2355_cov_5.082585	100.0		True
local misassembly
928391	928975	2355	1762	NC_002945.4	NODE_101_length_2355_cov_5.082585	98.48		True
CONTIG	NODE_101_length_2355_cov_5.082585	2355	correct
2609387	2611609	2223	1	NC_002945.4	NODE_102_length_2223_cov_17.474714	100.0		True
CONTIG	NODE_102_length_2223_cov_17.474714	2223	correct
1092444	1094283	1	1840	NC_002945.4	NODE_103_length_1900_cov_17.205302	99.84		True
CONTIG	NODE_103_length_1900_cov_17.205302	1900	correct
2343886	2345662	87	1863	NC_002945.4	NODE_104_length_1863_cov_19.940668	99.38		True
CONTIG	NODE_104_length_1863_cov_19.940668	1863	correct
674138	674353	143	358	NC_002945.4	NODE_105_length_1751_cov_3.052340	99.11		True
local misassembly
674822	676214	359	1751	NC_002945.4	NODE_105_length_1751_cov_3.052340	100.0		True
CONTIG	NODE_105_length_1751_cov_3.052340	1751	correct
607662	609211	1550	1	NC_002945.4	NODE_106_length_1550_cov_46.506676	99.94		True
CONTIG	NODE_106_length_1550_cov_46.506676	1550	correct
4193589	4195052	1	1464	NC_002945.4	NODE_107_length_1464_cov_62.494390	100.0		True
CONTIG	NODE_107_length_1464_cov_62.494390	1464	correct
1992001	1993461	1	1461	NC_002945.4	NODE_108_length_1461_cov_43.202399	100.0		True
CONTIG	NODE_108_length_1461_cov_43.202399	1461	correct
3443593	3445031	1	1439	NC_002945.4	NODE_109_length_1439_cov_34.303354	100.0		True
CONTIG	NODE_109_length_1439_cov_34.303354	1439	correct
336693	338004	107	1418	NC_002945.4	NODE_110_length_1429_cov_9.566052	99.77		True
CONTIG	NODE_110_length_1429_cov_9.566052	1429	correct
3878985	3880390	1406	1	NC_002945.4	NODE_111_length_1406_cov_2.068022	99.0		True
CONTIG	NODE_111_length_1406_cov_2.068022	1406	correct
334077	335261	1	1185	NC_002945.4	NODE_112_length_1392_cov_7.897233	99.83		True
CONTIG	NODE_112_length_1392_cov_7.897233	1392	correct
2324508	2325715	1390	183	NC_002945.4	NODE_113_length_1390_cov_17.008709	100.0		True
CONTIG	NODE_113_length_1390_cov_17.008709	1390	correct
3081416	3082770	1	1355	NC_002945.4	NODE_114_length_1355_cov_62.187296	100.0		True
CONTIG	NODE_114_length_1355_cov_62.187296	1355	correct
3673145	3674484	1340	1	NC_002945.4	NODE_115_length_1340_cov_58.361913	100.0		True
CONTIG	NODE_115_length_1340_cov_58.361913	1340	correct
3339137	3340461	1325	1	NC_002945.4	NODE_116_length_1325_cov_24.630217	100.0		True
CONTIG	NODE_116_length_1325_cov_24.630217	1325	correct
3835659	3836979	1	1321	NC_002945.4	NODE_117_length_1321_cov_47.448911	99.7		True
CONTIG	NODE_117_length_1321_cov_47.448911	1321	correct
2288581	2289835	1	1255	NC_002945.4	NODE_118_length_1255_cov_23.357270	100.0		True
CONTIG	NODE_118_length_1255_cov_23.357270	1255	correct
2287521	2288707	1	1187	NC_002945.4	NODE_119_length_1187_cov_19.482075	100.0		True
CONTIG	NODE_119_length_1187_cov_19.482075	1187	correct
2283619	2284746	1	1128	NC_002945.4	NODE_120_length_1128_cov_47.563437	99.91		True
CONTIG	NODE_120_length_1128_cov_47.563437	1128	correct
839748	840851	1104	1	NC_002945.4	NODE_121_length_1105_cov_8.257669	99.73		True
CONTIG	NODE_121_length_1105_cov_8.257669	1105	correct
1340970	1342059	1	1090	NC_002945.4	NODE_122_length_1090_cov_20.084112	99.91		True
CONTIG	NODE_122_length_1090_cov_20.084112	1090	correct
3711277	3712306	1030	1	NC_002945.4	NODE_123_length_1030_cov_63.316722	100.0		True
CONTIG	NODE_123_length_1030_cov_63.316722	1030	correct
1165044	1166025	1	982	NC_002945.4	NODE_124_length_982_cov_60.063158	100.0		True
CONTIG	NODE_124_length_982_cov_60.063158	982	correct
3882139	3882433	413	119	NC_002945.4	NODE_125_length_945_cov_1.014670	99.32		True
local misassembly
3881775	3882155	945	565	NC_002945.4	NODE_125_length_945_cov_1.014670	98.95		True
CONTIG	NODE_125_length_945_cov_1.014670	945	correct
3442285	3443193	909	1	NC_002945.4	NODE_126_length_909_cov_169.740409	100.0		True
CONTIG	NODE_126_length_909_cov_169.740409	909	correct
3341521	3342410	1	890	NC_002945.4	NODE_127_length_890_cov_16.530799	100.0		True
CONTIG	NODE_127_length_890_cov_16.530799	890	correct
335765	336251	716	230	NC_002945.4	NODE_128_length_868_cov_3.024291	100.0		True
CONTIG	NODE_128_length_868_cov_3.024291	868	correct
1278286	1279129	1	844	NC_002945.4	NODE_129_length_844_cov_51.499303	100.0		True
CONTIG	NODE_129_length_844_cov_51.499303	844	correct
1633374	1634215	1	842	NC_002945.4	NODE_130_length_842_cov_3.086713	99.29		True
CONTIG	NODE_130_length_842_cov_3.086713	842	correct
3444905	3445699	1	795	NC_002945.4	NODE_131_length_795_cov_69.270958	100.0		True
CONTIG	NODE_131_length_795_cov_69.270958	795	correct
CONTIG	NODE_132_length_778_cov_1.006144	778	unaligned
2693295	2694038	1	744	NC_002945.4	NODE_133_length_744_cov_51.400324	100.0		True
CONTIG	NODE_133_length_744_cov_51.400324	744	correct
1189367	1189775	530	122	NC_002945.4	NODE_134_length_733_cov_0.575908	97.8		True
CONTIG	NODE_134_length_733_cov_0.575908	733	correct
3884045	3884786	1	724	NC_002945.4	NODE_135_length_724_cov_10.720268	97.44		True
CONTIG	NODE_135_length_724_cov_10.720268	724	correct
2774318	2774773	563	108	NC_002945.4	NODE_136_length_704_cov_2.632582	99.34		True
CONTIG	NODE_136_length_704_cov_2.632582	704	correct
338181	338749	1	569	NC_002945.4	NODE_137_length_695_cov_2.630282	100.0		True
CONTIG	NODE_137_length_695_cov_2.630282	695	correct
673467	673985	643	125	NC_002945.4	NODE_138_length_653_cov_1.047529	98.27		True
CONTIG	NODE_138_length_653_cov_1.047529	653	correct
3340552	3341186	635	1	NC_002945.4	NODE_139_length_635_cov_15.153543	100.0		True
CONTIG	NODE_139_length_635_cov_15.153543	635	correct
1342064	1342697	634	1	NC_002945.4	NODE_140_length_634_cov_38.917160	100.0		True
CONTIG	NODE_140_length_634_cov_38.917160	634	correct
1996500	1996977	1	478	NC_002945.4	NODE_141_length_634_cov_1.875740	98.54		True
CONTIG	NODE_141_length_634_cov_1.875740	634	correct
3338676	3339263	588	1	NC_002945.4	NODE_142_length_588_cov_36.034707	100.0		True
CONTIG	NODE_142_length_588_cov_36.034707	588	correct
4294078	4294558	481	1	NC_002945.4	NODE_143_length_550_cov_2.581560	100.0		True
CONTIG	NODE_143_length_550_cov_2.581560	550	correct
CONTIG	NODE_144_length_542_cov_1.453012	542	unaligned
1213996	1214359	505	142	NC_002945.4	NODE_145_length_536_cov_0.611247	95.88		True
CONTIG	NODE_145_length_536_cov_0.611247	536	correct
CONTIG	NODE_146_length_530_cov_1.022333	530	unaligned
CONTIG	NODE_147_length_526_cov_1.045113	526	unaligned
1189123	1189356	176	409	NC_002945.4	NODE_148_length_526_cov_0.619048	96.15		True
CONTIG	NODE_148_length_526_cov_0.619048	526	correct
1985820	1986322	1	503	NC_002945.4	NODE_149_length_503_cov_1.332447	100.0		True
CONTIG	NODE_149_length_503_cov_1.332447	503	correct
