S1	E1	S2	E2	Reference	Contig	IDY	Ambiguous	Best_group
2453623	2665692	212197	76	NC_002945.4	NODE_1_length_212197_cov_42.081115	99.96		True
CONTIG	NODE_1_length_212197_cov_42.081115	212197	correct
411434	607788	1	196086	NC_002945.4	NODE_2_length_196086_cov_41.687562	99.85		True
CONTIG	NODE_2_length_196086_cov_41.687562	196086	correct
3490524	3673271	182640	1	NC_002945.4	NODE_3_length_182640_cov_42.905755	99.92		True
CONTIG	NODE_3_length_182640_cov_42.905755	182640	correct
676569	824045	1	147478	NC_002945.4	NODE_4_length_160965_cov_42.856035	99.99		True
local misassembly
824601	837997	147479	160875	NC_002945.4	NODE_4_length_160965_cov_42.856035	99.97		True
CONTIG	NODE_4_length_160965_cov_42.856035	160965	correct
150170	306660	156627	164	NC_002945.4	NODE_5_length_157766_cov_41.133711	99.97		True
CONTIG	NODE_5_length_157766_cov_41.133711	157766	correct
4036015	4193715	157586	1	NC_002945.4	NODE_6_length_157650_cov_41.539997	99.92		True
CONTIG	NODE_6_length_157650_cov_41.539997	157650	correct
30083	103918	73849	1	NC_002945.4	NODE_7_length_142790_cov_42.393494	99.96		True
local misassembly
1	29469	103319	73851	NC_002945.4	NODE_7_length_142790_cov_42.393494	99.99		True
fake: not a misassembly [linear representation of circular genome]
4310433	4349904	142790	103320	NC_002945.4	NODE_7_length_142790_cov_42.393494	99.99		True
CONTIG	NODE_7_length_142790_cov_42.393494	142790	correct
1638902	1769053	850	131000	NC_002945.4	NODE_8_length_131092_cov_43.641026	99.99		True
CONTIG	NODE_8_length_131092_cov_43.641026	131092	correct
970273	1009472	175	39373	NC_002945.4	NODE_9_length_119983_cov_42.193816	99.98		True
relocation, inconsistency = 1457
1010930	1091367	39374	119814	NC_002945.4	NODE_9_length_119983_cov_42.193816	99.99		True
CONTIG	NODE_9_length_119983_cov_42.193816	119983	misassembled
3297493	3338080	40757	1	NC_002945.4	NODE_10_length_118949_cov_42.121072	99.81		True
indel: stretch of mismatches
3219373	3297478	118934	40772	NC_002945.4	NODE_10_length_118949_cov_42.121072	99.92		True
CONTIG	NODE_10_length_118949_cov_42.121072	118949	correct
3015740	3124577	1	108202	NC_002945.4	NODE_11_length_108202_cov_42.731298	99.2		True
CONTIG	NODE_11_length_108202_cov_42.731298	108202	correct
3343594	3442410	98885	1	NC_002945.4	NODE_12_length_98885_cov_43.395553	99.92		True
CONTIG	NODE_12_length_98885_cov_43.395553	98885	correct
1885213	1971848	1	86638	NC_002945.4	NODE_13_length_86826_cov_42.387006	99.98		True
CONTIG	NODE_13_length_86826_cov_42.387006	86826	correct
2083596	2140721	57173	48	NC_002945.4	NODE_14_length_83928_cov_41.676090	99.99		True
local misassembly
2056988	2083604	83928	57312	NC_002945.4	NODE_14_length_83928_cov_41.676090	99.98		True
CONTIG	NODE_14_length_83928_cov_41.676090	83928	correct
1386940	1470724	83728	1	NC_002945.4	NODE_15_length_83831_cov_43.446801	99.92		True
CONTIG	NODE_15_length_83831_cov_43.446801	83831	correct
3897308	3979424	82300	193	NC_002945.4	NODE_16_length_82317_cov_41.946599	99.95		True
CONTIG	NODE_16_length_82317_cov_41.946599	82317	correct
3881827	3882155	1	329	NC_002945.4	NODE_17_length_82100_cov_40.598758	100.0		True
local misassembly
3882139	3883662	481	2052	NC_002945.4	NODE_17_length_82100_cov_40.598758	96.99		True
relocation, inconsistency = 950059
2852192	2932079	81940	2053	NC_002945.4	NODE_17_length_82100_cov_40.598758	99.98		True
CONTIG	NODE_17_length_82100_cov_40.598758	82100	misassembled
1491972	1573261	81471	182	NC_002945.4	NODE_18_length_81572_cov_44.464105	99.93		True
CONTIG	NODE_18_length_81572_cov_44.464105	81572	correct
2693912	2773105	1	79193	NC_002945.4	NODE_19_length_79240_cov_41.808830	99.99		True
CONTIG	NODE_19_length_79240_cov_41.808830	79240	correct
1779460	1853816	74364	8	NC_002945.4	NODE_20_length_74364_cov_41.408300	99.99		True
CONTIG	NODE_20_length_74364_cov_41.408300	74364	correct
1096461	1165170	68656	1	NC_002945.4	NODE_21_length_70601_cov_40.280926	99.82		True
relocation, inconsistency = 2041
1092547	1094419	70529	68657	NC_002945.4	NODE_21_length_70601_cov_40.280926	99.92		True
CONTIG	NODE_21_length_70601_cov_40.280926	70601	misassembled
3124615	3193870	69202	1	NC_002945.4	NODE_22_length_69210_cov_41.231012	99.89		True
CONTIG	NODE_22_length_69210_cov_41.231012	69210	correct
4194926	4259153	64228	1	NC_002945.4	NODE_23_length_64228_cov_43.153633	99.99		True
CONTIG	NODE_23_length_64228_cov_43.153633	64228	correct
1280097	1343223	1	63190	NC_002945.4	NODE_24_length_63190_cov_46.601573	99.89		True
CONTIG	NODE_24_length_63190_cov_46.601573	63190	correct
1574019	1633298	1	59215	NC_002945.4	NODE_25_length_59298_cov_37.705329	99.87		True
CONTIG	NODE_25_length_59298_cov_37.705329	59298	correct
1219446	1278412	58967	1	NC_002945.4	NODE_26_length_58989_cov_40.588206	99.98		True
CONTIG	NODE_26_length_58989_cov_40.588206	58989	correct
2957039	3015682	1	58744	NC_002945.4	NODE_27_length_58744_cov_41.468465	99.9		True
CONTIG	NODE_27_length_58744_cov_41.468465	58744	correct
3777400	3830690	53326	36	NC_002945.4	NODE_28_length_53326_cov_40.713679	99.99		True
CONTIG	NODE_28_length_53326_cov_40.713679	53326	correct
2801012	2852054	51043	1	NC_002945.4	NODE_29_length_51043_cov_42.512255	99.99		True
CONTIG	NODE_29_length_51043_cov_42.512255	51043	correct
4000854	4035744	34970	80	NC_002945.4	NODE_30_length_50997_cov_41.467663	99.98		True
fake: scaffold gap size wrong estimation (local)
3984842	4000631	50860	35071	NC_002945.4	NODE_30_length_50997_cov_41.467663	99.99		True
CONTIG	NODE_30_length_50997_cov_41.467663	50997	correct
842559	891078	48520	1	NC_002945.4	NODE_31_length_48520_cov_40.972806	99.99		True
CONTIG	NODE_31_length_48520_cov_40.972806	48520	correct
625458	673391	11	47911	NC_002945.4	NODE_32_length_47936_cov_41.191261	99.91		True
CONTIG	NODE_32_length_47936_cov_41.191261	47936	correct
2210174	2246060	35901	15	NC_002945.4	NODE_33_length_45994_cov_46.027056	100.0		True
relocation, inconsistency = 687810
2933871	2943963	35902	45994	NC_002945.4	NODE_33_length_45994_cov_46.027056	99.99		True
CONTIG	NODE_33_length_45994_cov_46.027056	45994	misassembled
3445573	3490468	44896	1	NC_002945.4	NODE_34_length_44896_cov_43.148205	99.98		True
CONTIG	NODE_34_length_44896_cov_43.148205	44896	correct
1997086	2040902	145	43961	NC_002945.4	NODE_35_length_44017_cov_41.385213	99.98		True
CONTIG	NODE_35_length_44017_cov_41.385213	44017	correct
3836888	3877683	1	40797	NC_002945.4	NODE_36_length_42957_cov_40.402615	99.93		True
local misassembly
3878311	3880393	40798	42880	NC_002945.4	NODE_36_length_42957_cov_40.402615	99.95		True
CONTIG	NODE_36_length_42957_cov_40.402615	42957	correct
1343879	1386644	1	42771	NC_002945.4	NODE_37_length_42937_cov_39.569937	99.99		True
CONTIG	NODE_37_length_42937_cov_39.569937	42937	correct
930668	970091	39544	1	NC_002945.4	NODE_38_length_39562_cov_40.531710	99.68		True
CONTIG	NODE_38_length_39562_cov_40.531710	39562	correct
2246118	2283745	49	37678	NC_002945.4	NODE_39_length_37678_cov_46.597241	99.95		True
CONTIG	NODE_39_length_37678_cov_46.597241	37678	correct
363870	401308	37439	1	NC_002945.4	NODE_40_length_37453_cov_39.649413	99.99		True
CONTIG	NODE_40_length_37453_cov_39.649413	37453	correct
3724931	3737454	108	12631	NC_002945.4	NODE_41_length_33827_cov_41.257596	99.98		True
local misassembly
3737665	3758860	12632	33827	NC_002945.4	NODE_41_length_33827_cov_41.257596	100.0		True
CONTIG	NODE_41_length_33827_cov_41.257596	33827	correct
1171083	1189860	1	18778	NC_002945.4	NODE_42_length_33439_cov_40.796049	99.99		True
local misassembly
1190092	1204641	18779	33328	NC_002945.4	NODE_42_length_33439_cov_40.796049	99.97		True
CONTIG	NODE_42_length_33439_cov_40.796049	33439	correct
2161798	2192094	1	30298	NC_002945.4	NODE_43_length_30298_cov_42.094163	99.99		True
CONTIG	NODE_43_length_30298_cov_42.094163	30298	correct
2343986	2371678	27693	1	NC_002945.4	NODE_44_length_29991_cov_39.686278	99.99		True
relocation, inconsistency = 706082
1635657	1637903	29991	27694	NC_002945.4	NODE_44_length_29991_cov_39.686278	97.75		True
CONTIG	NODE_44_length_29991_cov_39.686278	29991	misassembled
2294650	2324497	29848	1	NC_002945.4	NODE_45_length_29848_cov_38.111672	99.99		True
CONTIG	NODE_45_length_29848_cov_38.111672	29848	correct
105040	132643	1	27604	NC_002945.4	NODE_46_length_27604_cov_39.965899	99.97		True
CONTIG	NODE_46_length_27604_cov_39.965899	27604	correct
2665941	2693421	27480	1	NC_002945.4	NODE_47_length_27551_cov_41.723053	99.98		True
CONTIG	NODE_47_length_27551_cov_41.723053	27551	correct
306766	333374	62	26565	NC_002945.4	NODE_48_length_26666_cov_40.848148	99.59		True
CONTIG	NODE_48_length_26666_cov_40.848148	26666	correct
338173	363604	146	25490	NC_002945.4	NODE_49_length_25719_cov_36.736285	99.62		True
CONTIG	NODE_49_length_25719_cov_36.736285	25719	correct
2776970	2799828	22859	1	NC_002945.4	NODE_50_length_22911_cov_42.610121	100.0		True
CONTIG	NODE_50_length_22911_cov_42.610121	22911	correct
2386668	2408619	1	21952	NC_002945.4	NODE_51_length_21952_cov_33.399817	100.0		True
CONTIG	NODE_51_length_21952_cov_33.399817	21952	correct
3674358	3695973	1	21616	NC_002945.4	NODE_52_length_21766_cov_33.742363	100.0		True
CONTIG	NODE_52_length_21766_cov_33.742363	21766	correct
4259930	4281673	21742	1	NC_002945.4	NODE_53_length_21742_cov_41.769049	99.98		True
CONTIG	NODE_53_length_21742_cov_41.769049	21742	correct
2423267	2444953	21687	1	NC_002945.4	NODE_54_length_21687_cov_41.459508	99.99		True
CONTIG	NODE_54_length_21687_cov_41.459508	21687	correct
1471935	1490747	1	18814	NC_002945.4	NODE_55_length_19315_cov_43.350010	99.98		True
local misassembly
1490961	1491406	18815	19260	NC_002945.4	NODE_55_length_19315_cov_43.350010	99.78		True
CONTIG	NODE_55_length_19315_cov_43.350010	19315	correct
3759735	3777383	17651	1	NC_002945.4	NODE_56_length_17683_cov_40.685407	99.94		True
CONTIG	NODE_56_length_17683_cov_40.685407	17683	correct
1491510	1491849	1	340	NC_002945.4	NODE_57_length_17641_cov_45.473678	100.0		True
relocation, inconsistency = 1341547
132662	149962	17641	341	NC_002945.4	NODE_57_length_17641_cov_45.473678	99.97		True
CONTIG	NODE_57_length_17641_cov_45.473678	17641	misassembled
2140801	2158365	28	17592	NC_002945.4	NODE_58_length_17592_cov_39.836187	99.97		True
CONTIG	NODE_58_length_17592_cov_39.836187	17592	correct
2326337	2343798	17462	1	NC_002945.4	NODE_59_length_17462_cov_35.635881	99.99		True
CONTIG	NODE_59_length_17462_cov_35.635881	17462	correct
2192685	2209982	1	17298	NC_002945.4	NODE_60_length_17426_cov_46.083993	99.99		True
CONTIG	NODE_60_length_17426_cov_46.083993	17426	correct
892165	909508	1	17344	NC_002945.4	NODE_61_length_17344_cov_44.158158	99.99		True
CONTIG	NODE_61_length_17344_cov_44.158158	17344	correct
910050	926185	16236	101	NC_002945.4	NODE_62_length_16236_cov_41.619405	99.99		True
CONTIG	NODE_62_length_16236_cov_41.619405	16236	correct
1869467	1885284	231	16048	NC_002945.4	NODE_63_length_16048_cov_33.193204	99.99		True
CONTIG	NODE_63_length_16048_cov_33.193204	16048	correct
1853860	1869317	209	15666	NC_002945.4	NODE_64_length_15841_cov_29.529655	99.95		True
CONTIG	NODE_64_length_15841_cov_29.529655	15841	correct
609085	624436	15714	363	NC_002945.4	NODE_65_length_15714_cov_37.499775	99.98		True
CONTIG	NODE_65_length_15714_cov_37.499775	15714	correct
3193780	3209294	15615	1	NC_002945.4	NODE_66_length_15615_cov_44.527957	100.0		True
CONTIG	NODE_66_length_15615_cov_44.527957	15615	correct
2041025	2056521	1	15497	NC_002945.4	NODE_67_length_15497_cov_38.968966	99.97		True
CONTIG	NODE_67_length_15497_cov_38.968966	15497	correct
2372417	2386761	1	14345	NC_002945.4	NODE_68_length_14345_cov_42.603109	99.98		True
CONTIG	NODE_68_length_14345_cov_42.603109	14345	correct
2409215	2422776	282	13843	NC_002945.4	NODE_69_length_13843_cov_37.048411	99.98		True
CONTIG	NODE_69_length_13843_cov_37.048411	13843	correct
1972137	1985664	13484	68	NC_002945.4	NODE_70_length_13618_cov_40.581944	99.13		True
CONTIG	NODE_70_length_13618_cov_40.581944	13618	correct
3712180	3724824	1	12645	NC_002945.4	NODE_71_length_12645_cov_22.957102	99.94		True
CONTIG	NODE_71_length_12645_cov_22.957102	12645	correct
2944619	2957076	1	12458	NC_002945.4	NODE_72_length_12458_cov_39.664910	99.98		True
CONTIG	NODE_72_length_12458_cov_39.664910	12458	correct
4281679	4293897	1	12219	NC_002945.4	NODE_73_length_12408_cov_39.959042	99.99		True
CONTIG	NODE_73_length_12408_cov_39.959042	12408	correct
3700324	3711403	11080	1	NC_002945.4	NODE_74_length_11080_cov_24.271615	100.0		True
CONTIG	NODE_74_length_11080_cov_24.271615	11080	correct
3209316	3219338	18	10040	NC_002945.4	NODE_75_length_10040_cov_39.853526	100.0		True
CONTIG	NODE_75_length_10040_cov_39.853526	10040	correct
1204727	1213930	1	9129	NC_002945.4	NODE_76_length_9135_cov_36.221026	99.15		True
CONTIG	NODE_76_length_9135_cov_36.221026	9135	correct
402605	411437	8854	22	NC_002945.4	NODE_77_length_8854_cov_35.914977	99.99		True
CONTIG	NODE_77_length_8854_cov_35.914977	8854	correct
2444936	2453623	8688	1	NC_002945.4	NODE_78_length_8688_cov_39.158159	100.0		True
CONTIG	NODE_78_length_8688_cov_39.158159	8688	correct
3890969	3893244	2450	175	NC_002945.4	NODE_79_length_8078_cov_15.646460	99.78		True
local misassembly
3884660	3890278	8078	2451	NC_002945.4	NODE_79_length_8078_cov_15.646460	99.79		True
CONTIG	NODE_79_length_8078_cov_15.646460	8078	correct
4294123	4301860	60	7797	NC_002945.4	NODE_80_length_7797_cov_32.578488	99.99		True
CONTIG	NODE_80_length_7797_cov_32.578488	7797	correct
4301905	4309378	7477	4	NC_002945.4	NODE_81_length_7571_cov_38.914831	99.99		True
CONTIG	NODE_81_length_7571_cov_38.914831	7571	correct
1987180	1992127	4949	1	NC_002945.4	NODE_82_length_5099_cov_37.290628	99.96		True
CONTIG	NODE_82_length_5099_cov_37.290628	5099	correct
3830727	3835785	5059	1	NC_002945.4	NODE_83_length_5059_cov_46.348135	100.0		True
CONTIG	NODE_83_length_5059_cov_46.348135	5059	correct
3980090	3984522	4600	168	NC_002945.4	NODE_84_length_4600_cov_32.114241	100.0		True
CONTIG	NODE_84_length_4600_cov_32.114241	4600	correct
1214523	1214774	151	402	NC_002945.4	NODE_85_length_4181_cov_25.272817	99.21		True
local misassembly
1214750	1218292	522	4064	NC_002945.4	NODE_85_length_4181_cov_25.272817	100.0		True
CONTIG	NODE_85_length_4181_cov_25.272817	4181	correct
1165899	1169900	1	4002	NC_002945.4	NODE_86_length_4002_cov_45.547613	99.98		True
CONTIG	NODE_86_length_4002_cov_45.547613	4002	correct
1993335	1996961	1	3627	NC_002945.4	NODE_87_length_3714_cov_29.512685	99.97		True
CONTIG	NODE_87_length_3714_cov_29.512685	3714	correct
2284620	2287647	3028	1	NC_002945.4	NODE_88_length_3028_cov_29.956911	99.77		True
CONTIG	NODE_88_length_3028_cov_29.956911	3028	correct
2290710	2293716	1	3007	NC_002945.4	NODE_89_length_3007_cov_28.378819	100.0		True
CONTIG	NODE_89_length_3007_cov_28.378819	3007	correct
2158341	2158913	1	573	NC_002945.4	NODE_90_length_2949_cov_37.389086	100.0		True
fake: scaffold gap size wrong estimation (local)
2158914	2160444	605	2135	NC_002945.4	NODE_90_length_2949_cov_37.389086	95.49		True
CONTIG	NODE_90_length_2949_cov_37.389086	2949	correct
928970	930507	1675	138	NC_002945.4	NODE_91_length_2861_cov_8.069861	100.0		True
local misassembly
928336	928975	2462	1814	NC_002945.4	NODE_91_length_2861_cov_8.069861	98.61		True
relocation, inconsistency = 86366
841691	841969	2741	2463	NC_002945.4	NODE_91_length_2861_cov_8.069861	98.1		True
CONTIG	NODE_91_length_2861_cov_8.069861	2861	misassembled
3695932	3698239	115	2404	NC_002945.4	NODE_92_length_2600_cov_5.290740	99.05		True
CONTIG	NODE_92_length_2600_cov_5.290740	2600	correct
3698318	3700295	2007	30	NC_002945.4	NODE_93_length_2161_cov_5.352999	99.9		True
CONTIG	NODE_93_length_2161_cov_5.352999	2161	correct
674749	676297	1683	135	NC_002945.4	NODE_94_length_1852_cov_5.450435	99.94		True
CONTIG	NODE_94_length_1852_cov_5.450435	1852	correct
401182	402731	1550	1	NC_002945.4	NODE_95_length_1550_cov_69.788475	99.87		True
CONTIG	NODE_95_length_1550_cov_69.788475	1550	correct
334077	335618	1542	1	NC_002945.4	NODE_96_length_1542_cov_9.303180	99.61		True
CONTIG	NODE_96_length_1542_cov_9.303180	1542	correct
336693	338078	1386	1	NC_002945.4	NODE_97_length_1523_cov_14.887536	100.0		True
CONTIG	NODE_97_length_1523_cov_14.887536	1523	correct
4193589	4195052	1464	1	NC_002945.4	NODE_98_length_1464_cov_95.519073	100.0		True
CONTIG	NODE_98_length_1464_cov_95.519073	1464	correct
3443593	3445031	1439	1	NC_002945.4	NODE_99_length_1439_cov_53.801829	100.0		True
CONTIG	NODE_99_length_1439_cov_53.801829	1439	correct
1094890	1096303	1425	12	NC_002945.4	NODE_100_length_1425_cov_33.221109	100.0		True
CONTIG	NODE_100_length_1425_cov_33.221109	1425	correct
673552	674723	161	1332	NC_002945.4	NODE_101_length_1352_cov_2.545306	99.83		True
CONTIG	NODE_101_length_1352_cov_2.545306	1352	correct
2324620	2325805	122	1307	NC_002945.4	NODE_102_length_1347_cov_25.309836	100.0		True
CONTIG	NODE_102_length_1347_cov_25.309836	1347	correct
3673145	3674484	1340	1	NC_002945.4	NODE_103_length_1340_cov_73.348722	100.0		True
CONTIG	NODE_103_length_1340_cov_73.348722	1340	correct
3339137	3340461	1325	1	NC_002945.4	NODE_104_length_1325_cov_35.580134	100.0		True
CONTIG	NODE_104_length_1325_cov_35.580134	1325	correct
3835659	3836979	1	1321	NC_002945.4	NODE_105_length_1321_cov_83.432998	99.77		True
CONTIG	NODE_105_length_1321_cov_83.432998	1321	correct
839545	840802	1258	1	NC_002945.4	NODE_106_length_1300_cov_13.996590	99.68		True
CONTIG	NODE_106_length_1300_cov_13.996590	1300	correct
2288581	2289835	1255	1	NC_002945.4	NODE_107_length_1255_cov_42.079787	100.0		True
CONTIG	NODE_107_length_1255_cov_42.079787	1255	correct
2287521	2288707	1187	1	NC_002945.4	NODE_108_length_1187_cov_29.415094	100.0		True
CONTIG	NODE_108_length_1187_cov_29.415094	1187	correct
2283619	2284746	1	1128	NC_002945.4	NODE_109_length_1128_cov_73.296703	99.91		True
CONTIG	NODE_109_length_1128_cov_73.296703	1128	correct
3711277	3712306	1030	1	NC_002945.4	NODE_110_length_1030_cov_86.971207	100.0		True
CONTIG	NODE_110_length_1030_cov_86.971207	1030	correct
1165044	1166025	982	1	NC_002945.4	NODE_111_length_982_cov_76.024561	99.9		True
CONTIG	NODE_111_length_982_cov_76.024561	982	correct
4309405	4310364	960	1	NC_002945.4	NODE_112_length_960_cov_26.565426	100.0		True
CONTIG	NODE_112_length_960_cov_26.565426	960	correct
1169775	1170683	909	1	NC_002945.4	NODE_113_length_909_cov_274.191816	100.0		True
CONTIG	NODE_113_length_909_cov_274.191816	909	correct
3341521	3342410	1	890	NC_002945.4	NODE_114_length_890_cov_30.453473	100.0		True
CONTIG	NODE_114_length_890_cov_30.453473	890	correct
3894591	3895311	859	139	NC_002945.4	NODE_115_length_859_cov_38.950820	100.0		True
CONTIG	NODE_115_length_859_cov_38.950820	859	correct
2191968	2192811	1	844	NC_002945.4	NODE_116_length_844_cov_78.486750	100.0		True
CONTIG	NODE_116_length_844_cov_78.486750	844	correct
1573273	1573940	164	832	NC_002945.4	NODE_117_length_834_cov_0.882603	99.55		True
CONTIG	NODE_117_length_834_cov_0.882603	834	correct
3444905	3445699	795	1	NC_002945.4	NODE_118_length_795_cov_89.023952	100.0		True
CONTIG	NODE_118_length_795_cov_89.023952	795	correct
335765	336398	634	1	NC_002945.4	NODE_119_length_756_cov_9.588235	100.0		True
CONTIG	NODE_119_length_756_cov_9.588235	756	correct
2693295	2694038	1	744	NC_002945.4	NODE_120_length_744_cov_68.380875	100.0		True
CONTIG	NODE_120_length_744_cov_68.380875	744	correct
3884045	3884786	1	724	NC_002945.4	NODE_121_length_724_cov_14.040201	97.44		True
CONTIG	NODE_121_length_724_cov_14.040201	724	correct
3340552	3341186	1	635	NC_002945.4	NODE_122_length_635_cov_30.919291	100.0		True
CONTIG	NODE_122_length_635_cov_30.919291	635	correct
3338171	3338802	632	1	NC_002945.4	NODE_123_length_632_cov_34.005941	99.84		True
CONTIG	NODE_123_length_632_cov_34.005941	632	correct
3880498	3881088	591	1	NC_002945.4	NODE_124_length_591_cov_19.237069	100.0		True
CONTIG	NODE_124_length_591_cov_19.237069	591	correct
3338676	3339263	1	588	NC_002945.4	NODE_125_length_588_cov_56.577007	100.0		True
CONTIG	NODE_125_length_588_cov_56.577007	588	correct
1634913	1635045	133	1	NC_002945.4	NODE_126_length_534_cov_1.248157	100.0		True
indel: indel (> 5bp)
1634642	1634885	377	134	NC_002945.4	NODE_126_length_534_cov_1.248157	99.59		True
CONTIG	NODE_126_length_534_cov_1.248157	534	correct
1091566	1091753	169	356	NC_002945.4	NODE_127_length_507_cov_0.923684	98.94		True
CONTIG	NODE_127_length_507_cov_0.923684	507	correct
