S1	E1	S2	E2	Reference	Contig	IDY	Ambiguous	Best_group
2957039	3015607	1	58516	NC_002945.4	NODE_1_length_235873_cov_47.313978	99.9		True
local misassembly
3015824	3193870	58517	235873	NC_002945.4	NODE_1_length_235873_cov_47.313978	99.48		True
CONTIG	NODE_1_length_235873_cov_47.313978	235873	correct
2453622	2665760	1	212191	NC_002945.4	NODE_2_length_212202_cov_47.179521	99.96		True
CONTIG	NODE_2_length_212202_cov_47.179521	212202	correct
402605	607788	1	204915	NC_002945.4	NODE_3_length_204915_cov_46.200979	99.86		True
CONTIG	NODE_3_length_204915_cov_46.200979	204915	correct
3488378	3673271	184786	1	NC_002945.4	NODE_4_length_184786_cov_47.745255	99.92		True
CONTIG	NODE_4_length_184786_cov_47.745255	184786	correct
824601	838024	13566	143	NC_002945.4	NODE_5_length_160988_cov_46.954178	99.98		True
local misassembly
676625	824045	160988	13567	NC_002945.4	NODE_5_length_160988_cov_46.954178	99.99		True
CONTIG	NODE_5_length_160988_cov_46.954178	160988	correct
930629	970108	209	39928	NC_002945.4	NODE_6_length_160267_cov_47.357050	99.37		True
local misassembly
970322	1009472	39929	79078	NC_002945.4	NODE_6_length_160267_cov_47.357050	99.98		True
relocation, inconsistency = 1457
1010930	1091822	79079	159974	NC_002945.4	NODE_6_length_160267_cov_47.357050	99.97		True
CONTIG	NODE_6_length_160267_cov_47.357050	160267	misassembled
4035929	4193715	157672	1	NC_002945.4	NODE_7_length_157690_cov_47.347848	99.92		True
CONTIG	NODE_7_length_157690_cov_47.347848	157690	correct
150052	306694	1	156616	NC_002945.4	NODE_8_length_156616_cov_47.052585	99.97		True
CONTIG	NODE_8_length_156616_cov_47.052585	156616	correct
30083	103918	73849	1	NC_002945.4	NODE_9_length_142785_cov_48.162823	99.96		True
local misassembly
1	29469	103319	73851	NC_002945.4	NODE_9_length_142785_cov_48.162823	99.99		True
fake: not a misassembly [linear representation of circular genome]
4310451	4349904	142772	103320	NC_002945.4	NODE_9_length_142785_cov_48.162823	99.99		True
CONTIG	NODE_9_length_142785_cov_48.162823	142785	correct
1853832	1985149	130885	1	NC_002945.4	NODE_10_length_130885_cov_45.460974	99.66		True
CONTIG	NODE_10_length_130885_cov_45.460974	130885	correct
1638838	1769053	1	130215	NC_002945.4	NODE_11_length_130307_cov_49.357674	99.99		True
CONTIG	NODE_11_length_130307_cov_49.357674	130307	correct
3219482	3338802	145	119691	NC_002945.4	NODE_12_length_119691_cov_46.693545	99.88		True
CONTIG	NODE_12_length_119691_cov_46.693545	119691	correct
3343594	3442410	98885	1	NC_002945.4	NODE_13_length_98885_cov_48.006389	99.92		True
CONTIG	NODE_13_length_98885_cov_48.006389	98885	correct
2083596	2139736	56141	1	NC_002945.4	NODE_14_length_83408_cov_48.378574	99.99		True
local misassembly
2057111	2083604	82773	56280	NC_002945.4	NODE_14_length_83408_cov_48.378574	99.98		True
relocation, inconsistency = 1128135
928353	928975	82774	83405	NC_002945.4	NODE_14_length_83408_cov_48.378574	98.61		True
CONTIG	NODE_14_length_83408_cov_48.378574	83408	misassembled
1491979	1573842	81864	1	NC_002945.4	NODE_15_length_82340_cov_48.738545	99.93		True
CONTIG	NODE_15_length_82340_cov_48.738545	82340	correct
3898832	3979606	80775	1	NC_002945.4	NODE_16_length_80775_cov_47.035909	99.99		True
CONTIG	NODE_16_length_80775_cov_47.035909	80775	correct
2693912	2773057	1	79145	NC_002945.4	NODE_17_length_79274_cov_46.163102	99.99		True
CONTIG	NODE_17_length_79274_cov_46.163102	79274	correct
1779460	1853485	1	74026	NC_002945.4	NODE_18_length_74148_cov_47.699329	99.99		True
CONTIG	NODE_18_length_74148_cov_47.699329	74148	correct
1096985	1165170	1	68175	NC_002945.4	NODE_19_length_68175_cov_47.031875	99.97		True
CONTIG	NODE_19_length_68175_cov_47.031875	68175	correct
1387473	1417336	29864	1	NC_002945.4	NODE_20_length_65890_cov_49.421635	99.98		True
relocation, inconsistency = 792725
2210062	2246087	29865	65890	NC_002945.4	NODE_20_length_65890_cov_49.421635	99.99		True
CONTIG	NODE_20_length_65890_cov_49.421635	65890	misassembled
2852105	2916393	24	64311	NC_002945.4	NODE_21_length_64311_cov_46.088979	99.98		True
CONTIG	NODE_21_length_64311_cov_46.088979	64311	correct
4194926	4259153	64228	1	NC_002945.4	NODE_22_length_64228_cov_49.787554	99.99		True
CONTIG	NODE_22_length_64228_cov_49.787554	64228	correct
1280097	1343223	63189	1	NC_002945.4	NODE_23_length_63189_cov_50.277219	99.89		True
CONTIG	NODE_23_length_63189_cov_50.277219	63189	correct
1219071	1278412	59342	1	NC_002945.4	NODE_24_length_59342_cov_46.608258	99.99		True
CONTIG	NODE_24_length_59342_cov_46.608258	59342	correct
3777400	3835785	58318	1	NC_002945.4	NODE_25_length_58318_cov_47.563111	99.87		True
CONTIG	NODE_25_length_58318_cov_47.563111	58318	correct
1418316	1470724	52352	1	NC_002945.4	NODE_26_length_52352_cov_49.704911	99.88		True
CONTIG	NODE_26_length_52352_cov_49.704911	52352	correct
2801012	2852074	1	51063	NC_002945.4	NODE_27_length_51063_cov_47.837914	99.99		True
CONTIG	NODE_27_length_51063_cov_47.837914	51063	correct
1574013	1623809	49813	17	NC_002945.4	NODE_28_length_49813_cov_45.931288	99.98		True
CONTIG	NODE_28_length_49813_cov_45.931288	49813	correct
625328	673260	47963	31	NC_002945.4	NODE_29_length_48448_cov_45.161007	99.99		True
relocation, inconsistency = 959445
1632706	1633190	47964	48448	NC_002945.4	NODE_29_length_48448_cov_45.161007	99.8		True
CONTIG	NODE_29_length_48448_cov_45.161007	48448	misassembled
842706	891078	1	48373	NC_002945.4	NODE_30_length_48373_cov_45.759876	99.98		True
CONTIG	NODE_30_length_48373_cov_45.759876	48373	correct
2326988	2343662	16675	1	NC_002945.4	NODE_31_length_46417_cov_45.143055	99.98		True
relocation, inconsistency = 2596
2294650	2324391	46417	16676	NC_002945.4	NODE_31_length_46417_cov_45.143055	99.99		True
CONTIG	NODE_31_length_46417_cov_45.143055	46417	misassembled
3980209	4000631	1	20423	NC_002945.4	NODE_32_length_44864_cov_46.308358	100.0		True
fake: scaffold gap size wrong estimation (local)
4000854	4024975	20524	44645	NC_002945.4	NODE_32_length_44864_cov_46.308358	99.98		True
CONTIG	NODE_32_length_44864_cov_46.308358	44864	correct
3836888	3881479	44772	189	NC_002945.4	NODE_33_length_44772_cov_45.151775	99.91		True
CONTIG	NODE_33_length_44772_cov_45.151775	44772	correct
1997033	2040862	1	43830	NC_002945.4	NODE_34_length_43830_cov_47.407455	99.98		True
CONTIG	NODE_34_length_43830_cov_47.407455	43830	correct
3445573	3488322	42750	1	NC_002945.4	NODE_35_length_42750_cov_48.494897	99.97		True
CONTIG	NODE_35_length_42750_cov_48.494897	42750	correct
1343879	1386555	1	42682	NC_002945.4	NODE_36_length_42724_cov_47.622649	99.99		True
CONTIG	NODE_36_length_42724_cov_47.622649	42724	correct
2246118	2283745	108	37737	NC_002945.4	NODE_37_length_37737_cov_49.223956	99.95		True
CONTIG	NODE_37_length_37737_cov_49.223956	37737	correct
363927	401308	1	37382	NC_002945.4	NODE_38_length_37382_cov_45.309328	99.99		True
CONTIG	NODE_38_length_37382_cov_45.309328	37382	correct
2372458	2408719	1	36204	NC_002945.4	NODE_39_length_36204_cov_44.738726	99.83		True
CONTIG	NODE_39_length_36204_cov_44.738726	36204	correct
4259930	4294043	1	34112	NC_002945.4	NODE_40_length_34112_cov_47.744564	99.98		True
CONTIG	NODE_40_length_34112_cov_47.744564	34112	correct
3737665	3758851	21254	68	NC_002945.4	NODE_41_length_33863_cov_47.255069	99.99		True
local misassembly
3724846	3737454	33863	21255	NC_002945.4	NODE_41_length_33863_cov_47.255069	99.98		True
CONTIG	NODE_41_length_33863_cov_47.255069	33863	correct
2161798	2192094	1	30298	NC_002945.4	NODE_42_length_30298_cov_48.324384	99.99		True
CONTIG	NODE_42_length_30298_cov_48.324384	30298	correct
2423267	2453386	30006	1	NC_002945.4	NODE_43_length_30006_cov_48.259011	99.61		True
CONTIG	NODE_43_length_30006_cov_48.259011	30006	correct
2343793	2372202	1	28410	NC_002945.4	NODE_44_length_28410_cov_44.337659	99.99		True
CONTIG	NODE_44_length_28410_cov_44.337659	28410	correct
1190378	1218404	1	28099	NC_002945.4	NODE_45_length_28110_cov_41.722403	99.09		True
CONTIG	NODE_45_length_28110_cov_41.722403	28110	correct
2665977	2693421	27444	1	NC_002945.4	NODE_46_length_27467_cov_47.448537	99.99		True
CONTIG	NODE_46_length_27467_cov_47.448537	27467	correct
105040	131910	1	26871	NC_002945.4	NODE_47_length_27044_cov_43.680462	99.98		True
CONTIG	NODE_47_length_27044_cov_43.680462	27044	correct
306710	333298	26640	157	NC_002945.4	NODE_48_length_26640_cov_47.062083	99.6		True
CONTIG	NODE_48_length_26640_cov_47.062083	26640	correct
3674358	3700050	25795	121	NC_002945.4	NODE_49_length_25795_cov_35.448808	99.93		True
CONTIG	NODE_49_length_25795_cov_35.448808	25795	correct
339034	363805	24685	1	NC_002945.4	NODE_50_length_25364_cov_42.525696	99.62		True
local misassembly
338140	338679	25364	24816	NC_002945.4	NODE_50_length_25364_cov_42.525696	98.36		True
CONTIG	NODE_50_length_25364_cov_42.525696	25364	correct
2776942	2799828	22887	1	NC_002945.4	NODE_51_length_22990_cov_48.044307	99.99		True
CONTIG	NODE_51_length_22990_cov_48.044307	22990	correct
1490961	1491461	501	1	NC_002945.4	NODE_52_length_19315_cov_52.765843	99.8		True
local misassembly
1471935	1490747	19315	502	NC_002945.4	NODE_52_length_19315_cov_52.765843	99.98		True
CONTIG	NODE_52_length_19315_cov_52.765843	19315	correct
1171083	1189747	18665	1	NC_002945.4	NODE_53_length_18665_cov_45.598770	99.99		True
CONTIG	NODE_53_length_18665_cov_45.598770	18665	correct
3758969	3777383	5	18421	NC_002945.4	NODE_54_length_18421_cov_40.980321	99.93		True
CONTIG	NODE_54_length_18421_cov_40.980321	18421	correct
2192685	2210157	17593	121	NC_002945.4	NODE_55_length_17593_cov_51.594412	99.92		True
CONTIG	NODE_55_length_17593_cov_51.594412	17593	correct
2140796	2158365	1	17570	NC_002945.4	NODE_56_length_17570_cov_50.855759	99.97		True
CONTIG	NODE_56_length_17570_cov_50.855759	17570	correct
892165	909508	1	17344	NC_002945.4	NODE_57_length_17344_cov_48.141023	99.99		True
CONTIG	NODE_57_length_17344_cov_48.141023	17344	correct
132712	149547	13	16848	NC_002945.4	NODE_58_length_16848_cov_52.726990	99.96		True
CONTIG	NODE_58_length_16848_cov_52.726990	16848	correct
910050	926211	16305	144	NC_002945.4	NODE_59_length_16305_cov_51.012981	99.99		True
CONTIG	NODE_59_length_16305_cov_51.012981	16305	correct
4294631	4310436	56	15861	NC_002945.4	NODE_60_length_15947_cov_42.926612	99.99		True
CONTIG	NODE_60_length_15947_cov_42.926612	15947	correct
2040869	2056540	15672	1	NC_002945.4	NODE_61_length_15672_cov_48.530589	99.95		True
CONTIG	NODE_61_length_15672_cov_48.530589	15672	correct
3193780	3209280	1	15601	NC_002945.4	NODE_62_length_15601_cov_48.224699	100.0		True
CONTIG	NODE_62_length_15601_cov_48.224699	15601	correct
609085	624364	1	15280	NC_002945.4	NODE_63_length_15477_cov_46.457655	99.99		True
CONTIG	NODE_63_length_15477_cov_46.457655	15477	correct
2916851	2932169	1	15319	NC_002945.4	NODE_64_length_15319_cov_52.986638	99.97		True
CONTIG	NODE_64_length_15319_cov_52.986638	15319	correct
2409151	2422776	140	13765	NC_002945.4	NODE_65_length_13765_cov_46.699443	99.98		True
CONTIG	NODE_65_length_13765_cov_46.699443	13765	correct
3712180	3724845	1	12666	NC_002945.4	NODE_66_length_12702_cov_33.640875	99.96		True
CONTIG	NODE_66_length_12702_cov_33.640875	12702	correct
2944619	2957076	1	12458	NC_002945.4	NODE_67_length_12458_cov_46.004055	99.98		True
CONTIG	NODE_67_length_12458_cov_46.004055	12458	correct
3890969	3895024	4056	1	NC_002945.4	NODE_68_length_12175_cov_20.255312	99.96		True
local misassembly
3884643	3890278	9701	4057	NC_002945.4	NODE_68_length_12175_cov_20.255312	99.79		True
local misassembly
3882139	3884027	11637	9702	NC_002945.4	NODE_68_length_12175_cov_20.255312	97.65		True
local misassembly
3881769	3882155	12175	11789	NC_002945.4	NODE_68_length_12175_cov_20.255312	100.0		True
CONTIG	NODE_68_length_12175_cov_20.255312	12175	correct
4024989	4035798	131	10940	NC_002945.4	NODE_69_length_10940_cov_47.518080	99.98		True
CONTIG	NODE_69_length_10940_cov_47.518080	10940	correct
2933699	2943963	1	10265	NC_002945.4	NODE_70_length_10265_cov_47.716118	99.99		True
CONTIG	NODE_70_length_10265_cov_47.716118	10265	correct
3701213	3711403	10191	1	NC_002945.4	NODE_71_length_10191_cov_32.580882	100.0		True
CONTIG	NODE_71_length_10191_cov_32.580882	10191	correct
3209302	3219310	1	10009	NC_002945.4	NODE_72_length_10086_cov_45.730997	99.99		True
CONTIG	NODE_72_length_10086_cov_45.730997	10086	correct
1623846	1632544	1	8642	NC_002945.4	NODE_73_length_9916_cov_38.060476	99.31		True
relocation, inconsistency = 1141780
2774325	2775598	8643	9916	NC_002945.4	NODE_73_length_9916_cov_38.060476	100.0		True
CONTIG	NODE_73_length_9916_cov_38.060476	9916	misassembled
1987018	1992127	1	5111	NC_002945.4	NODE_74_length_5111_cov_47.418138	99.96		True
CONTIG	NODE_74_length_5111_cov_47.418138	5111	correct
1092450	1096461	1	4012	NC_002945.4	NODE_75_length_4012_cov_42.415701	100.0		True
CONTIG	NODE_75_length_4012_cov_42.415701	4012	correct
1165899	1169900	1	4002	NC_002945.4	NODE_76_length_4002_cov_47.200516	99.98		True
CONTIG	NODE_76_length_4002_cov_47.200516	4002	correct
1635657	1638240	1	2635	NC_002945.4	NODE_77_length_3113_cov_22.995311	98.03		True
local misassembly
1638385	1638698	2636	2949	NC_002945.4	NODE_77_length_3113_cov_22.995311	99.7		True
CONTIG	NODE_77_length_3113_cov_22.995311	3113	correct
2284620	2287647	3028	1	NC_002945.4	NODE_78_length_3028_cov_35.257153	99.77		True
CONTIG	NODE_78_length_3028_cov_35.257153	3028	correct
2290710	2293716	3007	1	NC_002945.4	NODE_79_length_3007_cov_33.283681	99.97		True
CONTIG	NODE_79_length_3007_cov_33.283681	3007	correct
2158341	2158913	1	573	NC_002945.4	NODE_80_length_2949_cov_49.733522	100.0		True
fake: scaffold gap size wrong estimation (local)
2158914	2160444	605	2135	NC_002945.4	NODE_80_length_2949_cov_49.733522	95.49		True
CONTIG	NODE_80_length_2949_cov_49.733522	2949	correct
1993335	1996069	1	2735	NC_002945.4	NODE_81_length_2735_cov_53.996549	100.0		True
CONTIG	NODE_81_length_2735_cov_53.996549	2735	correct
674777	676476	1700	1	NC_002945.4	NODE_82_length_1725_cov_4.344806	99.59		True
CONTIG	NODE_82_length_1725_cov_4.344806	1725	correct
401182	402731	1	1550	NC_002945.4	NODE_83_length_1550_cov_78.305692	99.94		True
CONTIG	NODE_83_length_1550_cov_78.305692	1550	correct
336693	338040	133	1480	NC_002945.4	NODE_84_length_1480_cov_19.938655	100.0		True
CONTIG	NODE_84_length_1480_cov_19.938655	1480	correct
928970	930307	136	1473	NC_002945.4	NODE_85_length_1473_cov_8.122500	100.0		True
CONTIG	NODE_85_length_1473_cov_8.122500	1473	correct
4193589	4195052	1464	1	NC_002945.4	NODE_86_length_1464_cov_103.839192	100.0		True
CONTIG	NODE_86_length_1464_cov_103.839192	1464	correct
3443593	3445031	1439	1	NC_002945.4	NODE_87_length_1439_cov_58.617378	100.0		True
CONTIG	NODE_87_length_1439_cov_58.617378	1439	correct
2324640	2325829	190	1379	NC_002945.4	NODE_88_length_1379_cov_36.949681	100.0		True
CONTIG	NODE_88_length_1379_cov_36.949681	1379	correct
890952	892291	1340	1	NC_002945.4	NODE_89_length_1340_cov_94.600989	100.0		True
CONTIG	NODE_89_length_1340_cov_94.600989	1340	correct
3339137	3340461	1325	1	NC_002945.4	NODE_90_length_1325_cov_39.426544	100.0		True
CONTIG	NODE_90_length_1325_cov_39.426544	1325	correct
3835659	3836979	1	1321	NC_002945.4	NODE_91_length_1321_cov_92.263819	99.7		True
CONTIG	NODE_91_length_1321_cov_92.263819	1321	correct
673511	674632	1168	47	NC_002945.4	NODE_92_length_1269_cov_2.583187	99.73		True
CONTIG	NODE_92_length_1269_cov_2.583187	1269	correct
2288581	2289835	1	1255	NC_002945.4	NODE_93_length_1255_cov_49.123227	100.0		True
CONTIG	NODE_93_length_1255_cov_49.123227	1255	correct
839610	840800	1	1191	NC_002945.4	NODE_94_length_1193_cov_15.254221	100.0		True
CONTIG	NODE_94_length_1193_cov_15.254221	1193	correct
335555	336554	193	1192	NC_002945.4	NODE_95_length_1192_cov_6.488263	100.0		True
CONTIG	NODE_95_length_1192_cov_6.488263	1192	correct
2287521	2288707	1187	1	NC_002945.4	NODE_96_length_1187_cov_32.654717	100.0		True
CONTIG	NODE_96_length_1187_cov_32.654717	1187	correct
2289709	2290836	1	1128	NC_002945.4	NODE_97_length_1128_cov_80.841159	99.91		True
CONTIG	NODE_97_length_1128_cov_80.841159	1128	correct
3897492	3898585	1	1094	NC_002945.4	NODE_98_length_1094_cov_38.297828	99.91		True
CONTIG	NODE_98_length_1094_cov_38.297828	1094	correct
3711277	3712306	1030	1	NC_002945.4	NODE_99_length_1030_cov_101.661130	100.0		True
CONTIG	NODE_99_length_1030_cov_101.661130	1030	correct
1165044	1166025	1	982	NC_002945.4	NODE_100_length_982_cov_97.805848	100.0		True
CONTIG	NODE_100_length_982_cov_97.805848	982	correct
1996214	1997007	978	185	NC_002945.4	NODE_101_length_978_cov_4.175088	99.87		True
CONTIG	NODE_101_length_978_cov_4.175088	978	correct
3442285	3443193	1	909	NC_002945.4	NODE_102_length_909_cov_312.815857	100.0		True
CONTIG	NODE_102_length_909_cov_312.815857	909	correct
3341521	3342410	890	1	NC_002945.4	NODE_103_length_890_cov_37.144168	100.0		True
CONTIG	NODE_103_length_890_cov_37.144168	890	correct
1278286	1279129	844	1	NC_002945.4	NODE_104_length_844_cov_88.714086	100.0		True
CONTIG	NODE_104_length_844_cov_88.714086	844	correct
909382	910176	1	795	NC_002945.4	NODE_105_length_795_cov_100.148204	100.0		True
CONTIG	NODE_105_length_795_cov_100.148204	795	correct
2139737	2140512	1	776	NC_002945.4	NODE_106_length_776_cov_36.117386	100.0		True
CONTIG	NODE_106_length_776_cov_36.117386	776	correct
CONTIG	NODE_107_length_748_cov_0.995169	748	unaligned
2693295	2694038	1	744	NC_002945.4	NODE_108_length_744_cov_85.695300	100.0		True
CONTIG	NODE_108_length_744_cov_85.695300	744	correct
1985788	1986507	25	744	NC_002945.4	NODE_109_length_744_cov_4.024311	99.86		True
CONTIG	NODE_109_length_744_cov_4.024311	744	correct
CONTIG	NODE_110_length_705_cov_0.690311	705	unaligned
132084	132630	693	147	NC_002945.4	NODE_111_length_693_cov_1.538869	100.0		True
CONTIG	NODE_111_length_693_cov_1.538869	693	correct
2932285	2932814	530	1	NC_002945.4	NODE_112_length_681_cov_1.839350	100.0		True
CONTIG	NODE_112_length_681_cov_1.839350	681	correct
3340552	3341186	635	1	NC_002945.4	NODE_113_length_635_cov_37.460630	100.0		True
CONTIG	NODE_113_length_635_cov_37.460630	635	correct
3700299	3700896	1	598	NC_002945.4	NODE_114_length_598_cov_31.870488	100.0		True
CONTIG	NODE_114_length_598_cov_31.870488	598	correct
CONTIG	NODE_115_length_596_cov_1.842217	596	unaligned
2773470	2774064	595	1	NC_002945.4	NODE_116_length_595_cov_2.756410	100.0		True
CONTIG	NODE_116_length_595_cov_2.756410	595	correct
3341060	3341647	588	1	NC_002945.4	NODE_117_length_588_cov_82.592191	100.0		True
CONTIG	NODE_117_length_588_cov_82.592191	588	correct
927026	927441	1	416	NC_002945.4	NODE_118_length_571_cov_2.657658	100.0		True
CONTIG	NODE_118_length_571_cov_2.657658	571	correct
CONTIG	NODE_119_length_565_cov_1.130137	565	unaligned
CONTIG	NODE_120_length_559_cov_1.423611	559	unaligned
3700770	3701308	539	1	NC_002945.4	NODE_121_length_539_cov_65.730583	100.0		True
CONTIG	NODE_121_length_539_cov_65.730583	539	correct
CONTIG	NODE_122_length_538_cov_1.197080	538	unaligned
CONTIG	NODE_123_length_535_cov_0.889706	535	unaligned
CONTIG	NODE_124_length_526_cov_1.062657	526	unaligned
CONTIG	NODE_125_length_520_cov_1.391858	520	unaligned
841631	841979	466	118	NC_002945.4	NODE_126_length_517_cov_1.330769	96.0		True
CONTIG	NODE_126_length_517_cov_1.330769	517	correct
CONTIG	NODE_127_length_502_cov_0.938667	502	unaligned
