S1	E1	S2	E2	Reference	Contig	IDY	Ambiguous	Best_group
2957039	3193870	236089	1	NC_002945.4	NODE_1_length_236089_cov_43.525936	99.58		True
CONTIG	NODE_1_length_236089_cov_43.525936	236089	correct
3445573	3673271	1	227591	NC_002945.4	NODE_2_length_227591_cov_43.933924	99.93		True
CONTIG	NODE_2_length_227591_cov_43.933924	227591	correct
2453709	2665668	229	212246	NC_002945.4	NODE_3_length_212323_cov_43.068347	99.96		True
CONTIG	NODE_3_length_212323_cov_43.068347	212323	correct
402605	607788	204915	1	NC_002945.4	NODE_4_length_204915_cov_43.096964	99.86		True
CONTIG	NODE_4_length_204915_cov_43.096964	204915	correct
4035900	4193715	1	157702	NC_002945.4	NODE_5_length_157702_cov_43.185410	99.92		True
CONTIG	NODE_5_length_157702_cov_43.185410	157702	correct
150130	306670	156514	1	NC_002945.4	NODE_6_length_156514_cov_43.115604	99.97		True
CONTIG	NODE_6_length_156514_cov_43.115604	156514	correct
30083	103918	73849	1	NC_002945.4	NODE_7_length_142835_cov_44.445637	99.96		True
local misassembly
1	29469	103319	73851	NC_002945.4	NODE_7_length_142835_cov_44.445637	99.99		True
fake: not a misassembly [linear representation of circular genome]
4310454	4349904	142769	103320	NC_002945.4	NODE_7_length_142835_cov_44.445637	99.99		True
CONTIG	NODE_7_length_142835_cov_44.445637	142835	correct
1638891	1769053	130254	93	NC_002945.4	NODE_8_length_130262_cov_45.344634	99.99		True
CONTIG	NODE_8_length_130262_cov_45.344634	130262	correct
1010930	1091286	80521	162	NC_002945.4	NODE_9_length_119795_cov_43.589514	99.99		True
relocation, inconsistency = 1457
970198	1009472	119795	80522	NC_002945.4	NODE_9_length_119795_cov_43.589514	99.98		True
CONTIG	NODE_9_length_119795_cov_43.589514	119795	misassembled
3297521	3338802	41451	1	NC_002945.4	NODE_10_length_119666_cov_42.744887	99.81		True
indel: stretch of mismatches
3219363	3297520	119666	41452	NC_002945.4	NODE_10_length_119666_cov_42.744887	99.92		True
CONTIG	NODE_10_length_119666_cov_42.744887	119666	correct
1869405	1985614	1	115742	NC_002945.4	NODE_11_length_115940_cov_43.502310	99.58		True
CONTIG	NODE_11_length_115940_cov_43.502310	115940	correct
726469	824045	1	97578	NC_002945.4	NODE_12_length_111040_cov_43.301335	99.99		True
local misassembly
824601	838062	97579	111040	NC_002945.4	NODE_12_length_111040_cov_43.301335	99.98		True
CONTIG	NODE_12_length_111040_cov_43.301335	111040	correct
3343594	3442410	1	98885	NC_002945.4	NODE_13_length_98885_cov_44.390692	99.92		True
CONTIG	NODE_13_length_98885_cov_44.390692	98885	correct
2083596	2140722	57127	1	NC_002945.4	NODE_14_length_83976_cov_44.505790	99.99		True
local misassembly
2057029	2083604	83841	57266	NC_002945.4	NODE_14_length_83976_cov_44.505790	99.98		True
CONTIG	NODE_14_length_83976_cov_44.505790	83976	correct
335432	336480	1049	1	NC_002945.4	NODE_15_length_82960_cov_44.771540	99.62		True
relocation, inconsistency = -1238197
1491995	1573356	82683	1322	NC_002945.4	NODE_15_length_82960_cov_44.771540	99.93		True
local misassembly
1491559	1491835	82960	82684	NC_002945.4	NODE_15_length_82960_cov_44.771540	100.0		True
CONTIG	NODE_15_length_82960_cov_44.771540	82960	misassembled
3897145	3980049	1	82896	NC_002945.4	NODE_16_length_82899_cov_43.386580	99.98		True
CONTIG	NODE_16_length_82899_cov_43.386580	82899	correct
2693912	2772089	78177	1	NC_002945.4	NODE_17_length_78177_cov_42.760974	99.99		True
CONTIG	NODE_17_length_78177_cov_42.760974	78177	correct
1779460	1853485	74229	204	NC_002945.4	NODE_18_length_74229_cov_43.238833	99.99		True
CONTIG	NODE_18_length_74229_cov_43.238833	74229	correct
1092433	1165170	1	72738	NC_002945.4	NODE_19_length_72738_cov_43.072950	99.98		True
CONTIG	NODE_19_length_72738_cov_43.072950	72738	correct
4194926	4259153	64228	1	NC_002945.4	NODE_20_length_64228_cov_44.708538	99.99		True
CONTIG	NODE_20_length_64228_cov_44.708538	64228	correct
2852108	2916180	1	64073	NC_002945.4	NODE_21_length_64073_cov_41.693476	99.98		True
CONTIG	NODE_21_length_64073_cov_41.693476	64073	correct
1280097	1340762	60728	1	NC_002945.4	NODE_22_length_60728_cov_44.427468	99.89		True
CONTIG	NODE_22_length_60728_cov_44.427468	60728	correct
1997178	2056268	6	59096	NC_002945.4	NODE_23_length_59230_cov_42.974637	99.98		True
CONTIG	NODE_23_length_59230_cov_42.974637	59230	correct
1219455	1278412	58949	1	NC_002945.4	NODE_24_length_59023_cov_43.085405	99.97		True
CONTIG	NODE_24_length_59023_cov_43.085405	59023	correct
1413935	1470724	56733	1	NC_002945.4	NODE_25_length_56733_cov_44.683549	99.89		True
CONTIG	NODE_25_length_56733_cov_44.683549	56733	correct
3777400	3830690	1	53291	NC_002945.4	NODE_26_length_53335_cov_43.538227	99.99		True
CONTIG	NODE_26_length_53335_cov_43.538227	53335	correct
306706	333615	1	26931	NC_002945.4	NODE_27_length_51318_cov_41.061788	98.32		True
relocation, inconsistency = 5791
339407	363657	26932	51136	NC_002945.4	NODE_27_length_51318_cov_41.061788	98.95		True
CONTIG	NODE_27_length_51318_cov_41.061788	51318	misassembled
2801012	2852066	1	51055	NC_002945.4	NODE_28_length_51055_cov_43.844113	99.99		True
CONTIG	NODE_28_length_51055_cov_43.844113	51055	correct
3984863	4000742	104	15972	NC_002945.4	NODE_29_length_50830_cov_43.766483	99.91		True
local misassembly
4000854	4035711	15973	50830	NC_002945.4	NODE_29_length_50830_cov_43.766483	99.98		True
CONTIG	NODE_29_length_50830_cov_43.766483	50830	correct
1574142	1623827	49686	1	NC_002945.4	NODE_30_length_49832_cov_42.520813	99.98		True
CONTIG	NODE_30_length_49832_cov_42.520813	49832	correct
676605	726090	1	49486	NC_002945.4	NODE_31_length_49486_cov_41.375798	99.99		True
CONTIG	NODE_31_length_49486_cov_41.375798	49486	correct
625531	673262	1	47732	NC_002945.4	NODE_32_length_48821_cov_41.826159	99.99		True
local misassembly
673614	674747	47733	48821	NC_002945.4	NODE_32_length_48821_cov_41.826159	96.0		True
CONTIG	NODE_32_length_48821_cov_41.826159	48821	correct
842774	891078	48305	1	NC_002945.4	NODE_33_length_48305_cov_41.807983	99.99		True
CONTIG	NODE_33_length_48305_cov_41.807983	48305	correct
1343879	1386453	42580	1	NC_002945.4	NODE_34_length_42580_cov_43.034203	99.99		True
CONTIG	NODE_34_length_42580_cov_43.034203	42580	correct
3836888	3878150	1	41255	NC_002945.4	NODE_35_length_41283_cov_42.093206	99.96		True
CONTIG	NODE_35_length_41283_cov_42.093206	41283	correct
930635	970108	1	39594	NC_002945.4	NODE_36_length_39594_cov_43.309550	99.68		True
CONTIG	NODE_36_length_39594_cov_43.309550	39594	correct
2246079	2283745	1	37669	NC_002945.4	NODE_37_length_37669_cov_45.979996	99.95		True
CONTIG	NODE_37_length_37669_cov_45.979996	37669	correct
363878	401308	1	37431	NC_002945.4	NODE_38_length_37431_cov_41.631997	99.99		True
CONTIG	NODE_38_length_37431_cov_41.631997	37431	correct
2210057	2246063	36007	1	NC_002945.4	NODE_39_length_36007_cov_48.270847	100.0		True
CONTIG	NODE_39_length_36007_cov_48.270847	36007	correct
1170557	1189860	1	19304	NC_002945.4	NODE_40_length_33962_cov_43.303177	99.99		True
local misassembly
1190092	1204749	19305	33962	NC_002945.4	NODE_40_length_33962_cov_43.303177	99.97		True
CONTIG	NODE_40_length_33962_cov_43.303177	33962	correct
3724846	3737454	1	12609	NC_002945.4	NODE_41_length_33891_cov_43.136417	99.98		True
local misassembly
3737665	3758848	12610	33793	NC_002945.4	NODE_41_length_33891_cov_43.136417	99.99		True
CONTIG	NODE_41_length_33891_cov_43.136417	33891	correct
2161798	2192094	30298	1	NC_002945.4	NODE_42_length_30298_cov_45.193066	99.99		True
CONTIG	NODE_42_length_30298_cov_45.193066	30298	correct
2423267	2453623	30243	1	NC_002945.4	NODE_43_length_30243_cov_43.551866	99.62		True
CONTIG	NODE_43_length_30243_cov_43.551866	30243	correct
2294650	2324480	29831	1	NC_002945.4	NODE_44_length_29831_cov_40.581841	99.99		True
CONTIG	NODE_44_length_29831_cov_40.581841	29831	correct
2343789	2372141	1	28353	NC_002945.4	NODE_45_length_28353_cov_41.775455	99.99		True
CONTIG	NODE_45_length_28353_cov_41.775455	28353	correct
105040	132387	27488	141	NC_002945.4	NODE_46_length_27488_cov_42.249333	99.98		True
CONTIG	NODE_46_length_27488_cov_42.249333	27488	correct
2666082	2693421	27339	1	NC_002945.4	NODE_47_length_27339_cov_43.861348	99.98		True
CONTIG	NODE_47_length_27339_cov_43.861348	27339	correct
1386991	1412955	25965	1	NC_002945.4	NODE_48_length_26113_cov_41.970446	99.98		True
CONTIG	NODE_48_length_26113_cov_41.970446	26113	correct
3674358	3700231	1	25856	NC_002945.4	NODE_49_length_25856_cov_32.290412	99.93		True
CONTIG	NODE_49_length_25856_cov_32.290412	25856	correct
2386668	2408677	1	22010	NC_002945.4	NODE_50_length_22010_cov_37.613216	100.0		True
CONTIG	NODE_50_length_22010_cov_37.613216	22010	correct
4259930	4281631	21700	1	NC_002945.4	NODE_51_length_21700_cov_43.590646	99.98		True
CONTIG	NODE_51_length_21700_cov_43.590646	21700	correct
2140776	2161533	20545	1	NC_002945.4	NODE_52_length_20545_cov_46.748702	98.28		True
CONTIG	NODE_52_length_20545_cov_46.748702	20545	correct
1490961	1491426	466	1	NC_002945.4	NODE_53_length_19280_cov_47.673994	99.79		True
local misassembly
1471935	1490747	19280	467	NC_002945.4	NODE_53_length_19280_cov_47.673994	99.98		True
CONTIG	NODE_53_length_19280_cov_47.673994	19280	correct
2192685	2209982	1	17298	NC_002945.4	NODE_54_length_17460_cov_47.596838	99.99		True
CONTIG	NODE_54_length_17460_cov_47.596838	17460	correct
2326437	2343727	120	17410	NC_002945.4	NODE_55_length_17410_cov_41.426373	99.99		True
CONTIG	NODE_55_length_17410_cov_41.426373	17410	correct
3759976	3777383	1	17410	NC_002945.4	NODE_56_length_17410_cov_40.499855	99.97		True
CONTIG	NODE_56_length_17410_cov_40.499855	17410	correct
892165	909508	1	17344	NC_002945.4	NODE_57_length_17344_cov_45.944241	99.99		True
CONTIG	NODE_57_length_17344_cov_45.944241	17344	correct
2776943	2793835	47	16939	NC_002945.4	NODE_58_length_16939_cov_46.929277	99.99		True
CONTIG	NODE_58_length_16939_cov_46.929277	16939	correct
132700	149553	1	16854	NC_002945.4	NODE_59_length_16854_cov_48.360794	99.96		True
CONTIG	NODE_59_length_16854_cov_48.360794	16854	correct
910050	926215	1	16166	NC_002945.4	NODE_60_length_16166_cov_45.810774	99.99		True
CONTIG	NODE_60_length_16166_cov_45.810774	16166	correct
2932476	2933080	807	203	NC_002945.4	NODE_61_length_16036_cov_46.320196	100.0		True
local misassembly
2916851	2932079	16036	808	NC_002945.4	NODE_61_length_16036_cov_46.320196	99.97		True
CONTIG	NODE_61_length_16036_cov_46.320196	16036	correct
1853606	1869173	15657	90	NC_002945.4	NODE_62_length_15866_cov_31.403456	99.97		True
CONTIG	NODE_62_length_15866_cov_31.403456	15866	correct
3193780	3209297	15618	1	NC_002945.4	NODE_63_length_15618_cov_44.007230	100.0		True
CONTIG	NODE_63_length_15618_cov_44.007230	15618	correct
609085	624449	1	15365	NC_002945.4	NODE_64_length_15365_cov_41.689657	99.99		True
CONTIG	NODE_64_length_15365_cov_41.689657	15365	correct
2372436	2386761	1	14326	NC_002945.4	NODE_65_length_14326_cov_44.620678	99.98		True
CONTIG	NODE_65_length_14326_cov_44.620678	14326	correct
2409201	2422776	13576	1	NC_002945.4	NODE_66_length_13851_cov_41.519018	99.97		True
CONTIG	NODE_66_length_13851_cov_41.519018	13851	correct
3712180	3724845	12702	37	NC_002945.4	NODE_67_length_12702_cov_29.513400	99.96		True
CONTIG	NODE_67_length_12702_cov_29.513400	12702	correct
3890969	3895425	4457	1	NC_002945.4	NODE_68_length_12585_cov_19.453845	99.86		True
local misassembly
3884643	3890278	10102	4458	NC_002945.4	NODE_68_length_12585_cov_19.453845	99.79		True
local misassembly
3882139	3884027	12039	10103	NC_002945.4	NODE_68_length_12585_cov_19.453845	97.69		True
local misassembly
3881761	3882155	12585	12191	NC_002945.4	NODE_68_length_12585_cov_19.453845	100.0		True
CONTIG	NODE_68_length_12585_cov_19.453845	12585	correct
2944619	2957076	12458	1	NC_002945.4	NODE_69_length_12458_cov_41.973968	99.98		True
CONTIG	NODE_69_length_12458_cov_41.973968	12458	correct
4281640	4293938	1	12299	NC_002945.4	NODE_70_length_12335_cov_44.637533	99.98		True
CONTIG	NODE_70_length_12335_cov_44.637533	12335	correct
3700319	3711403	11085	1	NC_002945.4	NODE_71_length_11085_cov_31.919876	100.0		True
CONTIG	NODE_71_length_11085_cov_31.919876	11085	correct
2933814	2943963	10150	1	NC_002945.4	NODE_72_length_10323_cov_41.239506	99.99		True
CONTIG	NODE_72_length_10323_cov_41.239506	10323	correct
3209302	3219347	1	10046	NC_002945.4	NODE_73_length_10046_cov_42.116342	100.0		True
CONTIG	NODE_73_length_10046_cov_42.116342	10046	correct
1623857	1633224	1	9320	NC_002945.4	NODE_74_length_9417_cov_37.440151	99.38		True
CONTIG	NODE_74_length_9417_cov_37.440151	9417	correct
1204782	1213474	8919	227	NC_002945.4	NODE_75_length_8969_cov_40.734336	99.98		True
CONTIG	NODE_75_length_8969_cov_40.734336	8969	correct
4301876	4309415	7540	1	NC_002945.4	NODE_76_length_7573_cov_42.821515	99.99		True
CONTIG	NODE_76_length_7573_cov_42.821515	7573	correct
4294604	4301859	46	7301	NC_002945.4	NODE_77_length_7301_cov_39.012685	99.99		True
CONTIG	NODE_77_length_7301_cov_39.012685	7301	correct
2793842	2799828	5987	1	NC_002945.4	NODE_78_length_5987_cov_41.912628	99.98		True
CONTIG	NODE_78_length_5987_cov_41.912628	5987	correct
1987117	1992127	5012	1	NC_002945.4	NODE_79_length_5341_cov_42.927503	99.96		True
CONTIG	NODE_79_length_5341_cov_42.927503	5341	correct
3830701	3835785	5087	1	NC_002945.4	NODE_80_length_5089_cov_49.913140	99.96		True
CONTIG	NODE_80_length_5089_cov_49.913140	5089	correct
1214750	1218349	3790	191	NC_002945.4	NODE_81_length_4751_cov_29.148140	100.0		True
local misassembly
1213949	1214774	4735	3910	NC_002945.4	NODE_81_length_4751_cov_29.148140	99.76		True
CONTIG	NODE_81_length_4751_cov_29.148140	4751	correct
3980214	3984604	4391	1	NC_002945.4	NODE_82_length_4391_cov_37.448171	100.0		True
CONTIG	NODE_82_length_4391_cov_37.448171	4391	correct
1165899	1169900	1	4002	NC_002945.4	NODE_83_length_4002_cov_46.853161	99.98		True
CONTIG	NODE_83_length_4002_cov_46.853161	4002	correct
1635657	1638240	1	2635	NC_002945.4	NODE_84_length_3135_cov_22.776263	98.03		True
local misassembly
1638385	1638698	2636	2949	NC_002945.4	NODE_84_length_3135_cov_22.776263	99.7		True
CONTIG	NODE_84_length_3135_cov_22.776263	3135	correct
2284620	2287647	3028	1	NC_002945.4	NODE_85_length_3028_cov_30.782489	99.77		True
CONTIG	NODE_85_length_3028_cov_30.782489	3028	correct
2290710	2293716	3007	1	NC_002945.4	NODE_86_length_3007_cov_31.714236	100.0		True
CONTIG	NODE_86_length_3007_cov_31.714236	3007	correct
1993335	1995984	2831	182	NC_002945.4	NODE_87_length_2831_cov_48.271450	99.96		True
CONTIG	NODE_87_length_2831_cov_48.271450	2831	correct
928113	928975	156	1027	NC_002945.4	NODE_88_length_2798_cov_8.131411	98.97		True
local misassembly
928970	930602	1166	2798	NC_002945.4	NODE_88_length_2798_cov_8.131411	100.0		True
CONTIG	NODE_88_length_2798_cov_8.131411	2798	correct
3878203	3879986	1	1784	NC_002945.4	NODE_89_length_1954_cov_5.592228	99.94		True
CONTIG	NODE_89_length_1954_cov_5.592228	1954	correct
674749	676216	121	1588	NC_002945.4	NODE_90_length_1588_cov_5.943190	99.93		True
CONTIG	NODE_90_length_1588_cov_5.943190	1588	correct
401182	402731	1	1550	NC_002945.4	NODE_91_length_1550_cov_67.860857	99.94		True
CONTIG	NODE_91_length_1550_cov_67.860857	1550	correct
336693	338078	121	1506	NC_002945.4	NODE_92_length_1506_cov_18.614938	99.93		True
CONTIG	NODE_92_length_1506_cov_18.614938	1506	correct
2324664	2325848	1185	1	NC_002945.4	NODE_93_length_1470_cov_31.683544	100.0		True
relocation, inconsistency = 1789446
534933	535040	1363	1470	NC_002945.4	NODE_93_length_1470_cov_31.683544	100.0		True
CONTIG	NODE_93_length_1470_cov_31.683544	1470	misassembled
4193589	4195052	1	1464	NC_002945.4	NODE_94_length_1464_cov_96.752431	100.0		True
CONTIG	NODE_94_length_1464_cov_96.752431	1464	correct
3443593	3445031	1439	1	NC_002945.4	NODE_95_length_1439_cov_55.926829	100.0		True
CONTIG	NODE_95_length_1439_cov_55.926829	1439	correct
2774232	2775581	1	1350	NC_002945.4	NODE_96_length_1350_cov_6.877351	100.0		True
CONTIG	NODE_96_length_1350_cov_6.877351	1350	correct
3673145	3674484	1340	1	NC_002945.4	NODE_97_length_1340_cov_86.036274	100.0		True
CONTIG	NODE_97_length_1340_cov_86.036274	1340	correct
3339137	3340461	1325	1	NC_002945.4	NODE_98_length_1325_cov_42.702838	100.0		True
CONTIG	NODE_98_length_1325_cov_42.702838	1325	correct
3835659	3836979	1	1321	NC_002945.4	NODE_99_length_1321_cov_93.442211	99.77		True
CONTIG	NODE_99_length_1321_cov_93.442211	1321	correct
2288581	2289835	1255	1	NC_002945.4	NODE_100_length_1255_cov_43.261525	100.0		True
CONTIG	NODE_100_length_1255_cov_43.261525	1255	correct
839602	840804	1203	1	NC_002945.4	NODE_101_length_1203_cov_13.203532	100.0		True
CONTIG	NODE_101_length_1203_cov_13.203532	1203	correct
2287521	2288707	1187	1	NC_002945.4	NODE_102_length_1187_cov_30.590566	100.0		True
CONTIG	NODE_102_length_1187_cov_30.590566	1187	correct
2289709	2290836	1128	1	NC_002945.4	NODE_103_length_1128_cov_89.766234	99.91		True
CONTIG	NODE_103_length_1128_cov_89.766234	1128	correct
1340970	1342059	1090	1	NC_002945.4	NODE_104_length_1090_cov_36.747664	99.91		True
CONTIG	NODE_104_length_1090_cov_36.747664	1090	correct
3758999	3759896	1	898	NC_002945.4	NODE_105_length_1062_cov_1.258824	100.0		True
CONTIG	NODE_105_length_1062_cov_1.258824	1062	correct
3711277	3712306	1030	1	NC_002945.4	NODE_106_length_1030_cov_91.837209	100.0		True
CONTIG	NODE_106_length_1030_cov_91.837209	1030	correct
4309398	4310382	992	8	NC_002945.4	NODE_107_length_992_cov_28.235838	100.0		True
CONTIG	NODE_107_length_992_cov_28.235838	992	correct
1165044	1166025	1	982	NC_002945.4	NODE_108_length_982_cov_81.830409	100.0		True
CONTIG	NODE_108_length_982_cov_81.830409	982	correct
1996207	1996871	866	202	NC_002945.4	NODE_109_length_914_cov_1.888183	98.65		True
CONTIG	NODE_109_length_914_cov_1.888183	914	correct
2800228	2801136	1	909	NC_002945.4	NODE_110_length_909_cov_268.199488	100.0		True
CONTIG	NODE_110_length_909_cov_268.199488	909	correct
3341521	3342410	890	1	NC_002945.4	NODE_111_length_890_cov_30.094364	100.0		True
CONTIG	NODE_111_length_890_cov_30.094364	890	correct
1633356	1634226	871	1	NC_002945.4	NODE_112_length_871_cov_7.182796	100.0		True
CONTIG	NODE_112_length_871_cov_7.182796	871	correct
1278286	1279129	844	1	NC_002945.4	NODE_113_length_844_cov_89.110181	100.0		True
CONTIG	NODE_113_length_844_cov_89.110181	844	correct
1985748	1986337	1	590	NC_002945.4	NODE_114_length_814_cov_3.135371	99.66		True
CONTIG	NODE_114_length_814_cov_3.135371	814	correct
3444905	3445699	1	795	NC_002945.4	NODE_115_length_795_cov_93.787425	100.0		True
CONTIG	NODE_115_length_795_cov_93.787425	795	correct
338166	338755	31	620	NC_002945.4	NODE_116_length_789_cov_3.542296	100.0		True
CONTIG	NODE_116_length_789_cov_3.542296	789	correct
CONTIG	NODE_117_length_777_cov_1.424615	777	unaligned
2422650	2423393	744	1	NC_002945.4	NODE_118_length_744_cov_88.108590	100.0		True
CONTIG	NODE_118_length_744_cov_88.108590	744	correct
3340552	3341186	635	1	NC_002945.4	NODE_119_length_635_cov_28.769685	100.0		True
CONTIG	NODE_119_length_635_cov_28.769685	635	correct
1342064	1342697	1	634	NC_002945.4	NODE_120_length_634_cov_44.575937	100.0		True
CONTIG	NODE_120_length_634_cov_44.575937	634	correct
2933076	2933347	193	464	NC_002945.4	NODE_121_length_628_cov_0.986028	99.63		True
indel: indel (> 5bp)
2933393	2933517	465	589	NC_002945.4	NODE_121_length_628_cov_0.986028	100.0		True
CONTIG	NODE_121_length_628_cov_0.986028	628	correct
1091271	1091884	1	614	NC_002945.4	NODE_122_length_625_cov_1.811245	100.0		True
CONTIG	NODE_122_length_625_cov_1.811245	625	correct
1386445	1386780	401	66	NC_002945.4	NODE_123_length_615_cov_0.547131	98.51		True
CONTIG	NODE_123_length_615_cov_0.547131	615	correct
3341060	3341647	588	1	NC_002945.4	NODE_124_length_588_cov_60.498915	100.0		True
CONTIG	NODE_124_length_588_cov_60.498915	588	correct
838534	838988	1	455	NC_002945.4	NODE_125_length_546_cov_1.124105	99.78		True
CONTIG	NODE_125_length_546_cov_1.124105	546	correct
2325840	2326228	154	542	NC_002945.4	NODE_126_length_542_cov_3.508434	100.0		True
CONTIG	NODE_126_length_542_cov_3.508434	542	correct
841562	842055	494	1	NC_002945.4	NODE_127_length_536_cov_1.836186	100.0		True
CONTIG	NODE_127_length_536_cov_1.836186	536	correct
149558	149990	433	1	NC_002945.4	NODE_128_length_519_cov_5.795918	100.0		True
CONTIG	NODE_128_length_519_cov_5.795918	519	correct
