S1	E1	S2	E2	Reference	Contig	IDY	Ambiguous	Best_group
2453641	2665737	212149	1	NC_002945.4	NODE_1_length_212192_cov_42.847434	99.96		True
CONTIG	NODE_1_length_212192_cov_42.847434	212192	correct
1779460	1985619	205694	1	NC_002945.4	NODE_2_length_205694_cov_42.517403	99.76		True
CONTIG	NODE_2_length_205694_cov_42.517403	205694	correct
402605	607788	1	204915	NC_002945.4	NODE_3_length_204915_cov_42.572123	99.86		True
CONTIG	NODE_3_length_204915_cov_42.572123	204915	correct
3488378	3673271	1	184786	NC_002945.4	NODE_4_length_184786_cov_43.904299	99.92		True
CONTIG	NODE_4_length_184786_cov_43.904299	184786	correct
2957039	3124582	1	166855	NC_002945.4	NODE_5_length_166855_cov_42.771958	99.45		True
CONTIG	NODE_5_length_166855_cov_42.771958	166855	correct
674553	676197	184	1828	NC_002945.4	NODE_6_length_162650_cov_43.523772	99.94		True
local misassembly
676696	824045	1829	149179	NC_002945.4	NODE_6_length_162650_cov_43.523772	99.99		True
local misassembly
824601	838071	149180	162650	NC_002945.4	NODE_6_length_162650_cov_43.523772	99.98		True
CONTIG	NODE_6_length_162650_cov_43.523772	162650	correct
930668	1009472	142	79185	NC_002945.4	NODE_7_length_159687_cov_43.658091	99.67		True
relocation, inconsistency = 1457
1010930	1091286	79186	159545	NC_002945.4	NODE_7_length_159687_cov_43.658091	99.99		True
CONTIG	NODE_7_length_159687_cov_43.658091	159687	misassembled
150017	306656	156786	174	NC_002945.4	NODE_8_length_156786_cov_44.108273	99.97		True
CONTIG	NODE_8_length_156786_cov_44.108273	156786	correct
4301862	4349904	1	48042	NC_002945.4	NODE_9_length_151361_cov_43.737248	99.99		True
fake: not a misassembly [linear representation of circular genome]
1	29469	48043	77511	NC_002945.4	NODE_9_length_151361_cov_43.737248	99.99		True
local misassembly
30083	103918	77513	151361	NC_002945.4	NODE_9_length_151361_cov_43.737248	99.96		True
CONTIG	NODE_9_length_151361_cov_43.737248	151361	correct
1635657	1638240	1	2584	NC_002945.4	NODE_10_length_133065_cov_42.413072	100.0		True
local misassembly
1638385	1638685	2585	2885	NC_002945.4	NODE_10_length_133065_cov_42.413072	100.0		True
local misassembly
1638965	1769053	2886	132973	NC_002945.4	NODE_10_length_133065_cov_42.413072	99.99		True
CONTIG	NODE_10_length_133065_cov_42.413072	133065	correct
3297493	3341186	43863	1	NC_002945.4	NODE_11_length_122050_cov_41.813390	99.83		True
indel: stretch of mismatches
3219363	3297478	122050	43878	NC_002945.4	NODE_11_length_122050_cov_41.813390	99.92		True
CONTIG	NODE_11_length_122050_cov_41.813390	122050	correct
4035855	4141984	5	106020	NC_002945.4	NODE_12_length_106166_cov_43.079480	99.88		True
CONTIG	NODE_12_length_106166_cov_43.079480	106166	correct
3343594	3442410	98885	1	NC_002945.4	NODE_13_length_98885_cov_43.766794	99.92		True
CONTIG	NODE_13_length_98885_cov_43.766794	98885	correct
2294650	2324391	1	29742	NC_002945.4	NODE_14_length_89106_cov_43.957226	99.99		True
relocation, inconsistency = 2596
2326988	2343433	29743	46188	NC_002945.4	NODE_14_length_89106_cov_43.957226	99.98		True
relocation, inconsistency = 1113207
1190085	1213780	69809	46189	NC_002945.4	NODE_14_length_89106_cov_43.957226	99.66		True
local misassembly
1170557	1189853	89106	69810	NC_002945.4	NODE_14_length_89106_cov_43.957226	99.99		True
CONTIG	NODE_14_length_89106_cov_43.957226	89106	misassembled
2083596	2140666	57221	151	NC_002945.4	NODE_15_length_84034_cov_43.877233	99.99		True
local misassembly
2057046	2083604	83918	57360	NC_002945.4	NODE_15_length_84034_cov_43.877233	99.98		True
CONTIG	NODE_15_length_84034_cov_43.877233	84034	correct
3897145	3979446	82322	30	NC_002945.4	NODE_16_length_82322_cov_44.781726	99.98		True
CONTIG	NODE_16_length_82322_cov_44.781726	82322	correct
1492260	1573685	81614	189	NC_002945.4	NODE_17_length_81614_cov_44.441776	99.93		True
CONTIG	NODE_17_length_81614_cov_44.441776	81614	correct
2693912	2773104	1	79192	NC_002945.4	NODE_18_length_79335_cov_42.138446	99.99		True
CONTIG	NODE_18_length_79335_cov_42.138446	79335	correct
1094824	1165170	70347	1	NC_002945.4	NODE_19_length_70347_cov_42.859684	99.98		True
CONTIG	NODE_19_length_70347_cov_42.859684	70347	correct
3124761	3193870	145	69200	NC_002945.4	NODE_20_length_69200_cov_44.620590	99.91		True
CONTIG	NODE_20_length_69200_cov_44.620590	69200	correct
2343827	2372203	1	28377	NC_002945.4	NODE_21_length_64785_cov_40.799221	99.98		True
local misassembly
2372441	2408906	28378	64785	NC_002945.4	NODE_21_length_64785_cov_40.799221	99.83		True
CONTIG	NODE_21_length_64785_cov_40.799221	64785	correct
4194926	4259153	1	64228	NC_002945.4	NODE_22_length_64228_cov_44.298966	99.99		True
CONTIG	NODE_22_length_64228_cov_44.298966	64228	correct
2852146	2916246	64101	1	NC_002945.4	NODE_23_length_64182_cov_43.032925	99.98		True
CONTIG	NODE_23_length_64182_cov_43.032925	64182	correct
1280097	1342059	1	62025	NC_002945.4	NODE_24_length_62025_cov_44.956493	99.89		True
CONTIG	NODE_24_length_62025_cov_44.956493	62025	correct
1996514	2056446	59933	1	NC_002945.4	NODE_25_length_59933_cov_41.722001	99.98		True
CONTIG	NODE_25_length_59933_cov_41.722001	59933	correct
1219469	1278412	58945	1	NC_002945.4	NODE_26_length_58949_cov_43.867023	99.99		True
CONTIG	NODE_26_length_58949_cov_43.867023	58949	correct
3777400	3835785	58318	1	NC_002945.4	NODE_27_length_58318_cov_44.243251	99.87		True
CONTIG	NODE_27_length_58318_cov_44.243251	58318	correct
1413935	1470724	56733	1	NC_002945.4	NODE_28_length_56733_cov_44.535632	99.89		True
CONTIG	NODE_28_length_56733_cov_44.535632	56733	correct
4141981	4193715	1	51735	NC_002945.4	NODE_29_length_51735_cov_45.833863	99.99		True
CONTIG	NODE_29_length_51735_cov_45.833863	51735	correct
2801012	2852018	1	51007	NC_002945.4	NODE_30_length_51055_cov_44.542550	99.99		True
CONTIG	NODE_30_length_51055_cov_44.542550	51055	correct
3985173	4000631	139	15597	NC_002945.4	NODE_31_length_50699_cov_45.115380	99.97		True
fake: scaffold gap size wrong estimation (local)
4000854	4035736	15698	50580	NC_002945.4	NODE_31_length_50699_cov_45.115380	99.98		True
CONTIG	NODE_31_length_50699_cov_45.115380	50699	correct
1574071	1623827	206	49962	NC_002945.4	NODE_32_length_49962_cov_44.261443	99.98		True
CONTIG	NODE_32_length_49962_cov_44.261443	49962	correct
842725	891078	48354	1	NC_002945.4	NODE_33_length_48354_cov_42.418251	99.99		True
CONTIG	NODE_33_length_48354_cov_42.418251	48354	correct
625578	673283	1	47706	NC_002945.4	NODE_34_length_47721_cov_44.005358	99.99		True
CONTIG	NODE_34_length_47721_cov_44.005358	47721	correct
1343879	1386705	1	42832	NC_002945.4	NODE_35_length_42832_cov_45.374382	99.98		True
CONTIG	NODE_35_length_42832_cov_45.374382	42832	correct
3445573	3488322	1	42750	NC_002945.4	NODE_36_length_42750_cov_42.900453	99.97		True
CONTIG	NODE_36_length_42750_cov_42.900453	42750	correct
3836888	3877917	1	41031	NC_002945.4	NODE_37_length_41383_cov_43.070341	99.98		True
CONTIG	NODE_37_length_41383_cov_43.070341	41383	correct
2246073	2283745	37675	1	NC_002945.4	NODE_38_length_37816_cov_44.199528	99.95		True
CONTIG	NODE_38_length_37816_cov_44.199528	37816	correct
363946	401308	27	37389	NC_002945.4	NODE_39_length_37389_cov_43.957276	99.99		True
CONTIG	NODE_39_length_37389_cov_43.957276	37389	correct
2210134	2246087	35954	1	NC_002945.4	NODE_40_length_36071_cov_46.663337	99.99		True
CONTIG	NODE_40_length_36071_cov_46.663337	36071	correct
3737665	3758842	21299	122	NC_002945.4	NODE_41_length_33884_cov_41.352105	99.98		True
local misassembly
3724870	3737454	33884	21300	NC_002945.4	NODE_41_length_33884_cov_41.352105	99.97		True
CONTIG	NODE_41_length_33884_cov_41.352105	33884	correct
2161798	2192094	1	30298	NC_002945.4	NODE_42_length_30298_cov_41.246760	99.99		True
CONTIG	NODE_42_length_30298_cov_41.246760	30298	correct
132035	132655	831	211	NC_002945.4	NODE_43_length_27640_cov_40.001090	100.0		True
local misassembly
105040	131848	27640	832	NC_002945.4	NODE_43_length_27640_cov_40.001090	99.98		True
CONTIG	NODE_43_length_27640_cov_40.001090	27640	correct
2665918	2693421	27479	1	NC_002945.4	NODE_44_length_27503_cov_44.159191	99.89		True
CONTIG	NODE_44_length_27503_cov_44.159191	27503	correct
338103	363814	1312	26993	NC_002945.4	NODE_45_length_26993_cov_39.112782	99.42		True
CONTIG	NODE_45_length_26993_cov_39.112782	26993	correct
306705	333298	26754	266	NC_002945.4	NODE_46_length_26754_cov_43.533293	99.6		True
CONTIG	NODE_46_length_26754_cov_43.533293	26754	correct
1386904	1412955	26052	1	NC_002945.4	NODE_47_length_26052_cov_42.834831	99.98		True
CONTIG	NODE_47_length_26052_cov_42.834831	26052	correct
3674358	3700050	1	25675	NC_002945.4	NODE_48_length_25733_cov_33.122706	99.93		True
CONTIG	NODE_48_length_25733_cov_33.122706	25733	correct
2423267	2446068	22864	177	NC_002945.4	NODE_49_length_22864_cov_45.832564	99.49		True
CONTIG	NODE_49_length_22864_cov_45.832564	22864	correct
4259930	4281691	21760	1	NC_002945.4	NODE_50_length_21760_cov_38.862710	99.98		True
CONTIG	NODE_50_length_21760_cov_38.862710	21760	correct
2140773	2158516	1	17744	NC_002945.4	NODE_51_length_20379_cov_43.386085	99.85		True
local misassembly
2158655	2158913	17745	18003	NC_002945.4	NODE_51_length_20379_cov_43.386085	100.0		True
fake: scaffold gap size wrong estimation (local)
2158914	2160444	18035	19565	NC_002945.4	NODE_51_length_20379_cov_43.386085	95.49		True
CONTIG	NODE_51_length_20379_cov_43.386085	20379	correct
1471935	1490747	1	18814	NC_002945.4	NODE_52_length_19473_cov_40.118526	99.98		True
local misassembly
1490961	1491619	18815	19473	NC_002945.4	NODE_52_length_19473_cov_40.118526	99.85		True
CONTIG	NODE_52_length_19473_cov_40.118526	19473	correct
2192685	2210157	1	17473	NC_002945.4	NODE_53_length_17548_cov_43.899547	99.93		True
CONTIG	NODE_53_length_17548_cov_43.899547	17548	correct
132735	149999	17359	95	NC_002945.4	NODE_54_length_17359_cov_45.205490	99.94		True
CONTIG	NODE_54_length_17359_cov_45.205490	17359	correct
892165	909508	1	17344	NC_002945.4	NODE_55_length_17344_cov_44.043620	99.99		True
CONTIG	NODE_55_length_17344_cov_44.043620	17344	correct
3760144	3777383	17242	1	NC_002945.4	NODE_56_length_17278_cov_43.631858	99.96		True
CONTIG	NODE_56_length_17278_cov_43.631858	17278	correct
2777028	2793848	16821	1	NC_002945.4	NODE_57_length_16988_cov_45.441848	100.0		True
CONTIG	NODE_57_length_16988_cov_45.441848	16988	correct
910050	926341	16292	1	NC_002945.4	NODE_58_length_16292_cov_46.650479	99.99		True
CONTIG	NODE_58_length_16292_cov_46.650479	16292	correct
3193780	3209294	1	15615	NC_002945.4	NODE_59_length_15615_cov_43.979791	100.0		True
CONTIG	NODE_59_length_15615_cov_43.979791	15615	correct
609085	624436	1	15352	NC_002945.4	NODE_60_length_15537_cov_43.262946	99.98		True
CONTIG	NODE_60_length_15537_cov_43.262946	15537	correct
2916851	2932292	15470	29	NC_002945.4	NODE_61_length_15470_cov_48.211693	99.92		True
CONTIG	NODE_61_length_15470_cov_48.211693	15470	correct
2409042	2422776	13735	1	NC_002945.4	NODE_62_length_13767_cov_42.358871	99.98		True
CONTIG	NODE_62_length_13767_cov_42.358871	13767	correct
3712180	3724756	12577	1	NC_002945.4	NODE_63_length_12577_cov_31.617108	99.96		True
CONTIG	NODE_63_length_12577_cov_31.617108	12577	correct
3882139	3884027	265	2201	NC_002945.4	NODE_64_length_12558_cov_20.672351	97.69		True
local misassembly
3884643	3890278	2202	7846	NC_002945.4	NODE_64_length_12558_cov_20.672351	99.79		True
local misassembly
3890969	3895303	7847	12181	NC_002945.4	NODE_64_length_12558_cov_20.672351	99.96		True
local misassembly
3895766	3895865	12182	12281	NC_002945.4	NODE_64_length_12558_cov_20.672351	99.15		True
CONTIG	NODE_64_length_12558_cov_20.672351	12558	correct
2944619	2957076	1	12458	NC_002945.4	NODE_65_length_12458_cov_44.199903	99.98		True
CONTIG	NODE_65_length_12458_cov_44.199903	12458	correct
4281682	4293955	12274	1	NC_002945.4	NODE_66_length_12274_cov_39.979336	99.98		True
CONTIG	NODE_66_length_12274_cov_39.979336	12274	correct
3700311	3711403	26	11118	NC_002945.4	NODE_67_length_11118_cov_31.802020	100.0		True
CONTIG	NODE_67_length_11118_cov_31.802020	11118	correct
3209339	3219354	156	10171	NC_002945.4	NODE_68_length_10171_cov_42.860912	100.0		True
CONTIG	NODE_68_length_10171_cov_42.860912	10171	correct
2933800	2943963	1	10164	NC_002945.4	NODE_69_length_10164_cov_44.095546	99.99		True
CONTIG	NODE_69_length_10164_cov_44.095546	10164	correct
1623836	1633300	157	9573	NC_002945.4	NODE_70_length_9573_cov_37.711624	99.44		True
CONTIG	NODE_70_length_9573_cov_37.711624	9573	correct
2446126	2453624	1	7499	NC_002945.4	NODE_71_length_7499_cov_43.183668	100.0		True
CONTIG	NODE_71_length_7499_cov_43.183668	7499	correct
4294620	4301863	7450	207	NC_002945.4	NODE_72_length_7450_cov_37.044654	99.99		True
CONTIG	NODE_72_length_7450_cov_37.044654	7450	correct
2793853	2799828	1	5976	NC_002945.4	NODE_73_length_5976_cov_38.735339	99.98		True
CONTIG	NODE_73_length_5976_cov_38.735339	5976	correct
1987175	1992127	4954	1	NC_002945.4	NODE_74_length_5163_cov_48.827641	99.96		True
CONTIG	NODE_74_length_5163_cov_48.827641	5163	correct
1214750	1218348	3710	112	NC_002945.4	NODE_75_length_4668_cov_32.255450	100.0		True
local misassembly
1213949	1214774	4655	3830	NC_002945.4	NODE_75_length_4668_cov_32.255450	99.76		True
CONTIG	NODE_75_length_4668_cov_32.255450	4668	correct
3980228	3984532	1	4305	NC_002945.4	NODE_76_length_4305_cov_42.950694	100.0		True
CONTIG	NODE_76_length_4305_cov_42.950694	4305	correct
1165899	1169900	1	4002	NC_002945.4	NODE_77_length_4002_cov_42.405161	99.98		True
CONTIG	NODE_77_length_4002_cov_42.405161	4002	correct
1993335	1996495	3465	305	NC_002945.4	NODE_78_length_3465_cov_39.558418	99.97		True
CONTIG	NODE_78_length_3465_cov_39.558418	3465	correct
2284620	2287647	3028	1	NC_002945.4	NODE_79_length_3028_cov_30.943812	99.77		True
CONTIG	NODE_79_length_3028_cov_30.943812	3028	correct
2290710	2293716	1	3007	NC_002945.4	NODE_80_length_3007_cov_34.050347	100.0		True
CONTIG	NODE_80_length_3007_cov_34.050347	3007	correct
3880455	3881088	634	1	NC_002945.4	NODE_81_length_2487_cov_9.307627	100.0		True
local misassembly
3878337	3880100	2398	635	NC_002945.4	NODE_81_length_2487_cov_9.307627	100.0		True
CONTIG	NODE_81_length_2487_cov_9.307627	2487	correct
928970	930605	1685	50	NC_002945.4	NODE_82_length_2480_cov_10.680408	100.0		True
local misassembly
928328	928975	2480	1824	NC_002945.4	NODE_82_length_2480_cov_10.680408	98.63		True
CONTIG	NODE_82_length_2480_cov_10.680408	2480	correct
1094135	1094476	342	1	NC_002945.4	NODE_83_length_2434_cov_26.118336	99.65		True
indel: stretch of mismatches
1091944	1094134	2434	343	NC_002945.4	NODE_83_length_2434_cov_26.118336	95.48		True
CONTIG	NODE_83_length_2434_cov_26.118336	2434	correct
607662	609211	1	1550	NC_002945.4	NODE_84_length_1550_cov_72.711876	99.94		True
CONTIG	NODE_84_length_1550_cov_72.711876	1550	correct
4193589	4195052	1	1464	NC_002945.4	NODE_85_length_1464_cov_86.710546	100.0		True
CONTIG	NODE_85_length_1464_cov_86.710546	1464	correct
3443593	3445031	1439	1	NC_002945.4	NODE_86_length_1439_cov_45.892530	100.0		True
CONTIG	NODE_86_length_1439_cov_45.892530	1439	correct
336693	338040	1348	1	NC_002945.4	NODE_87_length_1434_cov_19.017598	100.0		True
CONTIG	NODE_87_length_1434_cov_19.017598	1434	correct
2774223	2775599	1377	1	NC_002945.4	NODE_88_length_1377_cov_6.091200	100.0		True
CONTIG	NODE_88_length_1377_cov_6.091200	1377	correct
2324636	2325842	144	1350	NC_002945.4	NODE_89_length_1350_cov_39.744890	100.0		True
CONTIG	NODE_89_length_1350_cov_39.744890	1350	correct
3673145	3674484	1340	1	NC_002945.4	NODE_90_length_1340_cov_83.576257	100.0		True
CONTIG	NODE_90_length_1340_cov_83.576257	1340	correct
3835659	3836979	1321	1	NC_002945.4	NODE_91_length_1321_cov_94.305695	99.77		True
CONTIG	NODE_91_length_1321_cov_94.305695	1321	correct
2288581	2289835	1255	1	NC_002945.4	NODE_92_length_1255_cov_41.659574	100.0		True
CONTIG	NODE_92_length_1255_cov_41.659574	1255	correct
845927	846020	130	37	NC_002945.4	NODE_93_length_1235_cov_17.663357	99.14		True
relocation, inconsistency = 5111
839718	840815	131	1228	NC_002945.4	NODE_93_length_1235_cov_17.663357	100.0		True
CONTIG	NODE_93_length_1235_cov_17.663357	1235	misassembled
2287521	2288707	1	1187	NC_002945.4	NODE_94_length_1187_cov_39.082075	100.0		True
CONTIG	NODE_94_length_1187_cov_39.082075	1187	correct
2289709	2290836	1128	1	NC_002945.4	NODE_95_length_1128_cov_84.752248	99.91		True
CONTIG	NODE_95_length_1128_cov_84.752248	1128	correct
3711277	3712306	1	1030	NC_002945.4	NODE_96_length_1030_cov_86.047619	100.0		True
CONTIG	NODE_96_length_1030_cov_86.047619	1030	correct
335659	336534	876	1	NC_002945.4	NODE_97_length_1024_cov_5.092531	99.89		True
CONTIG	NODE_97_length_1024_cov_5.092531	1024	correct
1165044	1166025	982	1	NC_002945.4	NODE_98_length_982_cov_94.111111	100.0		True
CONTIG	NODE_98_length_982_cov_94.111111	982	correct
1169775	1170683	1	909	NC_002945.4	NODE_99_length_909_cov_275.342711	100.0		True
CONTIG	NODE_99_length_909_cov_275.342711	909	correct
3341521	3342410	890	1	NC_002945.4	NODE_100_length_890_cov_26.648755	100.0		True
CONTIG	NODE_100_length_890_cov_26.648755	890	correct
2191968	2192811	1	844	NC_002945.4	NODE_101_length_844_cov_80.507671	100.0		True
CONTIG	NODE_101_length_844_cov_80.507671	844	correct
909382	910176	795	1	NC_002945.4	NODE_102_length_795_cov_89.532934	100.0		True
CONTIG	NODE_102_length_795_cov_89.532934	795	correct
2773538	2774141	604	1	NC_002945.4	NODE_103_length_755_cov_2.863057	100.0		True
CONTIG	NODE_103_length_755_cov_2.863057	755	correct
3884157	3884276	137	18	NC_002945.4	NODE_104_length_751_cov_12.703526	97.5		True
local misassembly
3884167	3884745	751	191	NC_002945.4	NODE_104_length_751_cov_12.703526	96.72		True
CONTIG	NODE_104_length_751_cov_12.703526	751	correct
2693295	2694038	1	744	NC_002945.4	NODE_105_length_744_cov_87.050243	100.0		True
CONTIG	NODE_105_length_744_cov_87.050243	744	correct
3979428	3980026	123	721	NC_002945.4	NODE_106_length_721_cov_2.069024	99.83		True
CONTIG	NODE_106_length_721_cov_2.069024	721	correct
1342064	1342697	634	1	NC_002945.4	NODE_107_length_634_cov_63.362919	100.0		True
CONTIG	NODE_107_length_634_cov_63.362919	634	correct
674185	674526	496	155	NC_002945.4	NODE_108_length_606_cov_1.770355	100.0		True
CONTIG	NODE_108_length_606_cov_1.770355	606	correct
673774	674071	319	22	NC_002945.4	NODE_109_length_578_cov_1.991131	99.33		True
indel: indel (> 5bp)
673470	673728	578	320	NC_002945.4	NODE_109_length_578_cov_1.991131	100.0		True
CONTIG	NODE_109_length_578_cov_1.991131	578	correct
