S1	E1	S2	E2	Reference	Contig	IDY	Ambiguous	Best_group
363946	624635	260421	1	NC_002945.4	NODE_1_length_260471_cov_44.679996	99.88		True
CONTIG	NODE_1_length_260471_cov_44.679996	260471	correct
2444879	2665818	1	220998	NC_002945.4	NODE_2_length_220998_cov_43.898429	99.96		True
CONTIG	NODE_2_length_220998_cov_43.898429	220998	correct
3488378	3673271	184786	1	NC_002945.4	NODE_3_length_184786_cov_45.014080	99.93		True
CONTIG	NODE_3_length_184786_cov_45.014080	184786	correct
3015725	3124557	108197	1	NC_002945.4	NODE_4_length_166731_cov_44.698477	99.2		True
local misassembly
2957039	3015625	166731	108198	NC_002945.4	NODE_4_length_166731_cov_44.698477	99.9		True
CONTIG	NODE_4_length_166731_cov_44.698477	166731	correct
676593	824045	1	147454	NC_002945.4	NODE_5_length_160902_cov_44.446916	99.99		True
local misassembly
824601	838048	147455	160902	NC_002945.4	NODE_5_length_160902_cov_44.446916	99.98		True
CONTIG	NODE_5_length_160902_cov_44.446916	160902	correct
4294637	4349904	240	55506	NC_002945.4	NODE_6_length_158825_cov_45.516932	99.99		True
fake: not a misassembly [linear representation of circular genome]
1	29469	55507	84975	NC_002945.4	NODE_6_length_158825_cov_45.516932	99.99		True
local misassembly
30083	103918	84977	158825	NC_002945.4	NODE_6_length_158825_cov_45.516932	99.96		True
CONTIG	NODE_6_length_158825_cov_45.516932	158825	correct
4035927	4193715	197	157870	NC_002945.4	NODE_7_length_157870_cov_43.991353	99.92		True
CONTIG	NODE_7_length_157870_cov_43.991353	157870	correct
149980	306671	1	156665	NC_002945.4	NODE_8_length_156806_cov_44.279655	99.97		True
CONTIG	NODE_8_length_156806_cov_44.279655	156806	correct
1574441	1633320	58815	1	NC_002945.4	NODE_9_length_140822_cov_44.936764	99.87		True
local misassembly
1491921	1573904	140822	58839	NC_002945.4	NODE_9_length_140822_cov_44.936764	99.93		True
CONTIG	NODE_9_length_140822_cov_44.936764	140822	correct
1638948	1769053	130197	93	NC_002945.4	NODE_10_length_130348_cov_47.121977	99.99		True
CONTIG	NODE_10_length_130348_cov_47.121977	130348	correct
1010930	1092122	81319	124	NC_002945.4	NODE_11_length_120858_cov_44.790460	99.99		True
relocation, inconsistency = 1457
970273	1009472	120518	81320	NC_002945.4	NODE_11_length_120858_cov_44.790460	99.98		True
CONTIG	NODE_11_length_120858_cov_44.790460	120858	misassembled
3297493	3338802	41479	1	NC_002945.4	NODE_12_length_119668_cov_44.210982	99.82		True
indel: stretch of mismatches
3219361	3297478	119668	41494	NC_002945.4	NODE_12_length_119668_cov_44.210982	99.92		True
CONTIG	NODE_12_length_119668_cov_44.210982	119668	correct
1869442	1985589	1	115682	NC_002945.4	NODE_13_length_115682_cov_44.247648	99.58		True
CONTIG	NODE_13_length_115682_cov_44.247648	115682	correct
2056954	2083604	1	26651	NC_002945.4	NODE_14_length_104417_cov_45.594036	99.98		True
local misassembly
2083596	2158516	26790	101710	NC_002945.4	NODE_14_length_104417_cov_45.594036	99.98		True
local misassembly
2158655	2159088	101711	102144	NC_002945.4	NODE_14_length_104417_cov_45.594036	100.0		True
fake: scaffold gap size wrong estimation (local)
2160645	2160846	103507	103708	NC_002945.4	NODE_14_length_104417_cov_45.594036	100.0		True
fake: scaffold gap size wrong estimation (local)
2160997	2161605	103809	104417	NC_002945.4	NODE_14_length_104417_cov_45.594036	99.84		True
CONTIG	NODE_14_length_104417_cov_45.594036	104417	correct
3343594	3442410	1	98885	NC_002945.4	NODE_15_length_98885_cov_46.026965	99.92		True
CONTIG	NODE_15_length_98885_cov_46.026965	98885	correct
3898832	3979456	1	80625	NC_002945.4	NODE_16_length_80625_cov_45.324145	99.99		True
CONTIG	NODE_16_length_80625_cov_45.324145	80625	correct
2693912	2773057	79145	1	NC_002945.4	NODE_17_length_79145_cov_44.087410	99.99		True
CONTIG	NODE_17_length_79145_cov_44.087410	79145	correct
1779460	1853772	74479	167	NC_002945.4	NODE_18_length_74479_cov_44.827927	99.99		True
CONTIG	NODE_18_length_74479_cov_44.827927	74479	correct
1092454	1165170	1	72717	NC_002945.4	NODE_19_length_72717_cov_43.971952	99.98		True
CONTIG	NODE_19_length_72717_cov_43.971952	72717	correct
3124683	3193870	69134	1	NC_002945.4	NODE_20_length_69365_cov_44.693608	99.91		True
CONTIG	NODE_20_length_69365_cov_44.693608	69365	correct
2343840	2408650	64753	1	NC_002945.4	NODE_21_length_64753_cov_41.083217	99.9		True
CONTIG	NODE_21_length_64753_cov_41.083217	64753	correct
4194926	4259153	1	64228	NC_002945.4	NODE_22_length_64228_cov_46.855915	99.99		True
CONTIG	NODE_22_length_64228_cov_46.855915	64228	correct
2852558	2916224	1	63667	NC_002945.4	NODE_23_length_63667_cov_43.473843	99.98		True
CONTIG	NODE_23_length_63667_cov_43.473843	63667	correct
1280097	1343223	1	63189	NC_002945.4	NODE_24_length_63189_cov_48.452824	99.89		True
CONTIG	NODE_24_length_63189_cov_48.452824	63189	correct
1219272	1278412	59141	1	NC_002945.4	NODE_25_length_59141_cov_44.008862	99.99		True
CONTIG	NODE_25_length_59141_cov_44.008862	59141	correct
3777400	3835785	1	58318	NC_002945.4	NODE_26_length_58318_cov_45.224004	99.87		True
CONTIG	NODE_26_length_58318_cov_45.224004	58318	correct
1413935	1470724	56733	1	NC_002945.4	NODE_27_length_56733_cov_46.474155	99.89		True
CONTIG	NODE_27_length_56733_cov_46.474155	56733	correct
2801012	2852091	1	51080	NC_002945.4	NODE_28_length_51080_cov_45.031716	99.99		True
CONTIG	NODE_28_length_51080_cov_45.031716	51080	correct
4000854	4035705	34852	1	NC_002945.4	NODE_29_length_50547_cov_43.992067	99.98		True
fake: scaffold gap size wrong estimation (local)
3985210	4000631	50374	34953	NC_002945.4	NODE_29_length_50547_cov_43.992067	100.0		True
CONTIG	NODE_29_length_50547_cov_43.992067	50547	correct
842727	891078	48352	1	NC_002945.4	NODE_30_length_48540_cov_44.106934	99.99		True
CONTIG	NODE_30_length_48540_cov_44.106934	48540	correct
625417	673271	1	47855	NC_002945.4	NODE_31_length_48251_cov_43.443168	99.99		True
CONTIG	NODE_31_length_48251_cov_43.443168	48251	correct
1996342	2041033	1	44692	NC_002945.4	NODE_32_length_44692_cov_44.522585	99.98		True
CONTIG	NODE_32_length_44692_cov_44.522585	44692	correct
1343879	1386654	42781	1	NC_002945.4	NODE_33_length_42781_cov_44.284053	99.99		True
CONTIG	NODE_33_length_42781_cov_44.284053	42781	correct
3445573	3488322	42750	1	NC_002945.4	NODE_34_length_42750_cov_46.315792	99.97		True
CONTIG	NODE_34_length_42750_cov_46.315792	42750	correct
928338	928975	116	762	NC_002945.4	NODE_35_length_42476_cov_41.712886	98.61		True
local misassembly
928970	970128	901	42299	NC_002945.4	NODE_35_length_42476_cov_41.712886	99.4		True
CONTIG	NODE_35_length_42476_cov_41.712886	42476	correct
3836888	3877911	41235	211	NC_002945.4	NODE_36_length_41235_cov_43.583512	99.98		True
CONTIG	NODE_36_length_41235_cov_43.583512	41235	correct
3674358	3699799	1	25424	NC_002945.4	NODE_37_length_40843_cov_32.812261	99.93		True
relocation, inconsistency = -1845923
1853877	1869295	25425	40843	NC_002945.4	NODE_37_length_40843_cov_32.812261	99.99		True
CONTIG	NODE_37_length_40843_cov_32.812261	40843	misassembled
1192713	1213474	20858	94	NC_002945.4	NODE_38_length_39630_cov_43.988887	99.89		True
relocation, inconsistency = 2858
1171083	1189854	39630	20859	NC_002945.4	NODE_38_length_39630_cov_43.988887	99.99		True
CONTIG	NODE_38_length_39630_cov_43.988887	39630	misassembled
2246088	2283745	144	37803	NC_002945.4	NODE_39_length_37803_cov_47.890089	99.95		True
CONTIG	NODE_39_length_37803_cov_47.890089	37803	correct
2210106	2246069	21	35984	NC_002945.4	NODE_40_length_35984_cov_49.971358	100.0		True
CONTIG	NODE_40_length_35984_cov_49.971358	35984	correct
3737665	3758844	21301	122	NC_002945.4	NODE_41_length_33910_cov_44.886541	100.0		True
local misassembly
3724846	3737454	33910	21302	NC_002945.4	NODE_41_length_33910_cov_44.886541	99.98		True
CONTIG	NODE_41_length_33910_cov_44.886541	33910	correct
2161870	2192094	1	30226	NC_002945.4	NODE_42_length_30226_cov_46.568158	99.99		True
CONTIG	NODE_42_length_30226_cov_46.568158	30226	correct
2294650	2324492	1	29843	NC_002945.4	NODE_43_length_29843_cov_41.379089	99.99		True
CONTIG	NODE_43_length_29843_cov_41.379089	29843	correct
2666093	2693421	1	27328	NC_002945.4	NODE_44_length_27328_cov_44.663909	99.99		True
CONTIG	NODE_44_length_27328_cov_44.663909	27328	correct
105040	131937	1	26898	NC_002945.4	NODE_45_length_26985_cov_43.964852	99.98		True
CONTIG	NODE_45_length_26985_cov_43.964852	26985	correct
306709	333298	26647	163	NC_002945.4	NODE_46_length_26650_cov_44.019530	99.6		True
CONTIG	NODE_46_length_26650_cov_44.019530	26650	correct
338173	363824	25576	12	NC_002945.4	NODE_47_length_25732_cov_37.926264	99.63		True
CONTIG	NODE_47_length_25732_cov_37.926264	25732	correct
1387301	1412955	25655	1	NC_002945.4	NODE_48_length_25655_cov_43.958594	99.98		True
CONTIG	NODE_48_length_25655_cov_43.958594	25655	correct
4259930	4281641	21710	1	NC_002945.4	NODE_49_length_21710_cov_44.875921	99.98		True
CONTIG	NODE_49_length_21710_cov_44.875921	21710	correct
2423267	2444896	1	21630	NC_002945.4	NODE_50_length_21630_cov_45.210901	99.99		True
CONTIG	NODE_50_length_21630_cov_45.210901	21630	correct
1490961	1491259	311	13	NC_002945.4	NODE_51_length_19125_cov_51.478998	100.0		True
local misassembly
1471935	1490747	19125	312	NC_002945.4	NODE_51_length_19125_cov_51.478998	99.98		True
CONTIG	NODE_51_length_19125_cov_51.478998	19125	correct
3759331	3777383	1	18055	NC_002945.4	NODE_52_length_18055_cov_39.982095	99.96		True
CONTIG	NODE_52_length_18055_cov_39.982095	18055	correct
2192685	2210006	1	17322	NC_002945.4	NODE_53_length_17617_cov_50.777873	99.99		True
CONTIG	NODE_53_length_17617_cov_50.777873	17617	correct
132526	149840	17431	117	NC_002945.4	NODE_54_length_17431_cov_47.779415	99.97		True
CONTIG	NODE_54_length_17431_cov_47.779415	17431	correct
2326343	2343716	17374	1	NC_002945.4	NODE_55_length_17425_cov_40.609261	99.98		True
CONTIG	NODE_55_length_17425_cov_40.609261	17425	correct
892165	909508	17344	1	NC_002945.4	NODE_56_length_17344_cov_46.706395	99.99		True
CONTIG	NODE_56_length_17344_cov_46.706395	17344	correct
2776890	2793850	16961	1	NC_002945.4	NODE_57_length_16961_cov_47.492634	100.0		True
CONTIG	NODE_57_length_16961_cov_47.492634	16961	correct
910050	926301	16252	1	NC_002945.4	NODE_58_length_16252_cov_47.253333	99.98		True
CONTIG	NODE_58_length_16252_cov_47.253333	16252	correct
3193780	3209295	15616	1	NC_002945.4	NODE_59_length_15616_cov_46.424753	100.0		True
CONTIG	NODE_59_length_15616_cov_46.424753	15616	correct
2041180	2056408	15229	1	NC_002945.4	NODE_60_length_15408_cov_44.580001	99.99		True
CONTIG	NODE_60_length_15408_cov_44.580001	15408	correct
2916851	2932131	1	15281	NC_002945.4	NODE_61_length_15281_cov_48.259667	99.97		True
CONTIG	NODE_61_length_15281_cov_48.259667	15281	correct
2409042	2422776	13735	1	NC_002945.4	NODE_62_length_13754_cov_43.964996	99.98		True
CONTIG	NODE_62_length_13754_cov_43.964996	13754	correct
3712180	3724959	1	12780	NC_002945.4	NODE_63_length_12780_cov_31.906188	99.96		True
CONTIG	NODE_63_length_12780_cov_31.906188	12780	correct
3890969	3895304	4499	164	NC_002945.4	NODE_64_length_12592_cov_19.406097	99.87		True
local misassembly
3884643	3890278	10144	4500	NC_002945.4	NODE_64_length_12592_cov_19.406097	99.81		True
local misassembly
3882139	3884027	12081	10145	NC_002945.4	NODE_64_length_12592_cov_19.406097	97.69		True
local misassembly
3881796	3882191	12592	12197	NC_002945.4	NODE_64_length_12592_cov_19.406097	96.72		True
CONTIG	NODE_64_length_12592_cov_19.406097	12592	correct
2944619	2957076	12458	1	NC_002945.4	NODE_65_length_12458_cov_42.089206	99.98		True
CONTIG	NODE_65_length_12458_cov_42.089206	12458	correct
4281659	4293929	12271	1	NC_002945.4	NODE_66_length_12271_cov_44.850214	99.99		True
CONTIG	NODE_66_length_12271_cov_44.850214	12271	correct
3700311	3711403	11093	1	NC_002945.4	NODE_67_length_11112_cov_31.096495	99.99		True
CONTIG	NODE_67_length_11112_cov_31.096495	11112	correct
2934042	2943963	9922	1	NC_002945.4	NODE_68_length_10172_cov_44.061822	99.99		True
CONTIG	NODE_68_length_10172_cov_44.061822	10172	correct
3209297	3219347	1	10051	NC_002945.4	NODE_69_length_10051_cov_44.469468	100.0		True
CONTIG	NODE_69_length_10051_cov_44.469468	10051	correct
2793853	2799828	1	5976	NC_002945.4	NODE_70_length_5976_cov_42.033852	99.98		True
CONTIG	NODE_70_length_5976_cov_42.033852	5976	correct
1987032	1992127	1	5097	NC_002945.4	NODE_71_length_5097_cov_48.200402	99.96		True
CONTIG	NODE_71_length_5097_cov_48.200402	5097	correct
1213935	1214774	1	840	NC_002945.4	NODE_72_length_4591_cov_34.949821	99.64		True
local misassembly
1214750	1218381	960	4591	NC_002945.4	NODE_72_length_4591_cov_34.949821	100.0		True
CONTIG	NODE_72_length_4591_cov_34.949821	4591	correct
1165899	1169900	1	4002	NC_002945.4	NODE_73_length_4002_cov_48.154065	99.98		True
CONTIG	NODE_73_length_4002_cov_48.154065	4002	correct
3980114	3984079	3966	1	NC_002945.4	NODE_74_length_3987_cov_41.169171	100.0		True
CONTIG	NODE_74_length_3987_cov_41.169171	3987	correct
1993335	1996204	1	2870	NC_002945.4	NODE_75_length_3122_cov_43.810351	99.72		True
CONTIG	NODE_75_length_3122_cov_43.810351	3122	correct
1635657	1638240	1	2635	NC_002945.4	NODE_76_length_3052_cov_21.260855	98.06		True
local misassembly
1638385	1638801	2636	3052	NC_002945.4	NODE_76_length_3052_cov_21.260855	100.0		True
CONTIG	NODE_76_length_3052_cov_21.260855	3052	correct
2284620	2287647	3028	1	NC_002945.4	NODE_77_length_3028_cov_33.414685	99.77		True
CONTIG	NODE_77_length_3028_cov_33.414685	3028	correct
2290710	2293716	1	3007	NC_002945.4	NODE_78_length_3007_cov_32.422917	100.0		True
CONTIG	NODE_78_length_3007_cov_32.422917	3007	correct
3878222	3881088	1	2867	NC_002945.4	NODE_79_length_2867_cov_8.272993	100.0		True
CONTIG	NODE_79_length_2867_cov_8.272993	2867	correct
1190378	1192984	2607	1	NC_002945.4	NODE_80_length_2607_cov_17.648387	99.92		True
CONTIG	NODE_80_length_2607_cov_17.648387	2607	correct
673511	674352	120	961	NC_002945.4	NODE_81_length_1676_cov_3.904454	99.64		True
local misassembly
675310	676024	962	1676	NC_002945.4	NODE_81_length_1676_cov_3.904454	100.0		True
CONTIG	NODE_81_length_1676_cov_3.904454	1676	correct
4193589	4195052	1	1464	NC_002945.4	NODE_82_length_1464_cov_97.691847	100.0		True
CONTIG	NODE_82_length_1464_cov_97.691847	1464	correct
3443593	3445031	1439	1	NC_002945.4	NODE_83_length_1439_cov_57.423018	100.0		True
CONTIG	NODE_83_length_1439_cov_57.423018	1439	correct
3897145	3898585	1432	1	NC_002945.4	NODE_84_length_1432_cov_26.215326	99.38		True
CONTIG	NODE_84_length_1432_cov_26.215326	1432	correct
2774182	2775605	1	1424	NC_002945.4	NODE_85_length_1424_cov_7.993061	100.0		True
CONTIG	NODE_85_length_1424_cov_7.993061	1424	correct
2324567	2325846	1280	1	NC_002945.4	NODE_86_length_1402_cov_37.794510	100.0		True
CONTIG	NODE_86_length_1402_cov_37.794510	1402	correct
336693	337937	125	1369	NC_002945.4	NODE_87_length_1369_cov_19.181159	100.0		True
CONTIG	NODE_87_length_1369_cov_19.181159	1369	correct
890952	892291	1340	1	NC_002945.4	NODE_88_length_1340_cov_89.958780	100.0		True
CONTIG	NODE_88_length_1340_cov_89.958780	1340	correct
3339137	3340461	1	1325	NC_002945.4	NODE_89_length_1325_cov_47.428214	100.0		True
CONTIG	NODE_89_length_1325_cov_47.428214	1325	correct
3835659	3836979	1	1321	NC_002945.4	NODE_90_length_1321_cov_93.234506	99.77		True
CONTIG	NODE_90_length_1321_cov_93.234506	1321	correct
2288581	2289835	1	1255	NC_002945.4	NODE_91_length_1255_cov_43.604610	100.0		True
CONTIG	NODE_91_length_1255_cov_43.604610	1255	correct
2287521	2288707	1	1187	NC_002945.4	NODE_92_length_1187_cov_41.734906	100.0		True
CONTIG	NODE_92_length_1187_cov_41.734906	1187	correct
839748	840887	1140	1	NC_002945.4	NODE_93_length_1140_cov_15.000987	100.0		True
CONTIG	NODE_93_length_1140_cov_15.000987	1140	correct
2289709	2290836	1	1128	NC_002945.4	NODE_94_length_1128_cov_84.105894	99.91		True
CONTIG	NODE_94_length_1128_cov_84.105894	1128	correct
3711277	3712306	1	1030	NC_002945.4	NODE_95_length_1030_cov_88.126246	100.0		True
CONTIG	NODE_95_length_1030_cov_88.126246	1030	correct
1165044	1166025	982	1	NC_002945.4	NODE_96_length_982_cov_94.830409	100.0		True
CONTIG	NODE_96_length_982_cov_94.830409	982	correct
3442285	3443193	909	1	NC_002945.4	NODE_97_length_909_cov_286.627877	100.0		True
CONTIG	NODE_97_length_909_cov_286.627877	909	correct
3341521	3342410	1	890	NC_002945.4	NODE_98_length_890_cov_34.081258	100.0		True
CONTIG	NODE_98_length_890_cov_34.081258	890	correct
2191968	2192811	1	844	NC_002945.4	NODE_99_length_844_cov_87.693166	100.0		True
CONTIG	NODE_99_length_844_cov_87.693166	844	correct
909382	910176	795	1	NC_002945.4	NODE_100_length_795_cov_102.850299	100.0		True
CONTIG	NODE_100_length_795_cov_102.850299	795	correct
1633365	1634082	781	64	NC_002945.4	NODE_101_length_781_cov_4.842508	100.0		True
CONTIG	NODE_101_length_781_cov_4.842508	781	correct
2422650	2423393	1	744	NC_002945.4	NODE_102_length_744_cov_88.019449	100.0		True
CONTIG	NODE_102_length_744_cov_88.019449	744	correct
CONTIG	NODE_103_length_727_cov_1.651667	727	unaligned
1985808	1986490	683	1	NC_002945.4	NODE_104_length_683_cov_3.757194	100.0		True
CONTIG	NODE_104_length_683_cov_3.757194	683	correct
CONTIG	NODE_105_length_637_cov_0.586275	637	unaligned
3340552	3341186	635	1	NC_002945.4	NODE_106_length_635_cov_33.974409	100.0		True
CONTIG	NODE_106_length_635_cov_33.974409	635	correct
CONTIG	NODE_107_length_635_cov_0.690945	635	unaligned
2932423	2932842	420	1	NC_002945.4	NODE_108_length_623_cov_1.294355	99.76		True
CONTIG	NODE_108_length_623_cov_1.294355	623	correct
2773511	2774071	590	30	NC_002945.4	NODE_109_length_590_cov_4.190065	99.64		True
CONTIG	NODE_109_length_590_cov_4.190065	590	correct
3338676	3339263	588	1	NC_002945.4	NODE_110_length_588_cov_63.492408	100.0		True
CONTIG	NODE_110_length_588_cov_63.492408	588	correct
CONTIG	NODE_111_length_561_cov_1.700461	561	unaligned
CONTIG	NODE_112_length_555_cov_0.796729	555	unaligned
132020	132399	554	175	NC_002945.4	NODE_113_length_554_cov_1.597190	100.0		True
CONTIG	NODE_113_length_554_cov_1.597190	554	correct
