S1	E1	S2	E2	Reference	Contig	IDY	Ambiguous	Best_group
2944619	3209274	263856	2	NC_002945.4	NODE_1_length_263856_cov_33.179806	99.56		True
CONTIG	NODE_1_length_263856_cov_33.179806	263856	correct
3445573	3673271	227591	1	NC_002945.4	NODE_2_length_227591_cov_33.769660	99.93		True
CONTIG	NODE_2_length_227591_cov_33.769660	227591	correct
2453720	2665719	212122	71	NC_002945.4	NODE_3_length_212305_cov_32.686098	99.96		True
CONTIG	NODE_3_length_212305_cov_32.686098	212305	correct
402605	607788	204915	1	NC_002945.4	NODE_4_length_204915_cov_33.088482	99.86		True
CONTIG	NODE_4_length_204915_cov_33.088482	204915	correct
676594	824045	1	147453	NC_002945.4	NODE_5_length_161002_cov_33.136628	99.99		True
local misassembly
824601	838020	147454	160873	NC_002945.4	NODE_5_length_161002_cov_33.136628	99.98		True
CONTIG	NODE_5_length_161002_cov_33.136628	161002	correct
4036073	4193715	157528	1	NC_002945.4	NODE_6_length_157572_cov_32.798145	99.92		True
CONTIG	NODE_6_length_157572_cov_32.798145	157572	correct
150227	306675	156422	1	NC_002945.4	NODE_7_length_156668_cov_33.478922	99.97		True
CONTIG	NODE_7_length_156668_cov_33.478922	156668	correct
4309413	4349904	35	40525	NC_002945.4	NODE_8_length_143844_cov_33.976363	99.99		True
fake: not a misassembly [linear representation of circular genome]
1	29469	40526	69994	NC_002945.4	NODE_8_length_143844_cov_33.976363	99.99		True
local misassembly
30083	103918	69996	143844	NC_002945.4	NODE_8_length_143844_cov_33.976363	99.96		True
CONTIG	NODE_8_length_143844_cov_33.976363	143844	correct
3297603	3342937	45386	1	NC_002945.4	NODE_9_length_133804_cov_33.386417	99.96		True
local misassembly
3209306	3297520	133804	45587	NC_002945.4	NODE_9_length_133804_cov_33.386417	99.87		True
CONTIG	NODE_9_length_133804_cov_33.386417	133804	correct
1638898	1769053	130247	93	NC_002945.4	NODE_10_length_130316_cov_34.594705	99.99		True
CONTIG	NODE_10_length_130316_cov_34.594705	130316	correct
970202	1009472	1	39270	NC_002945.4	NODE_11_length_119743_cov_33.068243	99.98		True
relocation, inconsistency = 1457
1010930	1091276	39271	119620	NC_002945.4	NODE_11_length_119743_cov_33.068243	99.99		True
CONTIG	NODE_11_length_119743_cov_33.068243	119743	misassembled
1869338	1985647	115844	1	NC_002945.4	NODE_12_length_115844_cov_32.290052	99.58		True
CONTIG	NODE_12_length_115844_cov_32.290052	115844	correct
3343594	3442410	98885	1	NC_002945.4	NODE_13_length_98885_cov_34.613166	99.92		True
CONTIG	NODE_13_length_98885_cov_34.613166	98885	correct
2057046	2083604	199	26757	NC_002945.4	NODE_14_length_84027_cov_33.610369	99.98		True
local misassembly
2083596	2140727	26896	84027	NC_002945.4	NODE_14_length_84027_cov_33.610369	99.99		True
CONTIG	NODE_14_length_84027_cov_33.610369	84027	correct
3897145	3979447	1	82294	NC_002945.4	NODE_15_length_82330_cov_33.686642	99.98		True
CONTIG	NODE_15_length_82330_cov_33.686642	82330	correct
1491913	1573267	81483	129	NC_002945.4	NODE_16_length_81483_cov_35.100128	99.93		True
CONTIG	NODE_16_length_81483_cov_35.100128	81483	correct
2693912	2773057	1	79145	NC_002945.4	NODE_17_length_79295_cov_32.605207	99.99		True
CONTIG	NODE_17_length_79295_cov_32.605207	79295	correct
1779460	1853429	74163	194	NC_002945.4	NODE_18_length_74163_cov_33.513588	99.99		True
CONTIG	NODE_18_length_74163_cov_33.513588	74163	correct
1096985	1165170	1	68186	NC_002945.4	NODE_19_length_68186_cov_33.233929	99.99		True
CONTIG	NODE_19_length_68186_cov_33.233929	68186	correct
2372453	2408824	36316	3	NC_002945.4	NODE_20_length_64569_cov_31.098818	99.83		True
local misassembly
2343843	2372095	64569	36317	NC_002945.4	NODE_20_length_64569_cov_31.098818	99.99		True
CONTIG	NODE_20_length_64569_cov_31.098818	64569	correct
1997226	2040542	194	43510	NC_002945.4	NODE_21_length_64468_cov_33.270823	99.98		True
local misassembly
2041179	2056334	43511	58666	NC_002945.4	NODE_21_length_64468_cov_33.270823	99.99		True
relocation, inconsistency = -69081
1987254	1993054	58667	64468	NC_002945.4	NODE_21_length_64468_cov_33.270823	99.97		True
CONTIG	NODE_21_length_64468_cov_33.270823	64468	misassembled
2852106	2916271	22	64187	NC_002945.4	NODE_22_length_64296_cov_32.546276	99.98		True
CONTIG	NODE_22_length_64296_cov_32.546276	64296	correct
4194926	4259153	1	64228	NC_002945.4	NODE_23_length_64228_cov_35.347389	99.99		True
CONTIG	NODE_23_length_64228_cov_35.347389	64228	correct
1280097	1342059	62025	1	NC_002945.4	NODE_24_length_62025_cov_34.054832	99.89		True
CONTIG	NODE_24_length_62025_cov_34.054832	62025	correct
1219666	1278412	58747	1	NC_002945.4	NODE_25_length_58747_cov_33.023234	99.99		True
CONTIG	NODE_25_length_58747_cov_33.023234	58747	correct
3777400	3835785	1	58318	NC_002945.4	NODE_26_length_58318_cov_33.003763	99.87		True
CONTIG	NODE_26_length_58318_cov_33.003763	58318	correct
1413935	1470724	56733	1	NC_002945.4	NODE_27_length_56733_cov_35.004505	99.89		True
CONTIG	NODE_27_length_56733_cov_35.004505	56733	correct
4000854	4035834	34981	1	NC_002945.4	NODE_28_length_55507_cov_32.753503	99.98		True
local misassembly
3980206	4000742	55507	34982	NC_002945.4	NODE_28_length_55507_cov_32.753503	99.94		True
CONTIG	NODE_28_length_55507_cov_32.753503	55507	correct
1574064	1623827	49764	1	NC_002945.4	NODE_29_length_49765_cov_31.529191	99.97		True
CONTIG	NODE_29_length_49765_cov_31.529191	49765	correct
842697	891078	48382	1	NC_002945.4	NODE_30_length_48382_cov_33.095866	99.99		True
CONTIG	NODE_30_length_48382_cov_33.095866	48382	correct
625454	673251	47833	36	NC_002945.4	NODE_31_length_47871_cov_32.292833	99.99		True
CONTIG	NODE_31_length_47871_cov_32.292833	47871	correct
1343879	1386471	42851	254	NC_002945.4	NODE_32_length_42851_cov_32.083747	99.99		True
CONTIG	NODE_32_length_42851_cov_32.083747	42851	correct
1171084	1189853	1	18770	NC_002945.4	NODE_33_length_42278_cov_31.257099	99.99		True
local misassembly
1190085	1213474	18771	42160	NC_002945.4	NODE_33_length_42278_cov_31.257099	99.97		True
CONTIG	NODE_33_length_42278_cov_31.257099	42278	correct
3836888	3878173	1	41278	NC_002945.4	NODE_34_length_41278_cov_33.379140	99.96		True
CONTIG	NODE_34_length_41278_cov_33.379140	41278	correct
930664	970099	39676	1	NC_002945.4	NODE_35_length_39922_cov_32.711723	99.37		True
CONTIG	NODE_35_length_39922_cov_32.711723	39922	correct
2801012	2838873	1	37862	NC_002945.4	NODE_36_length_37862_cov_32.342255	99.98		True
CONTIG	NODE_36_length_37862_cov_32.342255	37862	correct
2246118	2283745	93	37722	NC_002945.4	NODE_37_length_37722_cov_35.391302	99.95		True
CONTIG	NODE_37_length_37722_cov_35.391302	37722	correct
364022	401308	37287	1	NC_002945.4	NODE_38_length_37287_cov_33.087487	99.99		True
CONTIG	NODE_38_length_37287_cov_33.087487	37287	correct
2210167	2245161	34995	1	NC_002945.4	NODE_39_length_35347_cov_35.336428	100.0		True
CONTIG	NODE_39_length_35347_cov_35.336428	35347	correct
3724874	3737454	1	12581	NC_002945.4	NODE_40_length_33815_cov_32.985277	99.98		True
local misassembly
3737665	3758898	12582	33815	NC_002945.4	NODE_40_length_33815_cov_32.985277	100.0		True
CONTIG	NODE_40_length_33815_cov_32.985277	33815	correct
2294650	2325842	1	31152	NC_002945.4	NODE_41_length_31152_cov_31.439871	99.86		True
CONTIG	NODE_41_length_31152_cov_31.439871	31152	correct
2161798	2192094	1	30298	NC_002945.4	NODE_42_length_30298_cov_33.385702	99.99		True
CONTIG	NODE_42_length_30298_cov_33.385702	30298	correct
2665977	2693421	27444	1	NC_002945.4	NODE_43_length_27601_cov_33.395028	99.98		True
CONTIG	NODE_43_length_27601_cov_33.395028	27601	correct
105040	132108	27069	1	NC_002945.4	NODE_44_length_27069_cov_31.370537	99.98		True
CONTIG	NODE_44_length_27069_cov_31.370537	27069	correct
306713	333298	26590	110	NC_002945.4	NODE_45_length_26590_cov_33.860409	99.6		True
CONTIG	NODE_45_length_26590_cov_33.860409	26590	correct
1386981	1412955	25975	1	NC_002945.4	NODE_46_length_25975_cov_32.986537	99.98		True
CONTIG	NODE_46_length_25975_cov_32.986537	25975	correct
3674358	3700221	1	25846	NC_002945.4	NODE_47_length_25846_cov_26.097282	99.91		True
CONTIG	NODE_47_length_25846_cov_26.097282	25846	correct
338440	338937	235	732	NC_002945.4	NODE_48_length_25426_cov_28.740029	99.8		True
local misassembly
339034	363814	733	25426	NC_002945.4	NODE_48_length_25426_cov_28.740029	99.62		True
CONTIG	NODE_48_length_25426_cov_28.740029	25426	correct
4259930	4281690	1	21759	NC_002945.4	NODE_49_length_21759_cov_33.535318	99.98		True
CONTIG	NODE_49_length_21759_cov_33.535318	21759	correct
2423267	2444953	1	21687	NC_002945.4	NODE_50_length_21687_cov_34.129453	99.99		True
CONTIG	NODE_50_length_21687_cov_34.129453	21687	correct
2140781	2158516	1	17736	NC_002945.4	NODE_51_length_20371_cov_34.331555	99.96		True
local misassembly
2158655	2158913	17737	17995	NC_002945.4	NODE_51_length_20371_cov_34.331555	100.0		True
fake: scaffold gap size wrong estimation (local)
2158914	2160444	18027	19557	NC_002945.4	NODE_51_length_20371_cov_34.331555	95.49		True
CONTIG	NODE_51_length_20371_cov_34.331555	20371	correct
1092519	1096334	1	3816	NC_002945.4	NODE_52_length_19976_cov_34.681646	99.7		True
relocation, inconsistency = 1819932
2916267	2932259	3817	19809	NC_002945.4	NODE_52_length_19976_cov_34.681646	99.96		True
CONTIG	NODE_52_length_19976_cov_34.681646	19976	misassembled
1490961	1491266	306	1	NC_002945.4	NODE_53_length_19120_cov_35.164060	100.0		True
local misassembly
1471935	1490747	19120	307	NC_002945.4	NODE_53_length_19120_cov_35.164060	99.98		True
CONTIG	NODE_53_length_19120_cov_35.164060	19120	correct
2326268	2343688	17505	85	NC_002945.4	NODE_54_length_17505_cov_29.454885	99.99		True
CONTIG	NODE_54_length_17505_cov_29.454885	17505	correct
3759938	3777383	1	17448	NC_002945.4	NODE_55_length_17448_cov_30.203337	99.97		True
CONTIG	NODE_55_length_17448_cov_30.203337	17448	correct
2192685	2209982	1	17298	NC_002945.4	NODE_56_length_17426_cov_37.150876	99.99		True
CONTIG	NODE_56_length_17426_cov_37.150876	17426	correct
892165	909508	1	17344	NC_002945.4	NODE_57_length_17344_cov_34.921124	99.99		True
CONTIG	NODE_57_length_17344_cov_34.921124	17344	correct
2776948	2793850	16903	1	NC_002945.4	NODE_58_length_17000_cov_33.949742	99.98		True
CONTIG	NODE_58_length_17000_cov_33.949742	17000	correct
132769	149547	1	16779	NC_002945.4	NODE_59_length_16779_cov_37.122628	99.96		True
CONTIG	NODE_59_length_16779_cov_37.122628	16779	correct
910050	926325	16276	1	NC_002945.4	NODE_60_length_16276_cov_35.618119	99.99		True
CONTIG	NODE_60_length_16276_cov_35.618119	16276	correct
609085	624350	15610	345	NC_002945.4	NODE_61_length_15610_cov_31.149713	99.99		True
CONTIG	NODE_61_length_15610_cov_31.149713	15610	correct
1854013	1869254	15279	38	NC_002945.4	NODE_62_length_15542_cov_24.136166	99.96		True
CONTIG	NODE_62_length_15542_cov_24.136166	15542	correct
4294612	4309412	1	14801	NC_002945.4	NODE_63_length_14810_cov_31.545120	99.99		True
CONTIG	NODE_63_length_14810_cov_31.545120	14810	correct
2409215	2422776	285	13846	NC_002945.4	NODE_64_length_13846_cov_30.655587	99.98		True
CONTIG	NODE_64_length_13846_cov_30.655587	13846	correct
2838944	2852054	1	13111	NC_002945.4	NODE_65_length_13111_cov_32.829636	100.0		True
CONTIG	NODE_65_length_13111_cov_32.829636	13111	correct
3712180	3724926	12747	1	NC_002945.4	NODE_66_length_12747_cov_21.991521	99.95		True
CONTIG	NODE_66_length_12747_cov_21.991521	12747	correct
4281682	4293954	1	12273	NC_002945.4	NODE_67_length_12273_cov_33.819694	99.98		True
CONTIG	NODE_67_length_12273_cov_33.819694	12273	correct
3700330	3711403	22	11095	NC_002945.4	NODE_68_length_11095_cov_24.702498	100.0		True
CONTIG	NODE_68_length_11095_cov_24.702498	11095	correct
2933741	2943963	10223	1	NC_002945.4	NODE_69_length_10223_cov_31.834885	99.99		True
CONTIG	NODE_69_length_10223_cov_31.834885	10223	correct
3890969	3892626	1799	142	NC_002945.4	NODE_70_length_9938_cov_12.037305	100.0		True
local misassembly
3884643	3890278	7408	1800	NC_002945.4	NODE_70_length_9938_cov_12.037305	99.19		True
local misassembly
3882139	3884027	9345	7409	NC_002945.4	NODE_70_length_9938_cov_12.037305	97.69		True
local misassembly
3881714	3882155	9938	9497	NC_002945.4	NODE_70_length_9938_cov_12.037305	100.0		True
CONTIG	NODE_70_length_9938_cov_12.037305	9938	correct
1623823	1633322	9452	1	NC_002945.4	NODE_71_length_9637_cov_27.697476	99.43		True
CONTIG	NODE_71_length_9637_cov_27.697476	9637	correct
2444936	2453624	1	8689	NC_002945.4	NODE_72_length_8689_cov_29.325975	100.0		True
CONTIG	NODE_72_length_8689_cov_29.325975	8689	correct
2793853	2799828	5976	1	NC_002945.4	NODE_73_length_5976_cov_29.227047	99.98		True
CONTIG	NODE_73_length_5976_cov_29.227047	5976	correct
1214750	1218380	3631	1	NC_002945.4	NODE_74_length_4330_cov_25.836545	100.0		True
local misassembly
1214195	1214774	4330	3751	NC_002945.4	NODE_74_length_4330_cov_25.836545	99.66		True
CONTIG	NODE_74_length_4330_cov_25.836545	4330	correct
1165899	1169900	1	4002	NC_002945.4	NODE_75_length_4002_cov_35.972903	99.98		True
CONTIG	NODE_75_length_4002_cov_35.972903	4002	correct
2284620	2287647	1	3028	NC_002945.4	NODE_76_length_3028_cov_22.755257	99.77		True
CONTIG	NODE_76_length_3028_cov_22.755257	3028	correct
2290710	2293716	3007	1	NC_002945.4	NODE_77_length_3007_cov_21.128819	100.0		True
CONTIG	NODE_77_length_3007_cov_21.128819	3007	correct
1993335	1996166	1	2832	NC_002945.4	NODE_78_length_2832_cov_30.143068	100.0		True
CONTIG	NODE_78_length_2832_cov_30.143068	2832	correct
928970	930519	1565	16	NC_002945.4	NODE_79_length_2684_cov_6.697693	100.0		True
local misassembly
928004	928975	2684	1704	NC_002945.4	NODE_79_length_2684_cov_6.697693	99.08		True
CONTIG	NODE_79_length_2684_cov_6.697693	2684	correct
1635657	1638203	2496	1	NC_002945.4	NODE_80_length_2496_cov_17.942592	97.92		True
CONTIG	NODE_80_length_2496_cov_17.942592	2496	correct
3878331	3880432	2102	1	NC_002945.4	NODE_81_length_2102_cov_4.471392	100.0		True
CONTIG	NODE_81_length_2102_cov_4.471392	2102	correct
334077	335448	1	1372	NC_002945.4	NODE_82_length_1594_cov_7.501022	99.78		True
CONTIG	NODE_82_length_1594_cov_7.501022	1594	correct
401182	402731	1550	1	NC_002945.4	NODE_83_length_1550_cov_54.950808	99.94		True
CONTIG	NODE_83_length_1550_cov_54.950808	1550	correct
4193589	4195052	1464	1	NC_002945.4	NODE_84_length_1464_cov_73.808527	100.0		True
CONTIG	NODE_84_length_1464_cov_73.808527	1464	correct
3443593	3445031	1439	1	NC_002945.4	NODE_85_length_1439_cov_42.305640	100.0		True
CONTIG	NODE_85_length_1439_cov_42.305640	1439	correct
2774300	2775596	1297	1	NC_002945.4	NODE_86_length_1393_cov_4.469984	100.0		True
local misassembly
2775011	2775106	1393	1298	NC_002945.4	NODE_86_length_1393_cov_4.469984	100.0		True
CONTIG	NODE_86_length_1393_cov_4.469984	1393	correct
890952	892291	1340	1	NC_002945.4	NODE_87_length_1340_cov_61.969497	100.0		True
CONTIG	NODE_87_length_1340_cov_61.969497	1340	correct
3835659	3836979	1	1321	NC_002945.4	NODE_88_length_1321_cov_61.685092	99.77		True
CONTIG	NODE_88_length_1321_cov_61.685092	1321	correct
336693	337855	1163	1	NC_002945.4	NODE_89_length_1276_cov_13.853786	100.0		True
CONTIG	NODE_89_length_1276_cov_13.853786	1276	correct
2288581	2289835	1	1255	NC_002945.4	NODE_90_length_1255_cov_37.411348	100.0		True
CONTIG	NODE_90_length_1255_cov_37.411348	1255	correct
839588	840802	1	1215	NC_002945.4	NODE_91_length_1215_cov_10.795037	100.0		True
CONTIG	NODE_91_length_1215_cov_10.795037	1215	correct
2287521	2288707	1	1187	NC_002945.4	NODE_92_length_1187_cov_20.355660	100.0		True
CONTIG	NODE_92_length_1187_cov_20.355660	1187	correct
2289709	2290836	1	1128	NC_002945.4	NODE_93_length_1128_cov_58.399600	99.91		True
CONTIG	NODE_93_length_1128_cov_58.399600	1128	correct
3711277	3712306	1	1030	NC_002945.4	NODE_94_length_1030_cov_62.693245	100.0		True
CONTIG	NODE_94_length_1030_cov_62.693245	1030	correct
1165044	1166025	1	982	NC_002945.4	NODE_95_length_982_cov_68.454971	99.9		True
CONTIG	NODE_95_length_982_cov_68.454971	982	correct
674823	675790	968	1	NC_002945.4	NODE_96_length_968_cov_3.052319	100.0		True
CONTIG	NODE_96_length_968_cov_3.052319	968	correct
1169775	1170683	1	909	NC_002945.4	NODE_97_length_909_cov_231.049872	100.0		True
CONTIG	NODE_97_length_909_cov_231.049872	909	correct
3892624	3893338	32	746	NC_002945.4	NODE_98_length_907_cov_1.343590	99.44		True
CONTIG	NODE_98_length_907_cov_1.343590	907	correct
335748	336374	676	50	NC_002945.4	NODE_99_length_880_cov_5.807437	99.68		True
CONTIG	NODE_99_length_880_cov_5.807437	880	correct
1278286	1279129	844	1	NC_002945.4	NODE_100_length_844_cov_60.005579	100.0		True
CONTIG	NODE_100_length_844_cov_60.005579	844	correct
3894591	3895295	1	705	NC_002945.4	NODE_101_length_812_cov_23.122628	100.0		True
CONTIG	NODE_101_length_812_cov_23.122628	812	correct
909382	910176	1	795	NC_002945.4	NODE_102_length_795_cov_87.556886	100.0		True
CONTIG	NODE_102_length_795_cov_87.556886	795	correct
1633295	1634080	786	1	NC_002945.4	NODE_103_length_786_cov_4.954476	100.0		True
CONTIG	NODE_103_length_786_cov_4.954476	786	correct
1996423	1997007	1	585	NC_002945.4	NODE_104_length_777_cov_1.827692	99.49		True
CONTIG	NODE_104_length_777_cov_1.827692	777	correct
2693295	2694038	1	744	NC_002945.4	NODE_105_length_744_cov_73.371151	100.0		True
CONTIG	NODE_105_length_744_cov_73.371151	744	correct
2932306	2932852	547	1	NC_002945.4	NODE_106_length_722_cov_0.873950	100.0		True
CONTIG	NODE_106_length_722_cov_0.873950	722	correct
675835	676305	530	60	NC_002945.4	NODE_107_length_721_cov_1.971380	100.0		True
CONTIG	NODE_107_length_721_cov_1.971380	721	correct
674111	674679	142	710	NC_002945.4	NODE_108_length_710_cov_1.783877	99.82		True
CONTIG	NODE_108_length_710_cov_1.783877	710	correct
1219206	1219572	540	183	NC_002945.4	NODE_109_length_648_cov_0.616123	97.55		True
CONTIG	NODE_109_length_648_cov_0.616123	648	correct
1342064	1342697	1	634	NC_002945.4	NODE_110_length_634_cov_36.915187	100.0		True
CONTIG	NODE_110_length_634_cov_36.915187	634	correct
3893517	3893926	15	424	NC_002945.4	NODE_111_length_571_cov_1.394144	100.0		True
CONTIG	NODE_111_length_571_cov_1.394144	571	correct
1985844	1986395	552	1	NC_002945.4	NODE_112_length_554_cov_3.044496	100.0		True
CONTIG	NODE_112_length_554_cov_3.044496	554	correct
1573503	1573693	152	342	NC_002945.4	NODE_113_length_523_cov_0.916667	100.0		True
CONTIG	NODE_113_length_523_cov_0.916667	523	correct
CONTIG	NODE_114_length_504_cov_1.076923	504	unaligned
