S1	E1	S2	E2	Reference	Contig	IDY	Ambiguous	Best_group
2423267	2665697	242576	202	NC_002945.4	NODE_1_length_242576_cov_75.585715	99.92		True
CONTIG	NODE_1_length_242576_cov_75.585715	242576	correct
2957039	3193870	236089	1	NC_002945.4	NODE_2_length_236089_cov_76.470902	99.58		True
CONTIG	NODE_2_length_236089_cov_76.470902	236089	correct
1779460	1985632	205707	1	NC_002945.4	NODE_3_length_205707_cov_77.557890	99.76		True
CONTIG	NODE_3_length_205707_cov_77.557890	205707	correct
402605	607788	1	204915	NC_002945.4	NODE_4_length_204915_cov_74.305150	99.86		True
CONTIG	NODE_4_length_204915_cov_74.305150	204915	correct
105040	306687	201555	1	NC_002945.4	NODE_5_length_201555_cov_73.980549	99.94		True
CONTIG	NODE_5_length_201555_cov_73.980549	201555	correct
4036100	4193715	157502	1	NC_002945.4	NODE_6_length_187898_cov_77.160749	99.92		True
relocation, inconsistency = 2618763
1386941	1417336	157503	187898	NC_002945.4	NODE_6_length_187898_cov_77.160749	99.98		True
CONTIG	NODE_6_length_187898_cov_77.160749	187898	misassembled
3488378	3673271	1	184786	NC_002945.4	NODE_7_length_184786_cov_77.720035	99.93		True
CONTIG	NODE_7_length_184786_cov_77.720035	184786	correct
910050	926299	1	16250	NC_002945.4	NODE_8_length_179515_cov_74.818410	99.98		True
relocation, inconsistency = 1566
927964	928975	16349	17369	NC_002945.4	NODE_8_length_179515_cov_74.818410	99.12		True
local misassembly
928970	930220	17508	18758	NC_002945.4	NODE_8_length_179515_cov_74.818410	100.0		True
local misassembly
930648	970099	19132	58823	NC_002945.4	NODE_8_length_179515_cov_74.818410	99.37		True
local misassembly
970283	1009472	58824	98012	NC_002945.4	NODE_8_length_179515_cov_74.818410	99.98		True
relocation, inconsistency = 1457
1010930	1092429	98013	179515	NC_002945.4	NODE_8_length_179515_cov_74.818410	99.99		True
CONTIG	NODE_8_length_179515_cov_74.818410	179515	misassembled
677057	824045	1	146990	NC_002945.4	NODE_9_length_160533_cov_77.580402	99.99		True
local misassembly
824601	838056	146991	160446	NC_002945.4	NODE_9_length_160533_cov_77.580402	99.95		True
CONTIG	NODE_9_length_160533_cov_77.580402	160533	correct
30083	103918	73849	1	NC_002945.4	NODE_10_length_158706_cov_76.460937	99.96		True
local misassembly
1	29469	103319	73851	NC_002945.4	NODE_10_length_158706_cov_76.460937	99.99		True
fake: not a misassembly [linear representation of circular genome]
4294598	4349904	158625	103320	NC_002945.4	NODE_10_length_158706_cov_76.460937	99.99		True
CONTIG	NODE_10_length_158706_cov_76.460937	158706	correct
4001084	4035717	34790	157	NC_002945.4	NODE_11_length_138508_cov_80.269697	99.98		True
fake: scaffold gap size wrong estimation (local)
3980132	4000861	55620	34891	NC_002945.4	NODE_11_length_138508_cov_80.269697	100.0		True
local misassembly
3897145	3980041	138508	55621	NC_002945.4	NODE_11_length_138508_cov_80.269697	99.98		True
CONTIG	NODE_11_length_138508_cov_80.269697	138508	correct
1638890	1769053	130255	93	NC_002945.4	NODE_12_length_130370_cov_74.897499	99.99		True
CONTIG	NODE_12_length_130370_cov_74.897499	130370	correct
3219386	3338802	101	119743	NC_002945.4	NODE_13_length_119743_cov_75.088542	99.88		True
CONTIG	NODE_13_length_119743_cov_75.088542	119743	correct
2057114	2083604	222	26712	NC_002945.4	NODE_14_length_104406_cov_73.268827	99.98		True
local misassembly
2083596	2158516	26851	101771	NC_002945.4	NODE_14_length_104406_cov_73.268827	99.98		True
local misassembly
2158655	2158913	101772	102030	NC_002945.4	NODE_14_length_104406_cov_73.268827	100.0		True
fake: scaffold gap size wrong estimation (local)
2158914	2160444	102062	103592	NC_002945.4	NODE_14_length_104406_cov_73.268827	95.49		True
CONTIG	NODE_14_length_104406_cov_73.268827	104406	correct
3343594	3442410	1	98885	NC_002945.4	NODE_15_length_98885_cov_76.571680	99.92		True
CONTIG	NODE_15_length_98885_cov_76.571680	98885	correct
2409073	2422776	13704	1	NC_002945.4	NODE_16_length_95645_cov_77.580812	99.98		True
local misassembly
2372461	2408592	49778	13705	NC_002945.4	NODE_16_length_95645_cov_77.580812	99.83		True
local misassembly
2326343	2372139	95575	49779	NC_002945.4	NODE_16_length_95645_cov_77.580812	99.99		True
CONTIG	NODE_16_length_95645_cov_77.580812	95645	correct
1535942	1623849	87929	22	NC_002945.4	NODE_17_length_87929_cov_83.207182	99.99		True
CONTIG	NODE_17_length_87929_cov_83.207182	87929	correct
2693912	2773105	1	79193	NC_002945.4	NODE_18_length_79241_cov_74.397515	99.99		True
CONTIG	NODE_18_length_79241_cov_74.397515	79241	correct
1096985	1165170	1	68175	NC_002945.4	NODE_19_length_68175_cov_76.953018	99.97		True
CONTIG	NODE_19_length_68175_cov_76.953018	68175	correct
3712180	3737454	1	25275	NC_002945.4	NODE_20_length_64954_cov_75.726611	99.97		True
local misassembly
3737665	3777383	25276	64954	NC_002945.4	NODE_20_length_64954_cov_75.726611	99.86		True
CONTIG	NODE_20_length_64954_cov_75.726611	64954	correct
2852103	2916393	1	64290	NC_002945.4	NODE_21_length_64290_cov_79.947867	99.98		True
CONTIG	NODE_21_length_64290_cov_79.947867	64290	correct
4194926	4259153	64228	1	NC_002945.4	NODE_22_length_64228_cov_73.105583	99.99		True
CONTIG	NODE_22_length_64228_cov_73.105583	64228	correct
1993335	2056905	63728	158	NC_002945.4	NODE_23_length_63728_cov_72.600384	99.98		True
CONTIG	NODE_23_length_63728_cov_72.600384	63728	correct
1280097	1343223	1	63189	NC_002945.4	NODE_24_length_63189_cov_82.248597	99.89		True
CONTIG	NODE_24_length_63189_cov_82.248597	63189	correct
1491995	1535110	43116	1	NC_002945.4	NODE_25_length_62805_cov_72.439468	99.98		True
local misassembly
1490961	1491835	43991	43117	NC_002945.4	NODE_25_length_62805_cov_72.439468	100.0		True
local misassembly
1471935	1490747	62805	43992	NC_002945.4	NODE_25_length_62805_cov_72.439468	99.98		True
CONTIG	NODE_25_length_62805_cov_72.439468	62805	correct
1219380	1278412	59033	1	NC_002945.4	NODE_26_length_59100_cov_78.502450	99.99		True
CONTIG	NODE_26_length_59100_cov_78.502450	59100	correct
3777400	3835785	58318	1	NC_002945.4	NODE_27_length_58318_cov_83.676771	99.87		True
CONTIG	NODE_27_length_58318_cov_83.676771	58318	correct
3884077	3890001	6016	1	NC_002945.4	NODE_28_length_53335_cov_72.814690	99.51		True
indel: stretch of mismatches
3882139	3884076	8002	6017	NC_002945.4	NODE_28_length_53335_cov_72.814690	97.5		True
local misassembly
3836888	3881588	53335	8643	NC_002945.4	NODE_28_length_53335_cov_72.814690	99.48		True
CONTIG	NODE_28_length_53335_cov_72.814690	53335	correct
2192685	2245161	52477	1	NC_002945.4	NODE_29_length_52477_cov_69.477459	99.99		True
CONTIG	NODE_29_length_52477_cov_69.477459	52477	correct
1418316	1470724	1	52352	NC_002945.4	NODE_30_length_52352_cov_69.920172	99.88		True
CONTIG	NODE_30_length_52352_cov_69.920172	52352	correct
2801012	2852066	1	51055	NC_002945.4	NODE_31_length_51055_cov_81.011428	99.99		True
CONTIG	NODE_31_length_51055_cov_81.011428	51055	correct
842781	891078	211	48508	NC_002945.4	NODE_32_length_48508_cov_75.653004	99.99		True
CONTIG	NODE_32_length_48508_cov_75.653004	48508	correct
625348	673480	1	48133	NC_002945.4	NODE_33_length_48271_cov_85.657860	99.99		True
CONTIG	NODE_33_length_48271_cov_85.657860	48271	correct
1171083	1189853	1	18771	NC_002945.4	NODE_34_length_47157_cov_77.763194	99.99		True
local misassembly
1190085	1218396	18772	47152	NC_002945.4	NODE_34_length_47157_cov_77.763194	99.2		True
CONTIG	NODE_34_length_47157_cov_77.763194	47157	correct
1343879	1386907	1	43034	NC_002945.4	NODE_35_length_43034_cov_79.081502	99.99		True
CONTIG	NODE_35_length_43034_cov_79.081502	43034	correct
3445573	3488322	1	42750	NC_002945.4	NODE_36_length_42750_cov_72.878516	99.97		True
CONTIG	NODE_36_length_42750_cov_72.878516	42750	correct
363819	401308	37490	1	NC_002945.4	NODE_37_length_37534_cov_65.893255	99.99		True
CONTIG	NODE_37_length_37534_cov_65.893255	37534	correct
2246369	2283745	1	37379	NC_002945.4	NODE_38_length_37379_cov_72.894126	99.95		True
CONTIG	NODE_38_length_37379_cov_72.894126	37379	correct
4259930	4293903	34032	61	NC_002945.4	NODE_39_length_34032_cov_66.448872	99.98		True
CONTIG	NODE_39_length_34032_cov_66.448872	34032	correct
2161798	2192094	1	30298	NC_002945.4	NODE_40_length_30298_cov_69.532531	99.99		True
CONTIG	NODE_40_length_30298_cov_69.532531	30298	correct
2294650	2324498	29849	1	NC_002945.4	NODE_41_length_29849_cov_87.800989	99.99		True
CONTIG	NODE_41_length_29849_cov_87.800989	29849	correct
2665941	2693421	14	27493	NC_002945.4	NODE_42_length_27493_cov_79.491193	99.98		True
CONTIG	NODE_42_length_27493_cov_79.491193	27493	correct
306710	333426	26778	167	NC_002945.4	NODE_43_length_26994_cov_81.336435	98.95		True
CONTIG	NODE_43_length_26994_cov_81.336435	26994	correct
3674358	3700290	25915	1	NC_002945.4	NODE_44_length_25915_cov_65.154956	99.93		True
CONTIG	NODE_44_length_25915_cov_65.154956	25915	correct
338101	363739	182	25742	NC_002945.4	NODE_45_length_25834_cov_82.068386	99.6		True
local misassembly
363308	363399	25743	25834	NC_002945.4	NODE_45_length_25834_cov_82.068386	98.17		True
CONTIG	NODE_45_length_25834_cov_82.068386	25834	correct
2776499	2799828	263	23451	NC_002945.4	NODE_46_length_23451_cov_76.543389	99.39		True
CONTIG	NODE_46_length_23451_cov_76.543389	23451	correct
892165	909508	17344	1	NC_002945.4	NODE_47_length_17344_cov_78.636754	99.99		True
CONTIG	NODE_47_length_17344_cov_78.636754	17344	correct
2916851	2932621	15783	13	NC_002945.4	NODE_48_length_15783_cov_83.266224	99.97		True
CONTIG	NODE_48_length_15783_cov_83.266224	15783	correct
3193780	3209211	15699	168	NC_002945.4	NODE_49_length_15699_cov_71.971487	100.0		True
CONTIG	NODE_49_length_15699_cov_71.971487	15699	correct
609085	624599	1	15515	NC_002945.4	NODE_50_length_15697_cov_87.897688	99.98		True
CONTIG	NODE_50_length_15697_cov_87.897688	15697	correct
2944619	2957076	12458	1	NC_002945.4	NODE_51_length_12458_cov_86.045333	99.98		True
CONTIG	NODE_51_length_12458_cov_86.045333	12458	correct
3700270	3711048	105	10883	NC_002945.4	NODE_52_length_10883_cov_60.970993	100.0		True
CONTIG	NODE_52_length_10883_cov_60.970993	10883	correct
2933626	2943963	107	10444	NC_002945.4	NODE_53_length_10444_cov_74.906562	99.99		True
CONTIG	NODE_53_length_10444_cov_74.906562	10444	correct
3209302	3219347	1	10046	NC_002945.4	NODE_54_length_10046_cov_73.440165	100.0		True
CONTIG	NODE_54_length_10046_cov_73.440165	10046	correct
1623830	1633198	117	9428	NC_002945.4	NODE_55_length_9428_cov_124.863025	99.36		True
CONTIG	NODE_55_length_9428_cov_124.863025	9428	correct
1987015	1992127	5114	1	NC_002945.4	NODE_56_length_5114_cov_89.754762	99.98		True
CONTIG	NODE_56_length_5114_cov_89.754762	5114	correct
1165899	1169900	1	4002	NC_002945.4	NODE_57_length_4002_cov_70.735226	99.98		True
CONTIG	NODE_57_length_4002_cov_70.735226	4002	correct
3890497	3894344	3848	1	NC_002945.4	NODE_58_length_3848_cov_26.386724	99.95		True
CONTIG	NODE_58_length_3848_cov_26.386724	3848	correct
1092702	1096461	3760	1	NC_002945.4	NODE_59_length_3760_cov_101.624277	100.0		True
CONTIG	NODE_59_length_3760_cov_101.624277	3760	correct
2773130	2776045	196	3114	NC_002945.4	NODE_60_length_3216_cov_11.692457	99.83		True
CONTIG	NODE_60_length_3216_cov_11.692457	3216	correct
1635657	1638240	1	2635	NC_002945.4	NODE_61_length_3117_cov_66.507692	98.06		True
local misassembly
1638385	1638746	2636	2997	NC_002945.4	NODE_61_length_3117_cov_66.507692	100.0		True
CONTIG	NODE_61_length_3117_cov_66.507692	3117	correct
2284620	2287647	3028	1	NC_002945.4	NODE_62_length_3028_cov_73.687004	99.77		True
CONTIG	NODE_62_length_3028_cov_73.687004	3028	correct
2290710	2293716	3007	1	NC_002945.4	NODE_63_length_3007_cov_74.916667	100.0		True
CONTIG	NODE_63_length_3007_cov_74.916667	3007	correct
334077	336600	1	2524	NC_002945.4	NODE_64_length_2646_cov_31.615721	99.92		True
CONTIG	NODE_64_length_2646_cov_31.615721	2646	correct
674749	675487	169	907	NC_002945.4	NODE_65_length_1976_cov_10.816658	100.0		True
inversion
673576	674526	1858	908	NC_002945.4	NODE_65_length_1976_cov_10.816658	99.89		True
CONTIG	NODE_65_length_1976_cov_10.816658	1976	misassembled
336591	338084	1	1560	NC_002945.4	NODE_66_length_1690_cov_52.882278	95.64		True
local misassembly
337758	337840	1561	1643	NC_002945.4	NODE_66_length_1690_cov_52.882278	100.0		True
CONTIG	NODE_66_length_1690_cov_52.882278	1690	correct
401182	402731	1550	1	NC_002945.4	NODE_67_length_1550_cov_131.944483	99.94		True
CONTIG	NODE_67_length_1550_cov_131.944483	1550	correct
4193589	4195052	1464	1	NC_002945.4	NODE_68_length_1464_cov_160.441286	100.0		True
CONTIG	NODE_68_length_1464_cov_160.441286	1464	correct
1992001	1993461	1461	1	NC_002945.4	NODE_69_length_1461_cov_106.799850	100.0		True
CONTIG	NODE_69_length_1461_cov_106.799850	1461	correct
3443593	3445031	1439	1	NC_002945.4	NODE_70_length_1439_cov_71.689024	100.0		True
CONTIG	NODE_70_length_1439_cov_71.689024	1439	correct
2324641	2325842	1202	1	NC_002945.4	NODE_71_length_1349_cov_75.639116	99.75		True
CONTIG	NODE_71_length_1349_cov_75.639116	1349	correct
3673145	3674484	1	1340	NC_002945.4	NODE_72_length_1340_cov_144.682605	100.0		True
CONTIG	NODE_72_length_1340_cov_144.682605	1340	correct
3339137	3340461	1325	1	NC_002945.4	NODE_73_length_1325_cov_89.225376	100.0		True
CONTIG	NODE_73_length_1325_cov_89.225376	1325	correct
3835659	3836979	1	1321	NC_002945.4	NODE_74_length_1321_cov_187.340871	99.7		True
CONTIG	NODE_74_length_1321_cov_187.340871	1321	correct
839578	840841	1	1264	NC_002945.4	NODE_75_length_1264_cov_47.300792	100.0		True
CONTIG	NODE_75_length_1264_cov_47.300792	1264	correct
2288581	2289835	1255	1	NC_002945.4	NODE_76_length_1255_cov_108.576241	100.0		True
CONTIG	NODE_76_length_1255_cov_108.576241	1255	correct
2293590	2294776	1187	1	NC_002945.4	NODE_77_length_1187_cov_93.913208	100.0		True
CONTIG	NODE_77_length_1187_cov_93.913208	1187	correct
1985750	1986892	1143	1	NC_002945.4	NODE_78_length_1143_cov_7.377953	100.0		True
CONTIG	NODE_78_length_1143_cov_7.377953	1143	correct
2283619	2284746	1128	1	NC_002945.4	NODE_79_length_1128_cov_181.119880	99.91		True
CONTIG	NODE_79_length_1128_cov_181.119880	1128	correct
3711277	3712306	1030	1	NC_002945.4	NODE_80_length_1030_cov_151.561462	100.0		True
CONTIG	NODE_80_length_1030_cov_151.561462	1030	correct
841412	842368	1010	63	NC_002945.4	NODE_81_length_1011_cov_5.257919	99.06		True
CONTIG	NODE_81_length_1011_cov_5.257919	1011	correct
1165044	1166025	982	1	NC_002945.4	NODE_82_length_982_cov_137.204678	99.9		True
CONTIG	NODE_82_length_982_cov_137.204678	982	correct
838235	839008	774	1	NC_002945.4	NODE_83_length_938_cov_2.654747	100.0		True
CONTIG	NODE_83_length_938_cov_2.654747	938	correct
1169775	1170683	909	1	NC_002945.4	NODE_84_length_909_cov_427.332481	100.0		True
CONTIG	NODE_84_length_909_cov_427.332481	909	correct
3341521	3342410	890	1	NC_002945.4	NODE_85_length_890_cov_68.353866	100.0		True
CONTIG	NODE_85_length_890_cov_68.353866	890	correct
1278286	1279129	844	1	NC_002945.4	NODE_86_length_844_cov_136.716876	100.0		True
CONTIG	NODE_86_length_844_cov_136.716876	844	correct
909382	910176	795	1	NC_002945.4	NODE_87_length_795_cov_157.878743	100.0		True
CONTIG	NODE_87_length_795_cov_157.878743	795	correct
2422650	2423393	744	1	NC_002945.4	NODE_88_length_744_cov_125.943274	100.0		True
CONTIG	NODE_88_length_744_cov_125.943274	744	correct
CONTIG	NODE_89_length_724_cov_0.857621	724	unaligned
3340552	3341186	1	635	NC_002945.4	NODE_90_length_635_cov_82.562992	100.0		True
CONTIG	NODE_90_length_635_cov_82.562992	635	correct
CONTIG	NODE_91_length_613_cov_0.281893	613	unaligned
3341060	3341647	588	1	NC_002945.4	NODE_92_length_588_cov_158.245119	100.0		True
CONTIG	NODE_92_length_588_cov_158.245119	588	correct
CONTIG	NODE_93_length_585_cov_1.074236	585	unaligned
CONTIG	NODE_94_length_571_cov_1.488739	571	unaligned
CONTIG	NODE_95_length_556_cov_1.265734	556	unaligned
2933043	2933393	204	554	NC_002945.4	NODE_96_length_554_cov_2.346604	98.86		True
CONTIG	NODE_96_length_554_cov_2.346604	554	correct
CONTIG	NODE_97_length_549_cov_0.827014	549	unaligned
4294082	4294626	1	545	NC_002945.4	NODE_98_length_545_cov_14.679426	100.0		True
CONTIG	NODE_98_length_545_cov_14.679426	545	correct
CONTIG	NODE_99_length_542_cov_0.893976	542	unaligned
CONTIG	NODE_100_length_536_cov_0.826406	536	unaligned
CONTIG	NODE_101_length_534_cov_0.896806	534	unaligned
CONTIG	NODE_102_length_532_cov_1.150617	532	unaligned
3845679	3845830	1	152	NC_002945.4	NODE_103_length_531_cov_45.415842	95.39		True
relocation, inconsistency = 2310255
1535045	1535408	531	168	NC_002945.4	NODE_103_length_531_cov_45.415842	96.98		True
CONTIG	NODE_103_length_531_cov_45.415842	531	misassembled
CONTIG	NODE_104_length_524_cov_0.783375	524	unaligned
