S1	E1	S2	E2	Reference	Contig	IDY	Ambiguous	Best_group
3445573	3673271	227591	1	NC_002945.4	NODE_1_length_227591_cov_51.828769	99.93		True
CONTIG	NODE_1_length_227591_cov_51.828769	227591	correct
2453710	2665719	212108	47	NC_002945.4	NODE_2_length_212281_cov_50.095266	99.96		True
CONTIG	NODE_2_length_212281_cov_50.095266	212281	correct
402605	607788	204915	1	NC_002945.4	NODE_3_length_204915_cov_51.150331	99.86		True
CONTIG	NODE_3_length_204915_cov_51.150331	204915	correct
1779460	1971848	192527	194	NC_002945.4	NODE_4_length_192527_cov_48.955998	99.96		True
CONTIG	NODE_4_length_192527_cov_48.955998	192527	correct
4035855	4193715	21	157766	NC_002945.4	NODE_5_length_157766_cov_51.467968	99.92		True
CONTIG	NODE_5_length_157766_cov_51.467968	157766	correct
150052	306669	156632	42	NC_002945.4	NODE_6_length_156632_cov_52.145024	99.97		True
CONTIG	NODE_6_length_156632_cov_52.145024	156632	correct
2957039	3097084	1	139357	NC_002945.4	NODE_7_length_139357_cov_51.210616	99.34		True
CONTIG	NODE_7_length_139357_cov_51.210616	139357	correct
1635657	1638089	1	2484	NC_002945.4	NODE_8_length_132663_cov_52.275012	97.96		True
local misassembly
1638966	1769053	2485	132571	NC_002945.4	NODE_8_length_132663_cov_52.275012	99.99		True
CONTIG	NODE_8_length_132663_cov_52.275012	132663	correct
970273	1009472	96	39294	NC_002945.4	NODE_9_length_120792_cov_51.954370	99.98		True
relocation, inconsistency = 1457
1010930	1092424	39295	120792	NC_002945.4	NODE_9_length_120792_cov_51.954370	99.99		True
CONTIG	NODE_9_length_120792_cov_51.954370	120792	misassembled
3297493	3338080	40757	1	NC_002945.4	NODE_10_length_119087_cov_50.648874	99.82		True
indel: stretch of mismatches
3219373	3297478	118934	40772	NC_002945.4	NODE_10_length_119087_cov_50.648874	99.92		True
CONTIG	NODE_10_length_119087_cov_50.648874	119087	correct
726470	824045	1	97577	NC_002945.4	NODE_11_length_111072_cov_51.924413	99.99		True
local misassembly
824601	838016	97578	110993	NC_002945.4	NODE_11_length_111072_cov_51.924413	99.95		True
CONTIG	NODE_11_length_111072_cov_51.924413	111072	correct
3343594	3442410	1	98885	NC_002945.4	NODE_12_length_98885_cov_52.023087	99.92		True
CONTIG	NODE_12_length_98885_cov_52.023087	98885	correct
30083	55639	25560	1	NC_002945.4	NODE_13_length_94541_cov_53.020008	99.97		True
local misassembly
1	29469	55030	25562	NC_002945.4	NODE_13_length_94541_cov_53.020008	99.99		True
fake: not a misassembly [linear representation of circular genome]
4310423	4349904	94511	55031	NC_002945.4	NODE_13_length_94541_cov_53.020008	99.99		True
CONTIG	NODE_13_length_94541_cov_53.020008	94541	correct
3892626	3895301	190	2865	NC_002945.4	NODE_14_length_86175_cov_50.073994	100.0		True
relocation, inconsistency = 1464
3896813	3980084	2913	86175	NC_002945.4	NODE_14_length_86175_cov_50.073994	99.97		True
CONTIG	NODE_14_length_86175_cov_50.073994	86175	misassembled
2057111	2083604	199	26692	NC_002945.4	NODE_15_length_84162_cov_51.458142	99.98		True
local misassembly
2083596	2140713	26831	83948	NC_002945.4	NODE_15_length_84162_cov_51.458142	99.99		True
CONTIG	NODE_15_length_84162_cov_51.458142	84162	correct
1491898	1573787	82012	123	NC_002945.4	NODE_16_length_82012_cov_52.046016	99.93		True
CONTIG	NODE_16_length_82012_cov_52.046016	82012	correct
2774680	2775613	934	1	NC_002945.4	NODE_17_length_80048_cov_48.394252	100.0		True
relocation, inconsistency = 1653
2693912	2773026	80048	935	NC_002945.4	NODE_17_length_80048_cov_48.394252	99.99		True
CONTIG	NODE_17_length_80048_cov_48.394252	80048	misassembled
1387540	1417336	29797	1	NC_002945.4	NODE_18_length_72503_cov_50.404139	99.98		True
local misassembly
1343879	1386579	72503	29798	NC_002945.4	NODE_18_length_72503_cov_50.404139	99.99		True
CONTIG	NODE_18_length_72503_cov_50.404139	72503	correct
3124610	3193761	69098	1	NC_002945.4	NODE_19_length_69098_cov_50.221702	99.91		True
CONTIG	NODE_19_length_69098_cov_50.221702	69098	correct
1096985	1165170	1	68186	NC_002945.4	NODE_20_length_68186_cov_50.705285	99.99		True
CONTIG	NODE_20_length_68186_cov_50.705285	68186	correct
334077	336287	1	2211	NC_002945.4	NODE_21_length_66749_cov_44.953829	99.91		True
local misassembly
336693	401308	2212	66749	NC_002945.4	NODE_21_length_66749_cov_44.953829	99.84		True
CONTIG	NODE_21_length_66749_cov_44.953829	66749	correct
2852109	2916393	64285	1	NC_002945.4	NODE_22_length_64285_cov_48.887793	99.98		True
CONTIG	NODE_22_length_64285_cov_48.887793	64285	correct
4194926	4259153	1	64228	NC_002945.4	NODE_23_length_64228_cov_54.482457	99.99		True
CONTIG	NODE_23_length_64228_cov_54.482457	64228	correct
1280097	1340762	60728	1	NC_002945.4	NODE_24_length_60728_cov_52.446379	99.89		True
CONTIG	NODE_24_length_60728_cov_52.446379	60728	correct
2041273	2056410	15138	1	NC_002945.4	NODE_25_length_59898_cov_49.710094	99.99		True
local misassembly
1997104	2040960	58995	15139	NC_002945.4	NODE_25_length_59898_cov_49.710094	99.98		True
local misassembly
1996111	1997013	59898	58996	NC_002945.4	NODE_25_length_59898_cov_49.710094	99.34		True
CONTIG	NODE_25_length_59898_cov_49.710094	59898	correct
1219388	1278412	49	59073	NC_002945.4	NODE_26_length_59073_cov_50.377481	99.99		True
CONTIG	NODE_26_length_59073_cov_50.377481	59073	correct
3777400	3835785	1	58318	NC_002945.4	NODE_27_length_58318_cov_51.922806	99.87		True
CONTIG	NODE_27_length_58318_cov_51.922806	58318	correct
3980336	4000631	276	20571	NC_002945.4	NODE_28_length_55681_cov_49.634320	99.99		True
fake: scaffold gap size wrong estimation (local)
4000854	4035717	20672	55535	NC_002945.4	NODE_28_length_55681_cov_49.634320	99.98		True
CONTIG	NODE_28_length_55681_cov_49.634320	55681	correct
1418316	1470724	52352	1	NC_002945.4	NODE_29_length_52352_cov_52.677913	99.88		True
CONTIG	NODE_29_length_52352_cov_52.677913	52352	correct
2801012	2852054	51043	1	NC_002945.4	NODE_30_length_51043_cov_50.296920	99.99		True
CONTIG	NODE_30_length_51043_cov_50.296920	51043	correct
676565	726474	49910	1	NC_002945.4	NODE_31_length_50112_cov_47.654696	99.99		True
CONTIG	NODE_31_length_50112_cov_47.654696	50112	correct
1574013	1623825	1	49813	NC_002945.4	NODE_32_length_49813_cov_48.259268	99.98		True
CONTIG	NODE_32_length_49813_cov_48.259268	49813	correct
55645	103918	115	48398	NC_002945.4	NODE_33_length_48398_cov_51.576371	99.96		True
CONTIG	NODE_33_length_48398_cov_51.576371	48398	correct
842756	891078	12	48334	NC_002945.4	NODE_34_length_48334_cov_50.208310	99.99		True
CONTIG	NODE_34_length_48334_cov_50.208310	48334	correct
625481	673262	48224	443	NC_002945.4	NODE_35_length_48231_cov_48.634064	99.99		True
CONTIG	NODE_35_length_48231_cov_48.634064	48231	correct
2326988	2343640	16653	1	NC_002945.4	NODE_36_length_46395_cov_47.549927	99.98		True
relocation, inconsistency = 2596
2294650	2324391	46395	16654	NC_002945.4	NODE_36_length_46395_cov_47.549927	99.99		True
CONTIG	NODE_36_length_46395_cov_47.549927	46395	misassembled
928372	928975	1	613	NC_002945.4	NODE_37_length_42308_cov_47.528342	98.37		True
local misassembly
928970	970128	752	42150	NC_002945.4	NODE_37_length_42308_cov_47.528342	99.4		True
CONTIG	NODE_37_length_42308_cov_47.528342	42308	correct
3836888	3877997	41312	211	NC_002945.4	NODE_38_length_41312_cov_51.855943	99.96		True
CONTIG	NODE_38_length_41312_cov_51.855943	41312	correct
1192713	1213710	20926	1	NC_002945.4	NODE_39_length_40224_cov_52.335486	99.55		True
relocation, inconsistency = 2858
1170557	1189854	40224	20927	NC_002945.4	NODE_39_length_40224_cov_52.335486	99.99		True
CONTIG	NODE_39_length_40224_cov_52.335486	40224	misassembled
2246369	2283745	1	37379	NC_002945.4	NODE_40_length_37379_cov_53.628127	99.95		True
CONTIG	NODE_40_length_37379_cov_53.628127	37379	correct
2372743	2408849	223	36271	NC_002945.4	NODE_41_length_36271_cov_45.982016	99.83		True
CONTIG	NODE_41_length_36271_cov_45.982016	36271	correct
2210055	2245161	1	35107	NC_002945.4	NODE_42_length_35107_cov_56.858176	99.99		True
CONTIG	NODE_42_length_35107_cov_56.858176	35107	correct
3759053	3759743	691	1	NC_002945.4	NODE_43_length_34535_cov_49.248024	100.0		True
local misassembly
3737665	3758899	21926	692	NC_002945.4	NODE_43_length_34535_cov_49.248024	100.0		True
local misassembly
3724846	3737454	34535	21927	NC_002945.4	NODE_43_length_34535_cov_49.248024	99.98		True
CONTIG	NODE_43_length_34535_cov_49.248024	34535	correct
2161798	2192094	30298	1	NC_002945.4	NODE_44_length_30298_cov_51.680455	99.99		True
CONTIG	NODE_44_length_30298_cov_51.680455	30298	correct
2343773	2372323	78	28628	NC_002945.4	NODE_45_length_28628_cov_49.268762	99.99		True
CONTIG	NODE_45_length_28628_cov_49.268762	28628	correct
3097191	3124640	1	27450	NC_002945.4	NODE_46_length_27576_cov_45.300266	99.96		True
CONTIG	NODE_46_length_27576_cov_45.300266	27576	correct
105040	131848	1	26809	NC_002945.4	NODE_47_length_27428_cov_48.573349	99.98		True
local misassembly
132035	132465	26810	27240	NC_002945.4	NODE_47_length_27428_cov_48.573349	99.77		True
CONTIG	NODE_47_length_27428_cov_48.573349	27428	correct
2666082	2693421	1	27282	NC_002945.4	NODE_48_length_27282_cov_50.106647	99.78		True
CONTIG	NODE_48_length_27282_cov_50.106647	27282	correct
306705	333298	1	26489	NC_002945.4	NODE_49_length_26681_cov_50.016834	99.6		True
CONTIG	NODE_49_length_26681_cov_50.016834	26681	correct
3674358	3700216	25841	1	NC_002945.4	NODE_50_length_25841_cov_38.375360	99.92		True
CONTIG	NODE_50_length_25841_cov_38.375360	25841	correct
2776944	2799828	121	23005	NC_002945.4	NODE_51_length_23005_cov_51.469534	99.99		True
CONTIG	NODE_51_length_23005_cov_51.469534	23005	correct
4259930	4281690	1	21759	NC_002945.4	NODE_52_length_21759_cov_50.901257	99.98		True
CONTIG	NODE_52_length_21759_cov_50.901257	21759	correct
2423267	2444953	21687	1	NC_002945.4	NODE_53_length_21687_cov_51.545826	99.99		True
CONTIG	NODE_53_length_21687_cov_51.545826	21687	correct
1490961	1491155	195	1	NC_002945.4	NODE_54_length_19009_cov_56.375172	100.0		True
local misassembly
1471935	1490747	19009	196	NC_002945.4	NODE_54_length_19009_cov_56.375172	99.98		True
CONTIG	NODE_54_length_19009_cov_56.375172	19009	correct
2192685	2210157	1	17473	NC_002945.4	NODE_55_length_17631_cov_56.585980	99.94		True
CONTIG	NODE_55_length_17631_cov_56.585980	17631	correct
3759798	3777383	17588	1	NC_002945.4	NODE_56_length_17625_cov_47.554921	99.96		True
CONTIG	NODE_56_length_17625_cov_47.554921	17625	correct
2140773	2158365	17593	1	NC_002945.4	NODE_57_length_17593_cov_53.058227	99.97		True
CONTIG	NODE_57_length_17593_cov_53.058227	17593	correct
132542	149983	17442	1	NC_002945.4	NODE_58_length_17442_cov_56.228068	99.93		True
CONTIG	NODE_58_length_17442_cov_56.228068	17442	correct
892165	909508	1	17344	NC_002945.4	NODE_59_length_17344_cov_52.391648	99.99		True
CONTIG	NODE_59_length_17344_cov_52.391648	17344	correct
910050	926290	1	16241	NC_002945.4	NODE_60_length_16444_cov_54.651836	99.99		True
CONTIG	NODE_60_length_16444_cov_54.651836	16444	correct
2916851	2932243	15649	257	NC_002945.4	NODE_61_length_15649_cov_57.112614	99.97		True
CONTIG	NODE_61_length_15649_cov_57.112614	15649	correct
3193724	3209287	1	15485	NC_002945.4	NODE_62_length_15485_cov_53.023115	99.49		True
CONTIG	NODE_62_length_15485_cov_53.023115	15485	correct
609085	624476	15392	1	NC_002945.4	NODE_63_length_15392_cov_48.534098	99.99		True
CONTIG	NODE_63_length_15392_cov_48.534098	15392	correct
2409211	2422776	204	13769	NC_002945.4	NODE_64_length_13769_cov_49.094341	99.98		True
CONTIG	NODE_64_length_13769_cov_49.094341	13769	correct
1972095	1985614	13475	67	NC_002945.4	NODE_65_length_13605_cov_51.409631	99.17		True
CONTIG	NODE_65_length_13605_cov_51.409631	13605	correct
3712180	3724959	12780	1	NC_002945.4	NODE_66_length_12780_cov_36.935509	99.96		True
CONTIG	NODE_66_length_12780_cov_36.935509	12780	correct
2944619	2957076	1	12458	NC_002945.4	NODE_67_length_12458_cov_48.129916	99.98		True
CONTIG	NODE_67_length_12458_cov_48.129916	12458	correct
4281675	4293930	1	12256	NC_002945.4	NODE_68_length_12256_cov_52.439690	99.99		True
CONTIG	NODE_68_length_12256_cov_52.439690	12256	correct
3700273	3711403	11131	1	NC_002945.4	NODE_69_length_11131_cov_39.758633	100.0		True
CONTIG	NODE_69_length_11131_cov_39.758633	11131	correct
2933724	2943963	188	10427	NC_002945.4	NODE_70_length_10427_cov_49.376505	99.99		True
CONTIG	NODE_70_length_10427_cov_49.376505	10427	correct
3209307	3219355	10049	1	NC_002945.4	NODE_71_length_10049_cov_48.368877	100.0		True
CONTIG	NODE_71_length_10049_cov_48.368877	10049	correct
3890565	3892621	2190	134	NC_002945.4	NODE_72_length_9691_cov_19.471769	99.9		True
local misassembly
3884643	3888967	7197	2864	NC_002945.4	NODE_72_length_9691_cov_19.471769	99.77		True
local misassembly
3882139	3884027	9134	7198	NC_002945.4	NODE_72_length_9691_cov_19.471769	97.69		True
local misassembly
3881750	3882155	9691	9286	NC_002945.4	NODE_72_length_9691_cov_19.471769	99.75		True
CONTIG	NODE_72_length_9691_cov_19.471769	9691	correct
1623846	1633322	1	9429	NC_002945.4	NODE_73_length_9429_cov_42.013330	99.46		True
CONTIG	NODE_73_length_9429_cov_42.013330	9429	correct
2444936	2453624	8689	1	NC_002945.4	NODE_74_length_8689_cov_48.848867	100.0		True
CONTIG	NODE_74_length_8689_cov_48.848867	8689	correct
4301841	4310279	8641	203	NC_002945.4	NODE_75_length_8641_cov_47.837209	99.99		True
CONTIG	NODE_75_length_8641_cov_47.837209	8641	correct
4294024	4301868	1	7845	NC_002945.4	NODE_76_length_8124_cov_43.511067	99.95		True
CONTIG	NODE_76_length_8124_cov_43.511067	8124	correct
1987014	1992127	1	5115	NC_002945.4	NODE_77_length_5115_cov_52.152767	99.96		True
CONTIG	NODE_77_length_5115_cov_52.152767	5115	correct
1213934	1214774	1	841	NC_002945.4	NODE_78_length_4706_cov_36.892990	99.64		True
local misassembly
1214750	1218495	961	4706	NC_002945.4	NODE_78_length_4706_cov_36.892990	100.0		True
CONTIG	NODE_78_length_4706_cov_36.892990	4706	correct
1092441	1096461	4021	1	NC_002945.4	NODE_79_length_4021_cov_44.692347	100.0		True
CONTIG	NODE_79_length_4021_cov_44.692347	4021	correct
1165899	1169900	4002	1	NC_002945.4	NODE_80_length_4002_cov_49.015742	99.98		True
CONTIG	NODE_80_length_4002_cov_49.015742	4002	correct
2284620	2287647	3028	1	NC_002945.4	NODE_81_length_3028_cov_34.963461	99.77		True
CONTIG	NODE_81_length_3028_cov_34.963461	3028	correct
2290710	2293716	1	3007	NC_002945.4	NODE_82_length_3007_cov_37.773958	100.0		True
CONTIG	NODE_82_length_3007_cov_37.773958	3007	correct
1993335	1996137	1	2803	NC_002945.4	NODE_83_length_2991_cov_55.723813	100.0		True
CONTIG	NODE_83_length_2991_cov_55.723813	2991	correct
2158914	2160444	2345	815	NC_002945.4	NODE_84_length_2949_cov_54.663714	95.49		True
fake: scaffold gap size wrong estimation (local)
2158341	2158913	2949	2377	NC_002945.4	NODE_84_length_2949_cov_54.663714	100.0		True
CONTIG	NODE_84_length_2949_cov_54.663714	2949	correct
3338676	3341186	1	2511	NC_002945.4	NODE_85_length_2511_cov_57.527265	100.0		True
CONTIG	NODE_85_length_2511_cov_57.527265	2511	correct
3878215	3880356	4	2145	NC_002945.4	NODE_86_length_2145_cov_6.144698	100.0		True
CONTIG	NODE_86_length_2145_cov_6.144698	2145	correct
1190378	1192250	1	1873	NC_002945.4	NODE_87_length_1929_cov_26.847392	99.95		True
CONTIG	NODE_87_length_1929_cov_26.847392	1929	correct
674762	676294	1587	55	NC_002945.4	NODE_88_length_1603_cov_6.626016	100.0		True
CONTIG	NODE_88_length_1603_cov_6.626016	1603	correct
607662	609211	1550	1	NC_002945.4	NODE_89_length_1550_cov_83.640900	99.94		True
CONTIG	NODE_89_length_1550_cov_83.640900	1550	correct
4193589	4195052	1	1464	NC_002945.4	NODE_90_length_1464_cov_112.414361	100.0		True
CONTIG	NODE_90_length_1464_cov_112.414361	1464	correct
1992001	1993461	1	1461	NC_002945.4	NODE_91_length_1461_cov_72.578711	100.0		True
CONTIG	NODE_91_length_1461_cov_72.578711	1461	correct
2324517	2325832	1316	1	NC_002945.4	NODE_92_length_1455_cov_40.682982	100.0		True
CONTIG	NODE_92_length_1455_cov_40.682982	1455	correct
3443593	3445031	1439	1	NC_002945.4	NODE_93_length_1439_cov_64.391768	100.0		True
CONTIG	NODE_93_length_1439_cov_64.391768	1439	correct
890952	892291	1340	1	NC_002945.4	NODE_94_length_1340_cov_102.942292	100.0		True
CONTIG	NODE_94_length_1340_cov_102.942292	1340	correct
3835659	3836979	1321	1	NC_002945.4	NODE_95_length_1321_cov_111.251256	99.77		True
CONTIG	NODE_95_length_1321_cov_111.251256	1321	correct
2288581	2289835	1255	1	NC_002945.4	NODE_96_length_1255_cov_55.288121	100.0		True
CONTIG	NODE_96_length_1255_cov_55.288121	1255	correct
2287521	2288707	1187	1	NC_002945.4	NODE_97_length_1187_cov_37.211321	100.0		True
CONTIG	NODE_97_length_1187_cov_37.211321	1187	correct
839646	840815	1	1170	NC_002945.4	NODE_98_length_1178_cov_17.569933	100.0		True
CONTIG	NODE_98_length_1178_cov_17.569933	1178	correct
2289709	2290836	1	1128	NC_002945.4	NODE_99_length_1128_cov_91.978022	99.91		True
CONTIG	NODE_99_length_1128_cov_91.978022	1128	correct
1340970	1342059	1090	1	NC_002945.4	NODE_100_length_1090_cov_41.429907	99.91		True
CONTIG	NODE_100_length_1090_cov_41.429907	1090	correct
3711277	3712306	1	1030	NC_002945.4	NODE_101_length_1030_cov_106.901440	100.0		True
CONTIG	NODE_101_length_1030_cov_106.901440	1030	correct
674000	674762	794	35	NC_002945.4	NODE_102_length_989_cov_2.356148	97.38		True
CONTIG	NODE_102_length_989_cov_2.356148	989	correct
1165044	1166025	1	982	NC_002945.4	NODE_103_length_982_cov_100.080702	100.0		True
CONTIG	NODE_103_length_982_cov_100.080702	982	correct
2800228	2801136	909	1	NC_002945.4	NODE_104_length_909_cov_328.907928	100.0		True
CONTIG	NODE_104_length_909_cov_328.907928	909	correct
3341521	3342410	890	1	NC_002945.4	NODE_105_length_890_cov_38.055046	100.0		True
CONTIG	NODE_105_length_890_cov_38.055046	890	correct
1985833	1986507	720	46	NC_002945.4	NODE_106_length_870_cov_4.332436	100.0		True
CONTIG	NODE_106_length_870_cov_4.332436	870	correct
1278286	1279129	1	844	NC_002945.4	NODE_107_length_844_cov_89.622036	100.0		True
CONTIG	NODE_107_length_844_cov_89.622036	844	correct
2773481	2774014	706	173	NC_002945.4	NODE_108_length_818_cov_1.888567	100.0		True
CONTIG	NODE_108_length_818_cov_1.888567	818	correct
3444905	3445699	795	1	NC_002945.4	NODE_109_length_795_cov_142.306886	100.0		True
CONTIG	NODE_109_length_795_cov_142.306886	795	correct
2693295	2694038	744	1	NC_002945.4	NODE_110_length_744_cov_84.009724	100.0		True
CONTIG	NODE_110_length_744_cov_84.009724	744	correct
841421	841963	106	639	NC_002945.4	NODE_111_length_743_cov_1.641234	97.79		True
CONTIG	NODE_111_length_743_cov_1.641234	743	correct
1342064	1342697	634	1	NC_002945.4	NODE_112_length_634_cov_59.573964	100.0		True
CONTIG	NODE_112_length_634_cov_59.573964	634	correct
3338171	3338802	632	1	NC_002945.4	NODE_113_length_632_cov_62.134653	99.84		True
CONTIG	NODE_113_length_632_cov_62.134653	632	correct
2932331	2932870	577	38	NC_002945.4	NODE_114_length_577_cov_2.411111	100.0		True
CONTIG	NODE_114_length_577_cov_2.411111	577	correct
2776495	2776752	258	1	NC_002945.4	NODE_115_length_545_cov_0.404306	99.61		True
CONTIG	NODE_115_length_545_cov_0.404306	545	correct
2774155	2774673	519	1	NC_002945.4	NODE_116_length_519_cov_8.142857	100.0		True
CONTIG	NODE_116_length_519_cov_8.142857	519	correct
1491075	1491431	163	519	NC_002945.4	NODE_117_length_519_cov_0.897959	99.72		True
CONTIG	NODE_117_length_519_cov_0.897959	519	correct
