S1	E1	S2	E2	Reference	Contig	IDY	Ambiguous	Best_group
2453617	2665769	1	212205	NC_002945.4	NODE_1_length_212205_cov_44.496115	99.96		True
CONTIG	NODE_1_length_212205_cov_44.496115	212205	correct
3510801	3673271	127	162486	NC_002945.4	NODE_2_length_162486_cov_45.922413	99.92		True
CONTIG	NODE_2_length_162486_cov_45.922413	162486	correct
824601	838048	13448	1	NC_002945.4	NODE_3_length_160849_cov_45.302230	99.98		True
local misassembly
676696	824045	160799	13449	NC_002945.4	NODE_3_length_160849_cov_45.302230	99.99		True
CONTIG	NODE_3_length_160849_cov_45.302230	160849	correct
4035855	4193715	157746	1	NC_002945.4	NODE_4_length_157746_cov_44.540582	99.92		True
CONTIG	NODE_4_length_157746_cov_44.540582	157746	correct
150073	306689	156590	1	NC_002945.4	NODE_5_length_156590_cov_45.457245	99.97		True
CONTIG	NODE_5_length_156590_cov_45.457245	156590	correct
453631	607788	153965	1	NC_002945.4	NODE_6_length_153965_cov_46.004648	99.86		True
CONTIG	NODE_6_length_153965_cov_46.004648	153965	correct
30083	103918	73849	1	NC_002945.4	NODE_7_length_151372_cov_46.256458	99.96		True
local misassembly
1	29469	103319	73851	NC_002945.4	NODE_7_length_151372_cov_46.256458	99.99		True
fake: not a misassembly [linear representation of circular genome]
4301851	4349904	151372	103320	NC_002945.4	NODE_7_length_151372_cov_46.256458	99.99		True
CONTIG	NODE_7_length_151372_cov_46.256458	151372	correct
1853869	1985612	131278	1	NC_002945.4	NODE_8_length_131392_cov_43.341035	99.63		True
CONTIG	NODE_8_length_131392_cov_43.341035	131392	correct
1638948	1769053	117	130220	NC_002945.4	NODE_9_length_130312_cov_47.888643	99.99		True
CONTIG	NODE_9_length_130312_cov_47.888643	130312	correct
2957039	3081542	124549	1	NC_002945.4	NODE_10_length_124549_cov_45.118629	99.87		True
CONTIG	NODE_10_length_124549_cov_45.118629	124549	correct
970203	1009472	1	39269	NC_002945.4	NODE_11_length_120339_cov_45.426912	99.98		True
relocation, inconsistency = 1457
1010930	1091811	39270	120154	NC_002945.4	NODE_11_length_120339_cov_45.426912	99.99		True
CONTIG	NODE_11_length_120339_cov_45.426912	120339	misassembled
3297493	3338802	41479	1	NC_002945.4	NODE_12_length_119836_cov_45.192567	99.81		True
indel: stretch of mismatches
3219369	3297478	119660	41494	NC_002945.4	NODE_12_length_119836_cov_45.192567	99.92		True
CONTIG	NODE_12_length_119836_cov_45.192567	119836	correct
3082645	3124109	1	40731	NC_002945.4	NODE_13_length_109904_cov_45.525675	98.17		True
local misassembly
3124644	3193870	40732	109904	NC_002945.4	NODE_13_length_109904_cov_45.525675	99.91		True
CONTIG	NODE_13_length_109904_cov_45.525675	109904	correct
3343594	3442410	98885	1	NC_002945.4	NODE_14_length_98885_cov_46.783876	99.92		True
CONTIG	NODE_14_length_98885_cov_46.783876	98885	correct
3896925	3980033	83094	1	NC_002945.4	NODE_15_length_86426_cov_43.945028	99.94		True
relocation, inconsistency = 15382
3878215	3881521	86422	83116	NC_002945.4	NODE_15_length_86426_cov_43.945028	100.0		True
CONTIG	NODE_15_length_86426_cov_43.945028	86426	misassembled
2057069	2083604	147	26682	NC_002945.4	NODE_16_length_84213_cov_45.706360	99.97		True
local misassembly
2083596	2140759	26821	83984	NC_002945.4	NODE_16_length_84213_cov_45.706360	99.99		True
CONTIG	NODE_16_length_84213_cov_45.706360	84213	correct
1387018	1470724	122	83771	NC_002945.4	NODE_17_length_83771_cov_46.096684	99.91		True
CONTIG	NODE_17_length_83771_cov_46.096684	83771	correct
1491972	1573646	448	82122	NC_002945.4	NODE_18_length_82245_cov_47.348864	99.93		True
CONTIG	NODE_18_length_82245_cov_47.348864	82245	correct
2693912	2773104	1	79192	NC_002945.4	NODE_19_length_79323_cov_44.321001	99.99		True
CONTIG	NODE_19_length_79323_cov_44.321001	79323	correct
1779460	1853772	1	74313	NC_002945.4	NODE_20_length_74414_cov_44.607872	99.99		True
CONTIG	NODE_20_length_74414_cov_44.607872	74414	correct
1096985	1165170	1	68175	NC_002945.4	NODE_21_length_68175_cov_45.185149	99.97		True
CONTIG	NODE_21_length_68175_cov_45.185149	68175	correct
2852109	2916393	1	64284	NC_002945.4	NODE_22_length_64284_cov_43.207039	99.98		True
CONTIG	NODE_22_length_64284_cov_43.207039	64284	correct
4194926	4259153	64228	1	NC_002945.4	NODE_23_length_64228_cov_47.967645	99.99		True
CONTIG	NODE_23_length_64228_cov_47.967645	64228	correct
1280097	1343223	1	63189	NC_002945.4	NODE_24_length_63189_cov_48.390996	99.89		True
CONTIG	NODE_24_length_63189_cov_48.390996	63189	correct
1220098	1278412	58315	1	NC_002945.4	NODE_25_length_58437_cov_45.578083	99.99		True
CONTIG	NODE_25_length_58437_cov_45.578083	58437	correct
3777400	3835785	58318	1	NC_002945.4	NODE_26_length_58318_cov_45.639377	99.87		True
CONTIG	NODE_26_length_58318_cov_45.639377	58318	correct
402605	453757	51154	1	NC_002945.4	NODE_27_length_51154_cov_43.583162	99.98		True
CONTIG	NODE_27_length_51154_cov_43.583162	51154	correct
2801012	2852054	51043	1	NC_002945.4	NODE_28_length_51043_cov_46.619098	99.98		True
CONTIG	NODE_28_length_51043_cov_46.619098	51043	correct
3984848	4000631	1	15784	NC_002945.4	NODE_29_length_50862_cov_45.043816	100.0		True
fake: scaffold gap size wrong estimation (local)
4000854	4035717	15885	50748	NC_002945.4	NODE_29_length_50862_cov_45.043816	99.98		True
CONTIG	NODE_29_length_50862_cov_45.043816	50862	correct
1573979	1623834	49954	99	NC_002945.4	NODE_30_length_49954_cov_43.612198	99.98		True
CONTIG	NODE_30_length_49954_cov_43.612198	49954	correct
842641	891078	189	48626	NC_002945.4	NODE_31_length_48626_cov_45.283387	99.99		True
CONTIG	NODE_31_length_48626_cov_45.283387	48626	correct
625146	673257	21	48132	NC_002945.4	NODE_32_length_48168_cov_43.819383	99.97		True
CONTIG	NODE_32_length_48168_cov_43.819383	48168	correct
2326308	2372342	46035	1	NC_002945.4	NODE_33_length_46035_cov_42.540864	99.99		True
CONTIG	NODE_33_length_46035_cov_42.540864	46035	correct
3445573	3490468	1	44896	NC_002945.4	NODE_34_length_44896_cov_46.280797	99.98		True
CONTIG	NODE_34_length_44896_cov_46.280797	44896	correct
105040	149930	1	44891	NC_002945.4	NODE_35_length_44891_cov_45.368980	99.97		True
CONTIG	NODE_35_length_44891_cov_45.368980	44891	correct
1997079	2040831	43753	1	NC_002945.4	NODE_36_length_43753_cov_44.493330	99.98		True
CONTIG	NODE_36_length_43753_cov_44.493330	43753	correct
1343879	1386645	42772	1	NC_002945.4	NODE_37_length_42772_cov_44.679353	99.99		True
CONTIG	NODE_37_length_42772_cov_44.679353	42772	correct
3836888	3878186	41291	1	NC_002945.4	NODE_38_length_41291_cov_44.076183	99.96		True
CONTIG	NODE_38_length_41291_cov_44.076183	41291	correct
930635	969873	39594	116	NC_002945.4	NODE_39_length_39762_cov_45.137883	99.36		True
CONTIG	NODE_39_length_39762_cov_45.137883	39762	correct
2246079	2283745	37669	1	NC_002945.4	NODE_40_length_37669_cov_47.832774	99.95		True
CONTIG	NODE_40_length_37669_cov_47.832774	37669	correct
363951	401308	37358	1	NC_002945.4	NODE_41_length_37482_cov_44.226502	99.99		True
CONTIG	NODE_41_length_37482_cov_44.226502	37482	correct
3674358	3711403	37028	1	NC_002945.4	NODE_42_length_37028_cov_32.383729	99.95		True
CONTIG	NODE_42_length_37028_cov_32.383729	37028	correct
2210167	2246118	222	36173	NC_002945.4	NODE_43_length_36173_cov_51.020058	99.98		True
CONTIG	NODE_43_length_36173_cov_51.020058	36173	correct
2373517	2408770	35202	7	NC_002945.4	NODE_44_length_35202_cov_41.424433	99.82		True
CONTIG	NODE_44_length_35202_cov_41.424433	35202	correct
3759141	3760067	1271	345	NC_002945.4	NODE_45_length_34318_cov_45.192975	99.89		True
relocation, inconsistency = 1038
3737665	3758102	21709	1272	NC_002945.4	NODE_45_length_34318_cov_45.192975	100.0		True
local misassembly
3724846	3737454	34318	21710	NC_002945.4	NODE_45_length_34318_cov_45.192975	99.98		True
CONTIG	NODE_45_length_34318_cov_45.192975	34318	misassembled
4259930	4293950	34019	1	NC_002945.4	NODE_46_length_34019_cov_46.438275	99.99		True
CONTIG	NODE_46_length_34019_cov_46.438275	34019	correct
1190092	1204749	14658	1	NC_002945.4	NODE_47_length_33436_cov_42.935033	99.97		True
local misassembly
1171083	1189860	33436	14659	NC_002945.4	NODE_47_length_33436_cov_42.935033	99.99		True
CONTIG	NODE_47_length_33436_cov_42.935033	33436	correct
2161798	2192094	1	30298	NC_002945.4	NODE_48_length_30298_cov_46.836399	99.99		True
CONTIG	NODE_48_length_30298_cov_46.836399	30298	correct
2294650	2324497	29848	1	NC_002945.4	NODE_49_length_29848_cov_41.749638	99.99		True
CONTIG	NODE_49_length_29848_cov_41.749638	29848	correct
2665981	2693421	27440	1	NC_002945.4	NODE_50_length_27444_cov_44.784274	99.98		True
CONTIG	NODE_50_length_27444_cov_44.784274	27444	correct
306711	333298	26658	176	NC_002945.4	NODE_51_length_26658_cov_42.413403	99.6		True
CONTIG	NODE_51_length_26658_cov_42.413403	26658	correct
339035	363825	24826	123	NC_002945.4	NODE_52_length_26613_cov_38.533112	99.62		True
local misassembly
338232	338728	25323	24827	NC_002945.4	NODE_52_length_26613_cov_38.533112	99.44		True
local misassembly
336693	337850	26481	25324	NC_002945.4	NODE_52_length_26613_cov_38.533112	100.0		True
CONTIG	NODE_52_length_26613_cov_38.533112	26613	correct
2423267	2444953	1	21687	NC_002945.4	NODE_53_length_21687_cov_46.761874	99.99		True
CONTIG	NODE_53_length_21687_cov_46.761874	21687	correct
3490524	3510803	1	20283	NC_002945.4	NODE_54_length_20410_cov_47.286496	99.97		True
CONTIG	NODE_54_length_20410_cov_47.286496	20410	correct
2140778	2158516	1	17739	NC_002945.4	NODE_55_length_20374_cov_47.384600	99.96		True
local misassembly
2158655	2158913	17740	17998	NC_002945.4	NODE_55_length_20374_cov_47.384600	100.0		True
fake: scaffold gap size wrong estimation (local)
2158914	2160444	18030	19560	NC_002945.4	NODE_55_length_20374_cov_47.384600	95.49		True
CONTIG	NODE_55_length_20374_cov_47.384600	20374	correct
1490961	1491274	314	1	NC_002945.4	NODE_56_length_19128_cov_53.580127	100.0		True
local misassembly
1471935	1490747	19128	315	NC_002945.4	NODE_56_length_19128_cov_53.580127	99.97		True
CONTIG	NODE_56_length_19128_cov_53.580127	19128	correct
2192685	2210000	1	17316	NC_002945.4	NODE_57_length_17460_cov_52.137310	99.99		True
CONTIG	NODE_57_length_17460_cov_52.137310	17460	correct
3760037	3777383	17349	1	NC_002945.4	NODE_58_length_17349_cov_43.381779	99.95		True
CONTIG	NODE_58_length_17349_cov_43.381779	17349	correct
892165	909508	17344	1	NC_002945.4	NODE_59_length_17344_cov_45.968578	99.99		True
CONTIG	NODE_59_length_17344_cov_45.968578	17344	correct
2776943	2793842	16900	1	NC_002945.4	NODE_60_length_16913_cov_49.914274	99.99		True
CONTIG	NODE_60_length_16913_cov_49.914274	16913	correct
910050	926152	1	16103	NC_002945.4	NODE_61_length_16199_cov_48.262631	99.99		True
CONTIG	NODE_61_length_16199_cov_48.262631	16199	correct
3193780	3209296	1	15617	NC_002945.4	NODE_62_length_15617_cov_46.138735	100.0		True
CONTIG	NODE_62_length_15617_cov_46.138735	15617	correct
2916851	2932338	15488	1	NC_002945.4	NODE_63_length_15488_cov_51.527114	99.97		True
CONTIG	NODE_63_length_15488_cov_51.527114	15488	correct
2041215	2056393	15194	16	NC_002945.4	NODE_64_length_15393_cov_48.316848	99.99		True
CONTIG	NODE_64_length_15393_cov_48.316848	15393	correct
609085	624472	15388	1	NC_002945.4	NODE_65_length_15388_cov_44.030797	99.99		True
CONTIG	NODE_65_length_15388_cov_44.030797	15388	correct
2409042	2422776	27	13761	NC_002945.4	NODE_66_length_13761_cov_43.535646	99.97		True
CONTIG	NODE_66_length_13761_cov_43.535646	13761	correct
3712180	3724874	12695	1	NC_002945.4	NODE_67_length_12695_cov_31.926082	99.96		True
CONTIG	NODE_67_length_12695_cov_31.926082	12695	correct
2944619	2957076	12458	1	NC_002945.4	NODE_68_length_12458_cov_42.844538	99.98		True
CONTIG	NODE_68_length_12458_cov_42.844538	12458	correct
3881866	3882155	1	290	NC_002945.4	NODE_69_length_10956_cov_16.072675	100.0		True
local misassembly
3882139	3884027	442	2378	NC_002945.4	NODE_69_length_10956_cov_16.072675	97.69		True
local misassembly
3884643	3890278	2379	8023	NC_002945.4	NODE_69_length_10956_cov_16.072675	99.79		True
local misassembly
3890969	3893485	8024	10540	NC_002945.4	NODE_69_length_10956_cov_16.072675	99.93		True
CONTIG	NODE_69_length_10956_cov_16.072675	10956	correct
2933671	2943963	10293	1	NC_002945.4	NODE_70_length_10293_cov_45.808971	99.98		True
CONTIG	NODE_70_length_10293_cov_45.808971	10293	correct
3209302	3219347	10046	1	NC_002945.4	NODE_71_length_10046_cov_44.065228	100.0		True
CONTIG	NODE_71_length_10046_cov_44.065228	10046	correct
1623842	1633327	1	9429	NC_002945.4	NODE_72_length_9429_cov_38.492797	99.37		True
CONTIG	NODE_72_length_9429_cov_38.492797	9429	correct
1204750	1213474	1	8725	NC_002945.4	NODE_73_length_8839_cov_43.292355	99.98		True
CONTIG	NODE_73_length_8839_cov_43.292355	8839	correct
2444936	2453602	1	8667	NC_002945.4	NODE_74_length_8754_cov_43.834589	100.0		True
CONTIG	NODE_74_length_8754_cov_43.834589	8754	correct
4294155	4301863	7709	1	NC_002945.4	NODE_75_length_7894_cov_38.286855	99.99		True
CONTIG	NODE_75_length_7894_cov_38.286855	7894	correct
2793934	2799828	5895	1	NC_002945.4	NODE_76_length_6022_cov_42.784224	99.98		True
CONTIG	NODE_76_length_6022_cov_42.784224	6022	correct
1987019	1992127	1	5110	NC_002945.4	NODE_77_length_5110_cov_47.245234	99.92		True
CONTIG	NODE_77_length_5110_cov_47.245234	5110	correct
1214750	1218404	3659	5	NC_002945.4	NODE_78_length_4619_cov_35.995325	99.97		True
local misassembly
1213934	1214774	4619	3779	NC_002945.4	NODE_78_length_4619_cov_35.995325	99.64		True
CONTIG	NODE_78_length_4619_cov_35.995325	4619	correct
3980201	3984502	4302	1	NC_002945.4	NODE_79_length_4302_cov_42.756647	100.0		True
CONTIG	NODE_79_length_4302_cov_42.756647	4302	correct
1092454	1096461	1	4008	NC_002945.4	NODE_80_length_4008_cov_39.045091	99.98		True
CONTIG	NODE_80_length_4008_cov_39.045091	4008	correct
1165899	1169900	4002	1	NC_002945.4	NODE_81_length_4002_cov_44.937290	99.98		True
CONTIG	NODE_81_length_4002_cov_44.937290	4002	correct
1635657	1638240	1	2635	NC_002945.4	NODE_82_length_3190_cov_20.409729	98.06		True
local misassembly
1638385	1638698	2636	2949	NC_002945.4	NODE_82_length_3190_cov_20.409729	99.7		True
CONTIG	NODE_82_length_3190_cov_20.409729	3190	correct
2284620	2287647	3028	1	NC_002945.4	NODE_83_length_3028_cov_33.590486	99.77		True
CONTIG	NODE_83_length_3028_cov_33.590486	3028	correct
2290710	2293716	1	3007	NC_002945.4	NODE_84_length_3007_cov_34.176042	100.0		True
CONTIG	NODE_84_length_3007_cov_34.176042	3007	correct
1993335	1996076	2949	208	NC_002945.4	NODE_85_length_2949_cov_48.336995	100.0		True
CONTIG	NODE_85_length_2949_cov_48.336995	2949	correct
673480	676224	2745	1	NC_002945.4	NODE_86_length_2745_cov_4.117265	99.85		True
CONTIG	NODE_86_length_2745_cov_4.117265	2745	correct
928970	930437	1674	207	NC_002945.4	NODE_87_length_2696_cov_10.463605	100.0		True
local misassembly
928101	928975	2696	1813	NC_002945.4	NODE_87_length_2696_cov_10.463605	98.64		True
CONTIG	NODE_87_length_2696_cov_10.463605	2696	correct
2774221	2775628	1408	1	NC_002945.4	NODE_88_length_1590_cov_7.122351	99.93		True
CONTIG	NODE_88_length_1590_cov_7.122351	1590	correct
607662	609211	1550	1	NC_002945.4	NODE_89_length_1550_cov_74.171469	100.0		True
CONTIG	NODE_89_length_1550_cov_74.171469	1550	correct
4193589	4195052	1464	1	NC_002945.4	NODE_90_length_1464_cov_109.003740	100.0		True
CONTIG	NODE_90_length_1464_cov_109.003740	1464	correct
3443593	3445031	1439	1	NC_002945.4	NODE_91_length_1439_cov_59.278963	100.0		True
CONTIG	NODE_91_length_1439_cov_59.278963	1439	correct
2324585	2325841	1257	1	NC_002945.4	NODE_92_length_1438_cov_27.889397	100.0		True
CONTIG	NODE_92_length_1438_cov_27.889397	1438	correct
3081416	3082771	1	1356	NC_002945.4	NODE_93_length_1356_cov_119.030919	100.0		True
CONTIG	NODE_93_length_1356_cov_119.030919	1356	correct
3673145	3674484	1	1340	NC_002945.4	NODE_94_length_1340_cov_92.435284	100.0		True
CONTIG	NODE_94_length_1340_cov_92.435284	1340	correct
3339137	3340461	1325	1	NC_002945.4	NODE_95_length_1325_cov_41.825543	100.0		True
CONTIG	NODE_95_length_1325_cov_41.825543	1325	correct
3835659	3836979	1	1321	NC_002945.4	NODE_96_length_1321_cov_97.549414	99.7		True
CONTIG	NODE_96_length_1321_cov_97.549414	1321	correct
2288581	2289835	1	1255	NC_002945.4	NODE_97_length_1255_cov_49.440603	100.0		True
CONTIG	NODE_97_length_1255_cov_49.440603	1255	correct
840162	840268	107	1	NC_002945.4	NODE_98_length_1224_cov_15.250684	100.0		True
local misassembly
839581	840697	1224	108	NC_002945.4	NODE_98_length_1224_cov_15.250684	100.0		True
CONTIG	NODE_98_length_1224_cov_15.250684	1224	correct
2287521	2288707	1187	1	NC_002945.4	NODE_99_length_1187_cov_33.420755	100.0		True
CONTIG	NODE_99_length_1187_cov_33.420755	1187	correct
1996217	1997026	30	839	NC_002945.4	NODE_100_length_1142_cov_3.236453	99.88		True
CONTIG	NODE_100_length_1142_cov_3.236453	1142	correct
2289709	2290836	1128	1	NC_002945.4	NODE_101_length_1128_cov_92.382617	99.91		True
CONTIG	NODE_101_length_1128_cov_92.382617	1128	correct
2372459	2373516	1058	1	NC_002945.4	NODE_102_length_1058_cov_27.979747	100.0		True
CONTIG	NODE_102_length_1058_cov_27.979747	1058	correct
3711277	3712306	1030	1	NC_002945.4	NODE_103_length_1030_cov_93.218162	100.0		True
CONTIG	NODE_103_length_1030_cov_93.218162	1030	correct
335605	336439	167	1001	NC_002945.4	NODE_104_length_1001_cov_5.405034	100.0		True
CONTIG	NODE_104_length_1001_cov_5.405034	1001	correct
1165044	1166025	982	1	NC_002945.4	NODE_105_length_982_cov_95.913450	99.9		True
CONTIG	NODE_105_length_982_cov_95.913450	982	correct
2800228	2801136	1	909	NC_002945.4	NODE_106_length_909_cov_283.763427	100.0		True
CONTIG	NODE_106_length_909_cov_283.763427	909	correct
3341521	3342410	890	1	NC_002945.4	NODE_107_length_890_cov_31.799476	100.0		True
CONTIG	NODE_107_length_890_cov_31.799476	890	correct
2191968	2192811	1	844	NC_002945.4	NODE_108_length_844_cov_90.326360	100.0		True
CONTIG	NODE_108_length_844_cov_90.326360	844	correct
1219177	1219805	798	170	NC_002945.4	NODE_109_length_803_cov_0.847633	100.0		True
CONTIG	NODE_109_length_803_cov_0.847633	803	correct
3444905	3445699	1	795	NC_002945.4	NODE_110_length_795_cov_98.790419	100.0		True
CONTIG	NODE_110_length_795_cov_98.790419	795	correct
841649	842307	90	748	NC_002945.4	NODE_111_length_748_cov_1.017713	98.33		True
CONTIG	NODE_111_length_748_cov_1.017713	748	correct
2693295	2694038	1	744	NC_002945.4	NODE_112_length_744_cov_76.277147	100.0		True
CONTIG	NODE_112_length_744_cov_76.277147	744	correct
1985790	1986471	682	1	NC_002945.4	NODE_113_length_688_cov_4.475936	100.0		True
CONTIG	NODE_113_length_688_cov_4.475936	688	correct
2773474	2774131	658	1	NC_002945.4	NODE_114_length_658_cov_3.696798	100.0		True
CONTIG	NODE_114_length_658_cov_3.696798	658	correct
3340552	3341186	635	1	NC_002945.4	NODE_115_length_635_cov_38.143701	100.0		True
CONTIG	NODE_115_length_635_cov_38.143701	635	correct
3893914	3894024	1	111	NC_002945.4	NODE_116_length_634_cov_3.936884	100.0		True
local misassembly
3893518	3894040	112	634	NC_002945.4	NODE_116_length_634_cov_3.936884	99.81		True
CONTIG	NODE_116_length_634_cov_3.936884	634	correct
3341060	3341647	588	1	NC_002945.4	NODE_117_length_588_cov_68.553145	100.0		True
CONTIG	NODE_117_length_588_cov_68.553145	588	correct
