S1	E1	S2	E2	Reference	Contig	IDY	Ambiguous	Best_group
3445623	3673221	1	227494	NC_002945.4	NODE_1_length_227494_cov_38.096853	99.93		True
CONTIG	NODE_1_length_227494_cov_38.096853	227494	correct
2453622	2665777	1	212101	NC_002945.4	NODE_2_length_212101_cov_37.701237	99.96		True
CONTIG	NODE_2_length_212101_cov_37.701237	212101	correct
402655	581751	1	178873	NC_002945.4	NODE_3_length_178873_cov_37.297948	99.86		True
CONTIG	NODE_3_length_178873_cov_37.297948	178873	correct
676568	824045	1	147479	NC_002945.4	NODE_4_length_160897_cov_38.037980	99.99		True
local misassembly
824601	838018	147480	160897	NC_002945.4	NODE_4_length_160897_cov_38.037980	99.96		True
CONTIG	NODE_4_length_160897_cov_38.037980	160897	correct
30083	103868	73799	1	NC_002945.4	NODE_5_length_158565_cov_37.967505	99.96		True
local misassembly
1	29469	103269	73801	NC_002945.4	NODE_5_length_158565_cov_37.967505	99.99		True
fake: not a misassembly [linear representation of circular genome]
4294608	4349904	158565	103270	NC_002945.4	NODE_5_length_158565_cov_37.967505	99.99		True
CONTIG	NODE_5_length_158565_cov_37.967505	158565	correct
149994	306687	156667	1	NC_002945.4	NODE_6_length_156667_cov_37.654065	99.97		True
CONTIG	NODE_6_length_156667_cov_37.654065	156667	correct
2968139	3124608	1	155780	NC_002945.4	NODE_7_length_155780_cov_37.176400	99.41		True
CONTIG	NODE_7_length_155780_cov_37.176400	155780	correct
1638871	1769053	130224	43	NC_002945.4	NODE_8_length_130229_cov_38.885111	99.99		True
CONTIG	NODE_8_length_130229_cov_38.885111	130229	correct
1010930	1091551	80625	1	NC_002945.4	NODE_9_length_119920_cov_37.956668	99.99		True
relocation, inconsistency = 1457
970177	1009472	119920	80626	NC_002945.4	NODE_9_length_119920_cov_37.956668	99.98		True
CONTIG	NODE_9_length_119920_cov_37.956668	119920	misassembled
1869386	1972998	1	103144	NC_002945.4	NODE_10_length_103144_cov_37.021248	99.53		True
CONTIG	NODE_10_length_103144_cov_37.021248	103144	correct
3343644	3442360	98785	1	NC_002945.4	NODE_11_length_98785_cov_38.709730	99.92		True
CONTIG	NODE_11_length_98785_cov_38.709730	98785	correct
4097380	4193665	96286	1	NC_002945.4	NODE_12_length_96286_cov_38.046056	99.99		True
CONTIG	NODE_12_length_96286_cov_38.046056	96286	correct
2056969	2082912	1	25944	NC_002945.4	NODE_13_length_83340_cov_38.515079	99.98		True
local misassembly
2083654	2140742	25945	83033	NC_002945.4	NODE_13_length_83340_cov_38.515079	99.99		True
CONTIG	NODE_13_length_83340_cov_38.515079	83340	correct
1387359	1470674	78	83279	NC_002945.4	NODE_14_length_83279_cov_38.850172	99.85		True
CONTIG	NODE_14_length_83279_cov_38.850172	83279	correct
3897195	3979440	1	82237	NC_002945.4	NODE_15_length_82237_cov_38.461928	99.98		True
CONTIG	NODE_15_length_82237_cov_38.461928	82237	correct
2693962	2773057	79231	137	NC_002945.4	NODE_16_length_79231_cov_37.345428	99.99		True
CONTIG	NODE_16_length_79231_cov_37.345428	79231	correct
1779510	1853768	1	74259	NC_002945.4	NODE_17_length_74317_cov_37.788726	99.99		True
CONTIG	NODE_17_length_74317_cov_37.788726	74317	correct
3124763	3193711	68895	1	NC_002945.4	NODE_18_length_68895_cov_38.197114	99.91		True
CONTIG	NODE_18_length_68895_cov_38.197114	68895	correct
1097035	1165120	1	68086	NC_002945.4	NODE_19_length_68086_cov_37.546266	99.99		True
CONTIG	NODE_19_length_68086_cov_37.546266	68086	correct
2852105	2916645	64541	1	NC_002945.4	NODE_20_length_64541_cov_35.955991	99.98		True
CONTIG	NODE_20_length_64541_cov_35.955991	64541	correct
4194976	4259103	64128	1	NC_002945.4	NODE_21_length_64128_cov_38.400821	99.99		True
CONTIG	NODE_21_length_64128_cov_38.400821	64128	correct
1280147	1343173	63089	1	NC_002945.4	NODE_22_length_63089_cov_40.232575	99.89		True
CONTIG	NODE_22_length_63089_cov_40.232575	63089	correct
4036100	4097296	61196	1	NC_002945.4	NODE_23_length_61638_cov_36.057926	99.99		True
CONTIG	NODE_23_length_61638_cov_36.057926	61638	correct
1574070	1633155	59142	119	NC_002945.4	NODE_24_length_59258_cov_35.931431	99.88		True
CONTIG	NODE_24_length_59258_cov_35.931431	59258	correct
1219676	1277954	58279	1	NC_002945.4	NODE_25_length_58279_cov_38.248050	99.99		True
CONTIG	NODE_25_length_58279_cov_38.248050	58279	correct
3777450	3830690	1	53241	NC_002945.4	NODE_26_length_53260_cov_36.804167	99.99		True
CONTIG	NODE_26_length_53260_cov_36.804167	53260	correct
2801062	2852081	51020	1	NC_002945.4	NODE_27_length_51020_cov_38.267868	99.99		True
CONTIG	NODE_27_length_51020_cov_38.267868	51020	correct
842774	891028	1	48255	NC_002945.4	NODE_28_length_48255_cov_37.632675	99.99		True
CONTIG	NODE_28_length_48255_cov_37.632675	48255	correct
625430	673260	47871	41	NC_002945.4	NODE_29_length_47871_cov_36.352680	99.96		True
CONTIG	NODE_29_length_47871_cov_36.352680	47871	correct
2326266	2372207	45885	1	NC_002945.4	NODE_30_length_45885_cov_35.126987	99.86		True
CONTIG	NODE_30_length_45885_cov_35.126987	45885	correct
3252525	3297738	45214	1	NC_002945.4	NODE_31_length_45214_cov_37.900791	99.99		True
CONTIG	NODE_31_length_45214_cov_37.900791	45214	correct
1491923	1535060	43138	1	NC_002945.4	NODE_32_length_43138_cov_39.900792	99.97		True
CONTIG	NODE_32_length_43138_cov_39.900792	43138	correct
1343929	1386556	42633	1	NC_002945.4	NODE_33_length_42633_cov_37.037151	99.99		True
CONTIG	NODE_33_length_42633_cov_37.037151	42633	correct
3836938	3878164	41219	1	NC_002945.4	NODE_34_length_41219_cov_37.171795	99.95		True
CONTIG	NODE_34_length_41219_cov_37.171795	41219	correct
3297668	3338752	41039	1	NC_002945.4	NODE_35_length_41039_cov_35.839290	99.82		True
CONTIG	NODE_35_length_41039_cov_35.839290	41039	correct
930648	970060	39533	1	NC_002945.4	NODE_36_length_39564_cov_36.444779	99.67		True
CONTIG	NODE_36_length_39564_cov_36.444779	39564	correct
2246090	2283695	37608	1	NC_002945.4	NODE_37_length_37608_cov_40.289867	99.95		True
CONTIG	NODE_37_length_37608_cov_40.289867	37608	correct
363946	401258	146	37458	NC_002945.4	NODE_38_length_37458_cov_36.840213	99.99		True
CONTIG	NODE_38_length_37458_cov_36.840213	37458	correct
1535992	1573286	1	37296	NC_002945.4	NODE_39_length_37316_cov_37.999382	99.99		True
CONTIG	NODE_39_length_37316_cov_37.999382	37316	correct
2210046	2246067	1	36022	NC_002945.4	NODE_40_length_36022_cov_41.850077	100.0		True
CONTIG	NODE_40_length_36022_cov_41.850077	36022	correct
4000904	4035734	34900	70	NC_002945.4	NODE_41_length_34900_cov_39.056400	99.98		True
CONTIG	NODE_41_length_34900_cov_39.056400	34900	correct
3737665	3758851	21406	220	NC_002945.4	NODE_42_length_33965_cov_36.587937	100.0		True
local misassembly
3724896	3737454	33965	21407	NC_002945.4	NODE_42_length_33965_cov_36.587937	99.98		True
CONTIG	NODE_42_length_33965_cov_36.587937	33965	correct
3219363	3252461	33099	1	NC_002945.4	NODE_43_length_33099_cov_38.380625	99.99		True
CONTIG	NODE_43_length_33099_cov_38.380625	33099	correct
2294859	2325850	1	30991	NC_002945.4	NODE_44_length_30998_cov_36.041493	99.99		True
CONTIG	NODE_44_length_30998_cov_36.041493	30998	correct
2161848	2192044	1	30198	NC_002945.4	NODE_45_length_30198_cov_37.735201	99.99		True
CONTIG	NODE_45_length_30198_cov_37.735201	30198	correct
105090	132482	27393	1	NC_002945.4	NODE_46_length_27393_cov_37.458706	99.97		True
CONTIG	NODE_46_length_27393_cov_37.458706	27393	correct
2666018	2693371	27259	1	NC_002945.4	NODE_47_length_27259_cov_37.515488	99.64		True
CONTIG	NODE_47_length_27259_cov_37.515488	27259	correct
306721	333298	14	26486	NC_002945.4	NODE_48_length_26592_cov_36.458608	99.6		True
CONTIG	NODE_48_length_26592_cov_36.458608	26592	correct
337267	363845	26501	1	NC_002945.4	NODE_49_length_26502_cov_33.050672	99.59		True
CONTIG	NODE_49_length_26502_cov_33.050672	26502	correct
581870	607738	1	25869	NC_002945.4	NODE_50_length_25869_cov_36.818587	99.99		True
CONTIG	NODE_50_length_25869_cov_36.818587	25869	correct
3674408	3700156	25731	1	NC_002945.4	NODE_51_length_25731_cov_29.015397	99.91		True
CONTIG	NODE_51_length_25731_cov_29.015397	25731	correct
1997087	2020245	1	23159	NC_002945.4	NODE_52_length_23159_cov_37.437700	99.98		True
CONTIG	NODE_52_length_23159_cov_37.437700	23159	correct
2386718	2408719	22002	1	NC_002945.4	NODE_53_length_22002_cov_33.178700	100.0		True
CONTIG	NODE_53_length_22002_cov_33.178700	22002	correct
4259980	4281648	21667	1	NC_002945.4	NODE_54_length_21667_cov_37.615563	99.98		True
CONTIG	NODE_54_length_21667_cov_37.615563	21667	correct
2423317	2444903	21587	1	NC_002945.4	NODE_55_length_21587_cov_37.571920	99.99		True
CONTIG	NODE_55_length_21587_cov_37.571920	21587	correct
1190092	1192831	2750	11	NC_002945.4	NODE_56_length_21478_cov_34.140461	99.89		True
local misassembly
1171133	1189860	21478	2751	NC_002945.4	NODE_56_length_21478_cov_34.140461	99.99		True
CONTIG	NODE_56_length_21478_cov_34.140461	21478	correct
1471985	1490747	1	18764	NC_002945.4	NODE_57_length_19008_cov_40.071470	99.97		True
local misassembly
1490961	1491204	18765	19008	NC_002945.4	NODE_57_length_19008_cov_40.071470	100.0		True
CONTIG	NODE_57_length_19008_cov_40.071470	19008	correct
3759962	3777333	38	17411	NC_002945.4	NODE_58_length_17411_cov_35.727760	99.97		True
CONTIG	NODE_58_length_17411_cov_35.727760	17411	correct
2140774	2158159	1	17386	NC_002945.4	NODE_59_length_17386_cov_38.700791	99.99		True
CONTIG	NODE_59_length_17386_cov_38.700791	17386	correct
2023759	2041040	17282	1	NC_002945.4	NODE_60_length_17282_cov_37.267597	99.92		True
CONTIG	NODE_60_length_17282_cov_37.267597	17282	correct
132673	149938	17275	10	NC_002945.4	NODE_61_length_17275_cov_41.309571	99.97		True
CONTIG	NODE_61_length_17275_cov_41.309571	17275	correct
892215	909458	17244	1	NC_002945.4	NODE_62_length_17244_cov_38.964350	99.99		True
CONTIG	NODE_62_length_17244_cov_38.964350	17244	correct
2193143	2210081	17000	62	NC_002945.4	NODE_63_length_17000_cov_40.279147	99.97		True
CONTIG	NODE_63_length_17000_cov_40.279147	17000	correct
2776890	2793850	16961	1	NC_002945.4	NODE_64_length_16961_cov_40.561893	100.0		True
CONTIG	NODE_64_length_16961_cov_40.561893	16961	correct
910100	926278	1	16179	NC_002945.4	NODE_65_length_16179_cov_38.708297	99.99		True
CONTIG	NODE_65_length_16179_cov_38.708297	16179	correct
3985009	4000700	15692	1	NC_002945.4	NODE_66_length_15702_cov_36.227456	99.94		True
CONTIG	NODE_66_length_15702_cov_36.227456	15702	correct
1853832	1869389	1	15558	NC_002945.4	NODE_67_length_15558_cov_28.190879	99.99		True
CONTIG	NODE_67_length_15558_cov_28.190879	15558	correct
2916967	2932451	15485	1	NC_002945.4	NODE_68_length_15485_cov_39.919782	99.96		True
CONTIG	NODE_68_length_15485_cov_39.919782	15485	correct
609135	624487	1	15353	NC_002945.4	NODE_69_length_15369_cov_36.402236	99.99		True
CONTIG	NODE_69_length_15369_cov_36.402236	15369	correct
2041085	2056402	1	15241	NC_002945.4	NODE_70_length_15254_cov_38.235620	99.49		True
CONTIG	NODE_70_length_15254_cov_38.235620	15254	correct
3193774	3208991	15139	1	NC_002945.4	NODE_71_length_15139_cov_39.550790	99.48		True
CONTIG	NODE_71_length_15139_cov_39.550790	15139	correct
2372454	2386711	14258	1	NC_002945.4	NODE_72_length_14258_cov_39.233622	99.98		True
CONTIG	NODE_72_length_14258_cov_39.233622	14258	correct
2409042	2422726	13685	1	NC_002945.4	NODE_73_length_13696_cov_35.382040	99.98		True
CONTIG	NODE_73_length_13696_cov_35.382040	13696	correct
1204727	1213474	1	8748	NC_002945.4	NODE_74_length_13361_cov_32.082054	99.98		True
local misassembly
1213958	1214774	8749	9565	NC_002945.4	NODE_74_length_13361_cov_32.082054	99.03		True
local misassembly
1214750	1218322	9685	13257	NC_002945.4	NODE_74_length_13361_cov_32.082054	100.0		True
CONTIG	NODE_74_length_13361_cov_32.082054	13361	correct
1973015	1985647	1	12600	NC_002945.4	NODE_75_length_12600_cov_37.629562	99.73		True
CONTIG	NODE_75_length_12600_cov_37.629562	12600	correct
3712230	3724596	12367	1	NC_002945.4	NODE_76_length_12367_cov_28.373556	99.96		True
CONTIG	NODE_76_length_12367_cov_28.373556	12367	correct
2944669	2957026	1	12358	NC_002945.4	NODE_77_length_12358_cov_36.991369	99.98		True
CONTIG	NODE_77_length_12358_cov_36.991369	12358	correct
4281661	4293929	1	12269	NC_002945.4	NODE_78_length_12269_cov_38.626394	99.99		True
CONTIG	NODE_78_length_12269_cov_38.626394	12269	correct
1193178	1204735	1	11558	NC_002945.4	NODE_79_length_11558_cov_39.619284	99.97		True
CONTIG	NODE_79_length_11558_cov_39.619284	11558	correct
2957089	2968162	1	11074	NC_002945.4	NODE_80_length_11074_cov_40.686915	99.99		True
CONTIG	NODE_80_length_11074_cov_40.686915	11074	correct
3700288	3710685	1	10398	NC_002945.4	NODE_81_length_10398_cov_27.808449	100.0		True
CONTIG	NODE_81_length_10398_cov_27.808449	10398	correct
2933814	2943913	10100	1	NC_002945.4	NODE_82_length_10185_cov_36.507816	99.97		True
CONTIG	NODE_82_length_10185_cov_36.507816	10185	correct
3209302	3219348	1	10047	NC_002945.4	NODE_83_length_10047_cov_38.402608	100.0		True
CONTIG	NODE_83_length_10047_cov_38.402608	10047	correct
2444986	2453626	8647	7	NC_002945.4	NODE_84_length_8647_cov_35.802684	99.99		True
CONTIG	NODE_84_length_8647_cov_35.802684	8647	correct
3890969	3892621	1693	41	NC_002945.4	NODE_85_length_7868_cov_19.271210	99.85		True
local misassembly
3884095	3890278	7868	1694	NC_002945.4	NODE_85_length_7868_cov_19.271210	99.5		True
CONTIG	NODE_85_length_7868_cov_19.271210	7868	correct
2793857	2799778	5922	1	NC_002945.4	NODE_86_length_5922_cov_35.330026	99.98		True
CONTIG	NODE_86_length_5922_cov_35.330026	5922	correct
1987036	1992077	1	5043	NC_002945.4	NODE_87_length_5043_cov_36.677608	99.96		True
CONTIG	NODE_87_length_5043_cov_36.677608	5043	correct
3830738	3835735	4998	1	NC_002945.4	NODE_88_length_5017_cov_43.822065	100.0		True
CONTIG	NODE_88_length_5017_cov_43.822065	5017	correct
3980116	3984560	4445	1	NC_002945.4	NODE_89_length_4445_cov_31.576694	99.75		True
CONTIG	NODE_89_length_4445_cov_31.576694	4445	correct
1165949	1169850	3902	1	NC_002945.4	NODE_90_length_3902_cov_39.256993	99.97		True
CONTIG	NODE_90_length_3902_cov_39.256993	3902	correct
3878269	3880060	1	1792	NC_002945.4	NODE_91_length_3076_cov_12.880960	99.55		True
indel: stretch of mismatches
3880086	3880324	1818	2056	NC_002945.4	NODE_91_length_3076_cov_12.880960	97.49		True
local misassembly
3880504	3881470	2110	3076	NC_002945.4	NODE_91_length_3076_cov_12.880960	99.69		True
CONTIG	NODE_91_length_3076_cov_12.880960	3076	correct
2284670	2287597	1	2928	NC_002945.4	NODE_92_length_2928_cov_32.407927	99.76		True
CONTIG	NODE_92_length_2928_cov_32.407927	2928	correct
2290760	2293666	1	2907	NC_002945.4	NODE_93_length_2907_cov_30.332509	100.0		True
CONTIG	NODE_93_length_2907_cov_30.332509	2907	correct
1993385	1996121	1	2737	NC_002945.4	NODE_94_length_2737_cov_39.422556	99.96		True
CONTIG	NODE_94_length_2737_cov_39.422556	2737	correct
3882139	3884104	2014	1	NC_002945.4	NODE_95_length_2494_cov_5.719901	97.62		True
local misassembly
3881827	3882155	2494	2166	NC_002945.4	NODE_95_length_2494_cov_5.719901	100.0		True
CONTIG	NODE_95_length_2494_cov_5.719901	2494	correct
928970	930617	1648	1	NC_002945.4	NODE_96_length_2464_cov_13.030582	100.0		True
local misassembly
928328	928975	2443	1787	NC_002945.4	NODE_96_length_2464_cov_13.030582	98.48		True
CONTIG	NODE_96_length_2464_cov_13.030582	2464	correct
2020922	2023366	2445	1	NC_002945.4	NODE_97_length_2445_cov_33.564189	99.96		True
CONTIG	NODE_97_length_2445_cov_33.564189	2445	correct
1635707	1637980	2220	1	NC_002945.4	NODE_98_length_2220_cov_25.043864	97.63		True
CONTIG	NODE_98_length_2220_cov_25.043864	2220	correct
1092495	1094618	2121	1	NC_002945.4	NODE_99_length_2132_cov_28.458394	99.25		True
CONTIG	NODE_99_length_2132_cov_28.458394	2132	correct
607662	609211	1	1550	NC_002945.4	NODE_100_length_1550_cov_66.152071	99.94		True
CONTIG	NODE_100_length_1550_cov_66.152071	1550	correct
674730	676218	26	1514	NC_002945.4	NODE_101_length_1514_cov_7.112735	99.73		True
CONTIG	NODE_101_length_1514_cov_7.112735	1514	correct
4193589	4195052	1464	1	NC_002945.4	NODE_102_length_1464_cov_79.501081	100.0		True
CONTIG	NODE_102_length_1464_cov_79.501081	1464	correct
2159033	2160496	1	1464	NC_002945.4	NODE_103_length_1464_cov_39.237924	100.0		True
CONTIG	NODE_103_length_1464_cov_39.237924	1464	correct
2774223	2775611	1389	1	NC_002945.4	NODE_104_length_1389_cov_8.200457	99.93		True
CONTIG	NODE_104_length_1389_cov_8.200457	1389	correct
2287521	2288869	1	1349	NC_002945.4	NODE_105_length_1349_cov_39.832547	100.0		True
CONTIG	NODE_105_length_1349_cov_39.832547	1349	correct
890952	892291	1	1340	NC_002945.4	NODE_106_length_1340_cov_75.134600	100.0		True
CONTIG	NODE_106_length_1340_cov_75.134600	1340	correct
3443643	3444981	1339	1	NC_002945.4	NODE_107_length_1339_cov_46.524564	100.0		True
CONTIG	NODE_107_length_1339_cov_46.524564	1339	correct
3835659	3836979	1	1321	NC_002945.4	NODE_108_length_1321_cov_82.732315	99.77		True
CONTIG	NODE_108_length_1321_cov_82.732315	1321	correct
2191968	2193219	1	1252	NC_002945.4	NODE_109_length_1252_cov_76.269787	99.68		True
CONTIG	NODE_109_length_1252_cov_76.269787	1252	correct
3339187	3340411	1225	1	NC_002945.4	NODE_110_length_1225_cov_33.567073	100.0		True
CONTIG	NODE_110_length_1225_cov_33.567073	1225	correct
673472	674676	1	1205	NC_002945.4	NODE_111_length_1213_cov_4.126761	99.92		True
CONTIG	NODE_111_length_1213_cov_4.126761	1213	correct
2289709	2290836	1128	1	NC_002945.4	NODE_112_length_1128_cov_70.414843	99.91		True
CONTIG	NODE_112_length_1128_cov_70.414843	1128	correct
839761	840792	1	1032	NC_002945.4	NODE_113_length_1063_cov_15.918864	100.0		True
CONTIG	NODE_113_length_1063_cov_15.918864	1063	correct
3711277	3712306	1030	1	NC_002945.4	NODE_114_length_1030_cov_71.689402	100.0		True
CONTIG	NODE_114_length_1030_cov_71.689402	1030	correct
2288793	2289785	1	993	NC_002945.4	NODE_115_length_993_cov_42.372271	100.0		True
CONTIG	NODE_115_length_993_cov_42.372271	993	correct
1165044	1166025	1	982	NC_002945.4	NODE_116_length_982_cov_80.946961	99.9		True
CONTIG	NODE_116_length_982_cov_80.946961	982	correct
1094995	1095920	1	926	NC_002945.4	NODE_117_length_926_cov_38.898704	100.0		True
CONTIG	NODE_117_length_926_cov_38.898704	926	correct
3342811	3343719	1	909	NC_002945.4	NODE_118_length_909_cov_224.260817	100.0		True
CONTIG	NODE_118_length_909_cov_224.260817	909	correct
3892739	3892804	66	1	NC_002945.4	NODE_119_length_872_cov_3.884277	100.0		True
local misassembly
3892728	3893533	872	67	NC_002945.4	NODE_119_length_872_cov_3.884277	100.0		True
CONTIG	NODE_119_length_872_cov_3.884277	872	correct
335652	336424	773	1	NC_002945.4	NODE_120_length_844_cov_10.178618	100.0		True
local misassembly
335371	335441	844	774	NC_002945.4	NODE_120_length_844_cov_10.178618	100.0		True
CONTIG	NODE_120_length_844_cov_10.178618	844	correct
1996210	1997022	813	1	NC_002945.4	NODE_121_length_813_cov_6.194293	99.02		True
CONTIG	NODE_121_length_813_cov_6.194293	813	correct
909382	910176	795	1	NC_002945.4	NODE_122_length_795_cov_91.267409	100.0		True
CONTIG	NODE_122_length_795_cov_91.267409	795	correct
3341571	3342360	790	1	NC_002945.4	NODE_123_length_790_cov_30.063114	100.0		True
CONTIG	NODE_123_length_790_cov_30.063114	790	correct
1638369	1638830	462	1	NC_002945.4	NODE_124_length_783_cov_2.873938	100.0		True
local misassembly
1637904	1638224	783	463	NC_002945.4	NODE_124_length_783_cov_2.873938	100.0		True
CONTIG	NODE_124_length_783_cov_2.873938	783	correct
2693295	2694038	744	1	NC_002945.4	NODE_125_length_744_cov_67.506747	99.87		True
CONTIG	NODE_125_length_744_cov_67.506747	744	correct
1985776	1986454	679	1	NC_002945.4	NODE_126_length_679_cov_3.431894	100.0		True
CONTIG	NODE_126_length_679_cov_3.431894	679	correct
2932495	2933032	541	4	NC_002945.4	NODE_127_length_630_cov_1.084991	100.0		True
CONTIG	NODE_127_length_630_cov_1.084991	630	correct
3338676	3339263	1	588	NC_002945.4	NODE_128_length_588_cov_58.317025	100.0		True
CONTIG	NODE_128_length_588_cov_58.317025	588	correct
2773465	2773982	1	518	NC_002945.4	NODE_129_length_575_cov_4.951807	99.81		True
CONTIG	NODE_129_length_575_cov_4.951807	575	correct
334859	335324	87	552	NC_002945.4	NODE_130_length_552_cov_3.006316	100.0		True
CONTIG	NODE_130_length_552_cov_3.006316	552	correct
2023290	2023835	546	1	NC_002945.4	NODE_131_length_546_cov_55.144989	100.0		True
CONTIG	NODE_131_length_546_cov_55.144989	546	correct
3340602	3341136	535	1	NC_002945.4	NODE_132_length_535_cov_28.995633	100.0		True
CONTIG	NODE_132_length_535_cov_28.995633	535	correct
1573273	1573707	96	530	NC_002945.4	NODE_133_length_530_cov_1.461369	99.77		True
CONTIG	NODE_133_length_530_cov_1.461369	530	correct
CONTIG	NODE_134_length_526_cov_0.859688	526	unaligned
2160945	2161465	521	1	NC_002945.4	NODE_135_length_521_cov_41.229730	100.0		True
CONTIG	NODE_135_length_521_cov_41.229730	521	correct
334369	334877	1	509	NC_002945.4	NODE_136_length_509_cov_21.638889	100.0		True
CONTIG	NODE_136_length_509_cov_21.638889	509	correct
