S1	E1	S2	E2	Reference	Contig	IDY	Ambiguous	Best_group
2957039	3193870	236089	1	NC_002945.4	NODE_1_length_236089_cov_28.446110	99.58		True
CONTIG	NODE_1_length_236089_cov_28.446110	236089	correct
3445573	3673271	1	227591	NC_002945.4	NODE_2_length_227591_cov_28.907810	99.93		True
CONTIG	NODE_2_length_227591_cov_28.907810	227591	correct
1853962	1985647	131220	1	NC_002945.4	NODE_3_length_205092_cov_28.326270	99.63		True
local misassembly
1779460	1853331	205092	131221	NC_002945.4	NODE_3_length_205092_cov_28.326270	99.99		True
CONTIG	NODE_3_length_205092_cov_28.326270	205092	correct
402605	581801	1	179082	NC_002945.4	NODE_4_length_179082_cov_27.958476	99.92		True
CONTIG	NODE_4_length_179082_cov_27.958476	179082	correct
2446143	2609256	131	163245	NC_002945.4	NODE_5_length_163245_cov_28.940178	99.99		True
CONTIG	NODE_5_length_163245_cov_28.940178	163245	correct
150127	306694	156541	1	NC_002945.4	NODE_6_length_156541_cov_28.208907	99.97		True
CONTIG	NODE_6_length_156541_cov_28.208907	156541	correct
30083	103918	73849	1	NC_002945.4	NODE_7_length_142813_cov_28.769045	99.96		True
local misassembly
1	29469	103319	73851	NC_002945.4	NODE_7_length_142813_cov_28.769045	99.99		True
fake: not a misassembly [linear representation of circular genome]
4310410	4349904	142813	103320	NC_002945.4	NODE_7_length_142813_cov_28.769045	99.99		True
CONTIG	NODE_7_length_142813_cov_28.769045	142813	correct
3882139	3883662	225	1796	NC_002945.4	NODE_8_length_132866_cov_28.316162	96.99		True
relocation, inconsistency = 950059
2801010	2932079	132866	1797	NC_002945.4	NODE_8_length_132866_cov_28.316162	99.98		True
CONTIG	NODE_8_length_132866_cov_28.316162	132866	misassembled
1638952	1769053	195	130295	NC_002945.4	NODE_9_length_130387_cov_29.759051	99.99		True
CONTIG	NODE_9_length_130387_cov_29.759051	130387	correct
970194	1009472	1	39278	NC_002945.4	NODE_10_length_119896_cov_28.479214	99.98		True
relocation, inconsistency = 1457
1010930	1091370	39279	119722	NC_002945.4	NODE_10_length_119896_cov_28.479214	99.99		True
CONTIG	NODE_10_length_119896_cov_28.479214	119896	misassembled
3219373	3338802	46	119701	NC_002945.4	NODE_11_length_119701_cov_28.474367	99.88		True
CONTIG	NODE_11_length_119701_cov_28.474367	119701	correct
726482	824045	1	97565	NC_002945.4	NODE_12_length_110974_cov_28.902514	99.99		True
local misassembly
824601	837996	97566	110961	NC_002945.4	NODE_12_length_110974_cov_28.902514	99.98		True
CONTIG	NODE_12_length_110974_cov_28.902514	110974	correct
4097330	4193715	96386	1	NC_002945.4	NODE_13_length_96386_cov_29.366241	99.99		True
CONTIG	NODE_13_length_96386_cov_29.366241	96386	correct
2056991	2083604	5	26618	NC_002945.4	NODE_14_length_83865_cov_29.535850	99.97		True
local misassembly
2083596	2140704	26757	83865	NC_002945.4	NODE_14_length_83865_cov_29.535850	99.99		True
CONTIG	NODE_14_length_83865_cov_29.535850	83865	correct
1491980	1573601	129	81750	NC_002945.4	NODE_15_length_81750_cov_29.629847	99.93		True
CONTIG	NODE_15_length_81750_cov_29.629847	81750	correct
3343595	3424521	81239	245	NC_002945.4	NODE_16_length_81239_cov_29.260097	99.9		True
CONTIG	NODE_16_length_81239_cov_29.260097	81239	correct
3898832	3979606	80775	1	NC_002945.4	NODE_17_length_80775_cov_28.856326	99.99		True
CONTIG	NODE_17_length_80775_cov_28.856326	80775	correct
2693912	2773057	79493	349	NC_002945.4	NODE_18_length_79493_cov_27.941259	99.99		True
CONTIG	NODE_18_length_79493_cov_27.941259	79493	correct
1096919	1165170	1	68252	NC_002945.4	NODE_19_length_68252_cov_28.815325	99.99		True
CONTIG	NODE_19_length_68252_cov_28.815325	68252	correct
4194926	4259153	64228	1	NC_002945.4	NODE_20_length_64228_cov_29.639179	99.99		True
CONTIG	NODE_20_length_64228_cov_29.639179	64228	correct
4035938	4097346	61409	1	NC_002945.4	NODE_21_length_61413_cov_28.011781	99.99		True
CONTIG	NODE_21_length_61413_cov_28.011781	61413	correct
1280097	1340762	60728	1	NC_002945.4	NODE_22_length_60728_cov_30.317189	99.89		True
CONTIG	NODE_22_length_60728_cov_30.317189	60728	correct
1387417	1447568	60152	1	NC_002945.4	NODE_23_length_60317_cov_28.050440	99.98		True
CONTIG	NODE_23_length_60317_cov_28.050440	60317	correct
1219656	1278412	58757	1	NC_002945.4	NODE_24_length_58757_cov_28.995992	99.99		True
CONTIG	NODE_24_length_58757_cov_28.995992	58757	correct
2611969	2665748	53834	1	NC_002945.4	NODE_25_length_53834_cov_28.219431	99.89		True
CONTIG	NODE_25_length_53834_cov_28.219431	53834	correct
3777400	3830699	1	53300	NC_002945.4	NODE_26_length_53300_cov_28.542286	99.99		True
CONTIG	NODE_26_length_53300_cov_28.542286	53300	correct
3985311	4000631	44	15364	NC_002945.4	NODE_27_length_50436_cov_28.257866	100.0		True
fake: scaffold gap size wrong estimation (local)
4000854	4035825	15465	50436	NC_002945.4	NODE_27_length_50436_cov_28.257866	99.98		True
CONTIG	NODE_27_length_50436_cov_28.257866	50436	correct
676639	726447	49809	1	NC_002945.4	NODE_28_length_49809_cov_27.382835	99.99		True
CONTIG	NODE_28_length_49809_cov_27.382835	49809	correct
1574093	1623827	16	49750	NC_002945.4	NODE_29_length_49750_cov_28.123068	99.98		True
CONTIG	NODE_29_length_49750_cov_28.123068	49750	correct
842774	891078	48305	1	NC_002945.4	NODE_30_length_48305_cov_28.260368	99.99		True
CONTIG	NODE_30_length_48305_cov_28.260368	48305	correct
625576	673234	28	47686	NC_002945.4	NODE_31_length_47686_cov_28.268004	99.99		True
CONTIG	NODE_31_length_47686_cov_28.268004	47686	correct
1997108	2040658	43551	1	NC_002945.4	NODE_32_length_43986_cov_27.343145	99.98		True
CONTIG	NODE_32_length_43986_cov_27.343145	43986	correct
1343879	1386534	42661	1	NC_002945.4	NODE_33_length_42661_cov_28.341068	99.99		True
CONTIG	NODE_33_length_42661_cov_28.341068	42661	correct
3836888	3877899	41238	226	NC_002945.4	NODE_34_length_41238_cov_28.053222	99.93		True
CONTIG	NODE_34_length_41238_cov_28.053222	41238	correct
3737665	3758919	21261	7	NC_002945.4	NODE_35_length_41143_cov_26.524625	99.97		True
local misassembly
3723749	3737454	34964	21262	NC_002945.4	NODE_35_length_41143_cov_26.524625	98.91		True
relocation, inconsistency = 13908
3703671	3709840	41134	34965	NC_002945.4	NODE_35_length_41143_cov_26.524625	99.99		True
CONTIG	NODE_35_length_41143_cov_26.524625	41143	misassembled
930645	970080	1	39508	NC_002945.4	NODE_36_length_39508_cov_28.328737	99.78		True
CONTIG	NODE_36_length_39508_cov_28.328737	39508	correct
2246080	2283745	81	37748	NC_002945.4	NODE_37_length_37748_cov_30.988544	99.95		True
CONTIG	NODE_37_length_37748_cov_30.988544	37748	correct
363946	401308	37363	1	NC_002945.4	NODE_38_length_37378_cov_26.829266	99.98		True
CONTIG	NODE_38_length_37378_cov_26.829266	37378	correct
2372445	2408698	1	36196	NC_002945.4	NODE_39_length_36196_cov_26.712357	99.83		True
CONTIG	NODE_39_length_36196_cov_26.712357	36196	correct
2210047	2246078	36032	1	NC_002945.4	NODE_40_length_36032_cov_31.650021	100.0		True
CONTIG	NODE_40_length_36032_cov_31.650021	36032	correct
4259930	4293931	1	34000	NC_002945.4	NODE_41_length_34003_cov_28.617783	99.99		True
CONTIG	NODE_41_length_34003_cov_28.617783	34003	correct
1190092	1203878	13787	1	NC_002945.4	NODE_42_length_33091_cov_29.018171	99.97		True
local misassembly
1170557	1189860	33091	13788	NC_002945.4	NODE_42_length_33091_cov_29.018171	99.99		True
CONTIG	NODE_42_length_33091_cov_29.018171	33091	correct
3674358	3700143	1	25768	NC_002945.4	NODE_43_length_30557_cov_23.052218	99.91		True
relocation, inconsistency = -1712804
1987340	1992127	25769	30557	NC_002945.4	NODE_43_length_30557_cov_23.052218	99.94		True
CONTIG	NODE_43_length_30557_cov_23.052218	30557	misassembled
2161798	2192094	1	30298	NC_002945.4	NODE_44_length_30298_cov_28.918531	99.99		True
CONTIG	NODE_44_length_30298_cov_28.918531	30298	correct
2294650	2324487	1	29838	NC_002945.4	NODE_45_length_29838_cov_27.588738	99.99		True
CONTIG	NODE_45_length_29838_cov_27.588738	29838	correct
2343875	2372161	28287	1	NC_002945.4	NODE_46_length_28287_cov_27.212180	99.98		True
CONTIG	NODE_46_length_28287_cov_27.212180	28287	correct
2666008	2693421	27413	1	NC_002945.4	NODE_47_length_27413_cov_29.605988	99.96		True
CONTIG	NODE_47_length_27413_cov_29.605988	27413	correct
105040	131913	1	26874	NC_002945.4	NODE_48_length_27026_cov_27.231347	99.98		True
CONTIG	NODE_48_length_27026_cov_27.231347	27026	correct
306723	333298	1	26471	NC_002945.4	NODE_49_length_26627_cov_28.241170	99.6		True
CONTIG	NODE_49_length_26627_cov_28.241170	26627	correct
581820	607788	1	25969	NC_002945.4	NODE_50_length_25969_cov_29.168098	99.99		True
CONTIG	NODE_50_length_25969_cov_29.168098	25969	correct
338175	363659	25571	174	NC_002945.4	NODE_51_length_25732_cov_25.557469	99.63		True
CONTIG	NODE_51_length_25732_cov_25.557469	25732	correct
1447557	1470724	4	23114	NC_002945.4	NODE_52_length_23114_cov_28.412451	99.75		True
CONTIG	NODE_52_length_23114_cov_28.412451	23114	correct
2423267	2444953	1	21687	NC_002945.4	NODE_53_length_21687_cov_29.341280	99.99		True
CONTIG	NODE_53_length_21687_cov_29.341280	21687	correct
2140783	2161533	1	20507	NC_002945.4	NODE_54_length_20507_cov_29.361727	98.63		True
CONTIG	NODE_54_length_20507_cov_29.361727	20507	correct
1490961	1491380	420	1	NC_002945.4	NODE_55_length_19234_cov_30.781127	100.0		True
local misassembly
1471935	1490747	19234	421	NC_002945.4	NODE_55_length_19234_cov_30.781127	99.98		True
CONTIG	NODE_55_length_19234_cov_30.781127	19234	correct
3424515	3442410	1	17896	NC_002945.4	NODE_56_length_17896_cov_31.082391	99.99		True
CONTIG	NODE_56_length_17896_cov_31.082391	17896	correct
2192685	2210090	1	17406	NC_002945.4	NODE_57_length_17550_cov_31.458360	99.96		True
CONTIG	NODE_57_length_17550_cov_31.458360	17550	correct
2326334	2343798	17465	1	NC_002945.4	NODE_58_length_17465_cov_27.025262	99.99		True
CONTIG	NODE_58_length_17465_cov_27.025262	17465	correct
892165	909508	17344	1	NC_002945.4	NODE_59_length_17344_cov_28.720451	99.99		True
CONTIG	NODE_59_length_17344_cov_28.720451	17344	correct
3760070	3777383	1	17316	NC_002945.4	NODE_60_length_17316_cov_27.888941	99.93		True
CONTIG	NODE_60_length_17316_cov_27.888941	17316	correct
132543	149572	17030	1	NC_002945.4	NODE_61_length_17058_cov_31.213809	99.95		True
CONTIG	NODE_61_length_17058_cov_31.213809	17058	correct
2776962	2793835	1	16874	NC_002945.4	NODE_62_length_16874_cov_31.165522	100.0		True
CONTIG	NODE_62_length_16874_cov_31.165522	16874	correct
910050	926217	16285	118	NC_002945.4	NODE_63_length_16285_cov_29.732826	99.98		True
CONTIG	NODE_63_length_16285_cov_29.732826	16285	correct
3193780	3209295	15516	1	NC_002945.4	NODE_64_length_15516_cov_29.617259	100.0		True
CONTIG	NODE_64_length_15516_cov_29.617259	15516	correct
2040934	2056373	15440	1	NC_002945.4	NODE_65_length_15459_cov_30.032285	99.94		True
CONTIG	NODE_65_length_15459_cov_30.032285	15459	correct
609085	624440	15356	1	NC_002945.4	NODE_66_length_15356_cov_27.977346	99.99		True
CONTIG	NODE_66_length_15356_cov_27.977346	15356	correct
2409081	2422776	13696	1	NC_002945.4	NODE_67_length_13696_cov_28.303044	99.98		True
CONTIG	NODE_67_length_13696_cov_28.303044	13696	correct
3712180	3724775	12596	1	NC_002945.4	NODE_68_length_12596_cov_20.142995	99.96		True
CONTIG	NODE_68_length_12596_cov_20.142995	12596	correct
2944619	2957076	12458	1	NC_002945.4	NODE_69_length_12458_cov_28.119293	99.98		True
CONTIG	NODE_69_length_12458_cov_28.119293	12458	correct
2933680	2943963	10284	1	NC_002945.4	NODE_70_length_10419_cov_26.999028	99.99		True
CONTIG	NODE_70_length_10419_cov_26.999028	10419	correct
1633544	1634476	933	1	NC_002945.4	NODE_71_length_10331_cov_21.590063	100.0		True
local misassembly
1623846	1633291	10331	934	NC_002945.4	NODE_71_length_10331_cov_21.590063	99.46		True
CONTIG	NODE_71_length_10331_cov_21.590063	10331	correct
3209302	3219347	1	10046	NC_002945.4	NODE_72_length_10046_cov_26.319992	100.0		True
CONTIG	NODE_72_length_10046_cov_26.319992	10046	correct
1204920	1213474	8732	178	NC_002945.4	NODE_73_length_8967_cov_26.036425	99.98		True
CONTIG	NODE_73_length_8967_cov_26.036425	8967	correct
4301853	4310390	1	8538	NC_002945.4	NODE_74_length_8538_cov_24.780288	99.98		True
CONTIG	NODE_74_length_8538_cov_24.780288	8538	correct
4294608	4301843	7236	1	NC_002945.4	NODE_75_length_7236_cov_25.248558	99.99		True
CONTIG	NODE_75_length_7236_cov_25.248558	7236	correct
2793842	2799828	1	5987	NC_002945.4	NODE_76_length_5987_cov_28.146758	99.98		True
CONTIG	NODE_76_length_5987_cov_28.146758	5987	correct
3830727	3835785	1	5059	NC_002945.4	NODE_77_length_5059_cov_30.684307	100.0		True
CONTIG	NODE_77_length_5059_cov_30.684307	5059	correct
1214750	1218311	3715	154	NC_002945.4	NODE_78_length_4691_cov_17.814417	100.0		True
local misassembly
1213918	1214774	4691	3835	NC_002945.4	NODE_78_length_4691_cov_17.814417	99.42		True
CONTIG	NODE_78_length_4691_cov_17.814417	4691	correct
3980173	3984572	4656	257	NC_002945.4	NODE_79_length_4656_cov_21.611614	100.0		True
CONTIG	NODE_79_length_4656_cov_21.611614	4656	correct
3885038	3888943	4129	224	NC_002945.4	NODE_80_length_4129_cov_19.770615	99.95		True
CONTIG	NODE_80_length_4129_cov_19.770615	4129	correct
1165899	1169900	1	4002	NC_002945.4	NODE_81_length_4002_cov_30.896516	99.98		True
CONTIG	NODE_81_length_4002_cov_30.896516	4002	correct
3700288	3703631	1	3344	NC_002945.4	NODE_82_length_3344_cov_26.078956	99.97		True
CONTIG	NODE_82_length_3344_cov_26.078956	3344	correct
2284620	2287647	3028	1	NC_002945.4	NODE_83_length_3028_cov_21.194416	99.77		True
CONTIG	NODE_83_length_3028_cov_21.194416	3028	correct
2290710	2293716	3007	1	NC_002945.4	NODE_84_length_3007_cov_20.452778	100.0		True
CONTIG	NODE_84_length_3007_cov_20.452778	3007	correct
1993335	1996076	1	2742	NC_002945.4	NODE_85_length_2874_cov_30.832909	99.96		True
CONTIG	NODE_85_length_2874_cov_30.832909	2874	correct
928112	928975	25	897	NC_002945.4	NODE_86_length_2674_cov_6.699254	98.4		True
local misassembly
928970	930608	1036	2674	NC_002945.4	NODE_86_length_2674_cov_6.699254	100.0		True
CONTIG	NODE_86_length_2674_cov_6.699254	2674	correct
1635657	1638013	2357	1	NC_002945.4	NODE_87_length_2357_cov_16.545291	100.0		True
CONTIG	NODE_87_length_2357_cov_16.545291	2357	correct
2609289	2611609	1	2321	NC_002945.4	NODE_88_length_2321_cov_15.167730	99.96		True
CONTIG	NODE_88_length_2321_cov_15.167730	2321	correct
3890842	3892634	1	1793	NC_002945.4	NODE_89_length_1915_cov_2.960850	100.0		True
CONTIG	NODE_89_length_1915_cov_2.960850	1915	correct
3878352	3880111	1	1760	NC_002945.4	NODE_90_length_1905_cov_4.089426	99.94		True
CONTIG	NODE_90_length_1905_cov_4.089426	1905	correct
1092490	1094254	1771	7	NC_002945.4	NODE_91_length_1771_cov_20.359489	99.94		True
CONTIG	NODE_91_length_1771_cov_20.359489	1771	correct
401182	402731	1550	1	NC_002945.4	NODE_92_length_1550_cov_46.565706	99.94		True
CONTIG	NODE_92_length_1550_cov_46.565706	1550	correct
674860	676270	1411	1	NC_002945.4	NODE_93_length_1540_cov_4.196745	100.0		True
CONTIG	NODE_93_length_1540_cov_4.196745	1540	correct
4193589	4195052	1464	1	NC_002945.4	NODE_94_length_1464_cov_68.895288	100.0		True
CONTIG	NODE_94_length_1464_cov_68.895288	1464	correct
3443593	3445031	1439	1	NC_002945.4	NODE_95_length_1439_cov_29.855183	100.0		True
CONTIG	NODE_95_length_1439_cov_29.855183	1439	correct
3892927	3894344	1	1418	NC_002945.4	NODE_96_length_1418_cov_5.216886	99.86		True
CONTIG	NODE_96_length_1418_cov_5.216886	1418	correct
2324566	2325840	1279	5	NC_002945.4	NODE_97_length_1394_cov_22.356748	99.92		True
CONTIG	NODE_97_length_1394_cov_22.356748	1394	correct
890952	892291	1340	1	NC_002945.4	NODE_98_length_1340_cov_58.780709	100.0		True
CONTIG	NODE_98_length_1340_cov_58.780709	1340	correct
3339137	3340461	1	1325	NC_002945.4	NODE_99_length_1325_cov_27.740401	100.0		True
CONTIG	NODE_99_length_1325_cov_27.740401	1325	correct
3835659	3836979	1	1321	NC_002945.4	NODE_100_length_1321_cov_60.677554	99.77		True
CONTIG	NODE_100_length_1321_cov_60.677554	1321	correct
2774228	2775546	1319	1	NC_002945.4	NODE_101_length_1319_cov_5.174497	100.0		True
CONTIG	NODE_101_length_1319_cov_5.174497	1319	correct
3897272	3898585	1305	1	NC_002945.4	NODE_102_length_1305_cov_17.507640	97.87		True
CONTIG	NODE_102_length_1305_cov_17.507640	1305	correct
336693	337860	1168	1	NC_002945.4	NODE_103_length_1278_cov_10.829713	100.0		True
CONTIG	NODE_103_length_1278_cov_10.829713	1278	correct
1094890	1096145	1256	1	NC_002945.4	NODE_104_length_1256_cov_30.734278	100.0		True
CONTIG	NODE_104_length_1256_cov_30.734278	1256	correct
2288581	2289835	1	1255	NC_002945.4	NODE_105_length_1255_cov_29.671099	100.0		True
CONTIG	NODE_105_length_1255_cov_29.671099	1255	correct
2444936	2446128	1	1193	NC_002945.4	NODE_106_length_1193_cov_34.159475	100.0		True
CONTIG	NODE_106_length_1193_cov_34.159475	1193	correct
2287521	2288707	1	1187	NC_002945.4	NODE_107_length_1187_cov_24.748113	100.0		True
CONTIG	NODE_107_length_1187_cov_24.748113	1187	correct
2289709	2290836	1	1128	NC_002945.4	NODE_108_length_1128_cov_53.325674	99.91		True
CONTIG	NODE_108_length_1128_cov_53.325674	1128	correct
1340970	1342059	1	1090	NC_002945.4	NODE_109_length_1090_cov_23.666667	99.91		True
CONTIG	NODE_109_length_1090_cov_23.666667	1090	correct
839761	840843	1	1083	NC_002945.4	NODE_110_length_1083_cov_9.501046	100.0		True
CONTIG	NODE_110_length_1083_cov_9.501046	1083	correct
3711277	3712306	1030	1	NC_002945.4	NODE_111_length_1030_cov_57.260244	100.0		True
CONTIG	NODE_111_length_1030_cov_57.260244	1030	correct
CONTIG	NODE_112_length_1003_cov_2.038813	1003	unaligned
1165044	1166025	1	982	NC_002945.4	NODE_113_length_982_cov_61.073684	99.9		True
CONTIG	NODE_113_length_982_cov_61.073684	982	correct
CONTIG	NODE_114_length_975_cov_1.358491	975	unaligned
2800228	2801136	1	909	NC_002945.4	NODE_115_length_909_cov_191.398977	100.0		True
CONTIG	NODE_115_length_909_cov_191.398977	909	correct
3341521	3342410	1	890	NC_002945.4	NODE_116_length_890_cov_22.349934	100.0		True
CONTIG	NODE_116_length_890_cov_22.349934	890	correct
3894591	3895447	1	857	NC_002945.4	NODE_117_length_862_cov_26.095238	99.77		True
CONTIG	NODE_117_length_862_cov_26.095238	862	correct
2191968	2192811	1	844	NC_002945.4	NODE_118_length_844_cov_49.697350	100.0		True
CONTIG	NODE_118_length_844_cov_49.697350	844	correct
CONTIG	NODE_119_length_836_cov_1.519041	836	unaligned
1203879	1204709	831	1	NC_002945.4	NODE_120_length_831_cov_21.080376	100.0		True
CONTIG	NODE_120_length_831_cov_21.080376	831	correct
673525	674127	688	86	NC_002945.4	NODE_121_length_831_cov_1.940341	99.34		True
CONTIG	NODE_121_length_831_cov_1.940341	831	correct
909382	910176	795	1	NC_002945.4	NODE_122_length_795_cov_56.279940	100.0		True
CONTIG	NODE_122_length_795_cov_56.279940	795	correct
335653	336429	1	777	NC_002945.4	NODE_123_length_786_cov_5.332322	99.36		True
CONTIG	NODE_123_length_786_cov_5.332322	786	correct
2693295	2694038	744	1	NC_002945.4	NODE_124_length_744_cov_50.119935	100.0		True
CONTIG	NODE_124_length_744_cov_50.119935	744	correct
3884028	3884769	724	1	NC_002945.4	NODE_125_length_724_cov_9.093802	97.44		True
CONTIG	NODE_125_length_724_cov_9.093802	724	correct
2773501	2774149	1	649	NC_002945.4	NODE_126_length_649_cov_0.919540	99.85		True
CONTIG	NODE_126_length_649_cov_0.919540	649	correct
3340552	3341186	1	635	NC_002945.4	NODE_127_length_635_cov_19.427165	100.0		True
CONTIG	NODE_127_length_635_cov_19.427165	635	correct
1342064	1342697	1	634	NC_002945.4	NODE_128_length_634_cov_30.767258	100.0		True
CONTIG	NODE_128_length_634_cov_30.767258	634	correct
1218501	1218857	388	32	NC_002945.4	NODE_129_length_601_cov_0.947257	100.0		True
CONTIG	NODE_129_length_601_cov_0.947257	601	correct
1985868	1986463	596	1	NC_002945.4	NODE_130_length_596_cov_4.383795	100.0		True
CONTIG	NODE_130_length_596_cov_4.383795	596	correct
CONTIG	NODE_131_length_596_cov_1.106610	596	unaligned
1638435	1638847	433	21	NC_002945.4	NODE_132_length_591_cov_1.439655	100.0		True
CONTIG	NODE_132_length_591_cov_1.439655	591	correct
3338676	3339263	1	588	NC_002945.4	NODE_133_length_588_cov_39.314534	100.0		True
CONTIG	NODE_133_length_588_cov_39.314534	588	correct
625147	625555	1	409	NC_002945.4	NODE_134_length_562_cov_0.765517	100.0		True
CONTIG	NODE_134_length_562_cov_0.765517	562	correct
674121	674679	559	1	NC_002945.4	NODE_135_length_559_cov_2.810185	100.0		True
CONTIG	NODE_135_length_559_cov_2.810185	559	correct
1094134	1094668	535	1	NC_002945.4	NODE_136_length_535_cov_7.647059	98.88		True
CONTIG	NODE_136_length_535_cov_7.647059	535	correct
3879961	3880405	87	531	NC_002945.4	NODE_137_length_531_cov_3.314356	98.43		True
CONTIG	NODE_137_length_531_cov_3.314356	531	correct
131986	132509	1	524	NC_002945.4	NODE_138_length_524_cov_2.340050	100.0		True
CONTIG	NODE_138_length_524_cov_2.340050	524	correct
CONTIG	NODE_139_length_515_cov_0.497423	515	unaligned
4294092	4294596	505	1	NC_002945.4	NODE_140_length_505_cov_5.870370	100.0		True
CONTIG	NODE_140_length_505_cov_5.870370	505	correct
3894218	3894717	500	1	NC_002945.4	NODE_141_length_500_cov_54.903485	100.0		True
CONTIG	NODE_141_length_500_cov_54.903485	500	correct
