S1	E1	S2	E2	Reference	Contig	IDY	Ambiguous	Best_group
3445573	3673271	1	227591	NC_002945.4	NODE_1_length_227591_cov_46.366695	99.93		True
CONTIG	NODE_1_length_227591_cov_46.366695	227591	correct
2453623	2665704	212294	161	NC_002945.4	NODE_2_length_212294_cov_45.380842	99.96		True
CONTIG	NODE_2_length_212294_cov_45.380842	212294	correct
402605	607788	1	204915	NC_002945.4	NODE_3_length_204915_cov_44.877024	99.86		True
CONTIG	NODE_3_length_204915_cov_44.877024	204915	correct
150054	306632	156667	117	NC_002945.4	NODE_4_length_156786_cov_44.495280	99.97		True
CONTIG	NODE_4_length_156786_cov_44.495280	156786	correct
4310407	4349904	1	39497	NC_002945.4	NODE_5_length_142816_cov_46.760220	99.99		True
fake: not a misassembly [linear representation of circular genome]
1	29469	39498	68966	NC_002945.4	NODE_5_length_142816_cov_46.760220	99.99		True
local misassembly
30083	103918	68968	142816	NC_002945.4	NODE_5_length_142816_cov_46.760220	99.96		True
CONTIG	NODE_5_length_142816_cov_46.760220	142816	correct
1638965	1769053	130179	93	NC_002945.4	NODE_6_length_130263_cov_48.776664	99.99		True
CONTIG	NODE_6_length_130263_cov_48.776664	130263	correct
1010930	1091822	81079	184	NC_002945.4	NODE_7_length_120452_cov_45.096505	99.99		True
relocation, inconsistency = 1457
970273	1009472	120278	81080	NC_002945.4	NODE_7_length_120452_cov_45.096505	99.98		True
CONTIG	NODE_7_length_120452_cov_45.096505	120452	misassembled
3219398	3338080	62	118970	NC_002945.4	NODE_8_length_118970_cov_45.531163	99.88		True
CONTIG	NODE_8_length_118970_cov_45.531163	118970	correct
1869381	1985727	115879	1	NC_002945.4	NODE_9_length_115879_cov_45.073010	99.59		True
CONTIG	NODE_9_length_115879_cov_45.073010	115879	correct
824601	838057	13457	1	NC_002945.4	NODE_10_length_111062_cov_46.129968	99.98		True
local misassembly
726474	824045	111030	13458	NC_002945.4	NODE_10_length_111062_cov_46.129968	99.99		True
CONTIG	NODE_10_length_111062_cov_46.129968	111062	correct
3015681	3124421	307	108411	NC_002945.4	NODE_11_length_108588_cov_45.605637	99.2		True
CONTIG	NODE_11_length_108588_cov_45.605637	108588	correct
2083596	2158503	74908	1	NC_002945.4	NODE_12_length_101697_cov_46.190420	99.98		True
local misassembly
2056960	2083604	101691	75047	NC_002945.4	NODE_12_length_101697_cov_46.190420	99.98		True
CONTIG	NODE_12_length_101697_cov_46.190420	101697	correct
3343594	3442410	98885	1	NC_002945.4	NODE_13_length_98885_cov_47.086150	99.92		True
CONTIG	NODE_13_length_98885_cov_47.086150	98885	correct
3897330	3979446	255	82362	NC_002945.4	NODE_14_length_82368_cov_45.584210	99.98		True
CONTIG	NODE_14_length_82368_cov_45.584210	82368	correct
2693912	2773105	79220	28	NC_002945.4	NODE_15_length_79220_cov_45.250768	99.99		True
CONTIG	NODE_15_length_79220_cov_45.250768	79220	correct
3759315	3835785	1	76546	NC_002945.4	NODE_16_length_76546_cov_43.736073	99.89		True
CONTIG	NODE_16_length_76546_cov_43.736073	76546	correct
1779460	1853720	74766	506	NC_002945.4	NODE_17_length_74766_cov_44.463993	99.99		True
CONTIG	NODE_17_length_74766_cov_44.463993	74766	correct
1096461	1165170	68656	1	NC_002945.4	NODE_18_length_70634_cov_44.383522	99.82		True
relocation, inconsistency = 2041
1092442	1094419	70634	68657	NC_002945.4	NODE_18_length_70634_cov_44.383522	99.92		True
CONTIG	NODE_18_length_70634_cov_44.383522	70634	misassembled
3124630	3193870	1	69187	NC_002945.4	NODE_19_length_69187_cov_45.802259	99.91		True
CONTIG	NODE_19_length_69187_cov_45.802259	69187	correct
2852104	2916393	64290	1	NC_002945.4	NODE_20_length_64290_cov_43.231239	99.98		True
CONTIG	NODE_20_length_64290_cov_43.231239	64290	correct
4194926	4259153	64228	1	NC_002945.4	NODE_21_length_64228_cov_46.895727	99.99		True
CONTIG	NODE_21_length_64228_cov_46.895727	64228	correct
4035981	4097403	6	61427	NC_002945.4	NODE_22_length_61427_cov_42.822463	99.98		True
CONTIG	NODE_22_length_61427_cov_42.822463	61427	correct
1280097	1340762	60728	1	NC_002945.4	NODE_23_length_60728_cov_47.872527	99.89		True
CONTIG	NODE_23_length_60728_cov_47.872527	60728	correct
1633544	1634239	696	1	NC_002945.4	NODE_24_length_60055_cov_42.271860	98.77		True
local misassembly
1574135	1633264	59761	697	NC_002945.4	NODE_24_length_60055_cov_42.271860	99.87		True
CONTIG	NODE_24_length_60055_cov_42.271860	60055	correct
2041273	2056360	15184	97	NC_002945.4	NODE_25_length_59082_cov_45.663506	99.99		True
local misassembly
1997063	2040960	59082	15185	NC_002945.4	NODE_25_length_59082_cov_45.663506	99.97		True
CONTIG	NODE_25_length_59082_cov_45.663506	59082	correct
1219414	1278412	58999	1	NC_002945.4	NODE_26_length_59016_cov_44.451731	99.98		True
CONTIG	NODE_26_length_59016_cov_44.451731	59016	correct
2957039	3015667	58576	1	NC_002945.4	NODE_27_length_58576_cov_45.284795	99.9		True
CONTIG	NODE_27_length_58576_cov_45.284795	58576	correct
1413935	1470724	1	56733	NC_002945.4	NODE_28_length_56733_cov_49.184839	99.89		True
CONTIG	NODE_28_length_56733_cov_49.184839	56733	correct
2192685	2246088	53404	1	NC_002945.4	NODE_29_length_53404_cov_52.066539	99.99		True
CONTIG	NODE_29_length_53404_cov_52.066539	53404	correct
4141989	4193715	1	51727	NC_002945.4	NODE_30_length_51727_cov_46.183062	99.99		True
CONTIG	NODE_30_length_51727_cov_46.183062	51727	correct
2801012	2852084	1	51073	NC_002945.4	NODE_31_length_51073_cov_45.286774	99.99		True
CONTIG	NODE_31_length_51073_cov_45.286774	51073	correct
4000854	4035707	34854	1	NC_002945.4	NODE_32_length_50982_cov_44.758215	99.98		True
fake: scaffold gap size wrong estimation (local)
3984842	4000631	50744	34955	NC_002945.4	NODE_32_length_50982_cov_44.758215	100.0		True
CONTIG	NODE_32_length_50982_cov_44.758215	50982	correct
676731	726474	138	49881	NC_002945.4	NODE_33_length_49881_cov_46.520621	99.99		True
CONTIG	NODE_33_length_49881_cov_46.520621	49881	correct
842744	891078	48335	1	NC_002945.4	NODE_34_length_48414_cov_44.967113	99.99		True
CONTIG	NODE_34_length_48414_cov_44.967113	48414	correct
625396	673279	47884	1	NC_002945.4	NODE_35_length_47884_cov_44.148921	99.99		True
CONTIG	NODE_35_length_47884_cov_44.148921	47884	correct
2326988	2343841	16854	1	NC_002945.4	NODE_36_length_46607_cov_41.641867	99.98		True
relocation, inconsistency = 2596
2294650	2324391	46607	16855	NC_002945.4	NODE_36_length_46607_cov_41.641867	99.96		True
CONTIG	NODE_36_length_46607_cov_41.641867	46607	misassembled
4097387	4141989	1	44603	NC_002945.4	NODE_37_length_44620_cov_45.073450	100.0		True
CONTIG	NODE_37_length_44620_cov_45.073450	44620	correct
1343879	1386513	1	42640	NC_002945.4	NODE_38_length_43781_cov_43.394007	99.98		True
relocation, inconsistency = -1049641
336873	338009	42641	43777	NC_002945.4	NODE_38_length_43781_cov_43.394007	99.91		True
CONTIG	NODE_38_length_43781_cov_43.394007	43781	misassembled
1491995	1535110	117	43232	NC_002945.4	NODE_39_length_43232_cov_49.730379	99.98		True
CONTIG	NODE_39_length_43232_cov_49.730379	43232	correct
3836888	3878147	1	41252	NC_002945.4	NODE_40_length_41292_cov_44.416082	99.96		True
CONTIG	NODE_40_length_41292_cov_44.416082	41292	correct
930786	970092	39553	1	NC_002945.4	NODE_41_length_39815_cov_44.598115	99.36		True
CONTIG	NODE_41_length_39815_cov_44.598115	39815	correct
1535942	1573914	1	37973	NC_002945.4	NODE_42_length_38054_cov_45.600496	99.98		True
CONTIG	NODE_42_length_38054_cov_45.600496	38054	correct
2246092	2283745	37656	1	NC_002945.4	NODE_43_length_37869_cov_50.406523	99.95		True
CONTIG	NODE_43_length_37869_cov_50.406523	37869	correct
363900	401308	1	37409	NC_002945.4	NODE_44_length_37409_cov_43.769057	99.99		True
CONTIG	NODE_44_length_37409_cov_43.769057	37409	correct
4259930	4293939	34008	1	NC_002945.4	NODE_45_length_34008_cov_46.266078	99.98		True
CONTIG	NODE_45_length_34008_cov_46.266078	34008	correct
3737665	3758844	21337	158	NC_002945.4	NODE_46_length_33946_cov_45.091250	99.99		True
local misassembly
3724846	3737454	33946	21338	NC_002945.4	NODE_46_length_33946_cov_45.091250	99.98		True
CONTIG	NODE_46_length_33946_cov_45.091250	33946	correct
2161870	2192094	30226	1	NC_002945.4	NODE_47_length_30226_cov_47.754045	99.99		True
CONTIG	NODE_47_length_30226_cov_47.754045	30226	correct
2343875	2372156	28397	116	NC_002945.4	NODE_48_length_28509_cov_42.442076	99.99		True
CONTIG	NODE_48_length_28509_cov_42.442076	28509	correct
2665994	2693421	27427	1	NC_002945.4	NODE_49_length_27427_cov_44.108535	99.99		True
CONTIG	NODE_49_length_27427_cov_44.108535	27427	correct
105040	131916	1	26877	NC_002945.4	NODE_50_length_27064_cov_44.222037	99.97		True
CONTIG	NODE_50_length_27064_cov_44.222037	27064	correct
306722	333298	1	26472	NC_002945.4	NODE_51_length_26692_cov_43.201619	99.59		True
CONTIG	NODE_51_length_26692_cov_43.201619	26692	correct
3674358	3700257	1	25882	NC_002945.4	NODE_52_length_25882_cov_32.424034	99.9		True
CONTIG	NODE_52_length_25882_cov_32.424034	25882	correct
1387427	1412955	105	25633	NC_002945.4	NODE_53_length_25633_cov_43.473692	99.96		True
CONTIG	NODE_53_length_25633_cov_43.473692	25633	correct
338676	363637	25070	196	NC_002945.4	NODE_54_length_25158_cov_39.771883	99.59		True
CONTIG	NODE_54_length_25158_cov_39.771883	25158	correct
2776958	2800354	23397	1	NC_002945.4	NODE_55_length_23397_cov_50.721143	100.0		True
CONTIG	NODE_55_length_23397_cov_50.721143	23397	correct
1190378	1213474	1	23100	NC_002945.4	NODE_56_length_23299_cov_41.971517	99.89		True
CONTIG	NODE_56_length_23299_cov_41.971517	23299	correct
2386668	2408699	1	22032	NC_002945.4	NODE_57_length_22071_cov_35.511712	100.0		True
CONTIG	NODE_57_length_22071_cov_35.511712	22071	correct
2423267	2444896	21630	1	NC_002945.4	NODE_58_length_21630_cov_45.242152	99.99		True
CONTIG	NODE_58_length_21630_cov_45.242152	21630	correct
1490961	1491397	437	1	NC_002945.4	NODE_59_length_19251_cov_50.029910	100.0		True
local misassembly
1471935	1490747	19251	438	NC_002945.4	NODE_59_length_19251_cov_50.029910	99.98		True
CONTIG	NODE_59_length_19251_cov_50.029910	19251	correct
1171083	1189879	18899	103	NC_002945.4	NODE_60_length_18899_cov_45.128969	99.97		True
CONTIG	NODE_60_length_18899_cov_45.128969	18899	correct
1094890	1096334	1	1445	NC_002945.4	NODE_61_length_17404_cov_49.342478	99.52		True
relocation, inconsistency = 1819932
2916267	2932225	1446	17404	NC_002945.4	NODE_61_length_17404_cov_49.342478	99.96		True
CONTIG	NODE_61_length_17404_cov_49.342478	17404	misassembled
892165	909508	17344	1	NC_002945.4	NODE_62_length_17344_cov_47.246965	99.99		True
CONTIG	NODE_62_length_17344_cov_47.246965	17344	correct
132628	149938	6	17316	NC_002945.4	NODE_63_length_17333_cov_51.388760	99.97		True
CONTIG	NODE_63_length_17333_cov_51.388760	17333	correct
910050	926209	1	16160	NC_002945.4	NODE_64_length_16301_cov_48.453196	99.99		True
CONTIG	NODE_64_length_16301_cov_48.453196	16301	correct
3193780	3209295	1	15616	NC_002945.4	NODE_65_length_15616_cov_48.240300	100.0		True
CONTIG	NODE_65_length_15616_cov_48.240300	15616	correct
609085	624367	1	15283	NC_002945.4	NODE_66_length_15413_cov_41.157137	99.98		True
CONTIG	NODE_66_length_15413_cov_41.157137	15413	correct
1853884	1869295	15412	1	NC_002945.4	NODE_67_length_15412_cov_31.314360	99.98		True
CONTIG	NODE_67_length_15412_cov_31.314360	15412	correct
2372452	2386761	24	14333	NC_002945.4	NODE_68_length_14333_cov_45.398846	99.97		True
CONTIG	NODE_68_length_14333_cov_45.398846	14333	correct
2409049	2422776	13728	1	NC_002945.4	NODE_69_length_13728_cov_41.388574	99.98		True
CONTIG	NODE_69_length_13728_cov_41.388574	13728	correct
3712180	3724892	12713	1	NC_002945.4	NODE_70_length_12713_cov_27.841649	99.96		True
CONTIG	NODE_70_length_12713_cov_27.841649	12713	correct
2944619	2957076	12458	1	NC_002945.4	NODE_71_length_12458_cov_42.465331	99.98		True
CONTIG	NODE_71_length_12458_cov_42.465331	12458	correct
3700270	3711403	170	11303	NC_002945.4	NODE_72_length_11303_cov_29.801718	100.0		True
CONTIG	NODE_72_length_11303_cov_29.801718	11303	correct
2933840	2943963	213	10336	NC_002945.4	NODE_73_length_10336_cov_40.321481	99.99		True
CONTIG	NODE_73_length_10336_cov_40.321481	10336	correct
3209299	3219349	10213	163	NC_002945.4	NODE_74_length_10318_cov_46.308606	100.0		True
CONTIG	NODE_74_length_10318_cov_46.308606	10318	correct
2444879	2453607	8847	119	NC_002945.4	NODE_75_length_8847_cov_43.359862	100.0		True
CONTIG	NODE_75_length_8847_cov_43.359862	8847	correct
4301846	4310416	1	8571	NC_002945.4	NODE_76_length_8571_cov_40.207603	99.99		True
CONTIG	NODE_76_length_8571_cov_40.207603	8571	correct
4294593	4301861	7269	1	NC_002945.4	NODE_77_length_7269_cov_39.554327	99.99		True
CONTIG	NODE_77_length_7269_cov_39.554327	7269	correct
3882139	3884027	288	2224	NC_002945.4	NODE_78_length_7119_cov_20.990132	97.69		True
local misassembly
3884643	3889381	2225	6972	NC_002945.4	NODE_78_length_7119_cov_20.990132	99.79		True
CONTIG	NODE_78_length_7119_cov_20.990132	7119	correct
1987010	1992127	5119	1	NC_002945.4	NODE_79_length_5119_cov_42.224359	99.96		True
CONTIG	NODE_79_length_5119_cov_42.224359	5119	correct
1214750	1218340	3716	126	NC_002945.4	NODE_80_length_4689_cov_28.072117	100.0		True
local misassembly
1213921	1214774	4689	3836	NC_002945.4	NODE_80_length_4689_cov_28.072117	99.77		True
CONTIG	NODE_80_length_4689_cov_28.072117	4689	correct
3980136	3984596	4461	1	NC_002945.4	NODE_81_length_4461_cov_36.491463	100.0		True
CONTIG	NODE_81_length_4461_cov_36.491463	4461	correct
1165899	1169900	4002	1	NC_002945.4	NODE_82_length_4002_cov_48.980129	99.98		True
CONTIG	NODE_82_length_4002_cov_48.980129	4002	correct
3878188	3881363	3186	137	NC_002945.4	NODE_83_length_3310_cov_10.864907	95.59		True
CONTIG	NODE_83_length_3310_cov_10.864907	3310	correct
2284620	2287647	3028	1	NC_002945.4	NODE_84_length_3028_cov_32.224061	99.77		True
CONTIG	NODE_84_length_3028_cov_32.224061	3028	correct
2290710	2293716	3007	1	NC_002945.4	NODE_85_length_3007_cov_30.981944	100.0		True
CONTIG	NODE_85_length_3007_cov_30.981944	3007	correct
1996142	1996265	297	174	NC_002945.4	NODE_86_length_2951_cov_44.355524	99.27		True
local misassembly
1993335	1995988	2951	298	NC_002945.4	NODE_86_length_2951_cov_44.355524	100.0		True
CONTIG	NODE_86_length_2951_cov_44.355524	2951	correct
2160997	2161605	609	1	NC_002945.4	NODE_87_length_2883_cov_50.880987	99.84		True
fake: scaffold gap size wrong estimation (local)
2160645	2160846	911	710	NC_002945.4	NODE_87_length_2883_cov_50.880987	100.0		True
fake: scaffold gap size wrong estimation (local)
2158479	2159088	2883	2274	NC_002945.4	NODE_87_length_2883_cov_50.880987	100.0		True
CONTIG	NODE_87_length_2883_cov_50.880987	2883	correct
928970	930434	1583	119	NC_002945.4	NODE_88_length_2441_cov_9.237252	100.0		True
local misassembly
928284	928975	2422	1722	NC_002945.4	NODE_88_length_2441_cov_9.237252	98.15		True
CONTIG	NODE_88_length_2441_cov_9.237252	2441	correct
1635657	1638030	1	2374	NC_002945.4	NODE_89_length_2374_cov_26.785492	100.0		True
CONTIG	NODE_89_length_2374_cov_26.785492	2374	correct
3890842	3893207	1	2366	NC_002945.4	NODE_90_length_2366_cov_3.983028	99.83		True
CONTIG	NODE_90_length_2366_cov_3.983028	2366	correct
674115	676305	2203	13	NC_002945.4	NODE_91_length_2203_cov_4.526012	100.0		True
CONTIG	NODE_91_length_2203_cov_4.526012	2203	correct
401182	402731	1	1550	NC_002945.4	NODE_92_length_1550_cov_72.583978	99.94		True
CONTIG	NODE_92_length_1550_cov_72.583978	1550	correct
4193589	4195052	1464	1	NC_002945.4	NODE_93_length_1464_cov_101.430815	100.0		True
CONTIG	NODE_93_length_1464_cov_101.430815	1464	correct
3443593	3445031	1439	1	NC_002945.4	NODE_94_length_1439_cov_67.436738	100.0		True
CONTIG	NODE_94_length_1439_cov_67.436738	1439	correct
334077	335466	1390	1	NC_002945.4	NODE_95_length_1390_cov_12.382423	99.64		True
CONTIG	NODE_95_length_1390_cov_12.382423	1390	correct
2324580	2325838	1259	1	NC_002945.4	NODE_96_length_1387_cov_29.982540	100.0		True
CONTIG	NODE_96_length_1387_cov_29.982540	1387	correct
3673145	3674484	1340	1	NC_002945.4	NODE_97_length_1340_cov_91.084089	100.0		True
CONTIG	NODE_97_length_1340_cov_91.084089	1340	correct
3339137	3340461	1	1325	NC_002945.4	NODE_98_length_1325_cov_33.744574	100.0		True
CONTIG	NODE_98_length_1325_cov_33.744574	1325	correct
3835659	3836979	1	1321	NC_002945.4	NODE_99_length_1321_cov_100.851759	99.77		True
CONTIG	NODE_99_length_1321_cov_100.851759	1321	correct
2288581	2289835	1255	1	NC_002945.4	NODE_100_length_1255_cov_40.617908	100.0		True
CONTIG	NODE_100_length_1255_cov_40.617908	1255	correct
2293590	2294776	1187	1	NC_002945.4	NODE_101_length_1187_cov_32.083019	100.0		True
CONTIG	NODE_101_length_1187_cov_32.083019	1187	correct
2289709	2290836	1128	1	NC_002945.4	NODE_102_length_1128_cov_71.418581	99.91		True
CONTIG	NODE_102_length_1128_cov_71.418581	1128	correct
839723	840848	1	1126	NC_002945.4	NODE_103_length_1126_cov_17.738739	100.0		True
CONTIG	NODE_103_length_1126_cov_17.738739	1126	correct
1340970	1342059	1090	1	NC_002945.4	NODE_104_length_1090_cov_37.597092	99.91		True
CONTIG	NODE_104_length_1090_cov_37.597092	1090	correct
3711277	3712306	1030	1	NC_002945.4	NODE_105_length_1030_cov_97.648948	100.0		True
CONTIG	NODE_105_length_1030_cov_97.648948	1030	correct
335584	336547	1	964	NC_002945.4	NODE_106_length_986_cov_6.409779	99.9		True
CONTIG	NODE_106_length_986_cov_6.409779	986	correct
CONTIG	NODE_107_length_985_cov_4.758741	985	unaligned
1165044	1166025	982	1	NC_002945.4	NODE_108_length_982_cov_101.732164	100.0		True
CONTIG	NODE_108_length_982_cov_101.732164	982	correct
CONTIG	NODE_109_length_969_cov_1.598575	969	unaligned
1638369	1638824	637	182	NC_002945.4	NODE_110_length_958_cov_2.565584	100.0		True
local misassembly
1637904	1638224	958	638	NC_002945.4	NODE_110_length_958_cov_2.565584	100.0		True
CONTIG	NODE_110_length_958_cov_2.565584	958	correct
CONTIG	NODE_111_length_949_cov_0.727494	949	unaligned
3442285	3443193	909	1	NC_002945.4	NODE_112_length_909_cov_289.429668	100.0		True
CONTIG	NODE_112_length_909_cov_289.429668	909	correct
3341521	3342410	1	890	NC_002945.4	NODE_113_length_890_cov_32.954128	100.0		True
CONTIG	NODE_113_length_890_cov_32.954128	890	correct
2774855	2775599	745	1	NC_002945.4	NODE_114_length_887_cov_8.867105	99.87		True
CONTIG	NODE_114_length_887_cov_8.867105	887	correct
CONTIG	NODE_115_length_873_cov_4.101877	873	unaligned
2191968	2192811	844	1	NC_002945.4	NODE_116_length_844_cov_79.068340	100.0		True
CONTIG	NODE_116_length_844_cov_79.068340	844	correct
338135	338761	1	636	NC_002945.4	NODE_117_length_817_cov_5.356522	98.58		True
CONTIG	NODE_117_length_817_cov_5.356522	817	correct
CONTIG	NODE_118_length_811_cov_1.937135	811	unaligned
3444905	3445699	1	795	NC_002945.4	NODE_119_length_795_cov_102.160180	100.0		True
CONTIG	NODE_119_length_795_cov_102.160180	795	correct
1996351	1996967	1	617	NC_002945.4	NODE_120_length_785_cov_4.113982	99.68		True
CONTIG	NODE_120_length_785_cov_4.113982	785	correct
1985752	1986517	783	18	NC_002945.4	NODE_121_length_783_cov_4.022866	99.74		True
CONTIG	NODE_121_length_783_cov_4.022866	783	correct
673527	674122	155	750	NC_002945.4	NODE_122_length_750_cov_2.695024	99.83		True
CONTIG	NODE_122_length_750_cov_2.695024	750	correct
2422650	2423393	744	1	NC_002945.4	NODE_123_length_744_cov_75.868720	100.0		True
CONTIG	NODE_123_length_744_cov_75.868720	744	correct
CONTIG	NODE_124_length_720_cov_0.741990	720	unaligned
CONTIG	NODE_125_length_710_cov_1.264151	710	unaligned
3340552	3341186	635	1	NC_002945.4	NODE_126_length_635_cov_33.807087	100.0		True
CONTIG	NODE_126_length_635_cov_33.807087	635	correct
1342064	1342697	1	634	NC_002945.4	NODE_127_length_634_cov_58.138067	100.0		True
CONTIG	NODE_127_length_634_cov_58.138067	634	correct
3338171	3338802	632	1	NC_002945.4	NODE_128_length_632_cov_41.706931	99.84		True
CONTIG	NODE_128_length_632_cov_41.706931	632	correct
CONTIG	NODE_129_length_622_cov_0.668687	622	unaligned
841472	841961	1	481	NC_002945.4	NODE_130_length_604_cov_1.767296	97.96		True
CONTIG	NODE_130_length_604_cov_1.767296	604	correct
3893325	3893752	551	124	NC_002945.4	NODE_131_length_593_cov_1.452790	98.36		True
CONTIG	NODE_131_length_593_cov_1.452790	593	correct
3338676	3339263	1	588	NC_002945.4	NODE_132_length_588_cov_73.455531	100.0		True
CONTIG	NODE_132_length_588_cov_73.455531	588	correct
CONTIG	NODE_133_length_560_cov_0.889145	560	unaligned
2932333	2932835	1	503	NC_002945.4	NODE_134_length_541_cov_3.987923	100.0		True
CONTIG	NODE_134_length_541_cov_3.987923	541	correct
1386501	1386902	402	1	NC_002945.4	NODE_135_length_538_cov_1.503650	100.0		True
CONTIG	NODE_135_length_538_cov_1.503650	538	correct
3845679	3845830	1	152	NC_002945.4	NODE_136_length_531_cov_37.923267	95.39		True
relocation, inconsistency = 2310255
1535045	1535408	531	168	NC_002945.4	NODE_136_length_531_cov_37.923267	96.98		True
CONTIG	NODE_136_length_531_cov_37.923267	531	misassembled
927077	927441	527	163	NC_002945.4	NODE_137_length_527_cov_1.170000	100.0		True
CONTIG	NODE_137_length_527_cov_1.170000	527	correct
2776368	2776737	370	1	NC_002945.4	NODE_138_length_522_cov_0.784810	99.46		True
CONTIG	NODE_138_length_522_cov_0.784810	522	correct
1386944	1387352	108	516	NC_002945.4	NODE_139_length_516_cov_3.169666	100.0		True
CONTIG	NODE_139_length_516_cov_3.169666	516	correct
