S1	E1	S2	E2	Reference	Contig	IDY	Ambiguous	Best_group
3445573	3673271	1	227591	NC_002945.4	NODE_1_length_227591_cov_96.734191	99.93		True
CONTIG	NODE_1_length_227591_cov_96.734191	227591	correct
2444879	2665719	221056	158	NC_002945.4	NODE_2_length_221056_cov_91.207071	99.96		True
CONTIG	NODE_2_length_221056_cov_91.207071	221056	correct
1779460	1986596	206797	52	NC_002945.4	NODE_3_length_206797_cov_89.015909	99.79		True
CONTIG	NODE_3_length_206797_cov_89.015909	206797	correct
1386941	1417336	30396	1	NC_002945.4	NODE_4_length_187898_cov_96.241454	99.98		True
relocation, inconsistency = 2618763
4036100	4193715	30397	187898	NC_002945.4	NODE_4_length_187898_cov_96.241454	99.92		True
CONTIG	NODE_4_length_187898_cov_96.241454	187898	misassembled
402605	581801	1	179082	NC_002945.4	NODE_5_length_179082_cov_95.674326	99.92		True
CONTIG	NODE_5_length_179082_cov_95.674326	179082	correct
676647	824045	55	147454	NC_002945.4	NODE_6_length_161041_cov_94.492008	99.98		True
local misassembly
824601	838024	147455	160878	NC_002945.4	NODE_6_length_161041_cov_94.492008	99.98		True
CONTIG	NODE_6_length_161041_cov_94.492008	161041	correct
930621	965347	333	35060	NC_002945.4	NODE_7_length_159233_cov_95.248866	99.98		True
inversion
965305	969639	39470	35061	NC_002945.4	NODE_7_length_159233_cov_95.248866	97.92		True
local misassembly
965327	965469	39613	39471	NC_002945.4	NODE_7_length_159233_cov_95.248866	100.0		True
relocation, inconsistency = 4740
970210	1009472	39614	78875	NC_002945.4	NODE_7_length_159233_cov_95.248866	99.98		True
relocation, inconsistency = 1457
1010930	1091165	78876	159114	NC_002945.4	NODE_7_length_159233_cov_95.248866	99.99		True
CONTIG	NODE_7_length_159233_cov_95.248866	159233	misassembled
4294631	4349904	42	55314	NC_002945.4	NODE_8_length_158633_cov_100.523065	99.99		True
fake: not a misassembly [linear representation of circular genome]
1	29469	55315	84783	NC_002945.4	NODE_8_length_158633_cov_100.523065	99.99		True
local misassembly
30083	103918	84785	158633	NC_002945.4	NODE_8_length_158633_cov_100.523065	99.96		True
CONTIG	NODE_8_length_158633_cov_100.523065	158633	correct
150042	306680	156648	37	NC_002945.4	NODE_9_length_156803_cov_96.660120	99.97		True
CONTIG	NODE_9_length_156803_cov_96.660120	156803	correct
2083596	2140790	57452	258	NC_002945.4	NODE_10_length_148042_cov_90.798905	99.99		True
local misassembly
2057055	2083604	84140	57591	NC_002945.4	NODE_10_length_148042_cov_90.798905	99.98		True
local misassembly
1993046	2056820	147915	84141	NC_002945.4	NODE_10_length_148042_cov_90.798905	99.98		True
CONTIG	NODE_10_length_148042_cov_90.798905	148042	correct
2957039	3097084	1	139357	NC_002945.4	NODE_11_length_139357_cov_94.093500	99.34		True
CONTIG	NODE_11_length_139357_cov_94.093500	139357	correct
1639421	1769053	129724	93	NC_002945.4	NODE_12_length_129724_cov_97.222590	99.99		True
CONTIG	NODE_12_length_129724_cov_97.222590	129724	correct
3343594	3442410	98885	1	NC_002945.4	NODE_13_length_98885_cov_97.109237	99.92		True
CONTIG	NODE_13_length_98885_cov_97.109237	98885	correct
3097191	3193761	1	96517	NC_002945.4	NODE_14_length_96517_cov_89.643013	99.93		True
CONTIG	NODE_14_length_96517_cov_89.643013	96517	correct
3898832	3980018	1	81187	NC_002945.4	NODE_15_length_81347_cov_96.805577	99.99		True
CONTIG	NODE_15_length_81347_cov_96.805577	81347	correct
2693912	2773321	79412	1	NC_002945.4	NODE_16_length_79412_cov_90.909239	99.98		True
CONTIG	NODE_16_length_79412_cov_90.909239	79412	correct
3219363	3297779	115	78588	NC_002945.4	NODE_17_length_78597_cov_97.714732	99.92		True
CONTIG	NODE_17_length_78597_cov_97.714732	78597	correct
1092462	1165170	117	72814	NC_002945.4	NODE_18_length_72814_cov_94.735744	99.97		True
CONTIG	NODE_18_length_72814_cov_94.735744	72814	correct
2852103	2916417	52	64368	NC_002945.4	NODE_19_length_67956_cov_87.538870	99.92		True
relocation, inconsistency = -1281191
1635227	1638240	64369	67433	NC_002945.4	NODE_19_length_67956_cov_87.538870	98.37		True
local misassembly
1638385	1638794	67434	67843	NC_002945.4	NODE_19_length_67956_cov_87.538870	100.0		True
local misassembly
1637928	1638036	67844	67952	NC_002945.4	NODE_19_length_67956_cov_87.538870	100.0		True
CONTIG	NODE_19_length_67956_cov_87.538870	67956	misassembled
364057	401308	37252	1	NC_002945.4	NODE_20_length_64432_cov_90.177871	99.99		True
local misassembly
336586	363777	64432	37253	NC_002945.4	NODE_20_length_64432_cov_90.177871	99.38		True
CONTIG	NODE_20_length_64432_cov_90.177871	64432	correct
4194926	4259153	1	64228	NC_002945.4	NODE_21_length_64228_cov_102.646558	99.99		True
CONTIG	NODE_21_length_64228_cov_102.646558	64228	correct
1471935	1490747	1	18814	NC_002945.4	NODE_22_length_62805_cov_99.536472	99.98		True
local misassembly
1490961	1491841	18815	19695	NC_002945.4	NODE_22_length_62805_cov_99.536472	99.89		True
local misassembly
1492001	1535110	19696	62805	NC_002945.4	NODE_22_length_62805_cov_99.536472	99.98		True
CONTIG	NODE_22_length_62805_cov_99.536472	62805	correct
1280097	1340762	1	60728	NC_002945.4	NODE_23_length_60728_cov_96.171763	99.89		True
CONTIG	NODE_23_length_60728_cov_96.171763	60728	correct
1218364	1278412	77	60125	NC_002945.4	NODE_24_length_60125_cov_91.699640	99.99		True
CONTIG	NODE_24_length_60125_cov_91.699640	60125	correct
3777400	3835785	58318	1	NC_002945.4	NODE_25_length_58318_cov_96.608170	99.87		True
CONTIG	NODE_25_length_58318_cov_96.608170	58318	correct
2192685	2245972	53412	125	NC_002945.4	NODE_26_length_53412_cov_101.533002	99.99		True
CONTIG	NODE_26_length_53412_cov_101.533002	53412	correct
1418316	1470724	52352	1	NC_002945.4	NODE_27_length_52352_cov_94.107018	99.88		True
CONTIG	NODE_27_length_52352_cov_94.107018	52352	correct
2801012	2852075	51064	1	NC_002945.4	NODE_28_length_51064_cov_93.016432	99.99		True
CONTIG	NODE_28_length_51064_cov_93.016432	51064	correct
1574005	1623832	89	49916	NC_002945.4	NODE_29_length_49990_cov_89.954315	99.98		True
CONTIG	NODE_29_length_49990_cov_89.954315	49990	correct
842753	891078	30	48355	NC_002945.4	NODE_30_length_48355_cov_93.864767	99.98		True
CONTIG	NODE_30_length_48355_cov_93.864767	48355	correct
625140	673377	48269	32	NC_002945.4	NODE_31_length_48324_cov_89.978712	99.98		True
CONTIG	NODE_31_length_48324_cov_89.978712	48324	correct
3712180	3737477	1	25298	NC_002945.4	NODE_32_length_46532_cov_90.941343	99.97		True
local misassembly
3737688	3758839	25299	46450	NC_002945.4	NODE_32_length_46532_cov_90.941343	100.0		True
CONTIG	NODE_32_length_46532_cov_90.941343	46532	correct
105040	149906	44961	95	NC_002945.4	NODE_33_length_44961_cov_97.831869	99.97		True
CONTIG	NODE_33_length_44961_cov_97.831869	44961	correct
3836888	3881088	1	44103	NC_002945.4	NODE_34_length_44103_cov_91.776583	99.66		True
CONTIG	NODE_34_length_44103_cov_91.776583	44103	correct
1343879	1386638	1	42765	NC_002945.4	NODE_35_length_43019_cov_91.779026	99.98		True
CONTIG	NODE_35_length_43019_cov_91.779026	43019	correct
3297618	3338080	1	40473	NC_002945.4	NODE_36_length_40473_cov_89.594631	99.96		True
CONTIG	NODE_36_length_40473_cov_89.594631	40473	correct
1535942	1573853	38086	175	NC_002945.4	NODE_37_length_38086_cov_91.806818	99.99		True
CONTIG	NODE_37_length_38086_cov_91.806818	38086	correct
2246369	2283745	37379	1	NC_002945.4	NODE_38_length_37379_cov_95.104504	99.95		True
CONTIG	NODE_38_length_37379_cov_95.104504	37379	correct
3674358	3711048	36673	1	NC_002945.4	NODE_39_length_36673_cov_75.855634	99.93		True
CONTIG	NODE_39_length_36673_cov_75.855634	36673	correct
4000854	4035717	1	34864	NC_002945.4	NODE_40_length_35010_cov_98.951868	99.98		True
CONTIG	NODE_40_length_35010_cov_98.951868	35010	correct
4259930	4293911	34067	88	NC_002945.4	NODE_41_length_34067_cov_98.648173	99.98		True
CONTIG	NODE_41_length_34067_cov_98.648173	34067	correct
1170557	1189860	1	19304	NC_002945.4	NODE_42_length_34017_cov_94.960254	99.99		True
local misassembly
1190092	1204728	19305	33941	NC_002945.4	NODE_42_length_34017_cov_94.960254	99.97		True
CONTIG	NODE_42_length_34017_cov_94.960254	34017	correct
2161798	2192094	30298	1	NC_002945.4	NODE_43_length_30298_cov_93.035730	99.99		True
CONTIG	NODE_43_length_30298_cov_93.035730	30298	correct
2294650	2324469	29899	80	NC_002945.4	NODE_44_length_29899_cov_84.834610	99.99		True
CONTIG	NODE_44_length_29899_cov_84.834610	29899	correct
2343851	2372243	28438	46	NC_002945.4	NODE_45_length_28583_cov_88.877144	99.99		True
CONTIG	NODE_45_length_28583_cov_88.877144	28583	correct
2665852	2693421	1	27569	NC_002945.4	NODE_46_length_27569_cov_92.905728	99.99		True
CONTIG	NODE_46_length_27569_cov_92.905728	27569	correct
306734	333298	55	26514	NC_002945.4	NODE_47_length_26936_cov_91.356149	99.59		True
indel: stretch of mismatches
333299	333426	26515	26642	NC_002945.4	NODE_47_length_26936_cov_91.356149	99.76		True
CONTIG	NODE_47_length_26936_cov_91.356149	26936	correct
581820	607788	1	25969	NC_002945.4	NODE_48_length_25969_cov_96.157960	99.99		True
CONTIG	NODE_48_length_25969_cov_96.157960	25969	correct
2776956	2799828	138	23010	NC_002945.4	NODE_49_length_23010_cov_97.442818	99.99		True
CONTIG	NODE_49_length_23010_cov_97.442818	23010	correct
2423267	2444896	21630	1	NC_002945.4	NODE_50_length_21630_cov_93.077757	99.99		True
CONTIG	NODE_50_length_21630_cov_93.077757	21630	correct
3980089	4000750	1	20662	NC_002945.4	NODE_51_length_20662_cov_87.782323	100.0		True
CONTIG	NODE_51_length_20662_cov_87.782323	20662	correct
2386668	2406206	19539	1	NC_002945.4	NODE_52_length_19539_cov_78.692613	100.0		True
CONTIG	NODE_52_length_19539_cov_78.692613	19539	correct
3758837	3777558	18666	1	NC_002945.4	NODE_53_length_18713_cov_83.441838	99.58		True
CONTIG	NODE_53_length_18713_cov_83.441838	18713	correct
2140788	2159019	18094	1	NC_002945.4	NODE_54_length_18162_cov_95.335736	99.24		True
CONTIG	NODE_54_length_18162_cov_95.335736	18162	correct
2326333	2343769	17560	124	NC_002945.4	NODE_55_length_17610_cov_82.751816	99.98		True
CONTIG	NODE_55_length_17610_cov_82.751816	17610	correct
892165	909508	17344	1	NC_002945.4	NODE_56_length_17344_cov_97.991404	99.99		True
CONTIG	NODE_56_length_17344_cov_97.991404	17344	correct
910050	926337	1	16288	NC_002945.4	NODE_57_length_16309_cov_96.456618	99.99		True
CONTIG	NODE_57_length_16309_cov_96.456618	16309	correct
2916851	2932875	16075	51	NC_002945.4	NODE_58_length_16075_cov_99.977866	99.97		True
CONTIG	NODE_58_length_16075_cov_99.977866	16075	correct
609085	624436	1	15352	NC_002945.4	NODE_59_length_16072_cov_88.664283	99.98		True
relocation, inconsistency = 217160
841597	842316	15353	16072	NC_002945.4	NODE_59_length_16072_cov_88.664283	99.61		True
CONTIG	NODE_59_length_16072_cov_88.664283	16072	misassembled
3193724	3209295	1	15493	NC_002945.4	NODE_60_length_15493_cov_95.695562	99.49		True
CONTIG	NODE_60_length_15493_cov_95.695562	15493	correct
2372433	2386761	14329	1	NC_002945.4	NODE_61_length_14429_cov_93.658579	99.98		True
CONTIG	NODE_61_length_14429_cov_93.658579	14429	correct
1204835	1218398	118	13749	NC_002945.4	NODE_62_length_13935_cov_79.155562	98.35		True
CONTIG	NODE_62_length_13935_cov_79.155562	13935	correct
2409079	2422776	77	13774	NC_002945.4	NODE_63_length_13774_cov_89.152414	99.98		True
CONTIG	NODE_63_length_13774_cov_89.152414	13774	correct
2944619	2957076	1	12458	NC_002945.4	NODE_64_length_12458_cov_84.216284	99.98		True
CONTIG	NODE_64_length_12458_cov_84.216284	12458	correct
3894591	3895311	1	721	NC_002945.4	NODE_65_length_12157_cov_39.234996	100.0		True
relocation, inconsistency = -13651
3882139	3884027	1200	3136	NC_002945.4	NODE_65_length_12157_cov_39.234996	97.69		True
local misassembly
3884643	3890278	3137	8781	NC_002945.4	NODE_65_length_12157_cov_39.234996	99.79		True
local misassembly
3890969	3894344	8782	12157	NC_002945.4	NODE_65_length_12157_cov_39.234996	99.95		True
CONTIG	NODE_65_length_12157_cov_39.234996	12157	misassembled
2933635	2943963	165	10493	NC_002945.4	NODE_66_length_10493_cov_95.396585	99.94		True
CONTIG	NODE_66_length_10493_cov_95.396585	10493	correct
3209339	3219349	10011	1	NC_002945.4	NODE_67_length_10125_cov_85.011002	100.0		True
CONTIG	NODE_67_length_10125_cov_85.011002	10125	correct
1623850	1633320	166	9579	NC_002945.4	NODE_68_length_9608_cov_77.741694	99.37		True
CONTIG	NODE_68_length_9608_cov_77.741694	9608	correct
1986985	1992127	206	5349	NC_002945.4	NODE_69_length_5349_cov_90.178476	99.96		True
CONTIG	NODE_69_length_5349_cov_90.178476	5349	correct
1165899	1169900	4002	1	NC_002945.4	NODE_70_length_4002_cov_95.994323	99.98		True
CONTIG	NODE_70_length_4002_cov_95.994323	4002	correct
2284620	2287647	3028	1	NC_002945.4	NODE_71_length_3028_cov_63.653912	99.77		True
CONTIG	NODE_71_length_3028_cov_63.653912	3028	correct
2290710	2293716	3007	1	NC_002945.4	NODE_72_length_3007_cov_68.080556	100.0		True
CONTIG	NODE_72_length_3007_cov_68.080556	3007	correct
673472	676276	1	2805	NC_002945.4	NODE_73_length_2961_cov_12.782992	99.96		True
CONTIG	NODE_73_length_2961_cov_12.782992	2961	correct
2406207	2408808	2602	1	NC_002945.4	NODE_74_length_2602_cov_51.894467	100.0		True
CONTIG	NODE_74_length_2602_cov_51.894467	2602	correct
334193	336469	1	2277	NC_002945.4	NODE_75_length_2402_cov_23.591648	99.82		True
CONTIG	NODE_75_length_2402_cov_23.591648	2402	correct
3339137	3341186	2050	1	NC_002945.4	NODE_76_length_2050_cov_98.059282	100.0		True
CONTIG	NODE_76_length_2050_cov_98.059282	2050	correct
928970	930583	1614	1	NC_002945.4	NODE_77_length_1851_cov_22.383411	100.0		True
local misassembly
928877	928975	1851	1753	NC_002945.4	NODE_77_length_1851_cov_22.383411	100.0		True
CONTIG	NODE_77_length_1851_cov_22.383411	1851	correct
1340970	1342697	1728	1	NC_002945.4	NODE_78_length_1728_cov_105.181761	99.94		True
CONTIG	NODE_78_length_1728_cov_105.181761	1728	correct
2158983	2160546	1564	1	NC_002945.4	NODE_79_length_1564_cov_86.255393	100.0		True
CONTIG	NODE_79_length_1564_cov_86.255393	1564	correct
401182	402731	1550	1	NC_002945.4	NODE_80_length_1550_cov_152.742094	99.94		True
CONTIG	NODE_80_length_1550_cov_152.742094	1550	correct
2774155	2775600	1	1446	NC_002945.4	NODE_81_length_1490_cov_21.801908	99.93		True
CONTIG	NODE_81_length_1490_cov_21.801908	1490	correct
2324533	2325842	1346	37	NC_002945.4	NODE_82_length_1475_cov_81.891691	100.0		True
relocation, inconsistency = 2312597
11807	11899	1475	1383	NC_002945.4	NODE_82_length_1475_cov_81.891691	100.0		True
CONTIG	NODE_82_length_1475_cov_81.891691	1475	misassembled
4193589	4195052	1	1464	NC_002945.4	NODE_83_length_1464_cov_216.291698	100.0		True
CONTIG	NODE_83_length_1464_cov_216.291698	1464	correct
3443593	3445031	1439	1	NC_002945.4	NODE_84_length_1439_cov_124.377287	100.0		True
CONTIG	NODE_84_length_1439_cov_124.377287	1439	correct
3897145	3898585	1432	1	NC_002945.4	NODE_85_length_1432_cov_57.524904	99.38		True
CONTIG	NODE_85_length_1432_cov_57.524904	1432	correct
3673145	3674484	1	1340	NC_002945.4	NODE_86_length_1340_cov_183.160758	100.0		True
CONTIG	NODE_86_length_1340_cov_183.160758	1340	correct
3835659	3836979	1	1321	NC_002945.4	NODE_87_length_1321_cov_207.133166	99.7		True
CONTIG	NODE_87_length_1321_cov_207.133166	1321	correct
839603	840835	1	1233	NC_002945.4	NODE_88_length_1263_cov_38.585387	100.0		True
CONTIG	NODE_88_length_1263_cov_38.585387	1263	correct
2288581	2289835	1255	1	NC_002945.4	NODE_89_length_1255_cov_96.369681	100.0		True
CONTIG	NODE_89_length_1255_cov_96.369681	1255	correct
2287521	2288707	1187	1	NC_002945.4	NODE_90_length_1187_cov_72.066981	100.0		True
CONTIG	NODE_90_length_1187_cov_72.066981	1187	correct
2289709	2290836	1128	1	NC_002945.4	NODE_91_length_1128_cov_164.414585	99.91		True
CONTIG	NODE_91_length_1128_cov_164.414585	1128	correct
3711277	3712306	1	1030	NC_002945.4	NODE_92_length_1030_cov_221.310078	100.0		True
CONTIG	NODE_92_length_1030_cov_221.310078	1030	correct
1165044	1166025	982	1	NC_002945.4	NODE_93_length_982_cov_185.646784	99.9		True
CONTIG	NODE_93_length_982_cov_185.646784	982	correct
3442285	3443193	1	909	NC_002945.4	NODE_94_length_909_cov_570.736573	100.0		True
CONTIG	NODE_94_length_909_cov_570.736573	909	correct
3341521	3342410	890	1	NC_002945.4	NODE_95_length_890_cov_83.166448	100.0		True
CONTIG	NODE_95_length_890_cov_83.166448	890	correct
930470	930583	114	1	NC_002945.4	NODE_96_length_884_cov_3.597094	100.0		True
relocation, inconsistency = 2788
927058	927681	115	738	NC_002945.4	NODE_96_length_884_cov_3.597094	100.0		True
relocation, inconsistency = 2775
930457	930602	884	739	NC_002945.4	NODE_96_length_884_cov_3.597094	100.0		True
CONTIG	NODE_96_length_884_cov_3.597094	884	misassembled
1278286	1279129	1	844	NC_002945.4	NODE_97_length_844_cov_183.914923	100.0		True
CONTIG	NODE_97_length_844_cov_183.914923	844	correct
3444905	3445699	1	795	NC_002945.4	NODE_98_length_795_cov_222.098802	100.0		True
CONTIG	NODE_98_length_795_cov_222.098802	795	correct
2693295	2694038	744	1	NC_002945.4	NODE_99_length_744_cov_164.952998	100.0		True
CONTIG	NODE_99_length_744_cov_164.952998	744	correct
2160820	2161533	714	1	NC_002945.4	NODE_100_length_714_cov_124.136286	100.0		True
CONTIG	NODE_100_length_714_cov_124.136286	714	correct
2773512	2774114	54	656	NC_002945.4	NODE_101_length_688_cov_9.682709	99.67		True
CONTIG	NODE_101_length_688_cov_9.682709	688	correct
3338171	3338802	632	1	NC_002945.4	NODE_102_length_632_cov_110.093069	99.84		True
CONTIG	NODE_102_length_632_cov_110.093069	632	correct
2325855	2326323	148	616	NC_002945.4	NODE_103_length_616_cov_9.705521	99.79		True
CONTIG	NODE_103_length_616_cov_9.705521	616	correct
4294092	4294586	51	545	NC_002945.4	NODE_104_length_590_cov_17.892009	99.8		True
CONTIG	NODE_104_length_590_cov_17.892009	590	correct
3338676	3339263	588	1	NC_002945.4	NODE_105_length_588_cov_152.353579	100.0		True
CONTIG	NODE_105_length_588_cov_152.353579	588	correct
CONTIG	NODE_106_length_579_cov_0.566372	579	unaligned
CONTIG	NODE_107_length_545_cov_0.404306	545	unaligned
1535045	1535408	1	364	NC_002945.4	NODE_108_length_531_cov_87.935644	96.98		True
relocation, inconsistency = 2310255
3845679	3845830	531	380	NC_002945.4	NODE_108_length_531_cov_87.935644	95.39		True
CONTIG	NODE_108_length_531_cov_87.935644	531	misassembled
3894218	3894717	1	500	NC_002945.4	NODE_109_length_500_cov_192.324397	100.0		True
CONTIG	NODE_109_length_500_cov_192.324397	500	correct
