S1	E1	S2	E2	Reference	Contig	IDY	Ambiguous	Best_group
2957039	3193870	236089	1	NC_002945.4	NODE_1_length_236089_cov_41.690048	99.58		True
CONTIG	NODE_1_length_236089_cov_41.690048	236089	correct
3445573	3673271	227591	1	NC_002945.4	NODE_2_length_227591_cov_42.965480	99.93		True
CONTIG	NODE_2_length_227591_cov_42.965480	227591	correct
2444879	2665772	1	220946	NC_002945.4	NODE_3_length_220962_cov_41.873408	99.96		True
CONTIG	NODE_3_length_220962_cov_41.873408	220962	correct
402605	607788	204915	1	NC_002945.4	NODE_4_length_204915_cov_41.814838	99.86		True
CONTIG	NODE_4_length_204915_cov_41.814838	204915	correct
676617	824045	1	147430	NC_002945.4	NODE_5_length_160892_cov_41.870986	99.99		True
local misassembly
824601	838062	147431	160892	NC_002945.4	NODE_5_length_160892_cov_41.870986	99.98		True
CONTIG	NODE_5_length_160892_cov_41.870986	160892	correct
150166	306677	156502	19	NC_002945.4	NODE_6_length_156502_cov_42.316694	99.97		True
CONTIG	NODE_6_length_156502_cov_42.316694	156502	correct
30083	103918	73849	1	NC_002945.4	NODE_7_length_151372_cov_42.843195	99.96		True
local misassembly
1	29469	103319	73851	NC_002945.4	NODE_7_length_151372_cov_42.843195	99.98		True
fake: not a misassembly [linear representation of circular genome]
4301851	4349904	151372	103320	NC_002945.4	NODE_7_length_151372_cov_42.843195	99.99		True
CONTIG	NODE_7_length_151372_cov_42.843195	151372	correct
1635657	1638240	1	2635	NC_002945.4	NODE_8_length_133161_cov_43.611716	98.06		True
local misassembly
1638385	1638740	2636	2991	NC_002945.4	NODE_8_length_133161_cov_43.611716	100.0		True
local misassembly
1638975	1769053	2992	133069	NC_002945.4	NODE_8_length_133161_cov_43.611716	99.99		True
CONTIG	NODE_8_length_133161_cov_43.611716	133161	correct
1853860	1985614	131309	21	NC_002945.4	NODE_9_length_131434_cov_41.029305	99.63		True
CONTIG	NODE_9_length_131434_cov_41.029305	131434	correct
970273	1009472	147	39345	NC_002945.4	NODE_10_length_119992_cov_42.659959	99.98		True
relocation, inconsistency = 1457
1010930	1091411	39346	119830	NC_002945.4	NODE_10_length_119992_cov_42.659959	99.99		True
CONTIG	NODE_10_length_119992_cov_42.659959	119992	misassembled
3297493	3338802	41479	1	NC_002945.4	NODE_11_length_119666_cov_41.968353	99.82		True
indel: stretch of mismatches
3219363	3297478	119666	41494	NC_002945.4	NODE_11_length_119666_cov_41.968353	99.92		True
CONTIG	NODE_11_length_119666_cov_41.968353	119666	correct
3343594	3442410	98885	1	NC_002945.4	NODE_12_length_98885_cov_42.656595	99.92		True
CONTIG	NODE_12_length_98885_cov_42.656595	98885	correct
4097330	4193715	96386	1	NC_002945.4	NODE_13_length_96386_cov_43.051372	99.99		True
CONTIG	NODE_13_length_96386_cov_43.051372	96386	correct
2056981	2083604	11	26634	NC_002945.4	NODE_14_length_84076_cov_37.277323	99.95		True
local misassembly
2083596	2140726	26773	83903	NC_002945.4	NODE_14_length_84076_cov_37.277323	99.99		True
CONTIG	NODE_14_length_84076_cov_37.277323	84076	correct
3897145	3979616	1	82463	NC_002945.4	NODE_15_length_82463_cov_42.522214	99.98		True
CONTIG	NODE_15_length_82463_cov_42.522214	82463	correct
1491932	1573674	1	81743	NC_002945.4	NODE_16_length_81982_cov_43.392499	99.93		True
CONTIG	NODE_16_length_81982_cov_43.392499	81982	correct
2693912	2773047	79135	1	NC_002945.4	NODE_17_length_79135_cov_41.510467	99.99		True
CONTIG	NODE_17_length_79135_cov_41.510467	79135	correct
1779460	1853840	1	74381	NC_002945.4	NODE_18_length_74381_cov_42.307014	99.99		True
CONTIG	NODE_18_length_74381_cov_42.307014	74381	correct
1096985	1165170	1	68186	NC_002945.4	NODE_19_length_68186_cov_41.776841	99.99		True
CONTIG	NODE_19_length_68186_cov_41.776841	68186	correct
2852106	2916393	64288	1	NC_002945.4	NODE_20_length_64309_cov_41.256521	99.98		True
CONTIG	NODE_20_length_64309_cov_41.256521	64309	correct
4194926	4259153	1	64228	NC_002945.4	NODE_21_length_64228_cov_43.535530	99.99		True
CONTIG	NODE_21_length_64228_cov_43.535530	64228	correct
1280097	1343223	63189	1	NC_002945.4	NODE_22_length_63189_cov_45.322032	99.89		True
CONTIG	NODE_22_length_63189_cov_45.322032	63189	correct
4035824	4097346	61522	1	NC_002945.4	NODE_23_length_61522_cov_39.589217	99.99		True
CONTIG	NODE_23_length_61522_cov_39.589217	61522	correct
1996272	2056408	60137	1	NC_002945.4	NODE_24_length_60137_cov_41.943943	99.98		True
CONTIG	NODE_24_length_60137_cov_41.943943	60137	correct
1219683	1278412	58730	1	NC_002945.4	NODE_25_length_58972_cov_42.208463	99.99		True
CONTIG	NODE_25_length_58972_cov_42.208463	58972	correct
3777400	3835785	1	58318	NC_002945.4	NODE_26_length_58318_cov_42.932481	99.87		True
CONTIG	NODE_26_length_58318_cov_42.932481	58318	correct
1413935	1470724	1	56733	NC_002945.4	NODE_27_length_56733_cov_43.366180	99.89		True
CONTIG	NODE_27_length_56733_cov_43.366180	56733	correct
4000854	4035740	35049	163	NC_002945.4	NODE_28_length_51078_cov_41.332221	99.98		True
fake: scaffold gap size wrong estimation (local)
3984842	4000631	50939	35150	NC_002945.4	NODE_28_length_51078_cov_41.332221	100.0		True
CONTIG	NODE_28_length_51078_cov_41.332221	51078	correct
2801012	2852059	1	51048	NC_002945.4	NODE_29_length_51048_cov_42.870702	99.99		True
CONTIG	NODE_29_length_51048_cov_42.870702	51048	correct
673614	676180	2567	1	NC_002945.4	NODE_30_length_50660_cov_39.358558	99.96		True
local misassembly
625172	673262	50658	2568	NC_002945.4	NODE_30_length_50660_cov_39.358558	99.98		True
CONTIG	NODE_30_length_50660_cov_39.358558	50660	correct
1573990	1623827	49838	1	NC_002945.4	NODE_31_length_49838_cov_40.801131	99.98		True
CONTIG	NODE_31_length_49838_cov_40.801131	49838	correct
842827	891078	14	48265	NC_002945.4	NODE_32_length_48265_cov_42.166417	99.99		True
CONTIG	NODE_32_length_48265_cov_42.166417	48265	correct
2326988	2343758	16771	1	NC_002945.4	NODE_33_length_46513_cov_40.587613	99.98		True
relocation, inconsistency = 2596
2294650	2324391	46513	16772	NC_002945.4	NODE_33_length_46513_cov_40.587613	99.99		True
CONTIG	NODE_33_length_46513_cov_40.587613	46513	misassembled
3836888	3880292	1	43397	NC_002945.4	NODE_34_length_44465_cov_40.105936	99.96		True
local misassembly
3880455	3881368	43398	44311	NC_002945.4	NODE_34_length_44465_cov_40.105936	100.0		True
CONTIG	NODE_34_length_44465_cov_40.105936	44465	correct
1343879	1386537	1	42664	NC_002945.4	NODE_35_length_42664_cov_41.397043	99.99		True
CONTIG	NODE_35_length_42664_cov_41.397043	42664	correct
930651	970092	39682	1	NC_002945.4	NODE_36_length_39682_cov_41.712628	99.38		True
CONTIG	NODE_36_length_39682_cov_41.712628	39682	correct
363867	401308	37442	1	NC_002945.4	NODE_37_length_37442_cov_40.463058	99.99		True
CONTIG	NODE_37_length_37442_cov_40.463058	37442	correct
2246369	2283745	37379	1	NC_002945.4	NODE_38_length_37379_cov_44.289515	99.95		True
CONTIG	NODE_38_length_37379_cov_44.289515	37379	correct
2372450	2408800	45	36337	NC_002945.4	NODE_39_length_36337_cov_38.504640	99.82		True
CONTIG	NODE_39_length_36337_cov_38.504640	36337	correct
2210964	2245161	1	34198	NC_002945.4	NODE_40_length_34198_cov_46.037686	99.99		True
CONTIG	NODE_40_length_34198_cov_46.037686	34198	correct
3724846	3737454	1	12609	NC_002945.4	NODE_41_length_33870_cov_40.831491	99.98		True
local misassembly
3737665	3758925	12610	33870	NC_002945.4	NODE_41_length_33870_cov_40.831491	100.0		True
CONTIG	NODE_41_length_33870_cov_40.831491	33870	correct
4281786	4293929	12144	1	NC_002945.4	NODE_42_length_33860_cov_42.164112	99.99		True
local misassembly
4259930	4281647	33860	12145	NC_002945.4	NODE_42_length_33860_cov_42.164112	99.98		True
CONTIG	NODE_42_length_33860_cov_42.164112	33860	correct
2161798	2192094	1	30298	NC_002945.4	NODE_43_length_30298_cov_43.419277	99.99		True
CONTIG	NODE_43_length_30298_cov_43.419277	30298	correct
2343771	2372199	28429	1	NC_002945.4	NODE_44_length_28598_cov_40.533385	99.99		True
CONTIG	NODE_44_length_28598_cov_40.533385	28598	correct
105040	131865	1	26826	NC_002945.4	NODE_45_length_27704_cov_40.184429	99.98		True
local misassembly
132022	132650	26827	27455	NC_002945.4	NODE_45_length_27704_cov_40.184429	100.0		True
CONTIG	NODE_45_length_27704_cov_40.184429	27704	correct
2666107	2693421	27257	1	NC_002945.4	NODE_46_length_27257_cov_43.839329	99.78		True
CONTIG	NODE_46_length_27257_cov_43.839329	27257	correct
336693	363840	27070	1	NC_002945.4	NODE_47_length_27166_cov_35.134435	99.61		True
CONTIG	NODE_47_length_27166_cov_35.134435	27166	correct
306711	333298	26598	116	NC_002945.4	NODE_48_length_26598_cov_40.280345	99.6		True
CONTIG	NODE_48_length_26598_cov_40.280345	26598	correct
1386909	1412955	1	26047	NC_002945.4	NODE_49_length_26047_cov_40.343094	99.98		True
CONTIG	NODE_49_length_26047_cov_40.343094	26047	correct
3674358	3699630	1	25255	NC_002945.4	NODE_50_length_25371_cov_32.477817	99.93		True
CONTIG	NODE_50_length_25371_cov_32.477817	25371	correct
2423267	2444896	1	21630	NC_002945.4	NODE_51_length_21630_cov_43.771427	99.99		True
CONTIG	NODE_51_length_21630_cov_43.771427	21630	correct
1471935	1490747	1	18814	NC_002945.4	NODE_52_length_19572_cov_45.483723	99.98		True
local misassembly
1490961	1491456	18815	19310	NC_002945.4	NODE_52_length_19572_cov_45.483723	100.0		True
CONTIG	NODE_52_length_19572_cov_45.483723	19572	correct
1171083	1189760	1	18678	NC_002945.4	NODE_53_length_18692_cov_42.078481	99.99		True
CONTIG	NODE_53_length_18692_cov_42.078481	18692	correct
3759609	3777383	1	17777	NC_002945.4	NODE_54_length_17777_cov_37.558697	99.94		True
CONTIG	NODE_54_length_17777_cov_37.558697	17777	correct
2140685	2158319	1	17566	NC_002945.4	NODE_55_length_17566_cov_44.822868	99.6		True
CONTIG	NODE_55_length_17566_cov_44.822868	17566	correct
2192685	2210054	1	17370	NC_002945.4	NODE_56_length_17381_cov_47.078996	99.99		True
CONTIG	NODE_56_length_17381_cov_47.078996	17381	correct
892165	909508	1	17344	NC_002945.4	NODE_57_length_17344_cov_42.294709	99.99		True
CONTIG	NODE_57_length_17344_cov_42.294709	17344	correct
132663	149979	17334	18	NC_002945.4	NODE_58_length_17334_cov_45.042599	99.91		True
CONTIG	NODE_58_length_17334_cov_45.042599	17334	correct
2776970	2793850	84	16964	NC_002945.4	NODE_59_length_16964_cov_44.817010	100.0		True
CONTIG	NODE_59_length_16964_cov_44.817010	16964	correct
910050	926363	16314	1	NC_002945.4	NODE_60_length_16314_cov_44.102428	99.99		True
CONTIG	NODE_60_length_16314_cov_44.102428	16314	correct
2916851	2932856	1	16006	NC_002945.4	NODE_61_length_16006_cov_44.516405	99.97		True
CONTIG	NODE_61_length_16006_cov_44.516405	16006	correct
3193780	3209295	15616	1	NC_002945.4	NODE_62_length_15616_cov_43.495255	100.0		True
CONTIG	NODE_62_length_15616_cov_43.495255	15616	correct
609085	624344	15427	168	NC_002945.4	NODE_63_length_15427_cov_41.633660	99.99		True
CONTIG	NODE_63_length_15427_cov_41.633660	15427	correct
1190378	1204705	1	14328	NC_002945.4	NODE_64_length_14328_cov_39.022534	99.97		True
CONTIG	NODE_64_length_14328_cov_39.022534	14328	correct
2409070	2422776	10	13716	NC_002945.4	NODE_65_length_13716_cov_41.464567	99.98		True
CONTIG	NODE_65_length_13716_cov_41.464567	13716	correct
3712180	3724909	12730	1	NC_002945.4	NODE_66_length_12730_cov_30.481552	99.95		True
CONTIG	NODE_66_length_12730_cov_30.481552	12730	correct
2944619	2957076	12458	1	NC_002945.4	NODE_67_length_12458_cov_41.369962	99.98		True
CONTIG	NODE_67_length_12458_cov_41.369962	12458	correct
3699622	3711403	11782	1	NC_002945.4	NODE_68_length_11782_cov_29.646589	100.0		True
CONTIG	NODE_68_length_11782_cov_29.646589	11782	correct
3881842	3882155	1	314	NC_002945.4	NODE_69_length_10672_cov_17.395353	99.36		True
local misassembly
3882139	3884027	466	2402	NC_002945.4	NODE_69_length_10672_cov_17.395353	97.69		True
local misassembly
3884643	3890278	2403	8047	NC_002945.4	NODE_69_length_10672_cov_17.395353	99.79		True
local misassembly
3890969	3893459	8048	10538	NC_002945.4	NODE_69_length_10672_cov_17.395353	99.93		True
CONTIG	NODE_69_length_10672_cov_17.395353	10672	correct
2933886	2943963	164	10241	NC_002945.4	NODE_70_length_10241_cov_41.690429	99.99		True
CONTIG	NODE_70_length_10241_cov_41.690429	10241	correct
3209302	3219347	10046	1	NC_002945.4	NODE_71_length_10046_cov_39.577478	100.0		True
CONTIG	NODE_71_length_10046_cov_39.577478	10046	correct
1623841	1633281	1	9393	NC_002945.4	NODE_72_length_9393_cov_36.087632	99.46		True
CONTIG	NODE_72_length_9393_cov_36.087632	9393	correct
1204733	1213694	8887	1	NC_002945.4	NODE_73_length_8978_cov_40.522540	99.14		True
CONTIG	NODE_73_length_8978_cov_40.522540	8978	correct
4294693	4301845	134	7286	NC_002945.4	NODE_74_length_7286_cov_37.475206	99.99		True
CONTIG	NODE_74_length_7286_cov_37.475206	7286	correct
2793936	2799828	5893	1	NC_002945.4	NODE_75_length_6326_cov_39.398129	99.98		True
CONTIG	NODE_75_length_6326_cov_39.398129	6326	correct
1987184	1992127	4945	1	NC_002945.4	NODE_76_length_5120_cov_43.239335	99.94		True
CONTIG	NODE_76_length_5120_cov_43.239335	5120	correct
1213949	1214774	318	1143	NC_002945.4	NODE_77_length_4934_cov_28.224048	99.76		True
local misassembly
1214750	1218347	1263	4860	NC_002945.4	NODE_77_length_4934_cov_28.224048	100.0		True
CONTIG	NODE_77_length_4934_cov_28.224048	4934	correct
3980196	3984532	1	4337	NC_002945.4	NODE_78_length_4337_cov_35.468409	100.0		True
CONTIG	NODE_78_length_4337_cov_35.468409	4337	correct
1092495	1096461	105	4071	NC_002945.4	NODE_79_length_4071_cov_36.311359	99.97		True
CONTIG	NODE_79_length_4071_cov_36.311359	4071	correct
1165899	1169900	4002	1	NC_002945.4	NODE_80_length_4002_cov_45.928258	99.98		True
CONTIG	NODE_80_length_4002_cov_45.928258	4002	correct
2284620	2287647	3028	1	NC_002945.4	NODE_81_length_3028_cov_31.404688	99.77		True
CONTIG	NODE_81_length_3028_cov_31.404688	3028	correct
2290710	2293716	3007	1	NC_002945.4	NODE_82_length_3007_cov_32.959722	100.0		True
CONTIG	NODE_82_length_3007_cov_32.959722	3007	correct
2158341	2158913	1	573	NC_002945.4	NODE_83_length_2949_cov_41.904678	100.0		True
fake: scaffold gap size wrong estimation (local)
2158914	2160444	605	2135	NC_002945.4	NODE_83_length_2949_cov_41.904678	95.49		True
CONTIG	NODE_83_length_2949_cov_41.904678	2949	correct
1993335	1996166	2832	1	NC_002945.4	NODE_84_length_2832_cov_44.557856	100.0		True
CONTIG	NODE_84_length_2832_cov_44.557856	2832	correct
928970	930629	1660	1	NC_002945.4	NODE_85_length_2536_cov_10.323371	100.0		True
local misassembly
928247	928975	2536	1799	NC_002945.4	NODE_85_length_2536_cov_10.323371	98.51		True
CONTIG	NODE_85_length_2536_cov_10.323371	2536	correct
607662	609211	1550	1	NC_002945.4	NODE_86_length_1550_cov_68.580464	100.0		True
CONTIG	NODE_86_length_1550_cov_68.580464	1550	correct
4193589	4195052	1464	1	NC_002945.4	NODE_87_length_1464_cov_98.164547	100.0		True
CONTIG	NODE_87_length_1464_cov_98.164547	1464	correct
1992001	1993461	1461	1	NC_002945.4	NODE_88_length_1461_cov_52.246627	100.0		True
CONTIG	NODE_88_length_1461_cov_52.246627	1461	correct
3443593	3445031	1	1439	NC_002945.4	NODE_89_length_1439_cov_50.552591	100.0		True
CONTIG	NODE_89_length_1439_cov_50.552591	1439	correct
334077	335300	1	1224	NC_002945.4	NODE_90_length_1437_cov_11.470992	99.84		True
CONTIG	NODE_90_length_1437_cov_11.470992	1437	correct
2324595	2325829	149	1383	NC_002945.4	NODE_91_length_1383_cov_28.225318	100.0		True
CONTIG	NODE_91_length_1383_cov_28.225318	1383	correct
3673145	3674484	1340	1	NC_002945.4	NODE_92_length_1340_cov_84.475680	100.0		True
CONTIG	NODE_92_length_1340_cov_84.475680	1340	correct
2774272	2775608	1337	1	NC_002945.4	NODE_93_length_1337_cov_6.010744	100.0		True
CONTIG	NODE_93_length_1337_cov_6.010744	1337	correct
3339137	3340461	1325	1	NC_002945.4	NODE_94_length_1325_cov_42.333890	100.0		True
CONTIG	NODE_94_length_1325_cov_42.333890	1325	correct
3835659	3836979	1	1321	NC_002945.4	NODE_95_length_1321_cov_102.546901	99.77		True
CONTIG	NODE_95_length_1321_cov_102.546901	1321	correct
2288581	2289835	1	1255	NC_002945.4	NODE_96_length_1255_cov_43.854610	100.0		True
CONTIG	NODE_96_length_1255_cov_43.854610	1255	correct
839634	840866	1	1233	NC_002945.4	NODE_97_length_1233_cov_15.009946	100.0		True
CONTIG	NODE_97_length_1233_cov_15.009946	1233	correct
2287521	2288707	1187	1	NC_002945.4	NODE_98_length_1187_cov_38.953774	100.0		True
CONTIG	NODE_98_length_1187_cov_38.953774	1187	correct
2289709	2290836	1128	1	NC_002945.4	NODE_99_length_1128_cov_80.908092	99.91		True
CONTIG	NODE_99_length_1128_cov_80.908092	1128	correct
3711277	3712306	1030	1	NC_002945.4	NODE_100_length_1030_cov_81.871539	100.0		True
CONTIG	NODE_100_length_1030_cov_81.871539	1030	correct
1165044	1166025	1	982	NC_002945.4	NODE_101_length_982_cov_84.728655	100.0		True
CONTIG	NODE_101_length_982_cov_84.728655	982	correct
2210038	2210963	1	926	NC_002945.4	NODE_102_length_926_cov_33.149098	100.0		True
CONTIG	NODE_102_length_926_cov_33.149098	926	correct
3442285	3443193	909	1	NC_002945.4	NODE_103_length_909_cov_290.395141	100.0		True
CONTIG	NODE_103_length_909_cov_290.395141	909	correct
3341521	3342410	890	1	NC_002945.4	NODE_104_length_890_cov_32.292267	100.0		True
CONTIG	NODE_104_length_890_cov_32.292267	890	correct
1278286	1279129	844	1	NC_002945.4	NODE_105_length_844_cov_82.923291	100.0		True
CONTIG	NODE_105_length_844_cov_82.923291	844	correct
CONTIG	NODE_106_length_844_cov_0.899582	844	unaligned
335617	336448	832	1	NC_002945.4	NODE_107_length_832_cov_9.731915	100.0		True
CONTIG	NODE_107_length_832_cov_9.731915	832	correct
909382	910176	1	795	NC_002945.4	NODE_108_length_795_cov_95.859281	100.0		True
CONTIG	NODE_108_length_795_cov_95.859281	795	correct
1985756	1986525	770	1	NC_002945.4	NODE_109_length_771_cov_3.577640	100.0		True
CONTIG	NODE_109_length_771_cov_3.577640	771	correct
2693295	2694038	1	744	NC_002945.4	NODE_110_length_744_cov_75.115073	100.0		True
CONTIG	NODE_110_length_744_cov_75.115073	744	correct
2773559	2774011	239	691	NC_002945.4	NODE_111_length_722_cov_1.749580	99.12		True
CONTIG	NODE_111_length_722_cov_1.749580	722	correct
1633365	1634017	653	1	NC_002945.4	NODE_112_length_653_cov_4.838403	100.0		True
CONTIG	NODE_112_length_653_cov_4.838403	653	correct
3340552	3341186	635	1	NC_002945.4	NODE_113_length_635_cov_27.309055	100.0		True
CONTIG	NODE_113_length_635_cov_27.309055	635	correct
3338676	3339263	588	1	NC_002945.4	NODE_114_length_588_cov_70.767896	100.0		True
CONTIG	NODE_114_length_588_cov_70.767896	588	correct
CONTIG	NODE_115_length_564_cov_0.469108	564	unaligned
2773157	2773514	182	542	NC_002945.4	NODE_116_length_542_cov_0.780723	99.17		True
CONTIG	NODE_116_length_542_cov_0.780723	542	correct
4294092	4294592	501	1	NC_002945.4	NODE_117_length_501_cov_4.061497	100.0		True
CONTIG	NODE_117_length_501_cov_4.061497	501	correct
