S1	E1	S2	E2	Reference	Contig	IDY	Ambiguous	Best_group
3445573	3673271	227591	1	NC_002945.4	NODE_1_length_227591_cov_51.320301	99.93		True
CONTIG	NODE_1_length_227591_cov_51.320301	227591	correct
2453959	2665727	211927	106	NC_002945.4	NODE_2_length_211927_cov_49.108215	99.96		True
CONTIG	NODE_2_length_211927_cov_49.108215	211927	correct
402605	581801	179082	1	NC_002945.4	NODE_3_length_179082_cov_49.978000	99.92		True
CONTIG	NODE_3_length_179082_cov_49.978000	179082	correct
3015747	3193870	177434	1	NC_002945.4	NODE_4_length_177540_cov_48.549306	99.47		True
CONTIG	NODE_4_length_177540_cov_48.549306	177540	correct
824601	838089	13489	1	NC_002945.4	NODE_5_length_161787_cov_49.521700	99.98		True
local misassembly
676696	824045	160840	13490	NC_002945.4	NODE_5_length_161787_cov_49.521700	99.99		True
relocation, inconsistency = 1143
674774	675552	161619	160841	NC_002945.4	NODE_5_length_161787_cov_49.521700	100.0		True
CONTIG	NODE_5_length_161787_cov_49.521700	161787	misassembled
930668	1009472	186	79145	NC_002945.4	NODE_6_length_160113_cov_50.000513	99.57		True
relocation, inconsistency = 1457
1010930	1091794	79146	160013	NC_002945.4	NODE_6_length_160113_cov_50.000513	99.99		True
CONTIG	NODE_6_length_160113_cov_50.000513	160113	misassembled
4035824	4193715	1	157777	NC_002945.4	NODE_7_length_157777_cov_50.970117	99.92		True
CONTIG	NODE_7_length_157777_cov_50.970117	157777	correct
150122	306688	1	156540	NC_002945.4	NODE_8_length_156540_cov_51.354843	99.97		True
CONTIG	NODE_8_length_156540_cov_51.354843	156540	correct
4310393	4349904	1	39511	NC_002945.4	NODE_9_length_142830_cov_52.478098	99.99		True
fake: not a misassembly [linear representation of circular genome]
1	29469	39512	68980	NC_002945.4	NODE_9_length_142830_cov_52.478098	99.99		True
local misassembly
30083	103918	68982	142830	NC_002945.4	NODE_9_length_142830_cov_52.478098	99.96		True
CONTIG	NODE_9_length_142830_cov_52.478098	142830	correct
1853877	1985256	130958	12	NC_002945.4	NODE_10_length_130958_cov_47.443374	99.66		True
CONTIG	NODE_10_length_130958_cov_47.443374	130958	correct
1638860	1769053	1	130193	NC_002945.4	NODE_11_length_130285_cov_50.429440	99.99		True
CONTIG	NODE_11_length_130285_cov_50.429440	130285	correct
3297603	3338080	40529	1	NC_002945.4	NODE_12_length_128951_cov_49.938420	99.96		True
local misassembly
3209302	3297520	128951	40730	NC_002945.4	NODE_12_length_128951_cov_49.938420	99.87		True
CONTIG	NODE_12_length_128951_cov_49.938420	128951	correct
2083596	2140255	56660	1	NC_002945.4	NODE_13_length_83462_cov_49.499502	99.99		True
local misassembly
2056950	2083604	83453	56799	NC_002945.4	NODE_13_length_83462_cov_49.499502	99.98		True
CONTIG	NODE_13_length_83462_cov_49.499502	83462	correct
3897253	3979482	82279	59	NC_002945.4	NODE_14_length_82320_cov_50.820763	99.98		True
CONTIG	NODE_14_length_82320_cov_50.820763	82320	correct
3343593	3424535	81264	254	NC_002945.4	NODE_15_length_81264_cov_51.966119	99.9		True
CONTIG	NODE_15_length_81264_cov_51.966119	81264	correct
2693912	2773171	79408	150	NC_002945.4	NODE_16_length_79408_cov_48.383257	99.98		True
CONTIG	NODE_16_length_79408_cov_48.383257	79408	correct
1779460	1853819	1	74360	NC_002945.4	NODE_17_length_74418_cov_49.317616	99.99		True
CONTIG	NODE_17_length_74418_cov_49.317616	74418	correct
1096985	1165170	68175	1	NC_002945.4	NODE_18_length_68175_cov_49.381995	99.97		True
CONTIG	NODE_18_length_68175_cov_49.381995	68175	correct
2852164	2916393	80	64308	NC_002945.4	NODE_19_length_64308_cov_49.079276	99.98		True
CONTIG	NODE_19_length_64308_cov_49.079276	64308	correct
4194926	4259153	64228	1	NC_002945.4	NODE_20_length_64228_cov_52.914947	99.99		True
CONTIG	NODE_20_length_64228_cov_52.914947	64228	correct
1280097	1343223	1	63189	NC_002945.4	NODE_21_length_63189_cov_53.168104	99.89		True
CONTIG	NODE_21_length_63189_cov_53.168104	63189	correct
1993335	2056372	1	63038	NC_002945.4	NODE_22_length_63106_cov_47.925293	99.98		True
CONTIG	NODE_22_length_63106_cov_47.925293	63106	correct
1219450	1278412	58963	1	NC_002945.4	NODE_23_length_59041_cov_49.360390	99.99		True
CONTIG	NODE_23_length_59041_cov_49.360390	59041	correct
2957039	3015752	58802	142	NC_002945.4	NODE_24_length_58802_cov_49.184372	99.89		True
CONTIG	NODE_24_length_58802_cov_49.184372	58802	correct
3777400	3830690	1	53291	NC_002945.4	NODE_25_length_53328_cov_50.524859	99.99		True
CONTIG	NODE_25_length_53328_cov_50.524859	53328	correct
2192685	2245161	1	52477	NC_002945.4	NODE_26_length_52477_cov_53.150564	99.99		True
CONTIG	NODE_26_length_52477_cov_53.150564	52477	correct
1343879	1386644	1	42771	NC_002945.4	NODE_27_length_51298_cov_44.861875	99.99		True
relocation, inconsistency = 2503920
3890969	3893867	45670	42772	NC_002945.4	NODE_27_length_51298_cov_44.861875	99.88		True
local misassembly
3884660	3890278	51298	45671	NC_002945.4	NODE_27_length_51298_cov_44.861875	99.79		True
CONTIG	NODE_27_length_51298_cov_44.861875	51298	misassembled
2801012	2852050	1	51039	NC_002945.4	NODE_28_length_51039_cov_49.370915	99.98		True
CONTIG	NODE_28_length_51039_cov_49.370915	51039	correct
3984850	4000631	127	15908	NC_002945.4	NODE_29_length_50894_cov_51.423287	100.0		True
fake: scaffold gap size wrong estimation (local)
4000854	4035739	16009	50894	NC_002945.4	NODE_29_length_50894_cov_51.423287	99.98		True
CONTIG	NODE_29_length_50894_cov_51.423287	50894	correct
1574180	1623825	185	49830	NC_002945.4	NODE_30_length_49830_cov_48.512343	99.98		True
CONTIG	NODE_30_length_49830_cov_48.512343	49830	correct
842470	891078	48609	1	NC_002945.4	NODE_31_length_48609_cov_49.703024	99.99		True
CONTIG	NODE_31_length_48609_cov_49.703024	48609	correct
625807	673262	1	47456	NC_002945.4	NODE_32_length_48528_cov_48.893184	99.99		True
local misassembly
673614	674543	47457	48386	NC_002945.4	NODE_32_length_48528_cov_48.893184	99.89		True
CONTIG	NODE_32_length_48528_cov_48.893184	48528	correct
3836888	3879935	1	43040	NC_002945.4	NODE_33_length_45985_cov_46.500087	99.96		True
local misassembly
3882139	3883639	44437	45985	NC_002945.4	NODE_33_length_45985_cov_46.500087	96.9		True
CONTIG	NODE_33_length_45985_cov_46.500087	45985	correct
1491934	1535110	43177	1	NC_002945.4	NODE_34_length_43177_cov_53.666992	99.98		True
CONTIG	NODE_34_length_43177_cov_53.666992	43177	correct
2343795	2372145	249	28599	NC_002945.4	NODE_35_length_42778_cov_48.212586	99.97		True
local misassembly
2372641	2386819	28600	42778	NC_002945.4	NODE_35_length_42778_cov_48.212586	99.98		True
CONTIG	NODE_35_length_42778_cov_48.212586	42778	correct
1413935	1454420	40486	1	NC_002945.4	NODE_36_length_40486_cov_50.473203	99.99		True
CONTIG	NODE_36_length_40486_cov_50.473203	40486	correct
1535942	1573788	37847	1	NC_002945.4	NODE_37_length_37847_cov_49.392789	99.99		True
CONTIG	NODE_37_length_37847_cov_49.392789	37847	correct
363899	401308	37410	1	NC_002945.4	NODE_38_length_37410_cov_48.399834	99.99		True
CONTIG	NODE_38_length_37410_cov_48.399834	37410	correct
2246369	2283745	1	37379	NC_002945.4	NODE_39_length_37379_cov_51.387657	99.95		True
CONTIG	NODE_39_length_37379_cov_51.387657	37379	correct
3737665	3758816	21293	142	NC_002945.4	NODE_40_length_33854_cov_49.903786	100.0		True
local misassembly
3724894	3737454	33854	21294	NC_002945.4	NODE_40_length_33854_cov_49.903786	99.98		True
CONTIG	NODE_40_length_33854_cov_49.903786	33854	correct
2161798	2192094	1	30298	NC_002945.4	NODE_41_length_30298_cov_49.707169	99.99		True
CONTIG	NODE_41_length_30298_cov_49.707169	30298	correct
2423267	2453623	30243	1	NC_002945.4	NODE_42_length_30243_cov_49.436479	99.61		True
CONTIG	NODE_42_length_30243_cov_49.436479	30243	correct
2294650	2324497	29848	1	NC_002945.4	NODE_43_length_29848_cov_46.241008	99.99		True
CONTIG	NODE_43_length_29848_cov_46.241008	29848	correct
105040	132589	27737	188	NC_002945.4	NODE_44_length_27737_cov_48.526476	99.98		True
CONTIG	NODE_44_length_27737_cov_48.526476	27737	correct
2665832	2693421	8	27596	NC_002945.4	NODE_45_length_27596_cov_50.190979	99.97		True
CONTIG	NODE_45_length_27596_cov_50.190979	27596	correct
306710	333298	1	26484	NC_002945.4	NODE_46_length_26770_cov_50.335172	99.6		True
indel: stretch of mismatches
333299	333426	26485	26612	NC_002945.4	NODE_46_length_26770_cov_50.335172	99.76		True
local misassembly
332836	332969	26637	26770	NC_002945.4	NODE_46_length_26770_cov_50.335172	99.25		True
CONTIG	NODE_46_length_26770_cov_50.335172	26770	correct
1387041	1412955	25915	1	NC_002945.4	NODE_47_length_26076_cov_46.922116	99.98		True
CONTIG	NODE_47_length_26076_cov_46.922116	26076	correct
581820	607788	25969	1	NC_002945.4	NODE_48_length_25969_cov_50.109357	99.99		True
CONTIG	NODE_48_length_25969_cov_50.109357	25969	correct
338106	363855	25875	204	NC_002945.4	NODE_49_length_25887_cov_44.960210	99.59		True
CONTIG	NODE_49_length_25887_cov_44.960210	25887	correct
3674358	3700255	25880	1	NC_002945.4	NODE_50_length_25880_cov_37.389547	99.93		True
CONTIG	NODE_50_length_25880_cov_37.389547	25880	correct
2776942	2799828	114	23000	NC_002945.4	NODE_51_length_23000_cov_50.843396	100.0		True
CONTIG	NODE_51_length_23000_cov_50.843396	23000	correct
2386726	2408709	1	21984	NC_002945.4	NODE_52_length_21984_cov_41.902869	100.0		True
CONTIG	NODE_52_length_21984_cov_41.902869	21984	correct
4259930	4281667	21736	1	NC_002945.4	NODE_53_length_21736_cov_52.890694	99.98		True
CONTIG	NODE_53_length_21736_cov_52.890694	21736	correct
2140813	2158516	1	17704	NC_002945.4	NODE_54_length_20339_cov_49.999703	99.96		True
local misassembly
2158655	2158913	17705	17963	NC_002945.4	NODE_54_length_20339_cov_49.999703	100.0		True
fake: scaffold gap size wrong estimation (local)
2158914	2160444	17995	19525	NC_002945.4	NODE_54_length_20339_cov_49.999703	95.49		True
CONTIG	NODE_54_length_20339_cov_49.999703	20339	correct
1490961	1491456	770	275	NC_002945.4	NODE_55_length_19584_cov_48.746929	100.0		True
local misassembly
1471935	1490747	19584	771	NC_002945.4	NODE_55_length_19584_cov_48.746929	99.98		True
CONTIG	NODE_55_length_19584_cov_48.746929	19584	correct
1171083	1189728	18689	44	NC_002945.4	NODE_56_length_18689_cov_49.203319	99.99		True
CONTIG	NODE_56_length_18689_cov_49.203319	18689	correct
3424511	3442410	17900	1	NC_002945.4	NODE_57_length_18054_cov_52.253138	99.99		True
CONTIG	NODE_57_length_18054_cov_52.253138	18054	correct
3759778	3777383	17608	1	NC_002945.4	NODE_58_length_17630_cov_48.053991	99.97		True
CONTIG	NODE_58_length_17630_cov_48.053991	17630	correct
2326285	2343863	1	17579	NC_002945.4	NODE_59_length_17580_cov_46.570790	99.98		True
CONTIG	NODE_59_length_17580_cov_46.570790	17580	correct
892165	909508	17344	1	NC_002945.4	NODE_60_length_17344_cov_49.236452	99.99		True
CONTIG	NODE_60_length_17344_cov_49.236452	17344	correct
132636	149554	16919	1	NC_002945.4	NODE_61_length_16919_cov_56.003037	99.95		True
CONTIG	NODE_61_length_16919_cov_56.003037	16919	correct
1454327	1470724	16398	1	NC_002945.4	NODE_62_length_16398_cov_53.426096	99.98		True
CONTIG	NODE_62_length_16398_cov_53.426096	16398	correct
910050	926184	1	16135	NC_002945.4	NODE_63_length_16186_cov_53.524317	99.98		True
CONTIG	NODE_63_length_16186_cov_53.524317	16186	correct
2916851	2932878	16010	1	NC_002945.4	NODE_64_length_16010_cov_53.434049	99.84		True
CONTIG	NODE_64_length_16010_cov_53.434049	16010	correct
3193780	3209295	15616	1	NC_002945.4	NODE_65_length_15616_cov_51.551101	100.0		True
CONTIG	NODE_65_length_15616_cov_51.551101	15616	correct
609085	624364	15417	138	NC_002945.4	NODE_66_length_15417_cov_47.919228	99.99		True
CONTIG	NODE_66_length_15417_cov_47.919228	15417	correct
1190378	1204738	1	14361	NC_002945.4	NODE_67_length_14361_cov_47.116130	99.97		True
CONTIG	NODE_67_length_14361_cov_47.116130	14361	correct
2409187	2422776	124	13713	NC_002945.4	NODE_68_length_13713_cov_47.662005	99.98		True
CONTIG	NODE_68_length_13713_cov_47.662005	13713	correct
3712180	3724783	12604	1	NC_002945.4	NODE_69_length_12604_cov_36.628276	99.96		True
CONTIG	NODE_69_length_12604_cov_36.628276	12604	correct
2944619	2957076	12458	1	NC_002945.4	NODE_70_length_12458_cov_49.597843	99.98		True
CONTIG	NODE_70_length_12458_cov_49.597843	12458	correct
4281660	4293927	1	12268	NC_002945.4	NODE_71_length_12268_cov_50.631497	99.99		True
CONTIG	NODE_71_length_12268_cov_50.631497	12268	correct
3700290	3711403	1	11114	NC_002945.4	NODE_72_length_11114_cov_35.659689	99.97		True
CONTIG	NODE_72_length_11114_cov_35.659689	11114	correct
2933878	2943963	205	10290	NC_002945.4	NODE_73_length_10290_cov_49.944997	99.99		True
CONTIG	NODE_73_length_10290_cov_49.944997	10290	correct
1623845	1633155	23	9276	NC_002945.4	NODE_74_length_9350_cov_43.459612	99.36		True
CONTIG	NODE_74_length_9350_cov_43.459612	9350	correct
1204739	1213474	1	8736	NC_002945.4	NODE_75_length_8821_cov_47.723257	99.98		True
CONTIG	NODE_75_length_8821_cov_47.723257	8821	correct
4301855	4309398	1	7544	NC_002945.4	NODE_76_length_7573_cov_49.803384	99.96		True
CONTIG	NODE_76_length_7573_cov_49.803384	7573	correct
4294598	4301872	1	7275	NC_002945.4	NODE_77_length_7275_cov_49.172916	99.99		True
CONTIG	NODE_77_length_7275_cov_49.172916	7275	correct
1986985	1992127	17	5160	NC_002945.4	NODE_78_length_5160_cov_49.974170	99.98		True
CONTIG	NODE_78_length_5160_cov_49.974170	5160	correct
3830714	3835785	1	5072	NC_002945.4	NODE_79_length_5072_cov_60.840647	100.0		True
CONTIG	NODE_79_length_5072_cov_60.840647	5072	correct
1214750	1218322	3683	111	NC_002945.4	NODE_80_length_4670_cov_41.117764	100.0		True
local misassembly
1213905	1214774	4670	3803	NC_002945.4	NODE_80_length_4670_cov_41.117764	99.54		True
CONTIG	NODE_80_length_4670_cov_41.117764	4670	correct
3980336	3984636	145	4445	NC_002945.4	NODE_81_length_4462_cov_45.674279	99.88		True
CONTIG	NODE_81_length_4462_cov_45.674279	4462	correct
1165899	1169900	1	4002	NC_002945.4	NODE_82_length_4002_cov_50.597161	99.98		True
CONTIG	NODE_82_length_4002_cov_50.597161	4002	correct
1092527	1096461	3935	1	NC_002945.4	NODE_83_length_3935_cov_47.681460	99.97		True
CONTIG	NODE_83_length_3935_cov_47.681460	3935	correct
1638385	1638706	496	175	NC_002945.4	NODE_84_length_3131_cov_27.194075	100.0		True
local misassembly
1635657	1638240	3131	497	NC_002945.4	NODE_84_length_3131_cov_27.194075	98.06		True
CONTIG	NODE_84_length_3131_cov_27.194075	3131	correct
2284620	2287647	1	3028	NC_002945.4	NODE_85_length_3028_cov_36.751120	99.77		True
CONTIG	NODE_85_length_3028_cov_36.751120	3028	correct
2290710	2293716	1	3007	NC_002945.4	NODE_86_length_3007_cov_34.725347	100.0		True
CONTIG	NODE_86_length_3007_cov_34.725347	3007	correct
928970	930644	1675	1	NC_002945.4	NODE_87_length_2855_cov_10.847874	99.88		True
local misassembly
927956	928975	2842	1814	NC_002945.4	NODE_87_length_2855_cov_10.847874	99.13		True
CONTIG	NODE_87_length_2855_cov_10.847874	2855	correct
607662	609211	1550	1	NC_002945.4	NODE_88_length_1550_cov_78.832045	100.0		True
CONTIG	NODE_88_length_1550_cov_78.832045	1550	correct
336693	338031	138	1476	NC_002945.4	NODE_89_length_1476_cov_22.546331	99.93		True
CONTIG	NODE_89_length_1476_cov_22.546331	1476	correct
4193589	4195052	1	1464	NC_002945.4	NODE_90_length_1464_cov_111.582648	100.0		True
CONTIG	NODE_90_length_1464_cov_111.582648	1464	correct
1992001	1993461	1	1461	NC_002945.4	NODE_91_length_1461_cov_75.862819	100.0		True
CONTIG	NODE_91_length_1461_cov_75.862819	1461	correct
2324569	2325840	1272	1	NC_002945.4	NODE_92_length_1453_cov_41.151584	100.0		True
CONTIG	NODE_92_length_1453_cov_41.151584	1453	correct
3443593	3445031	1	1439	NC_002945.4	NODE_93_length_1439_cov_59.020579	100.0		True
CONTIG	NODE_93_length_1439_cov_59.020579	1439	correct
2774201	2775634	1434	1	NC_002945.4	NODE_94_length_1434_cov_10.130069	100.0		True
CONTIG	NODE_94_length_1434_cov_10.130069	1434	correct
3673145	3674484	1340	1	NC_002945.4	NODE_95_length_1340_cov_101.211871	100.0		True
CONTIG	NODE_95_length_1340_cov_101.211871	1340	correct
3339137	3340461	1325	1	NC_002945.4	NODE_96_length_1325_cov_54.107679	100.0		True
CONTIG	NODE_96_length_1325_cov_54.107679	1325	correct
3835659	3836979	1321	1	NC_002945.4	NODE_97_length_1321_cov_109.049414	99.7		True
CONTIG	NODE_97_length_1321_cov_109.049414	1321	correct
839686	840888	1203	1	NC_002945.4	NODE_98_length_1287_cov_16.329310	100.0		True
local misassembly
839203	839286	1287	1204	NC_002945.4	NODE_98_length_1287_cov_16.329310	98.0		True
CONTIG	NODE_98_length_1287_cov_16.329310	1287	correct
2288581	2289835	1	1255	NC_002945.4	NODE_99_length_1255_cov_52.758865	100.0		True
CONTIG	NODE_99_length_1255_cov_52.758865	1255	correct
2287521	2288707	1	1187	NC_002945.4	NODE_100_length_1187_cov_34.617925	100.0		True
CONTIG	NODE_100_length_1187_cov_34.617925	1187	correct
2283619	2284746	1	1128	NC_002945.4	NODE_101_length_1128_cov_95.115884	99.91		True
CONTIG	NODE_101_length_1128_cov_95.115884	1128	correct
4309413	4310417	1076	72	NC_002945.4	NODE_102_length_1115_cov_32.840081	99.9		True
CONTIG	NODE_102_length_1115_cov_32.840081	1115	correct
335538	336374	193	1029	NC_002945.4	NODE_103_length_1056_cov_6.933262	100.0		True
CONTIG	NODE_103_length_1056_cov_6.933262	1056	correct
3711277	3712306	1030	1	NC_002945.4	NODE_104_length_1030_cov_104.293466	100.0		True
CONTIG	NODE_104_length_1030_cov_104.293466	1030	correct
1165044	1166025	982	1	NC_002945.4	NODE_105_length_982_cov_92.659649	99.9		True
CONTIG	NODE_105_length_982_cov_92.659649	982	correct
1169775	1170683	909	1	NC_002945.4	NODE_106_length_909_cov_328.242967	100.0		True
CONTIG	NODE_106_length_909_cov_328.242967	909	correct
3341521	3342410	1	890	NC_002945.4	NODE_107_length_890_cov_38.642202	100.0		True
CONTIG	NODE_107_length_890_cov_38.642202	890	correct
2191968	2192811	1	844	NC_002945.4	NODE_108_length_844_cov_96.958159	100.0		True
CONTIG	NODE_108_length_844_cov_96.958159	844	correct
3759107	3759665	50	608	NC_002945.4	NODE_109_length_796_cov_1.260090	99.82		True
CONTIG	NODE_109_length_796_cov_1.260090	796	correct
909382	910176	795	1	NC_002945.4	NODE_110_length_795_cov_104.956587	100.0		True
CONTIG	NODE_110_length_795_cov_104.956587	795	correct
2422650	2423393	744	1	NC_002945.4	NODE_111_length_744_cov_91.217180	100.0		True
CONTIG	NODE_111_length_744_cov_91.217180	744	correct
3884045	3884786	724	1	NC_002945.4	NODE_112_length_724_cov_16.264657	97.44		True
CONTIG	NODE_112_length_724_cov_16.264657	724	correct
1985788	1986467	680	1	NC_002945.4	NODE_113_length_698_cov_3.996497	100.0		True
CONTIG	NODE_113_length_698_cov_3.996497	698	correct
2773465	2774141	1	677	NC_002945.4	NODE_114_length_677_cov_5.320000	100.0		True
CONTIG	NODE_114_length_677_cov_5.320000	677	correct
3340552	3341186	635	1	NC_002945.4	NODE_115_length_635_cov_37.659449	100.0		True
CONTIG	NODE_115_length_635_cov_37.659449	635	correct
1190085	1190371	293	7	NC_002945.4	NODE_116_length_635_cov_1.635827	98.61		True
local misassembly
1189637	1189853	510	294	NC_002945.4	NODE_116_length_635_cov_1.635827	100.0		True
CONTIG	NODE_116_length_635_cov_1.635827	635	correct
3338171	3338802	632	1	NC_002945.4	NODE_117_length_632_cov_61.819802	99.84		True
CONTIG	NODE_117_length_632_cov_61.819802	632	correct
3879965	3880465	101	601	NC_002945.4	NODE_118_length_607_cov_3.622917	98.4		True
CONTIG	NODE_118_length_607_cov_3.622917	607	correct
3883513	3883985	1	473	NC_002945.4	NODE_119_length_592_cov_7.883871	100.0		True
local misassembly
3883521	3883639	474	592	NC_002945.4	NODE_119_length_592_cov_7.883871	100.0		True
CONTIG	NODE_119_length_592_cov_7.883871	592	correct
3341060	3341647	1	588	NC_002945.4	NODE_120_length_588_cov_74.392625	100.0		True
CONTIG	NODE_120_length_588_cov_74.392625	588	correct
1535045	1535408	1	364	NC_002945.4	NODE_121_length_531_cov_37.039604	96.98		True
relocation, inconsistency = 2310255
3845679	3845830	531	380	NC_002945.4	NODE_121_length_531_cov_37.039604	95.39		True
CONTIG	NODE_121_length_531_cov_37.039604	531	misassembled
4294092	4294601	510	1	NC_002945.4	NODE_122_length_510_cov_4.634465	99.8		True
CONTIG	NODE_122_length_510_cov_4.634465	510	correct
2056525	2056850	510	185	NC_002945.4	NODE_123_length_510_cov_0.825065	100.0		True
CONTIG	NODE_123_length_510_cov_0.825065	510	correct
