S1	E1	S2	E2	Reference	Contig	IDY	Ambiguous	Best_group
2453662	2665717	163	212270	NC_002945.4	NODE_1_length_212307_cov_46.909586	99.96		True
CONTIG	NODE_1_length_212307_cov_46.909586	212307	correct
402605	607788	1	204915	NC_002945.4	NODE_2_length_204915_cov_47.040818	99.86		True
CONTIG	NODE_2_length_204915_cov_47.040818	204915	correct
3510801	3673271	127	162486	NC_002945.4	NODE_3_length_162486_cov_47.451031	99.92		True
CONTIG	NODE_3_length_162486_cov_47.451031	162486	correct
677183	824045	1	146864	NC_002945.4	NODE_4_length_160312_cov_46.604588	99.99		True
local misassembly
824601	838048	146865	160312	NC_002945.4	NODE_4_length_160312_cov_46.604588	99.98		True
CONTIG	NODE_4_length_160312_cov_46.604588	160312	correct
150071	306687	156590	1	NC_002945.4	NODE_5_length_156786_cov_46.419363	99.97		True
CONTIG	NODE_5_length_156786_cov_46.419363	156786	correct
4309411	4349904	34	40526	NC_002945.4	NODE_6_length_143845_cov_48.378547	99.99		True
fake: not a misassembly [linear representation of circular genome]
1	29469	40527	69995	NC_002945.4	NODE_6_length_143845_cov_48.378547	99.99		True
local misassembly
30083	103918	69997	143845	NC_002945.4	NODE_6_length_143845_cov_48.378547	99.96		True
CONTIG	NODE_6_length_143845_cov_48.378547	143845	correct
1638860	1769053	1	130192	NC_002945.4	NODE_7_length_130284_cov_49.368778	99.99		True
CONTIG	NODE_7_length_130284_cov_49.368778	130284	correct
2957039	3081542	124549	1	NC_002945.4	NODE_8_length_124549_cov_46.544711	99.87		True
CONTIG	NODE_8_length_124549_cov_46.544711	124549	correct
1010930	1092122	81370	175	NC_002945.4	NODE_9_length_120648_cov_47.614656	99.99		True
relocation, inconsistency = 1457
970194	1009472	120648	81371	NC_002945.4	NODE_9_length_120648_cov_47.614656	99.98		True
CONTIG	NODE_9_length_120648_cov_47.614656	120648	misassembled
3219363	3338080	1	118944	NC_002945.4	NODE_10_length_118944_cov_47.475412	99.88		True
CONTIG	NODE_10_length_118944_cov_47.475412	118944	correct
1869351	1985711	3	115897	NC_002945.4	NODE_11_length_115897_cov_46.819841	99.58		True
CONTIG	NODE_11_length_115897_cov_46.819841	115897	correct
2160997	2161605	609	1	NC_002945.4	NODE_12_length_104329_cov_46.926355	99.84		True
fake: scaffold gap size wrong estimation (local)
2160645	2160846	911	710	NC_002945.4	NODE_12_length_104329_cov_46.926355	100.0		True
fake: scaffold gap size wrong estimation (local)
2158655	2159088	2707	2274	NC_002945.4	NODE_12_length_104329_cov_46.926355	100.0		True
local misassembly
2083596	2158516	77583	2708	NC_002945.4	NODE_12_length_104329_cov_46.926355	99.92		True
local misassembly
2057089	2083604	104237	77722	NC_002945.4	NODE_12_length_104329_cov_46.926355	99.97		True
CONTIG	NODE_12_length_104329_cov_46.926355	104329	correct
4097387	4193715	96329	1	NC_002945.4	NODE_13_length_96329_cov_47.636099	99.99		True
CONTIG	NODE_13_length_96329_cov_47.636099	96329	correct
1779460	1853811	1	74352	NC_002945.4	NODE_14_length_89790_cov_44.621226	99.99		True
local misassembly
1853938	1869289	74353	89704	NC_002945.4	NODE_14_length_89790_cov_44.621226	99.99		True
CONTIG	NODE_14_length_89790_cov_44.621226	89790	correct
1491980	1573644	81671	7	NC_002945.4	NODE_15_length_81749_cov_49.480704	99.93		True
CONTIG	NODE_15_length_81749_cov_49.480704	81749	correct
3343593	3424598	81359	286	NC_002945.4	NODE_16_length_81359_cov_47.363871	99.89		True
CONTIG	NODE_16_length_81359_cov_47.363871	81359	correct
3898832	3979446	80654	40	NC_002945.4	NODE_17_length_80654_cov_48.005899	99.99		True
CONTIG	NODE_17_length_80654_cov_48.005899	80654	correct
2693912	2773170	79258	1	NC_002945.4	NODE_18_length_79258_cov_45.637020	99.99		True
CONTIG	NODE_18_length_79258_cov_45.637020	79258	correct
2294650	2324272	1	29623	NC_002945.4	NODE_19_length_75070_cov_44.824440	99.99		True
relocation, inconsistency = 2596
2326869	2372315	29624	75070	NC_002945.4	NODE_19_length_75070_cov_44.824440	99.98		True
CONTIG	NODE_19_length_75070_cov_44.824440	75070	misassembled
1387979	1417336	29358	1	NC_002945.4	NODE_20_length_71906_cov_46.232101	99.98		True
relocation, inconsistency = 1557
1343879	1386402	71906	29378	NC_002945.4	NODE_20_length_71906_cov_46.232101	99.99		True
CONTIG	NODE_20_length_71906_cov_46.232101	71906	misassembled
3124686	3193870	166	69296	NC_002945.4	NODE_21_length_69296_cov_46.969871	99.91		True
CONTIG	NODE_21_length_69296_cov_46.969871	69296	correct
1096985	1165170	1	68175	NC_002945.4	NODE_22_length_68175_cov_47.217111	99.97		True
CONTIG	NODE_22_length_68175_cov_47.217111	68175	correct
3445573	3510803	65361	128	NC_002945.4	NODE_23_length_65361_cov_48.892495	99.97		True
CONTIG	NODE_23_length_65361_cov_48.892495	65361	correct
2852121	2916393	64272	1	NC_002945.4	NODE_24_length_64435_cov_45.710985	99.98		True
CONTIG	NODE_24_length_64435_cov_45.710985	64435	correct
336693	363777	120	27126	NC_002945.4	NODE_25_length_64378_cov_43.708938	99.62		True
local misassembly
364057	401308	27127	64378	NC_002945.4	NODE_25_length_64378_cov_43.708938	99.99		True
CONTIG	NODE_25_length_64378_cov_43.708938	64378	correct
4194926	4259153	64228	1	NC_002945.4	NODE_26_length_64228_cov_49.902217	99.99		True
CONTIG	NODE_26_length_64228_cov_49.902217	64228	correct
4036584	4097403	60819	1	NC_002945.4	NODE_27_length_60819_cov_45.524616	99.99		True
CONTIG	NODE_27_length_60819_cov_45.524616	60819	correct
1280097	1340762	60728	1	NC_002945.4	NODE_28_length_60728_cov_49.578687	99.89		True
CONTIG	NODE_28_length_60728_cov_49.578687	60728	correct
1997180	2056475	59339	44	NC_002945.4	NODE_29_length_59691_cov_46.329931	99.98		True
CONTIG	NODE_29_length_59691_cov_46.329931	59691	correct
1219453	1278412	15	58974	NC_002945.4	NODE_30_length_58974_cov_46.936870	99.98		True
CONTIG	NODE_30_length_58974_cov_46.936870	58974	correct
3777400	3835785	1	58318	NC_002945.4	NODE_31_length_58318_cov_47.198003	99.87		True
CONTIG	NODE_31_length_58318_cov_47.198003	58318	correct
2192685	2246058	1	53374	NC_002945.4	NODE_32_length_53374_cov_51.836798	99.99		True
CONTIG	NODE_32_length_53374_cov_51.836798	53374	correct
1418316	1470724	52352	1	NC_002945.4	NODE_33_length_52352_cov_49.370148	99.88		True
CONTIG	NODE_33_length_52352_cov_49.370148	52352	correct
2801012	2852054	1	51043	NC_002945.4	NODE_34_length_51043_cov_47.921773	99.99		True
CONTIG	NODE_34_length_51043_cov_47.921773	51043	correct
3984620	4000631	1	16012	NC_002945.4	NODE_35_length_51032_cov_46.873608	100.0		True
fake: scaffold gap size wrong estimation (local)
4000854	4035685	16113	50944	NC_002945.4	NODE_35_length_51032_cov_46.873608	99.97		True
CONTIG	NODE_35_length_51032_cov_46.873608	51032	correct
1574135	1623827	74	49766	NC_002945.4	NODE_36_length_49766_cov_45.805073	99.98		True
CONTIG	NODE_36_length_49766_cov_45.805073	49766	correct
842471	891078	48608	1	NC_002945.4	NODE_37_length_48646_cov_47.126775	99.99		True
CONTIG	NODE_37_length_48646_cov_47.126775	48646	correct
625474	673257	47863	80	NC_002945.4	NODE_38_length_48073_cov_45.930568	99.99		True
CONTIG	NODE_38_length_48073_cov_45.930568	48073	correct
3836888	3878073	41344	167	NC_002945.4	NODE_39_length_41344_cov_46.094912	99.96		True
CONTIG	NODE_39_length_41344_cov_46.094912	41344	correct
3082645	3124608	1	41230	NC_002945.4	NODE_40_length_41230_cov_46.784201	98.19		True
CONTIG	NODE_40_length_41230_cov_46.784201	41230	correct
930646	970131	1	39726	NC_002945.4	NODE_41_length_39726_cov_46.330210	99.38		True
CONTIG	NODE_41_length_39726_cov_46.330210	39726	correct
2246074	2283745	117	37790	NC_002945.4	NODE_42_length_37790_cov_49.391206	99.95		True
CONTIG	NODE_42_length_37790_cov_49.391206	37790	correct
3758945	3759922	981	1	NC_002945.4	NODE_43_length_34729_cov_47.564476	99.2		True
local misassembly
3737665	3758851	22168	982	NC_002945.4	NODE_43_length_34729_cov_47.564476	100.0		True
local misassembly
3724894	3737454	34729	22169	NC_002945.4	NODE_43_length_34729_cov_47.564476	99.98		True
CONTIG	NODE_43_length_34729_cov_47.564476	34729	correct
1190092	1204706	14681	67	NC_002945.4	NODE_44_length_33985_cov_48.470081	99.97		True
local misassembly
1170557	1189860	33985	14682	NC_002945.4	NODE_44_length_33985_cov_48.470081	99.99		True
CONTIG	NODE_44_length_33985_cov_48.470081	33985	correct
2161870	2192094	30226	1	NC_002945.4	NODE_45_length_30226_cov_48.487956	99.99		True
CONTIG	NODE_45_length_30226_cov_48.487956	30226	correct
105040	132610	1	27571	NC_002945.4	NODE_46_length_27752_cov_47.098932	99.98		True
CONTIG	NODE_46_length_27752_cov_47.098932	27752	correct
2665922	2693421	1	27499	NC_002945.4	NODE_47_length_27499_cov_46.160858	99.98		True
CONTIG	NODE_47_length_27499_cov_46.160858	27499	correct
306713	333298	1	26481	NC_002945.4	NODE_48_length_26647_cov_45.996267	99.59		True
CONTIG	NODE_48_length_26647_cov_45.996267	26647	correct
3674358	3700209	1	25834	NC_002945.4	NODE_49_length_25834_cov_35.309293	99.93		True
CONTIG	NODE_49_length_25834_cov_35.309293	25834	correct
2776904	2799828	22925	1	NC_002945.4	NODE_50_length_22925_cov_49.486753	100.0		True
CONTIG	NODE_50_length_22925_cov_49.486753	22925	correct
2386668	2408709	1	22042	NC_002945.4	NODE_51_length_22042_cov_40.138992	100.0		True
CONTIG	NODE_51_length_22042_cov_40.138992	22042	correct
4259930	4281658	21727	1	NC_002945.4	NODE_52_length_21727_cov_49.717685	99.98		True
CONTIG	NODE_52_length_21727_cov_49.717685	21727	correct
2423267	2444953	21687	1	NC_002945.4	NODE_53_length_21687_cov_47.797310	99.99		True
CONTIG	NODE_53_length_21687_cov_47.797310	21687	correct
1490961	1491836	945	70	NC_002945.4	NODE_54_length_19759_cov_52.066015	100.0		True
local misassembly
1471935	1490747	19759	946	NC_002945.4	NODE_54_length_19759_cov_52.066015	99.97		True
CONTIG	NODE_54_length_19759_cov_52.066015	19759	correct
3424517	3442410	17894	1	NC_002945.4	NODE_55_length_17894_cov_52.966511	99.99		True
CONTIG	NODE_55_length_17894_cov_52.966511	17894	correct
892165	909508	17344	1	NC_002945.4	NODE_56_length_17344_cov_49.672010	99.99		True
CONTIG	NODE_56_length_17344_cov_49.672010	17344	correct
132652	149983	17332	1	NC_002945.4	NODE_57_length_17332_cov_51.496716	99.96		True
CONTIG	NODE_57_length_17332_cov_51.496716	17332	correct
3760078	3777383	12	17319	NC_002945.4	NODE_58_length_17319_cov_45.165717	99.93		True
CONTIG	NODE_58_length_17319_cov_45.165717	17319	correct
910050	926273	1	16224	NC_002945.4	NODE_59_length_16224_cov_49.327017	99.99		True
CONTIG	NODE_59_length_16224_cov_49.327017	16224	correct
2916851	2932870	1	16020	NC_002945.4	NODE_60_length_16020_cov_49.846096	99.97		True
CONTIG	NODE_60_length_16020_cov_49.846096	16020	correct
3193780	3209295	1	15616	NC_002945.4	NODE_61_length_15616_cov_47.081865	100.0		True
CONTIG	NODE_61_length_15616_cov_47.081865	15616	correct
609085	624447	1	15363	NC_002945.4	NODE_62_length_15544_cov_45.900175	99.99		True
CONTIG	NODE_62_length_15544_cov_45.900175	15544	correct
4294215	4309398	236	15419	NC_002945.4	NODE_63_length_15494_cov_41.968048	99.99		True
CONTIG	NODE_63_length_15494_cov_41.968048	15494	correct
2372411	2386761	1	14351	NC_002945.4	NODE_64_length_14351_cov_49.188976	99.98		True
CONTIG	NODE_64_length_14351_cov_49.188976	14351	correct
2409215	2422776	13562	1	NC_002945.4	NODE_65_length_13909_cov_45.374474	99.97		True
CONTIG	NODE_65_length_13909_cov_45.374474	13909	correct
3712180	3724817	12638	1	NC_002945.4	NODE_66_length_12638_cov_32.286468	99.96		True
CONTIG	NODE_66_length_12638_cov_32.286468	12638	correct
2944619	2957076	12458	1	NC_002945.4	NODE_67_length_12458_cov_47.299651	99.98		True
CONTIG	NODE_67_length_12458_cov_47.299651	12458	correct
4281683	4293956	12295	22	NC_002945.4	NODE_68_length_12295_cov_47.581197	99.99		True
CONTIG	NODE_68_length_12295_cov_47.581197	12295	correct
3700492	3711403	120	11031	NC_002945.4	NODE_69_length_11031_cov_32.802550	100.0		True
CONTIG	NODE_69_length_11031_cov_32.802550	11031	correct
2933878	2943963	377	10462	NC_002945.4	NODE_70_length_10462_cov_45.029608	99.98		True
CONTIG	NODE_70_length_10462_cov_45.029608	10462	correct
3209302	3219345	1	10044	NC_002945.4	NODE_71_length_10166_cov_45.626556	100.0		True
CONTIG	NODE_71_length_10166_cov_45.626556	10166	correct
1623998	1633298	265	9508	NC_002945.4	NODE_72_length_9508_cov_38.813879	99.35		True
CONTIG	NODE_72_length_9508_cov_38.813879	9508	correct
3890969	3894344	3376	1	NC_002945.4	NODE_73_length_9004_cov_21.428861	99.92		True
local misassembly
3884660	3890278	9004	3377	NC_002945.4	NODE_73_length_9004_cov_21.428861	99.79		True
CONTIG	NODE_73_length_9004_cov_21.428861	9004	correct
1204727	1213474	8925	178	NC_002945.4	NODE_74_length_8925_cov_44.394862	99.98		True
CONTIG	NODE_74_length_8925_cov_44.394862	8925	correct
2444936	2453614	8702	24	NC_002945.4	NODE_75_length_8702_cov_46.580758	99.99		True
CONTIG	NODE_75_length_8702_cov_46.580758	8702	correct
1987024	1992127	5105	1	NC_002945.4	NODE_76_length_5137_cov_46.604790	99.98		True
CONTIG	NODE_76_length_5137_cov_46.604790	5137	correct
1214750	1218320	3705	135	NC_002945.4	NODE_77_length_4691_cov_31.740798	100.0		True
local misassembly
1213949	1214774	4650	3825	NC_002945.4	NODE_77_length_4691_cov_31.740798	99.76		True
CONTIG	NODE_77_length_4691_cov_31.740798	4691	correct
3980336	3984528	206	4398	NC_002945.4	NODE_78_length_4403_cov_40.181712	99.95		True
CONTIG	NODE_78_length_4403_cov_40.181712	4403	correct
1092449	1096461	1	4013	NC_002945.4	NODE_79_length_4013_cov_40.695831	99.98		True
CONTIG	NODE_79_length_4013_cov_40.695831	4013	correct
1165899	1169900	1	4002	NC_002945.4	NODE_80_length_4002_cov_45.791226	99.98		True
CONTIG	NODE_80_length_4002_cov_45.791226	4002	correct
3878190	3881368	1	3107	NC_002945.4	NODE_81_length_3425_cov_13.437235	97.74		True
CONTIG	NODE_81_length_3425_cov_13.437235	3425	correct
1635657	1638240	1	2584	NC_002945.4	NODE_82_length_3064_cov_22.718080	100.0		True
local misassembly
1638385	1638711	2585	2911	NC_002945.4	NODE_82_length_3064_cov_22.718080	100.0		True
CONTIG	NODE_82_length_3064_cov_22.718080	3064	correct
2284620	2287647	3028	1	NC_002945.4	NODE_83_length_3028_cov_33.548776	99.77		True
CONTIG	NODE_83_length_3028_cov_33.548776	3028	correct
2290710	2293716	3007	1	NC_002945.4	NODE_84_length_3007_cov_40.504167	100.0		True
CONTIG	NODE_84_length_3007_cov_40.504167	3007	correct
3881747	3882155	1	409	NC_002945.4	NODE_85_length_2109_cov_5.901615	100.0		True
local misassembly
3882139	3883639	561	2109	NC_002945.4	NODE_85_length_2109_cov_5.901615	96.9		True
CONTIG	NODE_85_length_2109_cov_5.901615	2109	correct
674909	676279	1456	86	NC_002945.4	NODE_86_length_1617_cov_8.054362	99.93		True
CONTIG	NODE_86_length_1617_cov_8.054362	1617	correct
2774204	2775596	1393	1	NC_002945.4	NODE_87_length_1565_cov_8.996523	100.0		True
CONTIG	NODE_87_length_1565_cov_8.996523	1565	correct
401182	402731	1	1550	NC_002945.4	NODE_88_length_1550_cov_78.978215	99.94		True
CONTIG	NODE_88_length_1550_cov_78.978215	1550	correct
929079	930579	1507	7	NC_002945.4	NODE_89_length_1507_cov_6.842029	100.0		True
CONTIG	NODE_89_length_1507_cov_6.842029	1507	correct
4193589	4195052	1464	1	NC_002945.4	NODE_90_length_1464_cov_107.351533	100.0		True
CONTIG	NODE_90_length_1464_cov_107.351533	1464	correct
3443593	3445031	1	1439	NC_002945.4	NODE_91_length_1439_cov_62.318598	100.0		True
CONTIG	NODE_91_length_1439_cov_62.318598	1439	correct
1993335	1994768	1	1434	NC_002945.4	NODE_92_length_1434_cov_60.465953	100.0		True
CONTIG	NODE_92_length_1434_cov_60.465953	1434	correct
3897145	3898585	1	1432	NC_002945.4	NODE_93_length_1432_cov_28.232950	99.38		True
CONTIG	NODE_93_length_1432_cov_28.232950	1432	correct
2324608	2325833	161	1386	NC_002945.4	NODE_94_length_1429_cov_32.849462	100.0		True
CONTIG	NODE_94_length_1429_cov_32.849462	1429	correct
3081416	3082771	1	1356	NC_002945.4	NODE_95_length_1356_cov_122.990236	100.0		True
CONTIG	NODE_95_length_1356_cov_122.990236	1356	correct
3673145	3674484	1340	1	NC_002945.4	NODE_96_length_1340_cov_94.832646	100.0		True
CONTIG	NODE_96_length_1340_cov_94.832646	1340	correct
3339137	3340461	1325	1	NC_002945.4	NODE_97_length_1325_cov_42.768781	100.0		True
CONTIG	NODE_97_length_1325_cov_42.768781	1325	correct
3835659	3836979	1321	1	NC_002945.4	NODE_98_length_1321_cov_90.761307	99.7		True
CONTIG	NODE_98_length_1321_cov_90.761307	1321	correct
674187	674652	557	92	NC_002945.4	NODE_99_length_1268_cov_3.855390	99.79		True
indel: indel (> 5bp)
673511	674102	1149	558	NC_002945.4	NODE_99_length_1268_cov_3.855390	99.83		True
CONTIG	NODE_99_length_1268_cov_3.855390	1268	correct
2288581	2289835	1	1255	NC_002945.4	NODE_100_length_1255_cov_49.139184	100.0		True
CONTIG	NODE_100_length_1255_cov_49.139184	1255	correct
839563	840810	1	1248	NC_002945.4	NODE_101_length_1248_cov_20.995540	100.0		True
CONTIG	NODE_101_length_1248_cov_20.995540	1248	correct
1994769	1995987	1	1219	NC_002945.4	NODE_102_length_1225_cov_48.499260	100.0		True
CONTIG	NODE_102_length_1225_cov_48.499260	1225	correct
2287521	2288707	1	1187	NC_002945.4	NODE_103_length_1187_cov_30.528302	100.0		True
CONTIG	NODE_103_length_1187_cov_30.528302	1187	correct
2283619	2284746	1	1128	NC_002945.4	NODE_104_length_1128_cov_83.138861	99.91		True
CONTIG	NODE_104_length_1128_cov_83.138861	1128	correct
335476	336404	929	1	NC_002945.4	NODE_105_length_1125_cov_7.450902	100.0		True
CONTIG	NODE_105_length_1125_cov_7.450902	1125	correct
1340970	1342059	1090	1	NC_002945.4	NODE_106_length_1090_cov_34.088266	99.91		True
CONTIG	NODE_106_length_1090_cov_34.088266	1090	correct
3711277	3712306	1030	1	NC_002945.4	NODE_107_length_1030_cov_103.179402	100.0		True
CONTIG	NODE_107_length_1030_cov_103.179402	1030	correct
1165044	1166025	1	982	NC_002945.4	NODE_108_length_982_cov_96.039766	100.0		True
CONTIG	NODE_108_length_982_cov_96.039766	982	correct
3342811	3343719	1	909	NC_002945.4	NODE_109_length_909_cov_301.342711	100.0		True
CONTIG	NODE_109_length_909_cov_301.342711	909	correct
3341521	3342410	890	1	NC_002945.4	NODE_110_length_890_cov_32.330275	100.0		True
CONTIG	NODE_110_length_890_cov_32.330275	890	correct
1278286	1279129	1	844	NC_002945.4	NODE_111_length_844_cov_88.669456	100.0		True
CONTIG	NODE_111_length_844_cov_88.669456	844	correct
3444905	3445699	1	795	NC_002945.4	NODE_112_length_795_cov_106.014970	100.0		True
CONTIG	NODE_112_length_795_cov_106.014970	795	correct
928970	929078	109	1	NC_002945.4	NODE_113_length_765_cov_22.408072	100.0		True
local misassembly
928467	928975	765	248	NC_002945.4	NODE_113_length_765_cov_22.408072	98.26		True
CONTIG	NODE_113_length_765_cov_22.408072	765	correct
1985748	1986490	9	751	NC_002945.4	NODE_114_length_751_cov_7.315705	98.25		True
CONTIG	NODE_114_length_751_cov_7.315705	751	correct
2693295	2694038	744	1	NC_002945.4	NODE_115_length_744_cov_79.128039	100.0		True
CONTIG	NODE_115_length_744_cov_79.128039	744	correct
3884045	3884786	1	724	NC_002945.4	NODE_116_length_724_cov_18.231156	97.44		True
CONTIG	NODE_116_length_724_cov_18.231156	724	correct
1218501	1219020	203	722	NC_002945.4	NODE_117_length_722_cov_1.601681	100.0		True
CONTIG	NODE_117_length_722_cov_1.601681	722	correct
1220184	1220249	1	66	NC_002945.4	NODE_118_length_718_cov_0.654822	100.0		True
CONTIG	NODE_118_length_718_cov_0.654822	718	correct_unaligned
2773520	2774141	622	1	NC_002945.4	NODE_119_length_657_cov_3.407547	100.0		True
CONTIG	NODE_119_length_657_cov_3.407547	657	correct
3979419	3980058	640	1	NC_002945.4	NODE_120_length_651_cov_3.950382	99.06		True
CONTIG	NODE_120_length_651_cov_3.950382	651	correct
3340552	3341186	635	1	NC_002945.4	NODE_121_length_635_cov_35.330709	100.0		True
CONTIG	NODE_121_length_635_cov_35.330709	635	correct
1342064	1342697	634	1	NC_002945.4	NODE_122_length_634_cov_56.859961	100.0		True
CONTIG	NODE_122_length_634_cov_56.859961	634	correct
3338171	3338802	632	1	NC_002945.4	NODE_123_length_632_cov_49.708911	99.84		True
CONTIG	NODE_123_length_632_cov_49.708911	632	correct
4035992	4036583	592	1	NC_002945.4	NODE_124_length_592_cov_22.642559	100.0		True
CONTIG	NODE_124_length_592_cov_22.642559	592	correct
3883513	3883985	1	473	NC_002945.4	NODE_125_length_592_cov_9.251613	100.0		True
local misassembly
3883521	3883639	474	592	NC_002945.4	NODE_125_length_592_cov_9.251613	100.0		True
CONTIG	NODE_125_length_592_cov_9.251613	592	correct
3338676	3339263	588	1	NC_002945.4	NODE_126_length_588_cov_71.683297	100.0		True
CONTIG	NODE_126_length_588_cov_71.683297	588	correct
927956	928354	1	399	NC_002945.4	NODE_127_length_583_cov_0.793860	99.0		True
CONTIG	NODE_127_length_583_cov_0.793860	583	correct
CONTIG	NODE_128_length_560_cov_0.949192	560	unaligned
CONTIG	NODE_129_length_517_cov_0.789744	517	unaligned
CONTIG	NODE_130_length_517_cov_0.628205	517	unaligned
1996085	1996435	1	351	NC_002945.4	NODE_131_length_509_cov_0.544503	99.43		True
CONTIG	NODE_131_length_509_cov_0.544503	509	correct
927076	927441	492	127	NC_002945.4	NODE_132_length_508_cov_1.477690	98.91		True
CONTIG	NODE_132_length_508_cov_1.477690	508	correct
3898459	3898958	500	1	NC_002945.4	NODE_133_length_500_cov_88.504021	100.0		True
CONTIG	NODE_133_length_500_cov_88.504021	500	correct
