S1	E1	S2	E2	Reference	Contig	IDY	Ambiguous	Best_group
3445573	3673271	227591	1	NC_002945.4	NODE_1_length_227591_cov_59.138488	99.93		True
CONTIG	NODE_1_length_227591_cov_59.138488	227591	correct
2453717	2665767	212103	1	NC_002945.4	NODE_2_length_220774_cov_57.895317	99.96		True
local misassembly
2444879	2453549	220774	212104	NC_002945.4	NODE_2_length_220774_cov_57.895317	100.0		True
CONTIG	NODE_2_length_220774_cov_57.895317	220774	correct
402605	607788	1	204915	NC_002945.4	NODE_3_length_204915_cov_58.118928	99.86		True
CONTIG	NODE_3_length_204915_cov_58.118928	204915	correct
824601	838037	13540	104	NC_002945.4	NODE_4_length_185543_cov_56.739483	99.97		True
local misassembly
676561	824045	161026	13541	NC_002945.4	NODE_4_length_185543_cov_56.739483	99.99		True
relocation, inconsistency = -3022333
3674358	3697795	185543	162125	NC_002945.4	NODE_4_length_185543_cov_56.739483	99.92		True
CONTIG	NODE_4_length_185543_cov_56.739483	185543	misassembled
2957039	3015625	1	58534	NC_002945.4	NODE_5_length_166783_cov_56.713752	99.9		True
local misassembly
3015725	3124609	58535	166783	NC_002945.4	NODE_5_length_166783_cov_56.713752	99.2		True
CONTIG	NODE_5_length_166783_cov_56.713752	166783	correct
930786	970135	175	39764	NC_002945.4	NODE_6_length_160131_cov_58.494631	99.37		True
local misassembly
970322	1009472	39765	78914	NC_002945.4	NODE_6_length_160131_cov_58.494631	99.98		True
relocation, inconsistency = 1457
1010930	1092130	78915	160118	NC_002945.4	NODE_6_length_160131_cov_58.494631	99.99		True
CONTIG	NODE_6_length_160131_cov_58.494631	160131	misassembled
4000854	4141979	141011	1	NC_002945.4	NODE_7_length_156999_cov_57.387003	99.91		True
local misassembly
3984881	4000742	156862	141012	NC_002945.4	NODE_7_length_156999_cov_57.387003	99.93		True
CONTIG	NODE_7_length_156999_cov_57.387003	156999	correct
150077	306653	1	156550	NC_002945.4	NODE_8_length_156589_cov_59.049303	99.97		True
CONTIG	NODE_8_length_156589_cov_59.049303	156589	correct
30083	103918	73849	1	NC_002945.4	NODE_9_length_141375_cov_59.693582	99.96		True
local misassembly
1	29469	103319	73851	NC_002945.4	NODE_9_length_141375_cov_59.693582	99.99		True
fake: not a misassembly [linear representation of circular genome]
4311848	4349904	141375	103320	NC_002945.4	NODE_9_length_141375_cov_59.693582	99.99		True
CONTIG	NODE_9_length_141375_cov_59.693582	141375	correct
1638948	1769053	177	130281	NC_002945.4	NODE_10_length_130373_cov_59.629754	99.99		True
CONTIG	NODE_10_length_130373_cov_59.629754	130373	correct
3297603	3338802	41251	1	NC_002945.4	NODE_11_length_129677_cov_57.928182	99.96		True
local misassembly
3209298	3297520	129677	41452	NC_002945.4	NODE_11_length_129677_cov_57.928182	99.87		True
CONTIG	NODE_11_length_129677_cov_57.928182	129677	correct
1869381	1985535	116778	1090	NC_002945.4	NODE_12_length_116778_cov_57.300366	99.58		True
CONTIG	NODE_12_length_116778_cov_57.300366	116778	correct
1471935	1490747	1	18814	NC_002945.4	NODE_13_length_99679_cov_60.750593	99.98		True
local misassembly
1490961	1491546	18815	19400	NC_002945.4	NODE_13_length_99679_cov_60.750593	100.0		True
local misassembly
1491973	1572251	19401	99679	NC_002945.4	NODE_13_length_99679_cov_60.750593	99.93		True
CONTIG	NODE_13_length_99679_cov_60.750593	99679	correct
3343594	3442410	1	98885	NC_002945.4	NODE_14_length_98885_cov_59.957958	99.92		True
CONTIG	NODE_14_length_98885_cov_59.957958	98885	correct
2056447	2056887	156	596	NC_002945.4	NODE_15_length_84483_cov_58.600965	99.34		True
local misassembly
2057038	2083604	597	27163	NC_002945.4	NODE_15_length_84483_cov_58.600965	99.98		True
local misassembly
2083596	2140777	27302	84483	NC_002945.4	NODE_15_length_84483_cov_58.600965	99.99		True
CONTIG	NODE_15_length_84483_cov_58.600965	84483	correct
3897145	3979446	82329	37	NC_002945.4	NODE_16_length_82329_cov_58.456485	99.98		True
CONTIG	NODE_16_length_82329_cov_58.456485	82329	correct
2693912	2773116	1	79204	NC_002945.4	NODE_17_length_79342_cov_56.784119	99.99		True
CONTIG	NODE_17_length_79342_cov_56.784119	79342	correct
1779460	1853507	1	74048	NC_002945.4	NODE_18_length_74048_cov_59.251471	99.99		True
CONTIG	NODE_18_length_74048_cov_59.251471	74048	correct
3124668	3193870	1	69149	NC_002945.4	NODE_19_length_69149_cov_58.449205	99.91		True
CONTIG	NODE_19_length_69149_cov_58.449205	69149	correct
1096985	1165170	1	68175	NC_002945.4	NODE_20_length_68175_cov_58.164296	99.97		True
CONTIG	NODE_20_length_68175_cov_58.164296	68175	correct
2852046	2916393	64347	1	NC_002945.4	NODE_21_length_64347_cov_56.004111	99.98		True
CONTIG	NODE_21_length_64347_cov_56.004111	64347	correct
4194926	4259153	1	64228	NC_002945.4	NODE_22_length_64228_cov_61.305799	99.99		True
CONTIG	NODE_22_length_64228_cov_61.305799	64228	correct
1993077	2056392	156	63471	NC_002945.4	NODE_23_length_63471_cov_57.479493	99.98		True
CONTIG	NODE_23_length_63471_cov_57.479493	63471	correct
1280097	1343223	63189	1	NC_002945.4	NODE_24_length_63189_cov_62.135264	99.89		True
CONTIG	NODE_24_length_63189_cov_62.135264	63189	correct
1574019	1633209	1	59119	NC_002945.4	NODE_25_length_59242_cov_54.499670	99.86		True
CONTIG	NODE_25_length_59242_cov_54.499670	59242	correct
1219393	1278412	59020	1	NC_002945.4	NODE_26_length_59025_cov_57.617508	99.98		True
CONTIG	NODE_26_length_59025_cov_57.617508	59025	correct
3777400	3835785	1	58318	NC_002945.4	NODE_27_length_58318_cov_59.403189	99.87		True
CONTIG	NODE_27_length_58318_cov_59.403189	58318	correct
1413935	1470724	1	56733	NC_002945.4	NODE_28_length_56733_cov_59.510812	99.89		True
CONTIG	NODE_28_length_56733_cov_59.510812	56733	correct
4141989	4193715	51727	1	NC_002945.4	NODE_29_length_51727_cov_61.147965	99.98		True
CONTIG	NODE_29_length_51727_cov_61.147965	51727	correct
2801012	2852054	51043	1	NC_002945.4	NODE_30_length_51043_cov_58.377013	99.99		True
CONTIG	NODE_30_length_51043_cov_58.377013	51043	correct
625235	672984	1	47750	NC_002945.4	NODE_31_length_48791_cov_54.964121	99.99		True
local misassembly
673673	674526	47786	48639	NC_002945.4	NODE_31_length_48791_cov_54.964121	99.77		True
CONTIG	NODE_31_length_48791_cov_54.964121	48791	correct
842772	891078	190	48496	NC_002945.4	NODE_32_length_48496_cov_57.243007	99.99		True
CONTIG	NODE_32_length_48496_cov_57.243007	48496	correct
2344360	2372189	27830	1	NC_002945.4	NODE_33_length_44929_cov_56.019173	99.99		True
local misassembly
2326318	2343416	44929	27831	NC_002945.4	NODE_33_length_44929_cov_56.019173	99.99		True
CONTIG	NODE_33_length_44929_cov_56.019173	44929	correct
3878711	3880446	1918	183	NC_002945.4	NODE_34_length_43166_cov_56.304375	99.94		True
local misassembly
3836888	3878143	43166	1919	NC_002945.4	NODE_34_length_43166_cov_56.304375	99.91		True
CONTIG	NODE_34_length_43166_cov_56.304375	43166	correct
1343879	1386889	1	43016	NC_002945.4	NODE_35_length_43016_cov_57.323789	99.99		True
CONTIG	NODE_35_length_43016_cov_57.323789	43016	correct
1171083	1189853	1	18771	NC_002945.4	NODE_36_length_42312_cov_55.015716	99.99		True
local misassembly
1190085	1213474	18772	42137	NC_002945.4	NODE_36_length_42312_cov_55.015716	99.87		True
CONTIG	NODE_36_length_42312_cov_55.015716	42312	correct
363946	401308	32	37394	NC_002945.4	NODE_37_length_37394_cov_56.713983	99.99		True
CONTIG	NODE_37_length_37394_cov_56.713983	37394	correct
2246369	2283745	37379	1	NC_002945.4	NODE_38_length_37379_cov_61.537823	99.95		True
CONTIG	NODE_38_length_37379_cov_61.537823	37379	correct
2210032	2246088	36057	1	NC_002945.4	NODE_39_length_36057_cov_65.225884	99.99		True
CONTIG	NODE_39_length_36057_cov_65.225884	36057	correct
4259930	4293948	1	34017	NC_002945.4	NODE_40_length_34017_cov_59.048333	99.98		True
CONTIG	NODE_40_length_34017_cov_59.048333	34017	correct
3724846	3737454	1	12609	NC_002945.4	NODE_41_length_33873_cov_57.680910	99.98		True
local misassembly
3737665	3758815	12610	33760	NC_002945.4	NODE_41_length_33873_cov_57.680910	99.99		True
CONTIG	NODE_41_length_33873_cov_57.680910	33873	correct
2294650	2325840	1	31151	NC_002945.4	NODE_42_length_31151_cov_54.804474	99.86		True
CONTIG	NODE_42_length_31151_cov_54.804474	31151	correct
2161798	2192094	1	30298	NC_002945.4	NODE_43_length_30298_cov_58.928375	99.99		True
CONTIG	NODE_43_length_30298_cov_58.928375	30298	correct
105040	132650	1	27611	NC_002945.4	NODE_44_length_27784_cov_55.950284	99.98		True
CONTIG	NODE_44_length_27784_cov_55.950284	27784	correct
2666111	2693421	1	27310	NC_002945.4	NODE_45_length_27310_cov_57.924328	99.98		True
CONTIG	NODE_45_length_27310_cov_57.924328	27310	correct
307161	333298	26173	141	NC_002945.4	NODE_46_length_26173_cov_56.468057	99.59		True
CONTIG	NODE_46_length_26173_cov_56.468057	26173	correct
1386904	1412955	1	26052	NC_002945.4	NODE_47_length_26052_cov_54.145497	99.98		True
CONTIG	NODE_47_length_26052_cov_54.145497	26052	correct
339222	362766	23597	140	NC_002945.4	NODE_48_length_24836_cov_52.670930	99.61		True
relocation, inconsistency = 3906
334077	335315	24836	23598	NC_002945.4	NODE_48_length_24836_cov_52.670930	99.84		True
CONTIG	NODE_48_length_24836_cov_52.670930	24836	misassembled
2776975	2799828	22854	1	NC_002945.4	NODE_49_length_22931_cov_61.329197	100.0		True
CONTIG	NODE_49_length_22931_cov_61.329197	22931	correct
2386668	2408737	1	22070	NC_002945.4	NODE_50_length_22070_cov_48.597776	100.0		True
CONTIG	NODE_50_length_22070_cov_48.597776	22070	correct
2423267	2444896	21630	1	NC_002945.4	NODE_51_length_21630_cov_58.561596	99.99		True
CONTIG	NODE_51_length_21630_cov_58.561596	21630	correct
2140783	2158516	1	17734	NC_002945.4	NODE_52_length_20369_cov_58.893390	99.96		True
local misassembly
2158655	2158913	17735	17993	NC_002945.4	NODE_52_length_20369_cov_58.893390	100.0		True
fake: scaffold gap size wrong estimation (local)
2158914	2160444	18025	19555	NC_002945.4	NODE_52_length_20369_cov_58.893390	95.49		True
CONTIG	NODE_52_length_20369_cov_58.893390	20369	correct
3758999	3777383	1	18387	NC_002945.4	NODE_53_length_18387_cov_54.030230	99.96		True
CONTIG	NODE_53_length_18387_cov_54.030230	18387	correct
2192685	2210009	1	17325	NC_002945.4	NODE_54_length_17507_cov_64.565017	99.99		True
CONTIG	NODE_54_length_17507_cov_64.565017	17507	correct
132721	149963	17243	1	NC_002945.4	NODE_55_length_17358_cov_63.566479	99.97		True
CONTIG	NODE_55_length_17358_cov_63.566479	17358	correct
892165	909508	1	17344	NC_002945.4	NODE_56_length_17344_cov_59.238659	99.99		True
CONTIG	NODE_56_length_17344_cov_59.238659	17344	correct
910050	926322	16273	1	NC_002945.4	NODE_57_length_16273_cov_61.503964	99.99		True
CONTIG	NODE_57_length_16273_cov_61.503964	16273	correct
1853860	1869352	126	15618	NC_002945.4	NODE_58_length_15618_cov_42.278355	99.92		True
CONTIG	NODE_58_length_15618_cov_42.278355	15618	correct
3193780	3209287	1	15608	NC_002945.4	NODE_59_length_15608_cov_61.115755	100.0		True
CONTIG	NODE_59_length_15608_cov_61.115755	15608	correct
609085	624358	1	15274	NC_002945.4	NODE_60_length_15417_cov_57.141138	99.99		True
CONTIG	NODE_60_length_15417_cov_57.141138	15417	correct
2916851	2932257	15407	1	NC_002945.4	NODE_61_length_15407_cov_64.619503	99.97		True
CONTIG	NODE_61_length_15407_cov_64.619503	15407	correct
2372352	2386761	1	14410	NC_002945.4	NODE_62_length_14410_cov_59.675558	99.98		True
CONTIG	NODE_62_length_14410_cov_59.675558	14410	correct
2408763	2408875	263	375	NC_002945.4	NODE_63_length_13987_cov_55.814502	100.0		True
local misassembly
2409165	2422776	376	13987	NC_002945.4	NODE_63_length_13987_cov_55.814502	99.98		True
CONTIG	NODE_63_length_13987_cov_55.814502	13987	correct
3712180	3724959	12780	1	NC_002945.4	NODE_64_length_12780_cov_41.141389	99.96		True
CONTIG	NODE_64_length_12780_cov_41.141389	12780	correct
2944619	2957076	1	12458	NC_002945.4	NODE_65_length_12458_cov_56.530857	99.98		True
CONTIG	NODE_65_length_12458_cov_56.530857	12458	correct
3700282	3711403	1	11122	NC_002945.4	NODE_66_length_11122_cov_42.801637	100.0		True
CONTIG	NODE_66_length_11122_cov_42.801637	11122	correct
3890969	3893459	2631	141	NC_002945.4	NODE_67_length_10854_cov_23.361331	99.9		True
local misassembly
3884643	3890278	8276	2632	NC_002945.4	NODE_67_length_10854_cov_23.361331	99.79		True
local misassembly
3882139	3884027	10213	8277	NC_002945.4	NODE_67_length_10854_cov_23.361331	97.69		True
local misassembly
3881904	3882155	10616	10365	NC_002945.4	NODE_67_length_10854_cov_23.361331	100.0		True
CONTIG	NODE_67_length_10854_cov_23.361331	10854	correct
2933881	2943963	201	10283	NC_002945.4	NODE_68_length_10283_cov_58.841768	99.99		True
CONTIG	NODE_68_length_10283_cov_58.841768	10283	correct
4301851	4310266	8521	106	NC_002945.4	NODE_69_length_8521_cov_55.832857	99.99		True
CONTIG	NODE_69_length_8521_cov_55.832857	8521	correct
4294092	4301859	7768	1	NC_002945.4	NODE_70_length_7768_cov_52.032456	99.97		True
CONTIG	NODE_70_length_7768_cov_52.032456	7768	correct
1987061	1992127	199	5266	NC_002945.4	NODE_71_length_5266_cov_57.338004	99.96		True
CONTIG	NODE_71_length_5266_cov_57.338004	5266	correct
1214750	1218322	3727	155	NC_002945.4	NODE_72_length_4715_cov_42.872493	100.0		True
local misassembly
1213906	1214774	4715	3847	NC_002945.4	NODE_72_length_4715_cov_42.872493	99.65		True
CONTIG	NODE_72_length_4715_cov_42.872493	4715	correct
3980114	3984498	32	4416	NC_002945.4	NODE_73_length_4450_cov_51.678927	100.0		True
CONTIG	NODE_73_length_4450_cov_51.678927	4450	correct
1092440	1096461	4022	1	NC_002945.4	NODE_74_length_4022_cov_50.582028	100.0		True
CONTIG	NODE_74_length_4022_cov_50.582028	4022	correct
1165899	1169900	4002	1	NC_002945.4	NODE_75_length_4002_cov_62.422968	99.98		True
CONTIG	NODE_75_length_4002_cov_62.422968	4002	correct
2284620	2287647	3028	1	NC_002945.4	NODE_76_length_3028_cov_47.504654	99.77		True
CONTIG	NODE_76_length_3028_cov_47.504654	3028	correct
2290710	2293716	3007	1	NC_002945.4	NODE_77_length_3007_cov_43.964931	100.0		True
CONTIG	NODE_77_length_3007_cov_43.964931	3007	correct
1635657	1638240	1	2584	NC_002945.4	NODE_78_length_3004_cov_30.212026	100.0		True
local misassembly
1638385	1638804	2585	3004	NC_002945.4	NODE_78_length_3004_cov_30.212026	100.0		True
CONTIG	NODE_78_length_3004_cov_30.212026	3004	correct
928080	928975	1	905	NC_002945.4	NODE_79_length_2827_cov_13.069630	99.01		True
local misassembly
928970	930577	1044	2651	NC_002945.4	NODE_79_length_2827_cov_13.069630	100.0		True
local misassembly
929744	929838	2652	2746	NC_002945.4	NODE_79_length_2827_cov_13.069630	98.17		True
CONTIG	NODE_79_length_2827_cov_13.069630	2827	correct
3698318	3700285	183	2150	NC_002945.4	NODE_80_length_2150_cov_7.283243	100.0		True
CONTIG	NODE_80_length_2150_cov_7.283243	2150	correct
2775857	2776151	300	6	NC_002945.4	NODE_81_length_1720_cov_5.623980	100.0		True
local misassembly
2774298	2775532	1535	301	NC_002945.4	NODE_81_length_1720_cov_5.623980	100.0		True
CONTIG	NODE_81_length_1720_cov_5.623980	1720	correct
607662	609211	1	1550	NC_002945.4	NODE_82_length_1550_cov_95.872804	100.0		True
CONTIG	NODE_82_length_1550_cov_95.872804	1550	correct
4193589	4195052	1464	1	NC_002945.4	NODE_83_length_1464_cov_137.787584	100.0		True
CONTIG	NODE_83_length_1464_cov_137.787584	1464	correct
4310390	4311847	1458	1	NC_002945.4	NODE_84_length_1458_cov_64.895268	99.93		True
CONTIG	NODE_84_length_1458_cov_64.895268	1458	correct
3443593	3445031	1439	1	NC_002945.4	NODE_85_length_1439_cov_69.569360	100.0		True
CONTIG	NODE_85_length_1439_cov_69.569360	1439	correct
336693	338026	1341	8	NC_002945.4	NODE_86_length_1437_cov_19.195420	99.93		True
CONTIG	NODE_86_length_1437_cov_19.195420	1437	correct
1572252	1573669	1	1418	NC_002945.4	NODE_87_length_1418_cov_33.403883	100.0		True
CONTIG	NODE_87_length_1418_cov_33.403883	1418	correct
3673145	3674484	1340	1	NC_002945.4	NODE_88_length_1340_cov_112.122012	100.0		True
CONTIG	NODE_88_length_1340_cov_112.122012	1340	correct
3339137	3340461	1325	1	NC_002945.4	NODE_89_length_1325_cov_58.645242	100.0		True
CONTIG	NODE_89_length_1325_cov_58.645242	1325	correct
3835659	3836979	1	1321	NC_002945.4	NODE_90_length_1321_cov_127.707705	99.7		True
CONTIG	NODE_90_length_1321_cov_127.707705	1321	correct
2288581	2289835	1255	1	NC_002945.4	NODE_91_length_1255_cov_60.452128	100.0		True
CONTIG	NODE_91_length_1255_cov_60.452128	1255	correct
839633	840715	1	1083	NC_002945.4	NODE_92_length_1226_cov_17.688808	100.0		True
CONTIG	NODE_92_length_1226_cov_17.688808	1226	correct
335433	336436	201	1204	NC_002945.4	NODE_93_length_1204_cov_5.884865	100.0		True
CONTIG	NODE_93_length_1204_cov_5.884865	1204	correct
2287521	2288707	1	1187	NC_002945.4	NODE_94_length_1187_cov_40.820755	100.0		True
CONTIG	NODE_94_length_1187_cov_40.820755	1187	correct
2283619	2284746	1128	1	NC_002945.4	NODE_95_length_1128_cov_107.849151	99.91		True
CONTIG	NODE_95_length_1128_cov_107.849151	1128	correct
3711277	3712306	1	1030	NC_002945.4	NODE_96_length_1030_cov_115.603544	100.0		True
CONTIG	NODE_96_length_1030_cov_115.603544	1030	correct
362832	363824	1006	14	NC_002945.4	NODE_97_length_1006_cov_3.546075	100.0		True
CONTIG	NODE_97_length_1006_cov_3.546075	1006	correct
3894591	3895381	1003	213	NC_002945.4	NODE_98_length_1003_cov_49.127854	100.0		True
CONTIG	NODE_98_length_1003_cov_49.127854	1003	correct
1165044	1166025	1	982	NC_002945.4	NODE_99_length_982_cov_122.796491	99.9		True
CONTIG	NODE_99_length_982_cov_122.796491	982	correct
CONTIG	NODE_100_length_915_cov_0.802030	915	unaligned
3342811	3343719	909	1	NC_002945.4	NODE_101_length_909_cov_364.666240	100.0		True
CONTIG	NODE_101_length_909_cov_364.666240	909	correct
2932462	2932992	531	1	NC_002945.4	NODE_102_length_902_cov_0.910968	99.81		True
local misassembly
2933043	2933247	736	532	NC_002945.4	NODE_102_length_902_cov_0.910968	100.0		True
CONTIG	NODE_102_length_902_cov_0.910968	902	correct
3341521	3342410	890	1	NC_002945.4	NODE_103_length_890_cov_44.487549	100.0		True
CONTIG	NODE_103_length_890_cov_44.487549	890	correct
2191968	2192811	1	844	NC_002945.4	NODE_104_length_844_cov_120.214784	100.0		True
CONTIG	NODE_104_length_844_cov_120.214784	844	correct
3979353	3980041	723	35	NC_002945.4	NODE_105_length_807_cov_3.116176	98.98		True
CONTIG	NODE_105_length_807_cov_3.116176	807	correct
3444905	3445699	795	1	NC_002945.4	NODE_106_length_795_cov_136.844311	100.0		True
CONTIG	NODE_106_length_795_cov_136.844311	795	correct
2693295	2694038	1	744	NC_002945.4	NODE_107_length_744_cov_111.244733	100.0		True
CONTIG	NODE_107_length_744_cov_111.244733	744	correct
2773487	2774140	654	1	NC_002945.4	NODE_108_length_654_cov_4.263757	100.0		True
CONTIG	NODE_108_length_654_cov_4.263757	654	correct
3340552	3341186	635	1	NC_002945.4	NODE_109_length_635_cov_47.271654	100.0		True
CONTIG	NODE_109_length_635_cov_47.271654	635	correct
3338676	3339263	588	1	NC_002945.4	NODE_110_length_588_cov_92.260304	100.0		True
CONTIG	NODE_110_length_588_cov_92.260304	588	correct
927055	927420	387	22	NC_002945.4	NODE_111_length_581_cov_0.878855	100.0		True
CONTIG	NODE_111_length_581_cov_0.878855	581	correct
1218442	1219020	1	579	NC_002945.4	NODE_112_length_579_cov_3.298673	100.0		True
CONTIG	NODE_112_length_579_cov_3.298673	579	correct
2325856	2326121	109	374	NC_002945.4	NODE_113_length_568_cov_2.768707	99.62		True
inversion
2326100	2326252	527	375	NC_002945.4	NODE_113_length_568_cov_2.768707	97.52		True
CONTIG	NODE_113_length_568_cov_2.768707	568	misassembled
1985893	1986458	566	1	NC_002945.4	NODE_114_length_566_cov_6.669704	100.0		True
CONTIG	NODE_114_length_566_cov_6.669704	566	correct
841770	841967	366	169	NC_002945.4	NODE_115_length_565_cov_0.831050	99.49		True
CONTIG	NODE_115_length_565_cov_0.831050	565	correct
1219144	1219428	4	288	NC_002945.4	NODE_116_length_509_cov_0.641361	97.19		True
CONTIG	NODE_116_length_509_cov_0.641361	509	correct
CONTIG	NODE_117_length_500_cov_1.268097	500	unaligned
