S1	E1	S2	E2	Reference	Contig	IDY	Ambiguous	Best_group
3445573	3673271	1	227591	NC_002945.4	NODE_1_length_227591_cov_29.906121	99.93		True
CONTIG	NODE_1_length_227591_cov_29.906121	227591	correct
402605	607788	204915	1	NC_002945.4	NODE_2_length_204915_cov_28.879163	99.86		True
CONTIG	NODE_2_length_204915_cov_28.879163	204915	correct
676731	824045	212	147527	NC_002945.4	NODE_3_length_161298_cov_29.864312	99.99		True
local misassembly
824601	838069	147528	160996	NC_002945.4	NODE_3_length_161298_cov_29.864312	99.96		True
CONTIG	NODE_3_length_161298_cov_29.864312	161298	correct
150144	306663	1	156493	NC_002945.4	NODE_4_length_156677_cov_29.263750	99.97		True
CONTIG	NODE_4_length_156677_cov_29.263750	156677	correct
2453623	2609245	155624	1	NC_002945.4	NODE_5_length_155624_cov_29.763738	99.98		True
CONTIG	NODE_5_length_155624_cov_29.763738	155624	correct
30083	103918	73849	1	NC_002945.4	NODE_6_length_142810_cov_29.889636	99.96		True
local misassembly
1	29469	103319	73851	NC_002945.4	NODE_6_length_142810_cov_29.889636	99.99		True
fake: not a misassembly [linear representation of circular genome]
4310413	4349904	142810	103320	NC_002945.4	NODE_6_length_142810_cov_29.889636	99.99		True
CONTIG	NODE_6_length_142810_cov_29.889636	142810	correct
1638954	1769053	177	130275	NC_002945.4	NODE_7_length_130367_cov_30.691477	99.99		True
CONTIG	NODE_7_length_130367_cov_30.691477	130367	correct
3297521	3338802	41451	1	NC_002945.4	NODE_8_length_129712_cov_29.047027	99.82		True
indel: stretch of mismatches
3209330	3297520	129645	41452	NC_002945.4	NODE_8_length_129712_cov_29.047027	99.87		True
CONTIG	NODE_8_length_129712_cov_29.047027	129712	correct
1010930	1091286	80434	75	NC_002945.4	NODE_9_length_119692_cov_29.999205	99.99		True
relocation, inconsistency = 1457
970291	1009472	119615	80435	NC_002945.4	NODE_9_length_119692_cov_29.999205	99.97		True
CONTIG	NODE_9_length_119692_cov_29.999205	119692	misassembled
1869235	1971848	102581	23	NC_002945.4	NODE_10_length_102676_cov_28.827731	99.92		True
CONTIG	NODE_10_length_102676_cov_28.827731	102676	correct
2141112	2158365	17254	1	NC_002945.4	NODE_11_length_101079_cov_30.126080	99.97		True
local misassembly
2083596	2140641	74300	17255	NC_002945.4	NODE_11_length_101079_cov_30.126080	99.99		True
local misassembly
2057117	2083604	100926	74439	NC_002945.4	NODE_11_length_101079_cov_30.126080	99.98		True
CONTIG	NODE_11_length_101079_cov_30.126080	101079	correct
3343594	3442410	98885	1	NC_002945.4	NODE_12_length_98885_cov_29.829614	99.92		True
CONTIG	NODE_12_length_98885_cov_29.829614	98885	correct
3015723	3108521	1	92163	NC_002945.4	NODE_13_length_92383_cov_29.050913	99.06		True
CONTIG	NODE_13_length_92383_cov_29.050913	92383	correct
1387328	1470724	83340	1	NC_002945.4	NODE_14_length_83342_cov_29.840449	99.92		True
CONTIG	NODE_14_length_83342_cov_29.840449	83342	correct
1779460	1853485	74144	119	NC_002945.4	NODE_15_length_74144_cov_29.950673	99.99		True
CONTIG	NODE_15_length_74144_cov_29.950673	74144	correct
2693912	2766788	72891	15	NC_002945.4	NODE_16_length_72891_cov_29.265873	99.99		True
CONTIG	NODE_16_length_72891_cov_29.265873	72891	correct
3124606	3193870	69211	1	NC_002945.4	NODE_17_length_69293_cov_28.985282	99.9		True
CONTIG	NODE_17_length_69293_cov_28.985282	69293	correct
1096019	1165170	1	69152	NC_002945.4	NODE_18_length_69152_cov_28.527562	99.98		True
CONTIG	NODE_18_length_69152_cov_28.527562	69152	correct
4194926	4259153	1	64228	NC_002945.4	NODE_19_length_64228_cov_30.367483	99.99		True
CONTIG	NODE_19_length_64228_cov_30.367483	64228	correct
2852135	2916097	71	64033	NC_002945.4	NODE_20_length_64033_cov_28.711420	99.98		True
CONTIG	NODE_20_length_64033_cov_28.711420	64033	correct
1280097	1343223	63189	1	NC_002945.4	NODE_21_length_63189_cov_31.082903	99.89		True
CONTIG	NODE_21_length_63189_cov_31.082903	63189	correct
4035929	4097403	61475	1	NC_002945.4	NODE_22_length_61493_cov_27.210051	99.99		True
CONTIG	NODE_22_length_61493_cov_27.210051	61493	correct
1574045	1633197	59182	95	NC_002945.4	NODE_23_length_59182_cov_28.118432	99.86		True
CONTIG	NODE_23_length_59182_cov_28.118432	59182	correct
1219671	1278412	58742	1	NC_002945.4	NODE_24_length_58752_cov_28.395514	99.98		True
CONTIG	NODE_24_length_58752_cov_28.395514	58752	correct
2957039	3015575	58698	215	NC_002945.4	NODE_25_length_58698_cov_29.171313	99.9		True
CONTIG	NODE_25_length_58698_cov_29.171313	58698	correct
3777400	3835785	1	58318	NC_002945.4	NODE_26_length_58318_cov_29.400629	99.87		True
CONTIG	NODE_26_length_58318_cov_29.400629	58318	correct
3921566	3979423	58069	212	NC_002945.4	NODE_27_length_58239_cov_29.174353	99.99		True
CONTIG	NODE_27_length_58239_cov_29.174353	58239	correct
2611943	2665719	53895	65	NC_002945.4	NODE_28_length_54007_cov_28.636451	99.88		True
CONTIG	NODE_28_length_54007_cov_28.636451	54007	correct
1492001	1536097	31	44127	NC_002945.4	NODE_29_length_52396_cov_31.766324	99.88		True
relocation, inconsistency = 2300790
3836888	3845156	52396	44128	NC_002945.4	NODE_29_length_52396_cov_31.766324	99.33		True
CONTIG	NODE_29_length_52396_cov_31.766324	52396	misassembled
4141989	4193715	1	51727	NC_002945.4	NODE_30_length_51727_cov_30.977306	99.99		True
CONTIG	NODE_30_length_51727_cov_30.977306	51727	correct
4000854	4035751	34898	1	NC_002945.4	NODE_31_length_50943_cov_29.310099	99.98		True
local misassembly
3984868	4000742	50762	34899	NC_002945.4	NODE_31_length_50943_cov_29.310099	99.93		True
CONTIG	NODE_31_length_50943_cov_29.310099	50943	correct
842571	891078	48508	1	NC_002945.4	NODE_32_length_48508_cov_28.306856	99.99		True
CONTIG	NODE_32_length_48508_cov_28.306856	48508	correct
625584	673271	104	47791	NC_002945.4	NODE_33_length_47987_cov_27.820915	99.99		True
CONTIG	NODE_33_length_47987_cov_27.820915	47987	correct
2326988	2343707	16802	83	NC_002945.4	NODE_34_length_46544_cov_27.660168	99.98		True
relocation, inconsistency = 2596
2294650	2324391	46544	16803	NC_002945.4	NODE_34_length_46544_cov_27.660168	99.99		True
CONTIG	NODE_34_length_46544_cov_27.660168	46544	misassembled
1997199	2040662	43468	5	NC_002945.4	NODE_35_length_43486_cov_28.558615	99.97		True
CONTIG	NODE_35_length_43486_cov_28.558615	43486	correct
1343879	1386445	1	42572	NC_002945.4	NODE_36_length_42572_cov_29.331535	99.98		True
CONTIG	NODE_36_length_42572_cov_29.331535	42572	correct
2801012	2843501	1	42490	NC_002945.4	NODE_37_length_42490_cov_28.611359	99.99		True
CONTIG	NODE_37_length_42490_cov_28.611359	42490	correct
930684	970020	1	39289	NC_002945.4	NODE_38_length_39321_cov_28.577486	99.84		True
CONTIG	NODE_38_length_39321_cov_28.577486	39321	correct
2246079	2283745	1	37669	NC_002945.4	NODE_39_length_37669_cov_30.929519	99.95		True
CONTIG	NODE_39_length_37669_cov_30.929519	37669	correct
1535942	1573224	1	37283	NC_002945.4	NODE_40_length_37504_cov_29.825401	99.99		True
CONTIG	NODE_40_length_37504_cov_29.825401	37504	correct
363938	401308	37371	1	NC_002945.4	NODE_41_length_37407_cov_27.736749	99.99		True
CONTIG	NODE_41_length_37407_cov_27.736749	37407	correct
2372441	2408738	1	36240	NC_002945.4	NODE_42_length_36260_cov_26.583705	99.79		True
CONTIG	NODE_42_length_36260_cov_26.583705	36260	correct
2210057	2246066	36010	1	NC_002945.4	NODE_43_length_36016_cov_32.957703	100.0		True
CONTIG	NODE_43_length_36016_cov_32.957703	36016	correct
4259930	4293954	1	34023	NC_002945.4	NODE_44_length_34023_cov_29.562426	99.98		True
CONTIG	NODE_44_length_34023_cov_29.562426	34023	correct
3846144	3877075	31072	140	NC_002945.4	NODE_45_length_31072_cov_28.917919	99.98		True
CONTIG	NODE_45_length_31072_cov_28.917919	31072	correct
2665940	2693421	27481	1	NC_002945.4	NODE_46_length_27481_cov_28.644111	99.99		True
CONTIG	NODE_46_length_27481_cov_28.644111	27481	correct
105040	132035	1	26996	NC_002945.4	NODE_47_length_27207_cov_27.895236	99.97		True
CONTIG	NODE_47_length_27207_cov_27.895236	27207	correct
2345666	2372199	26534	1	NC_002945.4	NODE_48_length_26578_cov_29.428642	99.98		True
CONTIG	NODE_48_length_26578_cov_29.428642	26578	correct
332249	332743	1110	616	NC_002945.4	NODE_49_length_26543_cov_29.219412	99.64		True
local misassembly
306711	332143	26543	1111	NC_002945.4	NODE_49_length_26543_cov_29.219412	99.99		True
CONTIG	NODE_49_length_26543_cov_29.219412	26543	correct
4116536	4141982	187	25633	NC_002945.4	NODE_50_length_25633_cov_27.685603	99.98		True
CONTIG	NODE_50_length_25633_cov_27.685603	25633	correct
3897127	3921542	24575	169	NC_002945.4	NODE_51_length_24575_cov_29.384694	99.95		True
CONTIG	NODE_51_length_24575_cov_29.384694	24575	correct
3674358	3698376	24041	41	NC_002945.4	NODE_52_length_24041_cov_22.185498	99.89		True
CONTIG	NODE_52_length_24041_cov_22.185498	24041	correct
339309	362766	23614	160	NC_002945.4	NODE_53_length_23696_cov_26.350503	99.85		True
CONTIG	NODE_53_length_23696_cov_26.350503	23696	correct
1190378	1213474	23267	171	NC_002945.4	NODE_54_length_23267_cov_26.546197	99.97		True
CONTIG	NODE_54_length_23267_cov_26.546197	23267	correct
2423267	2446046	1	22666	NC_002945.4	NODE_55_length_22825_cov_29.508503	99.49		True
CONTIG	NODE_55_length_22825_cov_29.508503	22825	correct
3737958	3758842	80	20964	NC_002945.4	NODE_56_length_21167_cov_30.856511	100.0		True
CONTIG	NODE_56_length_21167_cov_30.856511	21167	correct
4097387	4116521	19303	169	NC_002945.4	NODE_57_length_19303_cov_31.959324	100.0		True
CONTIG	NODE_57_length_19303_cov_31.959324	19303	correct
1471935	1490747	1	18814	NC_002945.4	NODE_58_length_18972_cov_32.978031	99.98		True
CONTIG	NODE_58_length_18972_cov_32.978031	18972	correct
1171083	1189264	1	18182	NC_002945.4	NODE_59_length_18298_cov_30.103517	99.99		True
CONTIG	NODE_59_length_18298_cov_30.103517	18298	correct
2174316	2192094	17780	1	NC_002945.4	NODE_60_length_17780_cov_30.115278	99.99		True
CONTIG	NODE_60_length_17780_cov_30.115278	17780	correct
2192685	2209982	1	17298	NC_002945.4	NODE_61_length_17390_cov_32.292070	99.99		True
CONTIG	NODE_61_length_17390_cov_32.292070	17390	correct
892165	909508	1	17344	NC_002945.4	NODE_62_length_17344_cov_30.124586	99.99		True
CONTIG	NODE_62_length_17344_cov_30.124586	17344	correct
3760150	3777383	54	17289	NC_002945.4	NODE_63_length_17289_cov_27.578487	99.92		True
CONTIG	NODE_63_length_17289_cov_27.578487	17289	correct
2776963	2793835	16	16888	NC_002945.4	NODE_64_length_17062_cov_30.306289	100.0		True
CONTIG	NODE_64_length_17062_cov_30.306289	17062	correct
132699	149556	1	16858	NC_002945.4	NODE_65_length_16904_cov_33.283185	99.95		True
CONTIG	NODE_65_length_16904_cov_33.283185	16904	correct
910050	926209	16293	134	NC_002945.4	NODE_66_length_16293_cov_32.282135	99.99		True
CONTIG	NODE_66_length_16293_cov_32.282135	16293	correct
3108494	3123777	15461	178	NC_002945.4	NODE_67_length_15628_cov_29.264757	99.97		True
CONTIG	NODE_67_length_15628_cov_29.264757	15628	correct
3193780	3209287	15608	1	NC_002945.4	NODE_68_length_15608_cov_28.831665	100.0		True
CONTIG	NODE_68_length_15608_cov_28.831665	15608	correct
2041087	2056438	252	15603	NC_002945.4	NODE_69_length_15603_cov_29.569398	99.99		True
CONTIG	NODE_69_length_15603_cov_29.569398	15603	correct
2916851	2932344	15494	1	NC_002945.4	NODE_70_length_15494_cov_31.086484	99.96		True
CONTIG	NODE_70_length_15494_cov_31.086484	15494	correct
609085	624361	1	15277	NC_002945.4	NODE_71_length_15438_cov_27.406113	99.99		True
CONTIG	NODE_71_length_15438_cov_27.406113	15438	correct
1854310	1869290	14981	1	NC_002945.4	NODE_72_length_15172_cov_21.338917	99.99		True
CONTIG	NODE_72_length_15172_cov_21.338917	15172	correct
2409215	2422776	13562	1	NC_002945.4	NODE_73_length_13785_cov_28.034632	99.98		True
CONTIG	NODE_73_length_13785_cov_28.034632	13785	correct
1972162	1985614	13345	4	NC_002945.4	NODE_74_length_13461_cov_29.093295	99.17		True
CONTIG	NODE_74_length_13461_cov_29.093295	13461	correct
3724925	3737477	1	12553	NC_002945.4	NODE_75_length_13014_cov_26.396989	99.98		True
local misassembly
3737688	3737991	12554	12857	NC_002945.4	NODE_75_length_13014_cov_26.396989	99.69		True
CONTIG	NODE_75_length_13014_cov_26.396989	13014	correct
2161870	2174442	12573	1	NC_002945.4	NODE_76_length_12573_cov_28.321870	99.99		True
CONTIG	NODE_76_length_12573_cov_28.321870	12573	correct
2944619	2957076	12458	1	NC_002945.4	NODE_77_length_12458_cov_27.457303	99.98		True
CONTIG	NODE_77_length_12458_cov_27.457303	12458	correct
3712180	3715487	1	3308	NC_002945.4	NODE_78_length_12095_cov_19.490558	99.97		True
local misassembly
3716043	3724770	3309	12036	NC_002945.4	NODE_78_length_12095_cov_19.490558	99.94		True
CONTIG	NODE_78_length_12095_cov_19.490558	12095	correct
2933717	2943963	10247	1	NC_002945.4	NODE_79_length_10247_cov_28.920158	99.99		True
CONTIG	NODE_79_length_10247_cov_28.920158	10247	correct
4301778	4310461	8835	152	NC_002945.4	NODE_80_length_8836_cov_25.748077	99.84		True
CONTIG	NODE_80_length_8836_cov_25.748077	8836	correct
2843531	2852053	73	8595	NC_002945.4	NODE_81_length_8595_cov_30.240907	100.0		True
CONTIG	NODE_81_length_8595_cov_30.240907	8595	correct
2446171	2453614	7454	11	NC_002945.4	NODE_82_length_7498_cov_29.659476	100.0		True
CONTIG	NODE_82_length_7498_cov_29.659476	7498	correct
4294745	4301847	213	7315	NC_002945.4	NODE_83_length_7417_cov_27.867490	99.99		True
CONTIG	NODE_83_length_7417_cov_27.867490	7417	correct
2766774	2773057	6428	212	NC_002945.4	NODE_84_length_6609_cov_18.487195	98.87		True
CONTIG	NODE_84_length_6609_cov_18.487195	6609	correct
2794025	2799828	146	5949	NC_002945.4	NODE_85_length_5949_cov_28.145311	99.98		True
CONTIG	NODE_85_length_5949_cov_28.145311	5949	correct
3700293	3702689	1	2397	NC_002945.4	NODE_86_length_5676_cov_21.396288	100.0		True
relocation, inconsistency = 5435
3708125	3711403	2398	5676	NC_002945.4	NODE_86_length_5676_cov_21.396288	97.83		True
CONTIG	NODE_86_length_5676_cov_21.396288	5676	misassembled
1987061	1992127	1	5068	NC_002945.4	NODE_87_length_5068_cov_28.978344	99.86		True
CONTIG	NODE_87_length_5068_cov_28.978344	5068	correct
3703671	3708642	4	4975	NC_002945.4	NODE_88_length_4975_cov_19.691419	99.94		True
CONTIG	NODE_88_length_4975_cov_19.691419	4975	correct
3980181	3984473	4293	1	NC_002945.4	NODE_89_length_4520_cov_23.479171	100.0		True
CONTIG	NODE_89_length_4520_cov_23.479171	4520	correct
3889202	3889379	329	152	NC_002945.4	NODE_90_length_4275_cov_23.130665	99.1		True
local misassembly
3885022	3888967	4275	330	NC_002945.4	NODE_90_length_4275_cov_23.130665	99.97		True
CONTIG	NODE_90_length_4275_cov_23.130665	4275	correct
1214750	1218323	3743	170	NC_002945.4	NODE_91_length_4275_cov_21.628014	99.83		True
local misassembly
1214508	1214774	4129	3863	NC_002945.4	NODE_91_length_4275_cov_21.628014	98.88		True
CONTIG	NODE_91_length_4275_cov_21.628014	4275	correct
1165899	1169900	4002	1	NC_002945.4	NODE_92_length_4002_cov_30.069935	99.98		True
CONTIG	NODE_92_length_4002_cov_30.069935	4002	correct
2284620	2287647	3028	1	NC_002945.4	NODE_93_length_3028_cov_20.644950	99.77		True
CONTIG	NODE_93_length_3028_cov_20.644950	3028	correct
2290710	2293716	1	3007	NC_002945.4	NODE_94_length_3007_cov_21.211111	100.0		True
CONTIG	NODE_94_length_3007_cov_21.211111	3007	correct
2160997	2161605	609	1	NC_002945.4	NODE_95_length_2985_cov_30.057033	99.84		True
fake: scaffold gap size wrong estimation (local)
2160645	2160846	911	710	NC_002945.4	NODE_95_length_2985_cov_30.057033	100.0		True
fake: scaffold gap size wrong estimation (local)
2158377	2159088	2985	2274	NC_002945.4	NODE_95_length_2985_cov_30.057033	100.0		True
CONTIG	NODE_95_length_2985_cov_30.057033	2985	correct
1993335	1996096	1	2762	NC_002945.4	NODE_96_length_2762_cov_30.544213	100.0		True
CONTIG	NODE_96_length_2762_cov_30.544213	2762	correct
3881871	3882155	5	289	NC_002945.4	NODE_97_length_2504_cov_3.110223	98.95		True
local misassembly
3882139	3884154	441	2504	NC_002945.4	NODE_97_length_2504_cov_3.110223	97.67		True
CONTIG	NODE_97_length_2504_cov_3.110223	2504	correct
2609387	2611609	2223	1	NC_002945.4	NODE_98_length_2223_cov_19.201813	100.0		True
CONTIG	NODE_98_length_2223_cov_19.201813	2223	correct
2343957	2345662	179	1884	NC_002945.4	NODE_99_length_1884_cov_20.355151	100.0		True
CONTIG	NODE_99_length_1884_cov_20.355151	1884	correct
1092524	1094254	1737	7	NC_002945.4	NODE_100_length_1737_cov_21.686957	99.83		True
CONTIG	NODE_100_length_1737_cov_21.686957	1737	correct
1635657	1637301	1	1645	NC_002945.4	NODE_101_length_1710_cov_25.030322	99.76		True
CONTIG	NODE_101_length_1710_cov_25.030322	1710	correct
675056	676207	1344	193	NC_002945.4	NODE_102_length_1676_cov_2.420271	100.0		True
CONTIG	NODE_102_length_1676_cov_2.420271	1676	correct
928970	929832	863	1	NC_002945.4	NODE_103_length_1666_cov_7.426901	100.0		True
local misassembly
928320	928975	1666	1002	NC_002945.4	NODE_103_length_1666_cov_7.426901	98.65		True
CONTIG	NODE_103_length_1666_cov_7.426901	1666	correct
334077	335205	1	1129	NC_002945.4	NODE_104_length_1665_cov_5.389467	99.82		True
relocation, inconsistency = 3544450
3879656	3880160	1634	1130	NC_002945.4	NODE_104_length_1665_cov_5.389467	98.49		True
CONTIG	NODE_104_length_1665_cov_5.389467	1665	misassembled
1633158	1633275	176	293	NC_002945.4	NODE_105_length_1650_cov_2.702561	100.0		True
local misassembly
1633528	1634449	294	1215	NC_002945.4	NODE_105_length_1650_cov_2.702561	100.0		True
local misassembly
1634594	1634885	1216	1507	NC_002945.4	NODE_105_length_1650_cov_2.702561	100.0		True
indel: indel (> 5bp)
1634913	1635008	1508	1603	NC_002945.4	NODE_105_length_1650_cov_2.702561	97.92		True
CONTIG	NODE_105_length_1650_cov_2.702561	1650	correct
3890842	3892299	1	1458	NC_002945.4	NODE_106_length_1572_cov_1.247059	99.25		True
CONTIG	NODE_106_length_1572_cov_1.247059	1572	correct
401182	402731	1550	1	NC_002945.4	NODE_107_length_1550_cov_45.342937	99.87		True
CONTIG	NODE_107_length_1550_cov_45.342937	1550	correct
3878248	3879753	1	1506	NC_002945.4	NODE_108_length_1516_cov_1.847372	99.54		True
CONTIG	NODE_108_length_1516_cov_1.847372	1516	correct
4193589	4195052	1	1464	NC_002945.4	NODE_109_length_1464_cov_60.100224	100.0		True
CONTIG	NODE_109_length_1464_cov_60.100224	1464	correct
3443593	3445031	1	1439	NC_002945.4	NODE_110_length_1439_cov_35.108994	100.0		True
CONTIG	NODE_110_length_1439_cov_35.108994	1439	correct
336693	337910	1243	26	NC_002945.4	NODE_111_length_1375_cov_9.121795	99.01		True
CONTIG	NODE_111_length_1375_cov_9.121795	1375	correct
2324508	2325804	1	1297	NC_002945.4	NODE_112_length_1356_cov_18.573637	100.0		True
CONTIG	NODE_112_length_1356_cov_18.573637	1356	correct
3673145	3674484	1340	1	NC_002945.4	NODE_113_length_1340_cov_59.023908	100.0		True
CONTIG	NODE_113_length_1340_cov_59.023908	1340	correct
3877017	3878073	1265	218	NC_002945.4	NODE_114_length_1339_cov_3.305281	98.68		True
CONTIG	NODE_114_length_1339_cov_3.305281	1339	correct
3339137	3340461	1325	1	NC_002945.4	NODE_115_length_1325_cov_26.303005	100.0		True
CONTIG	NODE_115_length_1325_cov_26.303005	1325	correct
3835659	3836979	1	1321	NC_002945.4	NODE_116_length_1321_cov_56.953099	99.77		True
CONTIG	NODE_116_length_1321_cov_56.953099	1321	correct
1094890	1096145	1256	1	NC_002945.4	NODE_117_length_1256_cov_30.110717	100.0		True
CONTIG	NODE_117_length_1256_cov_30.110717	1256	correct
2288581	2289835	1255	1	NC_002945.4	NODE_118_length_1255_cov_28.976950	100.0		True
CONTIG	NODE_118_length_1255_cov_28.976950	1255	correct
2287521	2288707	1187	1	NC_002945.4	NODE_119_length_1187_cov_19.600943	100.0		True
CONTIG	NODE_119_length_1187_cov_19.600943	1187	correct
839671	840799	1	1129	NC_002945.4	NODE_120_length_1129_cov_9.950100	100.0		True
CONTIG	NODE_120_length_1129_cov_9.950100	1129	correct
2289709	2290836	1	1128	NC_002945.4	NODE_121_length_1128_cov_54.381618	99.91		True
CONTIG	NODE_121_length_1128_cov_54.381618	1128	correct
1996321	1996395	164	90	NC_002945.4	NODE_122_length_1107_cov_1.775510	98.78		True
inversion
1996345	1997089	165	909	NC_002945.4	NODE_122_length_1107_cov_1.775510	100.0		True
CONTIG	NODE_122_length_1107_cov_1.775510	1107	misassembled
3123799	3124649	1036	186	NC_002945.4	NODE_123_length_1053_cov_2.895248	99.65		True
CONTIG	NODE_123_length_1053_cov_2.895248	1053	correct
362954	363814	176	1036	NC_002945.4	NODE_124_length_1036_cov_0.836084	99.77		True
CONTIG	NODE_124_length_1036_cov_0.836084	1036	correct
3711277	3712306	1	1030	NC_002945.4	NODE_125_length_1030_cov_61.105205	100.0		True
CONTIG	NODE_125_length_1030_cov_61.105205	1030	correct
1165044	1166025	1	982	NC_002945.4	NODE_126_length_982_cov_62.987135	100.0		True
CONTIG	NODE_126_length_982_cov_62.987135	982	correct
1985730	1986489	1	760	NC_002945.4	NODE_127_length_960_cov_1.870348	100.0		True
CONTIG	NODE_127_length_960_cov_1.870348	960	correct
1169775	1170683	909	1	NC_002945.4	NODE_128_length_909_cov_197.673913	100.0		True
CONTIG	NODE_128_length_909_cov_197.673913	909	correct
3341521	3342410	890	1	NC_002945.4	NODE_129_length_890_cov_18.380079	100.0		True
CONTIG	NODE_129_length_890_cov_18.380079	890	correct
3894591	3895311	1	721	NC_002945.4	NODE_130_length_868_cov_30.659919	99.86		True
CONTIG	NODE_130_length_868_cov_30.659919	868	correct
1278286	1279129	844	1	NC_002945.4	NODE_131_length_844_cov_56.536960	100.0		True
CONTIG	NODE_131_length_844_cov_56.536960	844	correct
3892368	3892937	753	184	NC_002945.4	NODE_132_length_828_cov_0.823110	99.47		True
CONTIG	NODE_132_length_828_cov_0.823110	828	correct
3698318	3698803	654	169	NC_002945.4	NODE_133_length_820_cov_2.494949	100.0		True
CONTIG	NODE_133_length_820_cov_2.494949	820	correct
2774908	2775598	691	1	NC_002945.4	NODE_134_length_810_cov_3.450952	100.0		True
CONTIG	NODE_134_length_810_cov_3.450952	810	correct
3893372	3893926	758	204	NC_002945.4	NODE_135_length_810_cov_0.964861	98.56		True
CONTIG	NODE_135_length_810_cov_0.964861	810	correct
3444905	3445699	1	795	NC_002945.4	NODE_136_length_795_cov_68.164671	100.0		True
CONTIG	NODE_136_length_795_cov_68.164671	795	correct
1573294	1573896	603	1	NC_002945.4	NODE_137_length_777_cov_0.955385	99.83		True
CONTIG	NODE_137_length_777_cov_0.955385	777	correct
673771	673946	118	293	NC_002945.4	NODE_138_length_750_cov_1.017657	99.45		True
local misassembly
674178	674596	294	711	NC_002945.4	NODE_138_length_750_cov_1.017657	99.52		True
CONTIG	NODE_138_length_750_cov_1.017657	750	correct
2693295	2694038	744	1	NC_002945.4	NODE_139_length_744_cov_42.922204	100.0		True
CONTIG	NODE_139_length_744_cov_42.922204	744	correct
335696	336427	732	1	NC_002945.4	NODE_140_length_732_cov_4.933884	100.0		True
CONTIG	NODE_140_length_732_cov_4.933884	732	correct
3884028	3884769	724	1	NC_002945.4	NODE_141_length_724_cov_7.919598	97.44		True
CONTIG	NODE_141_length_724_cov_7.919598	724	correct
332695	333415	721	1	NC_002945.4	NODE_142_length_721_cov_2.543771	99.86		True
CONTIG	NODE_142_length_721_cov_2.543771	721	correct
2774156	2774730	1	575	NC_002945.4	NODE_143_length_720_cov_3.134907	99.48		True
CONTIG	NODE_143_length_720_cov_3.134907	720	correct
2773612	2774155	544	1	NC_002945.4	NODE_144_length_691_cov_1.824468	99.82		True
CONTIG	NODE_144_length_691_cov_1.824468	691	correct
1218567	1218815	329	577	NC_002945.4	NODE_145_length_680_cov_0.661844	99.6		True
CONTIG	NODE_145_length_680_cov_0.661844	680	correct
2056471	2056771	201	501	NC_002945.4	NODE_146_length_674_cov_0.535649	100.0		True
CONTIG	NODE_146_length_674_cov_0.535649	674	correct
3340552	3341186	635	1	NC_002945.4	NODE_147_length_635_cov_20.600394	100.0		True
CONTIG	NODE_147_length_635_cov_20.600394	635	correct
CONTIG	NODE_148_length_625_cov_0.528112	625	unaligned
930249	930335	1	87	NC_002945.4	NODE_149_length_602_cov_3.052632	100.0		True
local misassembly
930027	930541	88	602	NC_002945.4	NODE_149_length_602_cov_3.052632	100.0		True
CONTIG	NODE_149_length_602_cov_3.052632	602	correct
3338676	3339263	588	1	NC_002945.4	NODE_150_length_588_cov_41.670282	100.0		True
CONTIG	NODE_150_length_588_cov_41.670282	588	correct
3880512	3881088	577	1	NC_002945.4	NODE_151_length_588_cov_14.453362	98.96		True
CONTIG	NODE_151_length_588_cov_14.453362	588	correct
132071	132619	26	574	NC_002945.4	NODE_152_length_574_cov_1.029083	99.82		True
CONTIG	NODE_152_length_574_cov_1.029083	574	correct
4294058	4294612	555	1	NC_002945.4	NODE_153_length_555_cov_1.464953	99.82		True
CONTIG	NODE_153_length_555_cov_1.464953	555	correct
1091325	1091746	37	458	NC_002945.4	NODE_154_length_550_cov_1.264775	99.29		True
CONTIG	NODE_154_length_550_cov_1.264775	550	correct
3845679	3846209	531	1	NC_002945.4	NODE_155_length_531_cov_25.475248	100.0		True
CONTIG	NODE_155_length_531_cov_25.475248	531	correct
