S1	E1	S2	E2	Reference	Contig	IDY	Ambiguous	Best_group
3445573	3673271	227591	1	NC_002945.4	NODE_1_length_227591_cov_110.054470	99.93		True
CONTIG	NODE_1_length_227591_cov_110.054470	227591	correct
2444879	2665690	221029	166	NC_002945.4	NODE_2_length_221029_cov_106.072258	99.96		True
CONTIG	NODE_2_length_221029_cov_106.072258	221029	correct
1779460	1986496	206738	93	NC_002945.4	NODE_3_length_206738_cov_104.974982	99.8		True
CONTIG	NODE_3_length_206738_cov_104.974982	206738	correct
402605	607788	1	204915	NC_002945.4	NODE_4_length_204915_cov_106.804510	99.86		True
CONTIG	NODE_4_length_204915_cov_106.804510	204915	correct
2957039	3124667	167178	239	NC_002945.4	NODE_5_length_167178_cov_105.627772	99.44		True
CONTIG	NODE_5_length_167178_cov_105.627772	167178	correct
824601	837857	13257	1	NC_002945.4	NODE_6_length_160749_cov_108.178344	99.98		True
local misassembly
676663	824045	160641	13258	NC_002945.4	NODE_6_length_160749_cov_108.178344	99.99		True
CONTIG	NODE_6_length_160749_cov_108.178344	160749	correct
30083	103918	73849	1	NC_002945.4	NODE_7_length_159113_cov_111.676085	99.96		True
local misassembly
1	29469	103319	73851	NC_002945.4	NODE_7_length_159113_cov_111.676085	99.99		True
fake: not a misassembly [linear representation of circular genome]
4294267	4349904	158956	103320	NC_002945.4	NODE_7_length_159113_cov_111.676085	99.99		True
CONTIG	NODE_7_length_159113_cov_111.676085	159113	correct
150080	306653	119	156665	NC_002945.4	NODE_8_length_156715_cov_106.929663	99.97		True
CONTIG	NODE_8_length_156715_cov_106.929663	156715	correct
970160	1009472	104	39415	NC_002945.4	NODE_9_length_141654_cov_109.081023	99.98		True
relocation, inconsistency = 1457
1010930	1092122	39416	120611	NC_002945.4	NODE_9_length_141654_cov_109.081023	99.99		True
relocation, inconsistency = 76695
1170557	1189860	141654	122351	NC_002945.4	NODE_9_length_141654_cov_109.081023	99.99		True
CONTIG	NODE_9_length_141654_cov_109.081023	141654	misassembled
1638974	1769053	130171	93	NC_002945.4	NODE_10_length_141072_cov_111.720756	99.99		True
local misassembly
1638385	1638778	130565	130172	NC_002945.4	NODE_10_length_141072_cov_111.720756	100.0		True
relocation, inconsistency = 3935
1633544	1634449	131471	130566	NC_002945.4	NODE_10_length_141072_cov_111.720756	100.0		True
local misassembly
1623825	1633291	140890	131472	NC_002945.4	NODE_10_length_141072_cov_111.720756	99.44		True
CONTIG	NODE_10_length_141072_cov_111.720756	141072	misassembled
3219413	3338802	90	119705	NC_002945.4	NODE_11_length_119705_cov_109.478182	99.88		True
CONTIG	NODE_11_length_119705_cov_109.478182	119705	correct
2057118	2083604	280	26766	NC_002945.4	NODE_12_length_104460_cov_106.501433	99.98		True
local misassembly
2083596	2158516	26905	101825	NC_002945.4	NODE_12_length_104460_cov_106.501433	99.98		True
local misassembly
2158655	2158913	101826	102084	NC_002945.4	NODE_12_length_104460_cov_106.501433	100.0		True
fake: scaffold gap size wrong estimation (local)
2158914	2160444	102116	103646	NC_002945.4	NODE_12_length_104460_cov_106.501433	95.49		True
CONTIG	NODE_12_length_104460_cov_106.501433	104460	correct
3343594	3442410	98885	1	NC_002945.4	NODE_13_length_98885_cov_109.614786	99.92		True
CONTIG	NODE_13_length_98885_cov_109.614786	98885	correct
3124615	3209295	118	84788	NC_002945.4	NODE_14_length_84788_cov_106.141317	99.86		True
CONTIG	NODE_14_length_84788_cov_106.141317	84788	correct
3897145	3979547	82506	113	NC_002945.4	NODE_15_length_82506_cov_107.712657	99.98		True
CONTIG	NODE_15_length_82506_cov_107.712657	82506	correct
1491980	1573931	112	82063	NC_002945.4	NODE_16_length_82085_cov_113.369299	99.93		True
CONTIG	NODE_16_length_82085_cov_113.369299	82085	correct
4035863	4117293	81431	116	NC_002945.4	NODE_17_length_81705_cov_103.893403	99.85		True
CONTIG	NODE_17_length_81705_cov_103.893403	81705	correct
2693912	2772089	1	78177	NC_002945.4	NODE_18_length_78177_cov_105.600961	99.99		True
CONTIG	NODE_18_length_78177_cov_105.600961	78177	correct
4117278	4193715	76438	1	NC_002945.4	NODE_19_length_76612_cov_108.255004	99.99		True
CONTIG	NODE_19_length_76612_cov_108.255004	76612	correct
1096985	1165170	68186	1	NC_002945.4	NODE_20_length_68186_cov_104.746220	99.99		True
CONTIG	NODE_20_length_68186_cov_104.746220	68186	correct
3759013	3777383	18373	1	NC_002945.4	NODE_21_length_64780_cov_100.645770	99.97		True
local misassembly
3737688	3758796	39482	18374	NC_002945.4	NODE_21_length_64780_cov_100.645770	100.0		True
local misassembly
3712180	3737477	64780	39483	NC_002945.4	NODE_21_length_64780_cov_100.645770	99.97		True
CONTIG	NODE_21_length_64780_cov_100.645770	64780	correct
2852094	2916393	113	64412	NC_002945.4	NODE_22_length_64412_cov_102.764144	99.98		True
CONTIG	NODE_22_length_64412_cov_102.764144	64412	correct
4194926	4259153	64228	1	NC_002945.4	NODE_23_length_64228_cov_113.616137	99.99		True
CONTIG	NODE_23_length_64228_cov_113.616137	64228	correct
1280097	1342059	1	62025	NC_002945.4	NODE_24_length_62025_cov_114.096934	99.89		True
CONTIG	NODE_24_length_62025_cov_114.096934	62025	correct
1996344	2056365	60416	395	NC_002945.4	NODE_25_length_60535_cov_108.563866	99.98		True
CONTIG	NODE_25_length_60535_cov_108.563866	60535	correct
1219211	1278412	59202	1	NC_002945.4	NODE_26_length_59304_cov_105.210673	99.98		True
CONTIG	NODE_26_length_59304_cov_105.210673	59304	correct
3777400	3835785	58318	1	NC_002945.4	NODE_27_length_58318_cov_109.076111	99.87		True
CONTIG	NODE_27_length_58318_cov_109.076111	58318	correct
1413935	1470724	1	56733	NC_002945.4	NODE_28_length_56733_cov_109.115235	99.89		True
CONTIG	NODE_28_length_56733_cov_109.115235	56733	correct
4000854	4035841	35151	173	NC_002945.4	NODE_29_length_55829_cov_104.662508	99.95		True
local misassembly
3980175	4000742	55708	35152	NC_002945.4	NODE_29_length_55829_cov_104.662508	99.95		True
CONTIG	NODE_29_length_55829_cov_104.662508	55829	correct
2192685	2245161	52477	1	NC_002945.4	NODE_30_length_52477_cov_120.518472	99.99		True
CONTIG	NODE_30_length_52477_cov_120.518472	52477	correct
2801012	2852018	51068	62	NC_002945.4	NODE_31_length_51068_cov_105.102746	99.99		True
CONTIG	NODE_31_length_51068_cov_105.102746	51068	correct
625025	673159	124	48258	NC_002945.4	NODE_32_length_50850_cov_97.859235	99.99		True
inversion
673402	675883	50740	48259	NC_002945.4	NODE_32_length_50850_cov_97.859235	99.76		True
CONTIG	NODE_32_length_50850_cov_97.859235	50850	misassembled
1574012	1623839	50000	173	NC_002945.4	NODE_33_length_50119_cov_106.525864	99.98		True
CONTIG	NODE_33_length_50119_cov_106.525864	50119	correct
2409167	2422776	13610	1	NC_002945.4	NODE_34_length_49498_cov_97.169816	99.98		True
local misassembly
2372433	2408290	49410	13611	NC_002945.4	NODE_34_length_49498_cov_97.169816	99.83		True
CONTIG	NODE_34_length_49498_cov_97.169816	49498	correct
842237	891078	58	48851	NC_002945.4	NODE_35_length_48851_cov_107.006239	99.86		True
CONTIG	NODE_35_length_48851_cov_107.006239	48851	correct
2326313	2372288	46096	121	NC_002945.4	NODE_36_length_46096_cov_101.029933	99.99		True
CONTIG	NODE_36_length_46096_cov_101.029933	46096	correct
105040	149960	1	44921	NC_002945.4	NODE_37_length_45020_cov_106.915911	99.97		True
CONTIG	NODE_37_length_45020_cov_106.915911	45020	correct
1343879	1386852	1	42979	NC_002945.4	NODE_38_length_43071_cov_108.005472	99.99		True
CONTIG	NODE_38_length_43071_cov_108.005472	43071	correct
928394	928975	1	591	NC_002945.4	NODE_39_length_42198_cov_102.753916	98.48		True
local misassembly
928970	970109	730	42109	NC_002945.4	NODE_39_length_42198_cov_102.753916	99.4		True
CONTIG	NODE_39_length_42198_cov_102.753916	42198	correct
3836888	3878179	41433	150	NC_002945.4	NODE_40_length_41433_cov_108.563937	99.96		True
CONTIG	NODE_40_length_41433_cov_108.563937	41433	correct
363855	401308	179	37632	NC_002945.4	NODE_41_length_37632_cov_106.880736	99.99		True
CONTIG	NODE_41_length_37632_cov_106.880736	37632	correct
2246369	2283745	37379	1	NC_002945.4	NODE_42_length_37379_cov_115.857538	99.95		True
CONTIG	NODE_42_length_37379_cov_115.857538	37379	correct
3674358	3711048	1	36673	NC_002945.4	NODE_43_length_36673_cov_80.592267	99.95		True
CONTIG	NODE_43_length_36673_cov_80.592267	36673	correct
4259930	4292758	1	32827	NC_002945.4	NODE_44_length_32827_cov_112.566361	99.98		True
CONTIG	NODE_44_length_32827_cov_112.566361	32827	correct
2294650	2325770	1	31120	NC_002945.4	NODE_45_length_31239_cov_96.146567	99.99		True
CONTIG	NODE_45_length_31239_cov_96.146567	31239	correct
2161798	2192094	1	30298	NC_002945.4	NODE_46_length_30298_cov_109.983759	99.99		True
CONTIG	NODE_46_length_30298_cov_109.983759	30298	correct
2665838	2693421	121	27703	NC_002945.4	NODE_47_length_27703_cov_104.519256	99.99		True
CONTIG	NODE_47_length_27703_cov_104.519256	27703	correct
333299	333426	332	205	NC_002945.4	NODE_48_length_26878_cov_102.729767	99.76		True
indel: stretch of mismatches
306765	333298	26761	333	NC_002945.4	NODE_48_length_26878_cov_102.729767	99.6		True
CONTIG	NODE_48_length_26878_cov_102.729767	26878	correct
1386943	1412955	247	26259	NC_002945.4	NODE_49_length_26259_cov_98.942752	99.98		True
CONTIG	NODE_49_length_26259_cov_98.942752	26259	correct
338778	363700	24957	122	NC_002945.4	NODE_50_length_25174_cov_100.868407	99.62		True
CONTIG	NODE_50_length_25174_cov_100.868407	25174	correct
2776939	2799828	22890	1	NC_002945.4	NODE_51_length_23083_cov_115.535416	100.0		True
CONTIG	NODE_51_length_23083_cov_115.535416	23083	correct
2423267	2444896	21630	1	NC_002945.4	NODE_52_length_21630_cov_108.842859	99.99		True
CONTIG	NODE_52_length_21630_cov_108.842859	21630	correct
1193130	1214472	3	21270	NC_002945.4	NODE_53_length_21505_cov_105.714894	99.62		True
CONTIG	NODE_53_length_21505_cov_105.714894	21505	correct
1471935	1490747	1	18814	NC_002945.4	NODE_54_length_19841_cov_111.407984	99.97		True
local misassembly
1490961	1491782	18815	19636	NC_002945.4	NODE_54_length_19841_cov_111.407984	100.0		True
CONTIG	NODE_54_length_19841_cov_111.407984	19841	correct
892165	909508	17344	1	NC_002945.4	NODE_55_length_17344_cov_106.825289	99.99		True
CONTIG	NODE_55_length_17344_cov_106.825289	17344	correct
910050	926332	1	16283	NC_002945.4	NODE_56_length_16405_cov_106.583610	99.99		True
CONTIG	NODE_56_length_16405_cov_106.583610	16405	correct
2916851	2932870	1	16020	NC_002945.4	NODE_57_length_16020_cov_115.615051	99.97		True
CONTIG	NODE_57_length_16020_cov_115.615051	16020	correct
609085	624317	1	15233	NC_002945.4	NODE_58_length_15354_cov_101.862284	99.99		True
CONTIG	NODE_58_length_15354_cov_101.862284	15354	correct
3881836	3882155	115	434	NC_002945.4	NODE_59_length_12633_cov_48.556933	100.0		True
local misassembly
3882139	3884027	586	2522	NC_002945.4	NODE_59_length_12633_cov_48.556933	97.69		True
local misassembly
3884643	3890278	2523	8167	NC_002945.4	NODE_59_length_12633_cov_48.556933	99.79		True
local misassembly
3890969	3895421	8168	12620	NC_002945.4	NODE_59_length_12633_cov_48.556933	99.92		True
CONTIG	NODE_59_length_12633_cov_48.556933	12633	correct
2944619	2957076	12458	1	NC_002945.4	NODE_60_length_12458_cov_103.940475	99.98		True
CONTIG	NODE_60_length_12458_cov_103.940475	12458	correct
2933654	2943963	10310	1	NC_002945.4	NODE_61_length_10310_cov_107.187862	99.99		True
CONTIG	NODE_61_length_10310_cov_107.187862	10310	correct
3209394	3219304	10036	126	NC_002945.4	NODE_62_length_10144_cov_98.955975	100.0		True
CONTIG	NODE_62_length_10144_cov_98.955975	10144	correct
334193	336637	1	2445	NC_002945.4	NODE_63_length_7589_cov_82.325650	99.84		True
relocation, inconsistency = 1650347
1986985	1992127	2446	7589	NC_002945.4	NODE_63_length_7589_cov_82.325650	99.96		True
CONTIG	NODE_63_length_7589_cov_82.325650	7589	misassembled
1218580	1219139	560	1	NC_002945.4	NODE_64_length_4656_cov_84.515346	100.0		True
local misassembly
1214750	1218318	4129	561	NC_002945.4	NODE_64_length_4656_cov_84.515346	100.0		True
local misassembly
1214498	1214774	4525	4249	NC_002945.4	NODE_64_length_4656_cov_84.515346	98.92		True
CONTIG	NODE_64_length_4656_cov_84.515346	4656	correct
1165899	1169900	4002	1	NC_002945.4	NODE_65_length_4002_cov_105.544516	99.98		True
CONTIG	NODE_65_length_4002_cov_105.544516	4002	correct
1092492	1096317	3826	1	NC_002945.4	NODE_66_length_3944_cov_95.686403	100.0		True
CONTIG	NODE_66_length_3944_cov_95.686403	3944	correct
3878234	3881088	248	3102	NC_002945.4	NODE_67_length_3102_cov_18.467227	100.0		True
CONTIG	NODE_67_length_3102_cov_18.467227	3102	correct
2284620	2287647	1	3028	NC_002945.4	NODE_68_length_3028_cov_77.154774	99.77		True
CONTIG	NODE_68_length_3028_cov_77.154774	3028	correct
2290710	2293716	1	3007	NC_002945.4	NODE_69_length_3007_cov_80.381944	100.0		True
CONTIG	NODE_69_length_3007_cov_80.381944	3007	correct
1993335	1996107	2773	1	NC_002945.4	NODE_70_length_2773_cov_123.878307	100.0		True
CONTIG	NODE_70_length_2773_cov_123.878307	2773	correct
1635657	1638030	1	2425	NC_002945.4	NODE_71_length_2425_cov_76.208442	97.9		True
CONTIG	NODE_71_length_2425_cov_76.208442	2425	correct
336693	338755	190	2261	NC_002945.4	NODE_72_length_2422_cov_27.405664	99.57		True
CONTIG	NODE_72_length_2422_cov_27.405664	2422	correct
2774327	2776127	128	1928	NC_002945.4	NODE_73_length_1928_cov_16.062743	100.0		True
CONTIG	NODE_73_length_1928_cov_16.062743	1928	correct
401182	402731	1	1550	NC_002945.4	NODE_74_length_1550_cov_180.489108	99.87		True
CONTIG	NODE_74_length_1550_cov_180.489108	1550	correct
4193589	4195052	1464	1	NC_002945.4	NODE_75_length_1464_cov_240.550486	100.0		True
CONTIG	NODE_75_length_1464_cov_240.550486	1464	correct
1992001	1993461	1461	1	NC_002945.4	NODE_76_length_1461_cov_159.269865	100.0		True
CONTIG	NODE_76_length_1461_cov_159.269865	1461	correct
3443593	3445031	1439	1	NC_002945.4	NODE_77_length_1439_cov_134.922256	100.0		True
CONTIG	NODE_77_length_1439_cov_134.922256	1439	correct
3673145	3674484	1340	1	NC_002945.4	NODE_78_length_1340_cov_187.600165	100.0		True
CONTIG	NODE_78_length_1340_cov_187.600165	1340	correct
3339137	3340461	1325	1	NC_002945.4	NODE_79_length_1325_cov_126.686978	100.0		True
CONTIG	NODE_79_length_1325_cov_126.686978	1325	correct
3835659	3836979	1	1321	NC_002945.4	NODE_80_length_1321_cov_243.802345	99.77		True
CONTIG	NODE_80_length_1321_cov_243.802345	1321	correct
2288581	2289835	1	1255	NC_002945.4	NODE_81_length_1255_cov_109.565603	100.0		True
CONTIG	NODE_81_length_1255_cov_109.565603	1255	correct
839675	840848	17	1190	NC_002945.4	NODE_82_length_1190_cov_46.664158	99.91		True
CONTIG	NODE_82_length_1190_cov_46.664158	1190	correct
838200	838987	136	923	NC_002945.4	NODE_83_length_1188_cov_2.419416	100.0		True
local misassembly
839331	839579	940	1188	NC_002945.4	NODE_83_length_1188_cov_2.419416	100.0		True
CONTIG	NODE_83_length_1188_cov_2.419416	1188	correct
2293590	2294776	1	1187	NC_002945.4	NODE_84_length_1187_cov_98.522642	100.0		True
CONTIG	NODE_84_length_1187_cov_98.522642	1187	correct
4292759	4293901	1	1143	NC_002945.4	NODE_85_length_1143_cov_94.809449	100.0		True
CONTIG	NODE_85_length_1143_cov_94.809449	1143	correct
2283619	2284746	1128	1	NC_002945.4	NODE_86_length_1128_cov_195.012987	99.91		True
CONTIG	NODE_86_length_1128_cov_195.012987	1128	correct
3711277	3712306	1030	1	NC_002945.4	NODE_87_length_1030_cov_255.709856	100.0		True
CONTIG	NODE_87_length_1030_cov_255.709856	1030	correct
1165044	1166025	982	1	NC_002945.4	NODE_88_length_982_cov_202.332164	100.0		True
CONTIG	NODE_88_length_982_cov_202.332164	982	correct
3442285	3443193	909	1	NC_002945.4	NODE_89_length_909_cov_682.144501	100.0		True
CONTIG	NODE_89_length_909_cov_682.144501	909	correct
3341521	3342410	890	1	NC_002945.4	NODE_90_length_890_cov_105.808650	100.0		True
CONTIG	NODE_90_length_890_cov_105.808650	890	correct
2191968	2192811	1	844	NC_002945.4	NODE_91_length_844_cov_213.125523	100.0		True
CONTIG	NODE_91_length_844_cov_213.125523	844	correct
3444905	3445699	1	795	NC_002945.4	NODE_92_length_795_cov_242.706587	100.0		True
CONTIG	NODE_92_length_795_cov_242.706587	795	correct
841413	841948	652	126	NC_002945.4	NODE_93_length_755_cov_3.855096	98.32		True
local misassembly
841520	841622	755	653	NC_002945.4	NODE_93_length_755_cov_3.855096	100.0		True
CONTIG	NODE_93_length_755_cov_3.855096	755	correct
2693295	2694038	1	744	NC_002945.4	NODE_94_length_744_cov_168.463533	100.0		True
CONTIG	NODE_94_length_744_cov_168.463533	744	correct
3979662	3980084	109	531	NC_002945.4	NODE_95_length_697_cov_4.533333	100.0		True
CONTIG	NODE_95_length_697_cov_4.533333	697	correct
2773472	2774012	667	127	NC_002945.4	NODE_96_length_685_cov_9.055556	100.0		True
CONTIG	NODE_96_length_685_cov_9.055556	685	correct
3340552	3341186	635	1	NC_002945.4	NODE_97_length_635_cov_112.996063	100.0		True
CONTIG	NODE_97_length_635_cov_112.996063	635	correct
1342064	1342697	1	634	NC_002945.4	NODE_98_length_634_cov_134.471400	100.0		True
CONTIG	NODE_98_length_634_cov_134.471400	634	correct
927063	927440	501	124	NC_002945.4	NODE_99_length_614_cov_5.505133	100.0		True
inversion
927235	927337	502	604	NC_002945.4	NODE_99_length_614_cov_5.505133	99.08		True
CONTIG	NODE_99_length_614_cov_5.505133	614	misassembled
3338676	3339263	588	1	NC_002945.4	NODE_100_length_588_cov_192.494577	100.0		True
CONTIG	NODE_100_length_588_cov_192.494577	588	correct
