S1	E1	S2	E2	Reference	Contig	IDY	Ambiguous	Best_group
2453602	2665691	1	212144	NC_002945.4	NODE_1_length_212172_cov_44.341470	99.96		True
CONTIG	NODE_1_length_212172_cov_44.341470	212172	correct
411471	607788	75	196123	NC_002945.4	NODE_2_length_196123_cov_43.931601	99.85		True
CONTIG	NODE_2_length_196123_cov_43.931601	196123	correct
3514196	3673271	128	159092	NC_002945.4	NODE_3_length_159092_cov_44.925355	99.92		True
CONTIG	NODE_3_length_159092_cov_44.925355	159092	correct
150018	306687	1	156643	NC_002945.4	NODE_4_length_156643_cov_43.881578	99.97		True
CONTIG	NODE_4_length_156643_cov_43.881578	156643	correct
30083	103918	73849	1	NC_002945.4	NODE_5_length_143820_cov_44.114202	99.96		True
local misassembly
1	29469	103319	73851	NC_002945.4	NODE_5_length_143820_cov_44.114202	99.98		True
fake: not a misassembly [linear representation of circular genome]
4309403	4349904	143820	103320	NC_002945.4	NODE_5_length_143820_cov_44.114202	99.99		True
CONTIG	NODE_5_length_143820_cov_44.114202	143820	correct
1638879	1769053	1	130173	NC_002945.4	NODE_6_length_130265_cov_46.051591	99.99		True
CONTIG	NODE_6_length_130265_cov_46.051591	130265	correct
2957039	3081542	124549	1	NC_002945.4	NODE_7_length_124549_cov_43.446111	99.87		True
CONTIG	NODE_7_length_124549_cov_43.446111	124549	correct
970179	1009472	1	39293	NC_002945.4	NODE_8_length_119975_cov_44.311152	99.98		True
relocation, inconsistency = 1457
1010930	1091490	39294	119857	NC_002945.4	NODE_8_length_119975_cov_44.311152	99.99		True
CONTIG	NODE_8_length_119975_cov_44.311152	119975	misassembled
3297493	3338802	41479	1	NC_002945.4	NODE_9_length_119673_cov_43.931943	99.81		True
indel: stretch of mismatches
3219373	3297478	119656	41494	NC_002945.4	NODE_9_length_119673_cov_43.931943	99.92		True
CONTIG	NODE_9_length_119673_cov_43.931943	119673	correct
1869286	1985582	115831	1	NC_002945.4	NODE_10_length_115831_cov_43.231876	99.58		True
CONTIG	NODE_10_length_115831_cov_43.231876	115831	correct
824601	838025	13484	60	NC_002945.4	NODE_11_length_111062_cov_44.631703	99.98		True
local misassembly
726469	824045	111062	13485	NC_002945.4	NODE_11_length_111062_cov_44.631703	99.99		True
CONTIG	NODE_11_length_111062_cov_44.631703	111062	correct
3343594	3442410	1	98885	NC_002945.4	NODE_12_length_98885_cov_46.421444	99.92		True
CONTIG	NODE_12_length_98885_cov_46.421444	98885	correct
3897450	3979434	82019	35	NC_002945.4	NODE_13_length_84292_cov_42.447312	99.99		True
relocation, inconsistency = 3857
3892596	3893592	83016	82020	NC_002945.4	NODE_13_length_84292_cov_42.447312	99.13		True
inversion
3891549	3892634	83017	84102	NC_002945.4	NODE_13_length_84292_cov_42.447312	99.72		True
CONTIG	NODE_13_length_84292_cov_42.447312	84292	misassembled
2056979	2083604	12	26637	NC_002945.4	NODE_14_length_83894_cov_45.030107	99.98		True
local misassembly
2083596	2140714	26776	83894	NC_002945.4	NODE_14_length_83894_cov_45.030107	99.99		True
CONTIG	NODE_14_length_83894_cov_45.030107	83894	correct
1491980	1573350	104	81474	NC_002945.4	NODE_15_length_81566_cov_46.755461	99.93		True
CONTIG	NODE_15_length_81566_cov_46.755461	81566	correct
2693912	2773113	79201	1	NC_002945.4	NODE_16_length_79201_cov_43.327516	99.99		True
CONTIG	NODE_16_length_79201_cov_43.327516	79201	correct
1779460	1853754	1	74295	NC_002945.4	NODE_17_length_74352_cov_43.762209	99.99		True
CONTIG	NODE_17_length_74352_cov_43.762209	74352	correct
3124600	3193870	1	69217	NC_002945.4	NODE_18_length_69217_cov_43.176509	99.91		True
CONTIG	NODE_18_length_69217_cov_43.176509	69217	correct
1096985	1165170	1	68175	NC_002945.4	NODE_19_length_68175_cov_43.389710	99.97		True
CONTIG	NODE_19_length_68175_cov_43.389710	68175	correct
3445573	3510803	1	65234	NC_002945.4	NODE_20_length_65361_cov_44.568323	99.97		True
CONTIG	NODE_20_length_65361_cov_44.568323	65361	correct
2852104	2916393	1	64289	NC_002945.4	NODE_21_length_64289_cov_43.099171	99.98		True
CONTIG	NODE_21_length_64289_cov_43.099171	64289	correct
4194926	4259153	64228	1	NC_002945.4	NODE_22_length_64228_cov_45.646386	99.99		True
CONTIG	NODE_22_length_64228_cov_45.646386	64228	correct
1280097	1343223	1	63189	NC_002945.4	NODE_23_length_63189_cov_47.630871	99.89		True
CONTIG	NODE_23_length_63189_cov_47.630871	63189	correct
4035899	4097403	61505	1	NC_002945.4	NODE_24_length_61505_cov_41.374515	99.99		True
CONTIG	NODE_24_length_61505_cov_41.374515	61505	correct
1219389	1278412	1	59024	NC_002945.4	NODE_25_length_59024_cov_42.600557	99.98		True
CONTIG	NODE_25_length_59024_cov_42.600557	59024	correct
3777400	3835785	1	58318	NC_002945.4	NODE_26_length_58318_cov_43.517692	99.87		True
CONTIG	NODE_26_length_58318_cov_43.517692	58318	correct
1413935	1470724	56733	1	NC_002945.4	NODE_27_length_56733_cov_46.737395	99.89		True
CONTIG	NODE_27_length_56733_cov_46.737395	56733	correct
2192685	2246066	53382	1	NC_002945.4	NODE_28_length_53382_cov_50.684330	99.99		True
CONTIG	NODE_28_length_53382_cov_50.684330	53382	correct
4141988	4193715	51728	1	NC_002945.4	NODE_29_length_51728_cov_44.672778	99.99		True
CONTIG	NODE_29_length_51728_cov_44.672778	51728	correct
4000854	4035788	34935	1	NC_002945.4	NODE_30_length_51128_cov_42.956295	99.96		True
fake: scaffold gap size wrong estimation (local)
3984616	4000631	51051	35036	NC_002945.4	NODE_30_length_51128_cov_42.956295	99.99		True
CONTIG	NODE_30_length_51128_cov_42.956295	51128	correct
2801012	2852054	51043	1	NC_002945.4	NODE_31_length_51043_cov_42.635046	99.99		True
CONTIG	NODE_31_length_51043_cov_42.635046	51043	correct
676598	726447	1	49850	NC_002945.4	NODE_32_length_49850_cov_42.720190	99.99		True
CONTIG	NODE_32_length_49850_cov_42.720190	49850	correct
1574036	1623825	1	49790	NC_002945.4	NODE_33_length_49790_cov_42.107021	99.98		True
CONTIG	NODE_33_length_49790_cov_42.107021	49790	correct
842774	891078	48305	1	NC_002945.4	NODE_34_length_48305_cov_42.890925	99.98		True
CONTIG	NODE_34_length_48305_cov_42.890925	48305	correct
625372	673403	17	48048	NC_002945.4	NODE_35_length_48048_cov_42.212349	99.99		True
CONTIG	NODE_35_length_48048_cov_42.212349	48048	correct
1993106	1995967	181	3042	NC_002945.4	NODE_36_length_46602_cov_43.466832	100.0		True
relocation, inconsistency = 1131
1997099	2040658	3043	46602	NC_002945.4	NODE_36_length_46602_cov_43.466832	99.98		True
CONTIG	NODE_36_length_46602_cov_43.466832	46602	misassembled
2326988	2343741	16754	1	NC_002945.4	NODE_37_length_46496_cov_41.306972	99.98		True
relocation, inconsistency = 2596
2294650	2324391	46496	16755	NC_002945.4	NODE_37_length_46496_cov_41.306972	99.99		True
CONTIG	NODE_37_length_46496_cov_41.306972	46496	misassembled
4097387	4141732	44401	56	NC_002945.4	NODE_38_length_44401_cov_44.532209	99.99		True
CONTIG	NODE_38_length_44401_cov_44.532209	44401	correct
1343879	1386664	42791	1	NC_002945.4	NODE_39_length_42791_cov_43.161893	99.99		True
CONTIG	NODE_39_length_42791_cov_43.161893	42791	correct
3836888	3877918	1	41032	NC_002945.4	NODE_40_length_41369_cov_44.007007	99.93		True
CONTIG	NODE_40_length_41369_cov_44.007007	41369	correct
3082644	3124608	1	41231	NC_002945.4	NODE_41_length_41231_cov_44.828387	98.19		True
CONTIG	NODE_41_length_41231_cov_44.828387	41231	correct
1853877	1869295	15423	5	NC_002945.4	NODE_42_length_40847_cov_31.804249	99.99		True
relocation, inconsistency = -1845923
3674358	3699799	40847	15424	NC_002945.4	NODE_42_length_40847_cov_31.804249	99.92		True
CONTIG	NODE_42_length_40847_cov_31.804249	40847	misassembled
930759	970118	1	39312	NC_002945.4	NODE_43_length_39312_cov_42.452392	99.84		True
CONTIG	NODE_43_length_39312_cov_42.452392	39312	correct
363901	401308	37408	1	NC_002945.4	NODE_44_length_37408_cov_42.141493	99.99		True
CONTIG	NODE_44_length_37408_cov_42.141493	37408	correct
2246369	2283745	1	37379	NC_002945.4	NODE_45_length_37379_cov_47.915629	99.95		True
CONTIG	NODE_45_length_37379_cov_47.915629	37379	correct
4281767	4293954	12188	1	NC_002945.4	NODE_46_length_33777_cov_43.307786	99.99		True
local misassembly
4259930	4281520	33777	12189	NC_002945.4	NODE_46_length_33777_cov_43.307786	99.98		True
CONTIG	NODE_46_length_33777_cov_43.307786	33777	correct
3724846	3737454	1	12609	NC_002945.4	NODE_47_length_33564_cov_44.301791	99.98		True
local misassembly
3737665	3758619	12610	33564	NC_002945.4	NODE_47_length_33564_cov_44.301791	100.0		True
CONTIG	NODE_47_length_33564_cov_44.301791	33564	correct
2423267	2453562	30352	171	NC_002945.4	NODE_48_length_30352_cov_43.441787	99.61		True
CONTIG	NODE_48_length_30352_cov_43.441787	30352	correct
2161798	2192094	1	30298	NC_002945.4	NODE_49_length_30298_cov_44.903285	99.99		True
CONTIG	NODE_49_length_30298_cov_44.903285	30298	correct
2665986	2693421	27435	1	NC_002945.4	NODE_50_length_27436_cov_45.487568	99.99		True
CONTIG	NODE_50_length_27436_cov_45.487568	27436	correct
105040	131883	26997	154	NC_002945.4	NODE_51_length_26997_cov_44.166022	99.98		True
CONTIG	NODE_51_length_26997_cov_44.166022	26997	correct
306710	333298	26720	237	NC_002945.4	NODE_52_length_26720_cov_41.725116	99.6		True
CONTIG	NODE_52_length_26720_cov_41.725116	26720	correct
2345714	2372198	26485	1	NC_002945.4	NODE_53_length_26578_cov_44.608408	99.98		True
CONTIG	NODE_53_length_26578_cov_44.608408	26578	correct
1387040	1412955	25916	1	NC_002945.4	NODE_54_length_26049_cov_41.276175	99.98		True
CONTIG	NODE_54_length_26049_cov_41.276175	26049	correct
338085	363659	1	25497	NC_002945.4	NODE_55_length_25660_cov_37.933968	99.6		True
CONTIG	NODE_55_length_25660_cov_37.933968	25660	correct
2776958	2799828	22871	1	NC_002945.4	NODE_56_length_22871_cov_45.651688	100.0		True
CONTIG	NODE_56_length_22871_cov_45.651688	22871	correct
2386668	2408610	21943	1	NC_002945.4	NODE_57_length_21943_cov_35.523698	100.0		True
CONTIG	NODE_57_length_21943_cov_35.523698	21943	correct
2140774	2158516	1	17743	NC_002945.4	NODE_58_length_20378_cov_44.171251	99.96		True
local misassembly
2158655	2158913	17744	18002	NC_002945.4	NODE_58_length_20378_cov_44.171251	100.0		True
fake: scaffold gap size wrong estimation (local)
2158914	2160444	18034	19564	NC_002945.4	NODE_58_length_20378_cov_44.171251	95.49		True
CONTIG	NODE_58_length_20378_cov_44.171251	20378	correct
1471935	1490747	1	18814	NC_002945.4	NODE_59_length_19151_cov_45.798307	99.98		True
local misassembly
1490961	1491276	18815	19130	NC_002945.4	NODE_59_length_19151_cov_45.798307	100.0		True
CONTIG	NODE_59_length_19151_cov_45.798307	19151	correct
1171083	1189860	18875	98	NC_002945.4	NODE_60_length_18875_cov_42.999947	99.99		True
CONTIG	NODE_60_length_18875_cov_42.999947	18875	correct
3759366	3759936	1	571	NC_002945.4	NODE_61_length_17921_cov_39.918905	99.83		True
local misassembly
3760036	3777383	572	17921	NC_002945.4	NODE_61_length_17921_cov_39.918905	99.96		True
CONTIG	NODE_61_length_17921_cov_39.918905	17921	correct
132533	149949	17417	1	NC_002945.4	NODE_62_length_17417_cov_47.648294	99.97		True
CONTIG	NODE_62_length_17417_cov_47.648294	17417	correct
892165	909508	17344	1	NC_002945.4	NODE_63_length_17344_cov_43.956903	99.99		True
CONTIG	NODE_63_length_17344_cov_43.956903	17344	correct
910050	926207	16158	1	NC_002945.4	NODE_64_length_16158_cov_46.606512	99.99		True
CONTIG	NODE_64_length_16158_cov_46.606512	16158	correct
2916851	2932859	16009	1	NC_002945.4	NODE_65_length_16009_cov_46.594761	99.96		True
CONTIG	NODE_65_length_16009_cov_46.594761	16009	correct
3193780	3209295	1	15616	NC_002945.4	NODE_66_length_15616_cov_45.413196	100.0		True
CONTIG	NODE_66_length_15616_cov_45.413196	15616	correct
609085	624347	1	15263	NC_002945.4	NODE_67_length_15433_cov_40.562851	99.98		True
CONTIG	NODE_67_length_15433_cov_40.562851	15433	correct
4294618	4309320	14926	224	NC_002945.4	NODE_68_length_14926_cov_39.103858	99.99		True
CONTIG	NODE_68_length_14926_cov_39.103858	14926	correct
1190378	1204752	14513	139	NC_002945.4	NODE_69_length_14513_cov_40.850549	99.97		True
CONTIG	NODE_69_length_14513_cov_40.850549	14513	correct
2372457	2386761	14305	1	NC_002945.4	NODE_70_length_14305_cov_45.042531	99.98		True
CONTIG	NODE_70_length_14305_cov_45.042531	14305	correct
2409067	2422776	1	13710	NC_002945.4	NODE_71_length_13710_cov_42.751380	99.97		True
CONTIG	NODE_71_length_13710_cov_42.751380	13710	correct
2041242	2054199	13085	128	NC_002945.4	NODE_72_length_13330_cov_47.094751	99.98		True
CONTIG	NODE_72_length_13330_cov_47.094751	13330	correct
3712180	3724801	1	12622	NC_002945.4	NODE_73_length_12678_cov_27.191060	99.96		True
CONTIG	NODE_73_length_12678_cov_27.191060	12678	correct
2944619	2957076	12458	1	NC_002945.4	NODE_74_length_12458_cov_41.844295	99.98		True
CONTIG	NODE_74_length_12458_cov_41.844295	12458	correct
3700288	3711403	11116	1	NC_002945.4	NODE_75_length_11116_cov_30.003913	100.0		True
CONTIG	NODE_75_length_11116_cov_30.003913	11116	correct
2933784	2943963	1	10180	NC_002945.4	NODE_76_length_10180_cov_43.924699	99.99		True
CONTIG	NODE_76_length_10180_cov_43.924699	10180	correct
3209302	3219348	10047	1	NC_002945.4	NODE_77_length_10047_cov_43.089718	100.0		True
CONTIG	NODE_77_length_10047_cov_43.089718	10047	correct
1623859	1633325	9410	1	NC_002945.4	NODE_78_length_9410_cov_36.740924	99.37		True
CONTIG	NODE_78_length_9410_cov_36.740924	9410	correct
1204750	1213474	8818	94	NC_002945.4	NODE_79_length_8818_cov_40.266252	99.98		True
CONTIG	NODE_79_length_8818_cov_40.266252	8818	correct
402605	410938	1	8334	NC_002945.4	NODE_80_length_8334_cov_41.560375	99.99		True
CONTIG	NODE_80_length_8334_cov_41.560375	8334	correct
3884643	3890001	5368	1	NC_002945.4	NODE_81_length_7780_cov_17.441918	99.81		True
local misassembly
3882139	3884027	7305	5369	NC_002945.4	NODE_81_length_7780_cov_17.441918	97.69		True
local misassembly
3881832	3882155	7780	7457	NC_002945.4	NODE_81_length_7780_cov_17.441918	99.07		True
CONTIG	NODE_81_length_7780_cov_17.441918	7780	correct
1987217	1992127	217	5128	NC_002945.4	NODE_82_length_5128_cov_42.008198	99.98		True
CONTIG	NODE_82_length_5128_cov_42.008198	5128	correct
1214750	1218364	3640	26	NC_002945.4	NODE_83_length_4616_cov_29.708398	100.0		True
local misassembly
1213920	1214774	4614	3760	NC_002945.4	NODE_83_length_4616_cov_29.708398	99.42		True
CONTIG	NODE_83_length_4616_cov_29.708398	4616	correct
3980105	3984520	1	4416	NC_002945.4	NODE_84_length_4483_cov_35.118687	100.0		True
CONTIG	NODE_84_length_4483_cov_35.118687	4483	correct
1165899	1169900	4002	1	NC_002945.4	NODE_85_length_4002_cov_48.568516	99.98		True
CONTIG	NODE_85_length_4002_cov_48.568516	4002	correct
3510801	3514199	127	3525	NC_002945.4	NODE_86_length_3651_cov_54.097616	100.0		True
CONTIG	NODE_86_length_3651_cov_54.097616	3651	correct
2284620	2287647	3028	1	NC_002945.4	NODE_87_length_3028_cov_29.090314	99.77		True
CONTIG	NODE_87_length_3028_cov_29.090314	3028	correct
2290710	2293716	3007	1	NC_002945.4	NODE_88_length_3007_cov_27.581250	100.0		True
CONTIG	NODE_88_length_3007_cov_27.581250	3007	correct
1635657	1638240	1	2530	NC_002945.4	NODE_89_length_2884_cov_21.374320	97.91		True
local misassembly
1638385	1638738	2531	2884	NC_002945.4	NODE_89_length_2884_cov_21.374320	100.0		True
CONTIG	NODE_89_length_2884_cov_21.374320	2884	correct
3878164	3880292	1	2129	NC_002945.4	NODE_90_length_2763_cov_7.064112	100.0		True
local misassembly
3880455	3881088	2130	2763	NC_002945.4	NODE_90_length_2763_cov_7.064112	99.85		True
CONTIG	NODE_90_length_2763_cov_7.064112	2763	correct
928381	928975	30	633	NC_002945.4	NODE_91_length_2511_cov_10.413171	98.51		True
local misassembly
928970	930617	772	2419	NC_002945.4	NODE_91_length_2511_cov_10.413171	100.0		True
CONTIG	NODE_91_length_2511_cov_10.413171	2511	correct
2054195	2056402	2213	6	NC_002945.4	NODE_92_length_2338_cov_32.838987	100.0		True
relocation, inconsistency = -1028575
3082645	3082769	2338	2214	NC_002945.4	NODE_92_length_2338_cov_32.838987	100.0		True
CONTIG	NODE_92_length_2338_cov_32.838987	2338	misassembled
1094398	1096461	2064	1	NC_002945.4	NODE_93_length_2064_cov_42.267424	100.0		True
CONTIG	NODE_93_length_2064_cov_42.267424	2064	correct
2343803	2345662	1860	1	NC_002945.4	NODE_94_length_1860_cov_29.762262	100.0		True
CONTIG	NODE_94_length_1860_cov_29.762262	1860	correct
1092670	1094397	1728	1	NC_002945.4	NODE_95_length_1728_cov_28.200539	100.0		True
CONTIG	NODE_95_length_1728_cov_28.200539	1728	correct
2774182	2775779	1	1598	NC_002945.4	NODE_96_length_1598_cov_6.300476	99.94		True
CONTIG	NODE_96_length_1598_cov_6.300476	1598	correct
674535	674643	146	254	NC_002945.4	NODE_97_length_1566_cov_4.544128	100.0		True
local misassembly
674956	676276	255	1566	NC_002945.4	NODE_97_length_1566_cov_4.544128	99.32		True
CONTIG	NODE_97_length_1566_cov_4.544128	1566	correct
401182	402731	1550	1	NC_002945.4	NODE_98_length_1550_cov_69.761771	99.94		True
CONTIG	NODE_98_length_1550_cov_69.761771	1550	correct
334077	335589	1518	6	NC_002945.4	NODE_99_length_1518_cov_10.118620	99.74		True
CONTIG	NODE_99_length_1518_cov_10.118620	1518	correct
4193589	4195052	1	1464	NC_002945.4	NODE_100_length_1464_cov_96.971578	100.0		True
CONTIG	NODE_100_length_1464_cov_96.971578	1464	correct
3443593	3445031	1	1439	NC_002945.4	NODE_101_length_1439_cov_56.522866	100.0		True
CONTIG	NODE_101_length_1439_cov_56.522866	1439	correct
2324629	2325769	1211	71	NC_002945.4	NODE_102_length_1383_cov_29.961783	100.0		True
CONTIG	NODE_102_length_1383_cov_29.961783	1383	correct
3081416	3082770	1	1355	NC_002945.4	NODE_103_length_1355_cov_204.636808	100.0		True
CONTIG	NODE_103_length_1355_cov_204.636808	1355	correct
890952	892291	1340	1	NC_002945.4	NODE_104_length_1340_cov_80.561418	100.0		True
CONTIG	NODE_104_length_1340_cov_80.561418	1340	correct
3339137	3340461	1	1325	NC_002945.4	NODE_105_length_1325_cov_42.121870	100.0		True
CONTIG	NODE_105_length_1325_cov_42.121870	1325	correct
3835659	3836979	1	1321	NC_002945.4	NODE_106_length_1321_cov_89.144891	99.7		True
CONTIG	NODE_106_length_1321_cov_89.144891	1321	correct
336693	337860	118	1285	NC_002945.4	NODE_107_length_1285_cov_16.504318	100.0		True
CONTIG	NODE_107_length_1285_cov_16.504318	1285	correct
839622	840897	1276	1	NC_002945.4	NODE_108_length_1276_cov_13.246301	100.0		True
CONTIG	NODE_108_length_1276_cov_13.246301	1276	correct
2288581	2289835	1	1255	NC_002945.4	NODE_109_length_1255_cov_39.554965	100.0		True
CONTIG	NODE_109_length_1255_cov_39.554965	1255	correct
2287521	2288707	1187	1	NC_002945.4	NODE_110_length_1187_cov_28.474528	100.0		True
CONTIG	NODE_110_length_1187_cov_28.474528	1187	correct
2289709	2290836	1	1128	NC_002945.4	NODE_111_length_1128_cov_79.893107	99.91		True
CONTIG	NODE_111_length_1128_cov_79.893107	1128	correct
3711277	3712306	1030	1	NC_002945.4	NODE_112_length_1030_cov_79.676633	100.0		True
CONTIG	NODE_112_length_1030_cov_79.676633	1030	correct
CONTIG	NODE_113_length_1025_cov_6.489978	1025	unaligned
1996209	1997021	1013	201	NC_002945.4	NODE_114_length_1013_cov_2.562077	99.75		True
CONTIG	NODE_114_length_1013_cov_2.562077	1013	correct
1165044	1166025	982	1	NC_002945.4	NODE_115_length_982_cov_87.581287	100.0		True
CONTIG	NODE_115_length_982_cov_87.581287	982	correct
2943837	2944745	909	1	NC_002945.4	NODE_116_length_909_cov_285.837596	100.0		True
CONTIG	NODE_116_length_909_cov_285.837596	909	correct
3341521	3342410	1	890	NC_002945.4	NODE_117_length_890_cov_31.487549	100.0		True
CONTIG	NODE_117_length_890_cov_31.487549	890	correct
CONTIG	NODE_118_length_890_cov_5.260813	890	unaligned
CONTIG	NODE_119_length_854_cov_3.250344	854	unaligned
2191968	2192811	844	1	NC_002945.4	NODE_120_length_844_cov_97.015342	100.0		True
CONTIG	NODE_120_length_844_cov_97.015342	844	correct
1633379	1634212	1	834	NC_002945.4	NODE_121_length_834_cov_3.437058	100.0		True
CONTIG	NODE_121_length_834_cov_3.437058	834	correct
335735	336374	121	760	NC_002945.4	NODE_122_length_818_cov_5.408104	99.38		True
CONTIG	NODE_122_length_818_cov_5.408104	818	correct
3444905	3445699	1	795	NC_002945.4	NODE_123_length_795_cov_105.625749	100.0		True
CONTIG	NODE_123_length_795_cov_105.625749	795	correct
3894591	3895371	781	1	NC_002945.4	NODE_124_length_781_cov_37.831804	100.0		True
CONTIG	NODE_124_length_781_cov_37.831804	781	correct
CONTIG	NODE_125_length_771_cov_1.116460	771	unaligned
2422650	2423393	744	1	NC_002945.4	NODE_126_length_744_cov_76.568882	100.0		True
CONTIG	NODE_126_length_744_cov_76.568882	744	correct
CONTIG	NODE_127_length_725_cov_0.983278	725	unaligned
1985758	1986444	687	1	NC_002945.4	NODE_128_length_687_cov_3.248214	100.0		True
CONTIG	NODE_128_length_687_cov_3.248214	687	correct
CONTIG	NODE_129_length_666_cov_1.046382	666	unaligned
1491265	1491769	505	1	NC_002945.4	NODE_130_length_661_cov_1.301498	99.8		True
CONTIG	NODE_130_length_661_cov_1.301498	661	correct
3340552	3341186	1	635	NC_002945.4	NODE_131_length_635_cov_26.885827	100.0		True
CONTIG	NODE_131_length_635_cov_26.885827	635	correct
1218501	1218861	361	1	NC_002945.4	NODE_132_length_620_cov_2.383367	100.0		True
inversion
1218470	1218545	362	437	NC_002945.4	NODE_132_length_620_cov_2.383367	97.62		True
CONTIG	NODE_132_length_620_cov_2.383367	620	misassembled
3338676	3339263	588	1	NC_002945.4	NODE_133_length_588_cov_58.360087	100.0		True
CONTIG	NODE_133_length_588_cov_58.360087	588	correct
3699823	3700251	429	1	NC_002945.4	NODE_134_length_567_cov_1.115909	100.0		True
CONTIG	NODE_134_length_567_cov_1.115909	567	correct
841551	841953	12	414	NC_002945.4	NODE_135_length_543_cov_0.579327	99.75		True
CONTIG	NODE_135_length_543_cov_0.579327	543	correct
3891137	3891486	480	131	NC_002945.4	NODE_136_length_527_cov_2.200000	99.14		True
CONTIG	NODE_136_length_527_cov_2.200000	527	correct
2773616	2774139	524	1	NC_002945.4	NODE_137_length_524_cov_2.763224	100.0		True
CONTIG	NODE_137_length_524_cov_2.763224	524	correct
842437	842780	519	176	NC_002945.4	NODE_138_length_519_cov_0.875000	100.0		True
CONTIG	NODE_138_length_519_cov_0.875000	519	correct
673480	673993	514	1	NC_002945.4	NODE_139_length_514_cov_4.413437	99.81		True
CONTIG	NODE_139_length_514_cov_4.413437	514	correct
