S1	E1	S2	E2	Reference	Contig	IDY	Ambiguous	Best_group
2453641	2665711	25	212153	NC_002945.4	NODE_1_length_212153_cov_38.620334	99.96		True
CONTIG	NODE_1_length_212153_cov_38.620334	212153	correct
402605	607788	204915	1	NC_002945.4	NODE_2_length_204915_cov_38.114020	99.86		True
CONTIG	NODE_2_length_204915_cov_38.114020	204915	correct
3510801	3673271	162360	1	NC_002945.4	NODE_3_length_162486_cov_39.621739	99.92		True
CONTIG	NODE_3_length_162486_cov_39.621739	162486	correct
676561	824045	10	147495	NC_002945.4	NODE_4_length_160935_cov_38.993589	99.99		True
local misassembly
824601	838040	147496	160935	NC_002945.4	NODE_4_length_160935_cov_38.993589	99.98		True
CONTIG	NODE_4_length_160935_cov_38.993589	160935	correct
150179	306688	41	156523	NC_002945.4	NODE_5_length_156523_cov_37.755173	99.97		True
CONTIG	NODE_5_length_156523_cov_37.755173	156523	correct
4310394	4349904	1	39510	NC_002945.4	NODE_6_length_142829_cov_39.059894	99.99		True
fake: not a misassembly [linear representation of circular genome]
1	29469	39511	68979	NC_002945.4	NODE_6_length_142829_cov_39.059894	99.99		True
local misassembly
30083	103918	68981	142829	NC_002945.4	NODE_6_length_142829_cov_39.059894	99.96		True
CONTIG	NODE_6_length_142829_cov_39.059894	142829	correct
1638923	1769053	130221	93	NC_002945.4	NODE_7_length_130322_cov_40.663774	99.99		True
CONTIG	NODE_7_length_130322_cov_40.663774	130322	correct
970144	1009472	1	39329	NC_002945.4	NODE_8_length_120028_cov_39.041076	99.98		True
relocation, inconsistency = 1457
1010930	1091475	39330	119878	NC_002945.4	NODE_8_length_120028_cov_39.041076	99.99		True
CONTIG	NODE_8_length_120028_cov_39.041076	120028	misassembled
3219373	3338802	15	119670	NC_002945.4	NODE_9_length_119670_cov_38.084497	99.88		True
CONTIG	NODE_9_length_119670_cov_38.084497	119670	correct
1869439	1985614	115743	34	NC_002945.4	NODE_10_length_115743_cov_38.280342	99.58		True
CONTIG	NODE_10_length_115743_cov_38.280342	115743	correct
3082645	3193870	1	110438	NC_002945.4	NODE_11_length_110438_cov_38.256720	99.26		True
CONTIG	NODE_11_length_110438_cov_38.256720	110438	correct
3343594	3442410	1	98885	NC_002945.4	NODE_12_length_98885_cov_39.682659	99.92		True
CONTIG	NODE_12_length_98885_cov_39.682659	98885	correct
4097330	4193715	1	96386	NC_002945.4	NODE_13_length_96386_cov_40.218920	99.99		True
CONTIG	NODE_13_length_96386_cov_40.218920	96386	correct
2083596	2140740	57145	1	NC_002945.4	NODE_14_length_83904_cov_39.320864	99.99		True
local misassembly
2056984	2083604	83904	57284	NC_002945.4	NODE_14_length_83904_cov_39.320864	99.98		True
CONTIG	NODE_14_length_83904_cov_39.320864	83904	correct
3897145	3979286	1	82133	NC_002945.4	NODE_15_length_83258_cov_38.584680	99.98		True
relocation, inconsistency = -280207
3699080	3700204	82134	83258	NC_002945.4	NODE_15_length_83258_cov_38.584680	100.0		True
CONTIG	NODE_15_length_83258_cov_38.584680	83258	misassembled
2693912	2773105	79240	48	NC_002945.4	NODE_16_length_79240_cov_38.315321	99.99		True
CONTIG	NODE_16_length_79240_cov_38.315321	79240	correct
1779460	1853772	74405	93	NC_002945.4	NODE_17_length_74405_cov_38.859460	99.99		True
CONTIG	NODE_17_length_74405_cov_38.859460	74405	correct
1387486	1417336	29851	1	NC_002945.4	NODE_18_length_72482_cov_37.381674	99.98		True
local misassembly
1343879	1386504	72482	29852	NC_002945.4	NODE_18_length_72482_cov_37.381674	99.99		True
CONTIG	NODE_18_length_72482_cov_37.381674	72482	correct
1094824	1096202	1	1379	NC_002945.4	NODE_19_length_70126_cov_37.821997	99.64		True
local misassembly
1096425	1165170	1380	70126	NC_002945.4	NODE_19_length_70126_cov_37.821997	99.88		True
CONTIG	NODE_19_length_70126_cov_37.821997	70126	correct
928970	965502	36451	6	NC_002945.4	NODE_20_length_69704_cov_37.591719	99.74		True
local misassembly
928372	928975	37202	36590	NC_002945.4	NODE_20_length_69704_cov_37.591719	98.61		True
relocation, inconsistency = -2949817
3845679	3878188	69704	37203	NC_002945.4	NODE_20_length_69704_cov_37.591719	99.95		True
CONTIG	NODE_20_length_69704_cov_37.591719	69704	misassembled
3015683	3081542	34	65991	NC_002945.4	NODE_21_length_65991_cov_38.293863	99.83		True
CONTIG	NODE_21_length_65991_cov_38.293863	65991	correct
3445573	3510803	65361	128	NC_002945.4	NODE_22_length_65361_cov_39.172073	99.97		True
CONTIG	NODE_22_length_65361_cov_39.172073	65361	correct
4194926	4259153	64228	1	NC_002945.4	NODE_23_length_64228_cov_39.199981	99.99		True
CONTIG	NODE_23_length_64228_cov_39.199981	64228	correct
2852146	2916059	99	64011	NC_002945.4	NODE_24_length_64184_cov_37.134786	99.98		True
CONTIG	NODE_24_length_64184_cov_37.134786	64184	correct
4035850	4097346	1	61496	NC_002945.4	NODE_25_length_61496_cov_35.944565	99.99		True
CONTIG	NODE_25_length_61496_cov_35.944565	61496	correct
1280097	1340762	60728	1	NC_002945.4	NODE_26_length_60728_cov_40.349615	99.89		True
CONTIG	NODE_26_length_60728_cov_40.349615	60728	correct
2957039	3015628	58658	122	NC_002945.4	NODE_27_length_58658_cov_38.350139	99.9		True
CONTIG	NODE_27_length_58658_cov_38.350139	58658	correct
1219946	1278412	31	58497	NC_002945.4	NODE_28_length_58497_cov_38.437639	99.97		True
CONTIG	NODE_28_length_58497_cov_38.437639	58497	correct
3777400	3830690	1	53291	NC_002945.4	NODE_29_length_53306_cov_37.928487	99.99		True
CONTIG	NODE_29_length_53306_cov_37.928487	53306	correct
2192685	2245161	52477	1	NC_002945.4	NODE_30_length_52477_cov_43.457249	99.99		True
CONTIG	NODE_30_length_52477_cov_43.457249	52477	correct
1418316	1470724	52352	1	NC_002945.4	NODE_31_length_52352_cov_40.933059	99.88		True
CONTIG	NODE_31_length_52352_cov_40.933059	52352	correct
2801012	2851996	51151	167	NC_002945.4	NODE_32_length_51151_cov_39.363045	99.99		True
CONTIG	NODE_32_length_51151_cov_39.363045	51151	correct
3984863	4000631	155	15923	NC_002945.4	NODE_33_length_50895_cov_38.842381	100.0		True
fake: scaffold gap size wrong estimation (local)
4000854	4035725	16024	50895	NC_002945.4	NODE_33_length_50895_cov_38.842381	99.98		True
CONTIG	NODE_33_length_50895_cov_38.842381	50895	correct
1574114	1623825	49712	1	NC_002945.4	NODE_34_length_49842_cov_36.916182	99.98		True
CONTIG	NODE_34_length_49842_cov_36.916182	49842	correct
842620	891078	48459	1	NC_002945.4	NODE_35_length_48459_cov_37.331706	99.99		True
CONTIG	NODE_35_length_48459_cov_37.331706	48459	correct
625356	673264	36	47944	NC_002945.4	NODE_36_length_48115_cov_37.179441	99.99		True
CONTIG	NODE_36_length_48115_cov_37.179441	48115	correct
2326988	2343753	16766	1	NC_002945.4	NODE_37_length_46508_cov_36.448826	99.97		True
relocation, inconsistency = 2596
2294650	2324391	46508	16767	NC_002945.4	NODE_37_length_46508_cov_36.448826	99.99		True
CONTIG	NODE_37_length_46508_cov_36.448826	46508	misassembled
1996410	2040909	3	44502	NC_002945.4	NODE_38_length_44502_cov_37.854513	99.98		True
CONTIG	NODE_38_length_44502_cov_37.854513	44502	correct
1491980	1535110	129	43259	NC_002945.4	NODE_39_length_43259_cov_41.700756	99.98		True
CONTIG	NODE_39_length_43259_cov_41.700756	43259	correct
1170557	1189853	1	19297	NC_002945.4	NODE_40_length_42840_cov_38.048955	99.99		True
local misassembly
1190085	1213474	19298	42663	NC_002945.4	NODE_40_length_42840_cov_38.048955	99.87		True
CONTIG	NODE_40_length_42840_cov_38.048955	42840	correct
3674358	3698782	1	24407	NC_002945.4	NODE_41_length_37991_cov_31.339082	99.92		True
relocation, inconsistency = -1289590
2409193	2422776	24408	37991	NC_002945.4	NODE_41_length_37991_cov_31.339082	99.97		True
CONTIG	NODE_41_length_37991_cov_31.339082	37991	misassembled
363897	401308	1	37412	NC_002945.4	NODE_42_length_37412_cov_35.999571	99.99		True
CONTIG	NODE_42_length_37412_cov_35.999571	37412	correct
1535942	1573322	1	37381	NC_002945.4	NODE_43_length_37381_cov_38.351935	99.99		True
CONTIG	NODE_43_length_37381_cov_38.351935	37381	correct
2246369	2283745	1	37379	NC_002945.4	NODE_44_length_37379_cov_41.754671	99.95		True
CONTIG	NODE_44_length_37379_cov_41.754671	37379	correct
2372458	2408585	36070	1	NC_002945.4	NODE_45_length_36070_cov_35.224995	99.83		True
CONTIG	NODE_45_length_36070_cov_35.224995	36070	correct
3724894	3737454	1	12561	NC_002945.4	NODE_46_length_34083_cov_38.260985	99.98		True
local misassembly
3737665	3759004	12562	33904	NC_002945.4	NODE_46_length_34083_cov_38.260985	99.98		True
CONTIG	NODE_46_length_34083_cov_38.260985	34083	correct
2161798	2192094	1	30298	NC_002945.4	NODE_47_length_30298_cov_40.306022	99.99		True
CONTIG	NODE_47_length_30298_cov_40.306022	30298	correct
2343746	2372199	1	28454	NC_002945.4	NODE_48_length_28454_cov_37.139831	99.99		True
CONTIG	NODE_48_length_28454_cov_37.139831	28454	correct
2665977	2693421	27444	1	NC_002945.4	NODE_49_length_27625_cov_40.024256	99.98		True
CONTIG	NODE_49_length_27625_cov_40.024256	27625	correct
105040	132574	1	27466	NC_002945.4	NODE_50_length_27609_cov_36.522997	99.72		True
CONTIG	NODE_50_length_27609_cov_36.522997	27609	correct
306710	333298	26568	85	NC_002945.4	NODE_51_length_26568_cov_38.194282	99.6		True
CONTIG	NODE_51_length_26568_cov_38.194282	26568	correct
338745	363789	24943	1	NC_002945.4	NODE_52_length_25040_cov_33.702284	99.55		True
CONTIG	NODE_52_length_25040_cov_33.702284	25040	correct
2776882	2799828	22947	1	NC_002945.4	NODE_53_length_22947_cov_40.046933	99.86		True
CONTIG	NODE_53_length_22947_cov_40.046933	22947	correct
2423267	2444953	1	21687	NC_002945.4	NODE_54_length_21687_cov_39.505937	99.99		True
CONTIG	NODE_54_length_21687_cov_39.505937	21687	correct
4259930	4281615	21684	1	NC_002945.4	NODE_55_length_21684_cov_39.267662	99.98		True
CONTIG	NODE_55_length_21684_cov_39.267662	21684	correct
2140773	2158516	1	17744	NC_002945.4	NODE_56_length_20379_cov_38.589078	99.96		True
local misassembly
2158655	2158913	17745	18003	NC_002945.4	NODE_56_length_20379_cov_38.589078	100.0		True
fake: scaffold gap size wrong estimation (local)
2158914	2160444	18035	19565	NC_002945.4	NODE_56_length_20379_cov_38.589078	95.49		True
CONTIG	NODE_56_length_20379_cov_38.589078	20379	correct
1471935	1490747	1	18814	NC_002945.4	NODE_57_length_19233_cov_37.945881	99.97		True
local misassembly
1490961	1491379	18815	19233	NC_002945.4	NODE_57_length_19233_cov_37.945881	100.0		True
CONTIG	NODE_57_length_19233_cov_37.945881	19233	correct
892165	909508	1	17344	NC_002945.4	NODE_58_length_17344_cov_41.262589	99.99		True
CONTIG	NODE_58_length_17344_cov_41.262589	17344	correct
3760194	3777383	87	17278	NC_002945.4	NODE_59_length_17278_cov_38.503061	99.95		True
CONTIG	NODE_59_length_17278_cov_38.503061	17278	correct
132641	149558	16918	1	NC_002945.4	NODE_60_length_16956_cov_43.813893	99.96		True
CONTIG	NODE_60_length_16956_cov_43.813893	16956	correct
910050	926203	1	16154	NC_002945.4	NODE_61_length_16157_cov_40.881098	99.98		True
CONTIG	NODE_61_length_16157_cov_40.881098	16157	correct
3193780	3209297	1	15618	NC_002945.4	NODE_62_length_15618_cov_39.903557	100.0		True
CONTIG	NODE_62_length_15618_cov_39.903557	15618	correct
2916851	2932196	1	15346	NC_002945.4	NODE_63_length_15489_cov_41.374951	99.97		True
CONTIG	NODE_63_length_15489_cov_41.374951	15489	correct
609085	624481	1	15397	NC_002945.4	NODE_64_length_15417_cov_35.786135	99.97		True
CONTIG	NODE_64_length_15417_cov_35.786135	15417	correct
2041039	2056451	1	15413	NC_002945.4	NODE_65_length_15413_cov_38.189193	99.97		True
CONTIG	NODE_65_length_15413_cov_38.189193	15413	correct
1853865	1869239	5	15379	NC_002945.4	NODE_66_length_15379_cov_27.803370	99.99		True
CONTIG	NODE_66_length_15379_cov_27.803370	15379	correct
3712180	3724845	1	12666	NC_002945.4	NODE_67_length_12704_cov_22.750099	99.89		True
CONTIG	NODE_67_length_12704_cov_22.750099	12704	correct
2944619	2957076	12458	1	NC_002945.4	NODE_68_length_12458_cov_36.830346	99.98		True
CONTIG	NODE_68_length_12458_cov_36.830346	12458	correct
4281678	4293948	1	12271	NC_002945.4	NODE_69_length_12271_cov_37.764410	99.99		True
CONTIG	NODE_69_length_12271_cov_37.764410	12271	correct
3700262	3711403	11142	1	NC_002945.4	NODE_70_length_11142_cov_22.968407	100.0		True
CONTIG	NODE_70_length_11142_cov_22.968407	11142	correct
2933764	2943963	10200	1	NC_002945.4	NODE_71_length_10200_cov_38.484662	99.99		True
CONTIG	NODE_71_length_10200_cov_38.484662	10200	correct
3209328	3219347	10020	1	NC_002945.4	NODE_72_length_10060_cov_37.643914	100.0		True
CONTIG	NODE_72_length_10060_cov_37.643914	10060	correct
1623951	1631609	128	7786	NC_002945.4	NODE_73_length_9267_cov_31.947921	99.97		True
local misassembly
1631733	1633270	7787	9267	NC_002945.4	NODE_73_length_9267_cov_31.947921	96.27		True
CONTIG	NODE_73_length_9267_cov_31.947921	9267	correct
2444936	2453554	1	8619	NC_002945.4	NODE_74_length_8707_cov_35.814802	100.0		True
CONTIG	NODE_74_length_8707_cov_35.814802	8707	correct
3836888	3845304	1	8417	NC_002945.4	NODE_75_length_8417_cov_43.065621	99.95		True
CONTIG	NODE_75_length_8417_cov_43.065621	8417	correct
4301845	4309410	1	7566	NC_002945.4	NODE_76_length_7566_cov_36.760452	99.99		True
CONTIG	NODE_76_length_7566_cov_36.760452	7566	correct
4294610	4301858	1	7249	NC_002945.4	NODE_77_length_7249_cov_33.034541	99.99		True
CONTIG	NODE_77_length_7249_cov_33.034541	7249	correct
3884643	3889423	4944	155	NC_002945.4	NODE_78_length_7147_cov_14.989744	99.77		True
local misassembly
3882139	3884027	6881	4945	NC_002945.4	NODE_78_length_7147_cov_14.989744	97.69		True
CONTIG	NODE_78_length_7147_cov_14.989744	7147	correct
1987074	1992127	5055	1	NC_002945.4	NODE_79_length_5267_cov_35.888327	99.98		True
CONTIG	NODE_79_length_5267_cov_35.888327	5267	correct
3830712	3835785	5074	1	NC_002945.4	NODE_80_length_5074_cov_42.660198	100.0		True
CONTIG	NODE_80_length_5074_cov_42.660198	5074	correct
965518	970082	4565	1	NC_002945.4	NODE_81_length_4665_cov_27.293521	99.96		True
CONTIG	NODE_81_length_4665_cov_27.293521	4665	correct
1214750	1218399	3650	1	NC_002945.4	NODE_82_length_4581_cov_24.273238	100.0		True
local misassembly
1213963	1214774	4581	3770	NC_002945.4	NODE_82_length_4581_cov_24.273238	99.75		True
CONTIG	NODE_82_length_4581_cov_24.273238	4581	correct
3980165	3984371	1	4207	NC_002945.4	NODE_83_length_4431_cov_29.803206	100.0		True
CONTIG	NODE_83_length_4431_cov_29.803206	4431	correct
1165899	1169900	4002	1	NC_002945.4	NODE_84_length_4002_cov_43.079226	99.98		True
CONTIG	NODE_84_length_4002_cov_43.079226	4002	correct
336631	338126	1509	2	NC_002945.4	NODE_85_length_3073_cov_11.489138	96.66		True
local misassembly
335742	336462	2230	1510	NC_002945.4	NODE_85_length_3073_cov_11.489138	100.0		True
local misassembly
334077	334919	3073	2231	NC_002945.4	NODE_85_length_3073_cov_11.489138	99.76		True
CONTIG	NODE_85_length_3073_cov_11.489138	3073	correct
2284620	2287647	3028	1	NC_002945.4	NODE_86_length_3028_cov_28.528438	99.77		True
CONTIG	NODE_86_length_3028_cov_28.528438	3028	correct
2290710	2293716	1	3007	NC_002945.4	NODE_87_length_3007_cov_25.954167	100.0		True
CONTIG	NODE_87_length_3007_cov_25.954167	3007	correct
3890497	3893321	1	2825	NC_002945.4	NODE_88_length_2920_cov_4.851056	99.61		True
CONTIG	NODE_88_length_2920_cov_4.851056	2920	correct
1993335	1996076	1	2742	NC_002945.4	NODE_89_length_2905_cov_37.020158	100.0		True
CONTIG	NODE_89_length_2905_cov_37.020158	2905	correct
3878193	3880431	1	2239	NC_002945.4	NODE_90_length_2391_cov_3.877208	99.91		True
CONTIG	NODE_90_length_2391_cov_3.877208	2391	correct
1635657	1637942	2337	1	NC_002945.4	NODE_91_length_2337_cov_22.109502	97.82		True
CONTIG	NODE_91_length_2337_cov_22.109502	2337	correct
1092449	1094231	1783	1	NC_002945.4	NODE_92_length_1783_cov_29.660628	100.0		True
CONTIG	NODE_92_length_1783_cov_29.660628	1783	correct
607662	609211	1	1550	NC_002945.4	NODE_93_length_1550_cov_60.597330	99.94		True
CONTIG	NODE_93_length_1550_cov_60.597330	1550	correct
4193589	4195052	1	1464	NC_002945.4	NODE_94_length_1464_cov_86.451010	100.0		True
CONTIG	NODE_94_length_1464_cov_86.451010	1464	correct
1992001	1993461	1461	1	NC_002945.4	NODE_95_length_1461_cov_44.522489	100.0		True
CONTIG	NODE_95_length_1461_cov_44.522489	1461	correct
3443593	3445031	1439	1	NC_002945.4	NODE_96_length_1439_cov_50.254573	100.0		True
CONTIG	NODE_96_length_1439_cov_50.254573	1439	correct
674854	676242	1389	1	NC_002945.4	NODE_97_length_1389_cov_4.898574	100.0		True
CONTIG	NODE_97_length_1389_cov_4.898574	1389	correct
3081416	3082771	1	1356	NC_002945.4	NODE_98_length_1356_cov_109.240846	100.0		True
CONTIG	NODE_98_length_1356_cov_109.240846	1356	correct
890952	892291	1340	1	NC_002945.4	NODE_99_length_1340_cov_76.610058	100.0		True
CONTIG	NODE_99_length_1340_cov_76.610058	1340	correct
3339137	3340461	1325	1	NC_002945.4	NODE_100_length_1325_cov_33.733723	100.0		True
CONTIG	NODE_100_length_1325_cov_33.733723	1325	correct
3835659	3836979	1	1321	NC_002945.4	NODE_101_length_1321_cov_71.268007	99.7		True
CONTIG	NODE_101_length_1321_cov_71.268007	1321	correct
2288581	2289835	1	1255	NC_002945.4	NODE_102_length_1255_cov_35.880319	100.0		True
CONTIG	NODE_102_length_1255_cov_35.880319	1255	correct
2287521	2288707	1187	1	NC_002945.4	NODE_103_length_1187_cov_21.137736	100.0		True
CONTIG	NODE_103_length_1187_cov_21.137736	1187	correct
2283619	2284746	1	1128	NC_002945.4	NODE_104_length_1128_cov_74.513487	99.91		True
CONTIG	NODE_104_length_1128_cov_74.513487	1128	correct
1340970	1342059	1	1090	NC_002945.4	NODE_105_length_1090_cov_25.632399	99.91		True
CONTIG	NODE_105_length_1090_cov_25.632399	1090	correct
1633406	1634449	1083	40	NC_002945.4	NODE_106_length_1083_cov_4.107741	100.0		True
CONTIG	NODE_106_length_1083_cov_4.107741	1083	correct
3711277	3712306	1030	1	NC_002945.4	NODE_107_length_1030_cov_74.987818	100.0		True
CONTIG	NODE_107_length_1030_cov_74.987818	1030	correct
4309505	4310329	196	1020	NC_002945.4	NODE_108_length_1020_cov_21.016797	100.0		True
CONTIG	NODE_108_length_1020_cov_21.016797	1020	correct
839745	840753	1	1009	NC_002945.4	NODE_109_length_1009_cov_14.282313	100.0		True
CONTIG	NODE_109_length_1009_cov_14.282313	1009	correct
1165044	1166025	1	982	NC_002945.4	NODE_110_length_982_cov_85.469006	99.9		True
CONTIG	NODE_110_length_982_cov_85.469006	982	correct
2943837	2944745	909	1	NC_002945.4	NODE_111_length_909_cov_241.290281	100.0		True
CONTIG	NODE_111_length_909_cov_241.290281	909	correct
3341521	3342410	890	1	NC_002945.4	NODE_112_length_890_cov_24.239843	100.0		True
CONTIG	NODE_112_length_890_cov_24.239843	890	correct
2774863	2775613	140	890	NC_002945.4	NODE_113_length_890_cov_7.207077	99.87		True
CONTIG	NODE_113_length_890_cov_7.207077	890	correct
3894591	3895476	1	886	NC_002945.4	NODE_114_length_886_cov_30.901186	99.77		True
CONTIG	NODE_114_length_886_cov_30.901186	886	correct
2191968	2192811	844	1	NC_002945.4	NODE_115_length_844_cov_70.786611	100.0		True
CONTIG	NODE_115_length_844_cov_70.786611	844	correct
909382	910176	1	795	NC_002945.4	NODE_116_length_795_cov_92.585329	100.0		True
CONTIG	NODE_116_length_795_cov_92.585329	795	correct
2422650	2423393	1	744	NC_002945.4	NODE_117_length_744_cov_66.293355	100.0		True
CONTIG	NODE_117_length_744_cov_66.293355	744	correct
338181	338751	1	571	NC_002945.4	NODE_118_length_736_cov_3.262726	100.0		True
CONTIG	NODE_118_length_736_cov_3.262726	736	correct
2774228	2774810	1	583	NC_002945.4	NODE_119_length_646_cov_6.117534	100.0		True
CONTIG	NODE_119_length_646_cov_6.117534	646	correct
3340552	3341186	1	635	NC_002945.4	NODE_120_length_635_cov_24.129921	100.0		True
CONTIG	NODE_120_length_635_cov_24.129921	635	correct
1342064	1342697	1	634	NC_002945.4	NODE_121_length_634_cov_44.642998	100.0		True
CONTIG	NODE_121_length_634_cov_44.642998	634	correct
1985817	1986442	3	628	NC_002945.4	NODE_122_length_628_cov_3.485030	99.84		True
CONTIG	NODE_122_length_628_cov_3.485030	628	correct
CONTIG	NODE_123_length_623_cov_0.721774	623	unaligned
2325218	2325833	1	616	NC_002945.4	NODE_124_length_616_cov_28.106339	100.0		True
CONTIG	NODE_124_length_616_cov_28.106339	616	correct
2776374	2776764	418	28	NC_002945.4	NODE_125_length_592_cov_0.756989	100.0		True
CONTIG	NODE_125_length_592_cov_0.756989	592	correct
3338676	3339263	1	588	NC_002945.4	NODE_126_length_588_cov_46.013015	100.0		True
CONTIG	NODE_126_length_588_cov_46.013015	588	correct
3759457	3759803	533	187	NC_002945.4	NODE_127_length_533_cov_1.145320	99.71		True
CONTIG	NODE_127_length_533_cov_1.145320	533	correct
1535045	1535408	1	364	NC_002945.4	NODE_128_length_531_cov_35.725248	96.98		True
relocation, inconsistency = 2310255
3845679	3845830	531	380	NC_002945.4	NODE_128_length_531_cov_35.725248	95.39		True
CONTIG	NODE_128_length_531_cov_35.725248	531	misassembled
1091642	1092156	523	9	NC_002945.4	NODE_129_length_523_cov_1.005051	100.0		True
CONTIG	NODE_129_length_523_cov_1.005051	523	correct
4294343	4294415	1	73	NC_002945.4	NODE_130_length_510_cov_3.373368	100.0		True
inversion
4294090	4294526	510	74	NC_002945.4	NODE_130_length_510_cov_3.373368	100.0		True
CONTIG	NODE_130_length_510_cov_3.373368	510	misassembled
2932333	2932837	505	1	NC_002945.4	NODE_131_length_505_cov_1.997354	100.0		True
CONTIG	NODE_131_length_505_cov_1.997354	505	correct
CONTIG	NODE_132_length_505_cov_1.060847	505	unaligned
