S1	E1	S2	E2	Reference	Contig	IDY	Ambiguous	Best_group
3445573	3673271	1	227591	NC_002945.4	NODE_1_length_227591_cov_46.128829	99.93		True
CONTIG	NODE_1_length_227591_cov_46.128829	227591	correct
411548	607788	195973	1	NC_002945.4	NODE_2_length_196249_cov_45.631597	99.85		True
CONTIG	NODE_2_length_196249_cov_45.631597	196249	correct
150037	306671	156787	180	NC_002945.4	NODE_3_length_156787_cov_45.369405	99.97		True
CONTIG	NODE_3_length_156787_cov_45.369405	156787	correct
2453641	2609258	28	155646	NC_002945.4	NODE_4_length_155646_cov_46.396209	99.99		True
CONTIG	NODE_4_length_155646_cov_46.396209	155646	correct
4309413	4349904	16	40506	NC_002945.4	NODE_5_length_143825_cov_46.592750	99.99		True
fake: not a misassembly [linear representation of circular genome]
1	29469	40507	69975	NC_002945.4	NODE_5_length_143825_cov_46.592750	99.99		True
local misassembly
30083	103918	69977	143825	NC_002945.4	NODE_5_length_143825_cov_46.592750	99.96		True
CONTIG	NODE_5_length_143825_cov_46.592750	143825	correct
2957039	3097084	139357	1	NC_002945.4	NODE_6_length_139357_cov_45.728952	99.34		True
CONTIG	NODE_6_length_139357_cov_45.728952	139357	correct
1638943	1769053	130202	93	NC_002945.4	NODE_7_length_130338_cov_48.525155	99.99		True
CONTIG	NODE_7_length_130338_cov_48.525155	130338	correct
1010930	1091716	80790	1	NC_002945.4	NODE_8_length_120090_cov_46.422639	99.98		True
relocation, inconsistency = 1457
970172	1009472	120090	80791	NC_002945.4	NODE_8_length_120090_cov_46.422639	99.98		True
CONTIG	NODE_8_length_120090_cov_46.422639	120090	misassembled
1869344	1985682	115873	1	NC_002945.4	NODE_9_length_115883_cov_45.696128	99.58		True
CONTIG	NODE_9_length_115883_cov_45.696128	115883	correct
726466	824045	1	97581	NC_002945.4	NODE_10_length_111043_cov_46.440270	99.99		True
local misassembly
824601	838020	97582	111001	NC_002945.4	NODE_10_length_111043_cov_46.440270	99.98		True
CONTIG	NODE_10_length_111043_cov_46.440270	111043	correct
3343594	3442410	1	98885	NC_002945.4	NODE_11_length_98885_cov_47.115980	99.92		True
CONTIG	NODE_11_length_98885_cov_47.115980	98885	correct
4097330	4193715	1	96386	NC_002945.4	NODE_12_length_96386_cov_47.099731	99.99		True
CONTIG	NODE_12_length_96386_cov_47.099731	96386	correct
3894591	3895286	1	696	NC_002945.4	NODE_13_length_83851_cov_44.903158	100.0		True
local misassembly
3895749	3895927	697	875	NC_002945.4	NODE_13_length_83851_cov_44.903158	99.89		True
local misassembly
3896624	3979548	876	83851	NC_002945.4	NODE_13_length_83851_cov_44.903158	99.86		True
CONTIG	NODE_13_length_83851_cov_44.903158	83851	correct
3219359	3301380	1	82247	NC_002945.4	NODE_14_length_82247_cov_47.113894	99.84		True
CONTIG	NODE_14_length_82247_cov_47.113894	82247	correct
2693912	2773092	1	79180	NC_002945.4	NODE_15_length_79180_cov_45.418732	99.99		True
CONTIG	NODE_15_length_79180_cov_45.418732	79180	correct
1779460	1853485	74100	75	NC_002945.4	NODE_16_length_74100_cov_45.863707	99.99		True
CONTIG	NODE_16_length_74100_cov_45.863707	74100	correct
3124584	3193870	69233	1	NC_002945.4	NODE_17_length_69233_cov_45.580963	99.91		True
CONTIG	NODE_17_length_69233_cov_45.580963	69233	correct
1096985	1165170	1	68186	NC_002945.4	NODE_18_length_68186_cov_45.878811	99.99		True
CONTIG	NODE_18_length_68186_cov_45.878811	68186	correct
4194926	4259153	1	64228	NC_002945.4	NODE_19_length_64228_cov_46.949455	99.99		True
CONTIG	NODE_19_length_64228_cov_46.949455	64228	correct
2852102	2916135	64034	1	NC_002945.4	NODE_20_length_64034_cov_44.779868	99.98		True
CONTIG	NODE_20_length_64034_cov_44.779868	64034	correct
4035797	4097346	1	61550	NC_002945.4	NODE_21_length_61550_cov_43.091676	99.99		True
CONTIG	NODE_21_length_61550_cov_43.091676	61550	correct
1280097	1340762	1	60728	NC_002945.4	NODE_22_length_60728_cov_48.690055	99.89		True
CONTIG	NODE_22_length_60728_cov_48.690055	60728	correct
1219473	1278412	58940	1	NC_002945.4	NODE_23_length_58968_cov_45.356724	99.99		True
CONTIG	NODE_23_length_58968_cov_45.356724	58968	correct
3777400	3835785	58318	1	NC_002945.4	NODE_24_length_58318_cov_46.365486	99.87		True
CONTIG	NODE_24_length_58318_cov_46.365486	58318	correct
2083596	2140742	190	57336	NC_002945.4	NODE_25_length_57518_cov_46.841003	99.99		True
CONTIG	NODE_25_length_57518_cov_46.841003	57518	correct
1413935	1470724	56733	1	NC_002945.4	NODE_26_length_56733_cov_47.629704	99.89		True
CONTIG	NODE_26_length_56733_cov_47.629704	56733	correct
2611817	2665669	12	53918	NC_002945.4	NODE_27_length_54147_cov_45.495761	99.88		True
CONTIG	NODE_27_length_54147_cov_45.495761	54147	correct
2801012	2852074	1	51063	NC_002945.4	NODE_28_length_51063_cov_45.607998	99.99		True
CONTIG	NODE_28_length_51063_cov_45.607998	51063	correct
3985291	4000742	163	15603	NC_002945.4	NODE_29_length_50489_cov_46.441146	99.93		True
local misassembly
4000854	4035739	15604	50489	NC_002945.4	NODE_29_length_50489_cov_46.441146	99.98		True
CONTIG	NODE_29_length_50489_cov_46.441146	50489	correct
676593	726430	1	49838	NC_002945.4	NODE_30_length_50250_cov_43.448038	99.99		True
CONTIG	NODE_30_length_50250_cov_43.448038	50250	correct
1574148	1623827	49680	1	NC_002945.4	NODE_31_length_49842_cov_44.973811	99.98		True
CONTIG	NODE_31_length_49842_cov_44.973811	49842	correct
842790	891078	48289	1	NC_002945.4	NODE_32_length_48366_cov_45.202823	99.99		True
CONTIG	NODE_32_length_48366_cov_45.202823	48366	correct
625389	673460	48045	1	NC_002945.4	NODE_33_length_48045_cov_44.607475	99.93		True
CONTIG	NODE_33_length_48045_cov_44.607475	48045	correct
2326988	2343797	16810	1	NC_002945.4	NODE_34_length_46552_cov_44.470156	99.98		True
relocation, inconsistency = 2596
2294650	2324391	46552	16811	NC_002945.4	NODE_34_length_46552_cov_44.470156	99.99		True
CONTIG	NODE_34_length_46552_cov_44.470156	46552	misassembled
1997180	2040997	70	43887	NC_002945.4	NODE_35_length_43887_cov_44.130850	99.98		True
CONTIG	NODE_35_length_43887_cov_44.130850	43887	correct
1491980	1535110	155	43285	NC_002945.4	NODE_36_length_43285_cov_49.275105	99.98		True
CONTIG	NODE_36_length_43285_cov_49.275105	43285	correct
3836888	3878005	1	41110	NC_002945.4	NODE_37_length_43034_cov_44.329480	99.96		True
relocation, inconsistency = 13489
3891495	3893347	41111	42963	NC_002945.4	NODE_37_length_43034_cov_44.329480	99.63		True
CONTIG	NODE_37_length_43034_cov_44.329480	43034	misassembled
1170557	1189836	1	19280	NC_002945.4	NODE_38_length_42778_cov_45.024384	99.98		True
local misassembly
1190068	1213474	19281	42687	NC_002945.4	NODE_38_length_42778_cov_45.024384	99.96		True
CONTIG	NODE_38_length_42778_cov_45.024384	42778	correct
1343879	1386552	42706	28	NC_002945.4	NODE_39_length_42706_cov_44.324785	99.98		True
CONTIG	NODE_39_length_42706_cov_44.324785	42706	correct
3674358	3700159	1	25784	NC_002945.4	NODE_40_length_41914_cov_39.484672	99.91		True
relocation, inconsistency = 2748178
910050	926179	41914	25785	NC_002945.4	NODE_40_length_41914_cov_39.484672	99.99		True
CONTIG	NODE_40_length_41914_cov_39.484672	41914	misassembled
930656	970060	39525	1	NC_002945.4	NODE_41_length_39525_cov_45.507538	99.68		True
CONTIG	NODE_41_length_39525_cov_45.507538	39525	correct
2246080	2283745	37668	1	NC_002945.4	NODE_42_length_37784_cov_49.004275	99.95		True
CONTIG	NODE_42_length_37784_cov_49.004275	37784	correct
1535942	1573365	37424	1	NC_002945.4	NODE_43_length_37424_cov_46.977424	99.99		True
CONTIG	NODE_43_length_37424_cov_46.977424	37424	correct
363938	401308	19	37389	NC_002945.4	NODE_44_length_37389_cov_42.316462	99.99		True
CONTIG	NODE_44_length_37389_cov_42.316462	37389	correct
3301399	3338080	1	36683	NC_002945.4	NODE_45_length_36683_cov_43.390798	99.98		True
CONTIG	NODE_45_length_36683_cov_43.390798	36683	correct
2210057	2246071	36015	1	NC_002945.4	NODE_46_length_36015_cov_51.689952	100.0		True
CONTIG	NODE_46_length_36015_cov_51.689952	36015	correct
3724846	3737454	1	12609	NC_002945.4	NODE_47_length_34135_cov_45.481093	99.98		True
local misassembly
3737665	3758901	12610	33846	NC_002945.4	NODE_47_length_34135_cov_45.481093	100.0		True
CONTIG	NODE_47_length_34135_cov_45.481093	34135	correct
2161798	2192094	1	30298	NC_002945.4	NODE_48_length_30298_cov_48.355606	99.99		True
CONTIG	NODE_48_length_30298_cov_48.355606	30298	correct
2423267	2453612	1	30232	NC_002945.4	NODE_49_length_30232_cov_46.818336	99.61		True
CONTIG	NODE_49_length_30232_cov_46.818336	30232	correct
2665977	2693421	27444	1	NC_002945.4	NODE_50_length_27655_cov_45.997602	99.99		True
CONTIG	NODE_50_length_27655_cov_45.997602	27655	correct
3097191	3124608	27418	1	NC_002945.4	NODE_51_length_27418_cov_41.819794	99.98		True
CONTIG	NODE_51_length_27418_cov_41.819794	27418	correct
105040	131924	1	26885	NC_002945.4	NODE_52_length_26985_cov_43.968427	99.97		True
CONTIG	NODE_52_length_26985_cov_43.968427	26985	correct
306704	333298	26740	251	NC_002945.4	NODE_53_length_26740_cov_43.923008	99.6		True
CONTIG	NODE_53_length_26740_cov_43.923008	26740	correct
2056991	2083577	10	26596	NC_002945.4	NODE_54_length_26638_cov_46.635472	99.98		True
CONTIG	NODE_54_length_26638_cov_46.635472	26638	correct
2345689	2371541	115	25967	NC_002945.4	NODE_55_length_25967_cov_46.686300	99.98		True
CONTIG	NODE_55_length_25967_cov_46.686300	25967	correct
1387363	1412955	25593	1	NC_002945.4	NODE_56_length_25854_cov_45.593656	99.98		True
CONTIG	NODE_56_length_25854_cov_45.593656	25854	correct
338165	363737	25601	116	NC_002945.4	NODE_57_length_25778_cov_39.011578	99.6		True
CONTIG	NODE_57_length_25778_cov_39.011578	25778	correct
2777041	2799828	22788	1	NC_002945.4	NODE_58_length_22996_cov_47.750754	99.99		True
CONTIG	NODE_58_length_22996_cov_47.750754	22996	correct
2386668	2408769	1	22102	NC_002945.4	NODE_59_length_22132_cov_37.726153	100.0		True
CONTIG	NODE_59_length_22132_cov_37.726153	22132	correct
4259930	4281643	1	21712	NC_002945.4	NODE_60_length_21712_cov_46.304749	99.98		True
CONTIG	NODE_60_length_21712_cov_46.304749	21712	correct
2916267	2932196	16145	216	NC_002945.4	NODE_61_length_20047_cov_49.755371	99.96		True
relocation, inconsistency = 1819932
1092433	1096334	20047	16146	NC_002945.4	NODE_61_length_20047_cov_49.755371	99.75		True
CONTIG	NODE_61_length_20047_cov_49.755371	20047	misassembled
1490961	1491276	348	33	NC_002945.4	NODE_62_length_19162_cov_50.442921	100.0		True
local misassembly
1471935	1490747	19162	349	NC_002945.4	NODE_62_length_19162_cov_50.442921	99.98		True
CONTIG	NODE_62_length_19162_cov_50.442921	19162	correct
3760043	3777383	17343	1	NC_002945.4	NODE_63_length_17841_cov_42.469911	99.97		True
local misassembly
3758846	3759340	17841	17344	NC_002945.4	NODE_63_length_17841_cov_42.469911	99.03		True
CONTIG	NODE_63_length_17841_cov_42.469911	17841	correct
2140814	2158365	146	17697	NC_002945.4	NODE_64_length_17697_cov_48.132726	99.97		True
CONTIG	NODE_64_length_17697_cov_48.132726	17697	correct
2192685	2209984	1	17300	NC_002945.4	NODE_65_length_17353_cov_51.714385	99.99		True
CONTIG	NODE_65_length_17353_cov_51.714385	17353	correct
892165	909508	1	17344	NC_002945.4	NODE_66_length_17344_cov_46.322588	99.99		True
CONTIG	NODE_66_length_17344_cov_46.322588	17344	correct
132697	149949	17253	1	NC_002945.4	NODE_67_length_17253_cov_50.625949	99.97		True
CONTIG	NODE_67_length_17253_cov_50.625949	17253	correct
3193780	3209290	15611	1	NC_002945.4	NODE_68_length_15611_cov_47.624386	100.0		True
CONTIG	NODE_68_length_15611_cov_47.624386	15611	correct
1853966	1869347	15382	1	NC_002945.4	NODE_69_length_15532_cov_33.034859	99.99		True
CONTIG	NODE_69_length_15532_cov_33.034859	15532	correct
2041078	2056402	181	15505	NC_002945.4	NODE_70_length_15510_cov_47.885523	99.99		True
CONTIG	NODE_70_length_15510_cov_47.885523	15510	correct
609085	624448	1	15364	NC_002945.4	NODE_71_length_15364_cov_42.607600	99.97		True
CONTIG	NODE_71_length_15364_cov_42.607600	15364	correct
2372369	2386761	1	14393	NC_002945.4	NODE_72_length_14393_cov_46.741694	99.98		True
CONTIG	NODE_72_length_14393_cov_46.741694	14393	correct
2409067	2422776	13710	1	NC_002945.4	NODE_73_length_14000_cov_41.947884	99.98		True
CONTIG	NODE_73_length_14000_cov_41.947884	14000	correct
3712180	3724845	1	12666	NC_002945.4	NODE_74_length_12696_cov_30.649137	99.96		True
CONTIG	NODE_74_length_12696_cov_30.649137	12696	correct
2944619	2957076	12458	1	NC_002945.4	NODE_75_length_12458_cov_44.807234	99.98		True
CONTIG	NODE_75_length_12458_cov_44.807234	12458	correct
4281707	4293948	12242	1	NC_002945.4	NODE_76_length_12326_cov_45.134929	99.98		True
CONTIG	NODE_76_length_12326_cov_45.134929	12326	correct
3700301	3711403	1	11103	NC_002945.4	NODE_77_length_11103_cov_29.383382	100.0		True
CONTIG	NODE_77_length_11103_cov_29.383382	11103	correct
2933741	2943963	1	10223	NC_002945.4	NODE_78_length_10223_cov_44.679081	99.99		True
CONTIG	NODE_78_length_10223_cov_44.679081	10223	correct
3209302	3219337	10036	1	NC_002945.4	NODE_79_length_10036_cov_46.871430	100.0		True
CONTIG	NODE_79_length_10036_cov_46.871430	10036	correct
1623865	1633328	9416	1	NC_002945.4	NODE_80_length_9416_cov_39.464743	99.46		True
CONTIG	NODE_80_length_9416_cov_39.464743	9416	correct
402605	411446	8960	119	NC_002945.4	NODE_81_length_8960_cov_39.863353	99.98		True
CONTIG	NODE_81_length_8960_cov_39.863353	8960	correct
4301865	4309398	1	7534	NC_002945.4	NODE_82_length_7545_cov_45.875977	99.99		True
CONTIG	NODE_82_length_7545_cov_45.875977	7545	correct
4294631	4301866	49	7284	NC_002945.4	NODE_83_length_7393_cov_42.381503	99.99		True
CONTIG	NODE_83_length_7393_cov_42.381503	7393	correct
3884660	3890001	1	5351	NC_002945.4	NODE_84_length_5351_cov_27.286562	99.81		True
CONTIG	NODE_84_length_5351_cov_27.286562	5351	correct
1987210	1992127	190	5108	NC_002945.4	NODE_85_length_5108_cov_45.102188	99.96		True
CONTIG	NODE_85_length_5108_cov_45.102188	5108	correct
1213939	1214774	1	836	NC_002945.4	NODE_86_length_4631_cov_31.319272	99.64		True
local misassembly
1214750	1218312	956	4518	NC_002945.4	NODE_86_length_4631_cov_31.319272	99.97		True
CONTIG	NODE_86_length_4631_cov_31.319272	4631	correct
1165899	1169900	4002	1	NC_002945.4	NODE_87_length_4002_cov_49.597677	99.98		True
CONTIG	NODE_87_length_4002_cov_49.597677	4002	correct
3980191	3983667	3477	1	NC_002945.4	NODE_88_length_3477_cov_44.834328	100.0		True
CONTIG	NODE_88_length_3477_cov_44.834328	3477	correct
1633489	1633764	151	426	NC_002945.4	NODE_89_length_3046_cov_21.845152	100.0		True
relocation, inconsistency = 1805
1635657	1638240	3046	514	NC_002945.4	NODE_89_length_3046_cov_21.845152	98.03		True
CONTIG	NODE_89_length_3046_cov_21.845152	3046	misassembled
2284620	2287647	1	3028	NC_002945.4	NODE_90_length_3028_cov_31.184074	99.77		True
CONTIG	NODE_90_length_3028_cov_31.184074	3028	correct
2290710	2293716	1	3007	NC_002945.4	NODE_91_length_3007_cov_34.169444	100.0		True
CONTIG	NODE_91_length_3007_cov_34.169444	3007	correct
2158341	2158913	1	573	NC_002945.4	NODE_92_length_2949_cov_43.771084	100.0		True
fake: scaffold gap size wrong estimation (local)
2158914	2160444	605	2135	NC_002945.4	NODE_92_length_2949_cov_43.771084	95.49		True
CONTIG	NODE_92_length_2949_cov_43.771084	2949	correct
1996273	1996443	1	171	NC_002945.4	NODE_93_length_2818_cov_48.343367	100.0		True
inversion
1993335	1995981	2818	172	NC_002945.4	NODE_93_length_2818_cov_48.343367	100.0		True
CONTIG	NODE_93_length_2818_cov_48.343367	2818	misassembled
2609387	2611609	2223	1	NC_002945.4	NODE_94_length_2223_cov_29.290553	100.0		True
CONTIG	NODE_94_length_2223_cov_29.290553	2223	correct
3878277	3880391	2115	1	NC_002945.4	NODE_95_length_2115_cov_6.069920	100.0		True
CONTIG	NODE_95_length_2115_cov_6.069920	2115	correct
928970	930617	1648	1	NC_002945.4	NODE_96_length_1986_cov_9.490048	100.0		True
local misassembly
928785	928975	1986	1787	NC_002945.4	NODE_96_length_1986_cov_9.490048	95.5		True
CONTIG	NODE_96_length_1986_cov_9.490048	1986	correct
674644	676327	1684	1	NC_002945.4	NODE_97_length_1879_cov_4.460046	99.88		True
CONTIG	NODE_97_length_1879_cov_4.460046	1879	correct
2343845	2345667	1823	1	NC_002945.4	NODE_98_length_1849_cov_32.311266	99.62		True
CONTIG	NODE_98_length_1849_cov_32.311266	1849	correct
334077	335718	1642	1	NC_002945.4	NODE_99_length_1642_cov_10.776238	99.57		True
CONTIG	NODE_99_length_1642_cov_10.776238	1642	correct
401182	402731	1550	1	NC_002945.4	NODE_100_length_1550_cov_78.754041	100.0		True
CONTIG	NODE_100_length_1550_cov_78.754041	1550	correct
2324564	2325807	1393	150	NC_002945.4	NODE_101_length_1508_cov_33.328747	100.0		True
CONTIG	NODE_101_length_1508_cov_33.328747	1508	correct
4193589	4195052	1	1464	NC_002945.4	NODE_102_length_1464_cov_107.422588	100.0		True
CONTIG	NODE_102_length_1464_cov_107.422588	1464	correct
3443593	3445031	1	1439	NC_002945.4	NODE_103_length_1439_cov_57.535823	100.0		True
CONTIG	NODE_103_length_1439_cov_57.535823	1439	correct
336693	337910	1242	25	NC_002945.4	NODE_104_length_1374_cov_18.442662	99.75		True
CONTIG	NODE_104_length_1374_cov_18.442662	1374	correct
2774240	2775581	1342	1	NC_002945.4	NODE_105_length_1342_cov_7.683128	99.93		True
CONTIG	NODE_105_length_1342_cov_7.683128	1342	correct
890952	892291	1340	1	NC_002945.4	NODE_106_length_1340_cov_91.943116	100.0		True
CONTIG	NODE_106_length_1340_cov_91.943116	1340	correct
3339137	3340461	1325	1	NC_002945.4	NODE_107_length_1325_cov_39.429883	100.0		True
CONTIG	NODE_107_length_1325_cov_39.429883	1325	correct
3835659	3836979	1	1321	NC_002945.4	NODE_108_length_1321_cov_85.805695	99.77		True
CONTIG	NODE_108_length_1321_cov_85.805695	1321	correct
2288581	2289835	1255	1	NC_002945.4	NODE_109_length_1255_cov_42.656915	100.0		True
CONTIG	NODE_109_length_1255_cov_42.656915	1255	correct
3882139	3882718	226	805	NC_002945.4	NODE_110_length_1225_cov_2.626594	100.0		True
indel: indel (> 5bp)
3882719	3882931	854	1066	NC_002945.4	NODE_110_length_1225_cov_2.626594	100.0		True
CONTIG	NODE_110_length_1225_cov_2.626594	1225	correct
839637	840848	1	1212	NC_002945.4	NODE_111_length_1212_cov_17.694009	100.0		True
CONTIG	NODE_111_length_1212_cov_17.694009	1212	correct
2287521	2288707	1187	1	NC_002945.4	NODE_112_length_1187_cov_30.058491	100.0		True
CONTIG	NODE_112_length_1187_cov_30.058491	1187	correct
2289709	2290836	1128	1	NC_002945.4	NODE_113_length_1128_cov_89.652348	99.91		True
CONTIG	NODE_113_length_1128_cov_89.652348	1128	correct
1340970	1342059	1	1090	NC_002945.4	NODE_114_length_1090_cov_34.813084	99.91		True
CONTIG	NODE_114_length_1090_cov_34.813084	1090	correct
3711277	3712306	1	1030	NC_002945.4	NODE_115_length_1030_cov_101.509413	100.0		True
CONTIG	NODE_115_length_1030_cov_101.509413	1030	correct
1165044	1166025	982	1	NC_002945.4	NODE_116_length_982_cov_93.098246	100.0		True
CONTIG	NODE_116_length_982_cov_93.098246	982	correct
CONTIG	NODE_117_length_970_cov_3.909846	970	unaligned
2800228	2801136	1	909	NC_002945.4	NODE_118_length_909_cov_292.813299	100.0		True
CONTIG	NODE_118_length_909_cov_292.813299	909	correct
3341521	3342410	890	1	NC_002945.4	NODE_119_length_890_cov_36.484928	100.0		True
CONTIG	NODE_119_length_890_cov_36.484928	890	correct
1985790	1986519	775	46	NC_002945.4	NODE_120_length_872_cov_3.194631	100.0		True
CONTIG	NODE_120_length_872_cov_3.194631	872	correct
2191968	2192811	1	844	NC_002945.4	NODE_121_length_844_cov_91.022315	100.0		True
CONTIG	NODE_121_length_844_cov_91.022315	844	correct
3444905	3445699	1	795	NC_002945.4	NODE_122_length_795_cov_100.606287	100.0		True
CONTIG	NODE_122_length_795_cov_100.606287	795	correct
1996443	1997118	676	1	NC_002945.4	NODE_123_length_768_cov_4.258970	100.0		True
CONTIG	NODE_123_length_768_cov_4.258970	768	correct
335765	336409	645	1	NC_002945.4	NODE_124_length_766_cov_5.984351	99.84		True
CONTIG	NODE_124_length_766_cov_5.984351	766	correct
CONTIG	NODE_125_length_764_cov_1.078493	764	unaligned
2422650	2423393	1	744	NC_002945.4	NODE_126_length_744_cov_79.716370	100.0		True
CONTIG	NODE_126_length_744_cov_79.716370	744	correct
3884045	3884786	724	1	NC_002945.4	NODE_127_length_724_cov_12.418760	97.44		True
CONTIG	NODE_127_length_724_cov_12.418760	724	correct
CONTIG	NODE_128_length_704_cov_1.788562	704	unaligned
2773546	2774133	104	691	NC_002945.4	NODE_129_length_691_cov_2.553191	99.83		True
CONTIG	NODE_129_length_691_cov_2.553191	691	correct
3984881	3985303	517	95	NC_002945.4	NODE_130_length_678_cov_2.059891	100.0		True
CONTIG	NODE_130_length_678_cov_2.059891	678	correct
3340552	3341186	635	1	NC_002945.4	NODE_131_length_635_cov_32.767717	100.0		True
CONTIG	NODE_131_length_635_cov_32.767717	635	correct
1342064	1342697	634	1	NC_002945.4	NODE_132_length_634_cov_53.120316	100.0		True
CONTIG	NODE_132_length_634_cov_53.120316	634	correct
3338171	3338802	632	1	NC_002945.4	NODE_133_length_632_cov_34.497030	99.84		True
CONTIG	NODE_133_length_632_cov_34.497030	632	correct
2371542	2372173	1	632	NC_002945.4	NODE_134_length_632_cov_26.408432	100.0		True
CONTIG	NODE_134_length_632_cov_26.408432	632	correct
1573274	1573874	614	14	NC_002945.4	NODE_135_length_614_cov_1.435318	99.33		True
CONTIG	NODE_135_length_614_cov_1.435318	614	correct
132032	132401	69	438	NC_002945.4	NODE_136_length_600_cov_1.646934	100.0		True
CONTIG	NODE_136_length_600_cov_1.646934	600	correct
3979680	3980093	170	583	NC_002945.4	NODE_137_length_593_cov_2.085837	100.0		True
CONTIG	NODE_137_length_593_cov_2.085837	593	correct
3883513	3883985	473	1	NC_002945.4	NODE_138_length_592_cov_7.329032	100.0		True
local misassembly
3883859	3883977	592	474	NC_002945.4	NODE_138_length_592_cov_7.329032	100.0		True
CONTIG	NODE_138_length_592_cov_7.329032	592	correct
3341060	3341647	588	1	NC_002945.4	NODE_139_length_588_cov_69.620390	100.0		True
CONTIG	NODE_139_length_588_cov_69.620390	588	correct
1491295	1491710	173	588	NC_002945.4	NODE_140_length_588_cov_0.952278	100.0		True
CONTIG	NODE_140_length_588_cov_0.952278	588	correct
2775698	2776150	472	20	NC_002945.4	NODE_141_length_578_cov_0.656319	99.56		True
local misassembly
2776043	2776142	578	479	NC_002945.4	NODE_141_length_578_cov_0.656319	100.0		True
CONTIG	NODE_141_length_578_cov_0.656319	578	correct
1535045	1535408	1	364	NC_002945.4	NODE_142_length_531_cov_28.391089	96.98		True
relocation, inconsistency = 2310255
3845679	3845830	531	380	NC_002945.4	NODE_142_length_531_cov_28.391089	95.39		True
CONTIG	NODE_142_length_531_cov_28.391089	531	misassembled
2932296	2932814	519	1	NC_002945.4	NODE_143_length_519_cov_0.670918	99.42		True
CONTIG	NODE_143_length_519_cov_0.670918	519	correct
673518	674031	1	514	NC_002945.4	NODE_144_length_514_cov_1.930233	99.61		True
CONTIG	NODE_144_length_514_cov_1.930233	514	correct
674091	674585	505	11	NC_002945.4	NODE_145_length_505_cov_4.042328	99.8		True
CONTIG	NODE_145_length_505_cov_4.042328	505	correct
