S1	E1	S2	E2	Reference	Contig	IDY	Ambiguous	Best_group
3488378	3673271	1	184786	NC_002945.4	NODE_1_length_184786_cov_37.342020	99.92		True
CONTIG	NODE_1_length_184786_cov_37.342020	184786	correct
3124658	3124808	305	155	NC_002945.4	NODE_2_length_179256_cov_36.352405	100.0		True
local misassembly
3015740	3124456	108386	306	NC_002945.4	NODE_2_length_179256_cov_36.352405	99.2		True
local misassembly
2944619	3015643	179256	108387	NC_002945.4	NODE_2_length_179256_cov_36.352405	99.77		True
CONTIG	NODE_2_length_179256_cov_36.352405	179256	correct
4294615	4349904	1	55289	NC_002945.4	NODE_3_length_158608_cov_38.022924	99.99		True
fake: not a misassembly [linear representation of circular genome]
1	29469	55290	84758	NC_002945.4	NODE_3_length_158608_cov_38.022924	99.99		True
local misassembly
30083	103918	84760	158608	NC_002945.4	NODE_3_length_158608_cov_38.022924	99.96		True
CONTIG	NODE_3_length_158608_cov_38.022924	158608	correct
150066	306653	1	156561	NC_002945.4	NODE_4_length_156581_cov_37.542811	99.97		True
CONTIG	NODE_4_length_156581_cov_37.542811	156581	correct
2453634	2609282	155650	1	NC_002945.4	NODE_5_length_155662_cov_37.349233	99.99		True
CONTIG	NODE_5_length_155662_cov_37.349233	155662	correct
1853909	1985629	131255	1	NC_002945.4	NODE_6_length_131255_cov_35.360396	99.63		True
CONTIG	NODE_6_length_131255_cov_35.360396	131255	correct
477136	607788	162	130544	NC_002945.4	NODE_7_length_130544_cov_37.981881	99.78		True
CONTIG	NODE_7_length_130544_cov_37.981881	130544	correct
1639421	1769053	1	129632	NC_002945.4	NODE_8_length_129724_cov_38.798529	99.99		True
CONTIG	NODE_8_length_129724_cov_38.798529	129724	correct
3209298	3338802	1	129677	NC_002945.4	NODE_9_length_129677_cov_36.586422	99.85		True
CONTIG	NODE_9_length_129677_cov_36.586422	129677	correct
1010930	1091783	81084	228	NC_002945.4	NODE_10_length_120412_cov_37.137357	99.99		True
relocation, inconsistency = 1457
970144	1009472	120412	81085	NC_002945.4	NODE_10_length_120412_cov_37.137357	99.98		True
CONTIG	NODE_10_length_120412_cov_37.137357	120412	misassembled
726466	824045	1	97581	NC_002945.4	NODE_11_length_111072_cov_37.683897	99.99		True
local misassembly
824601	838091	97582	111072	NC_002945.4	NODE_11_length_111072_cov_37.683897	99.98		True
CONTIG	NODE_11_length_111072_cov_37.683897	111072	correct
4035820	4141969	1	106035	NC_002945.4	NODE_12_length_106035_cov_36.357971	99.88		True
CONTIG	NODE_12_length_106035_cov_36.357971	106035	correct
1491995	1573888	81894	1	NC_002945.4	NODE_13_length_101583_cov_38.573470	99.93		True
local misassembly
1490961	1491835	82769	81895	NC_002945.4	NODE_13_length_101583_cov_38.573470	100.0		True
local misassembly
1471935	1490747	101583	82770	NC_002945.4	NODE_13_length_101583_cov_38.573470	99.98		True
CONTIG	NODE_13_length_101583_cov_38.573470	101583	correct
3343594	3442410	1	98885	NC_002945.4	NODE_14_length_98885_cov_37.934223	99.92		True
CONTIG	NODE_14_length_98885_cov_37.934223	98885	correct
2083596	2140714	57195	77	NC_002945.4	NODE_15_length_84046_cov_37.113621	99.99		True
local misassembly
2057103	2083604	83835	57334	NC_002945.4	NODE_15_length_84046_cov_37.113621	99.98		True
CONTIG	NODE_15_length_84046_cov_37.113621	84046	correct
3897145	3979374	1	82221	NC_002945.4	NODE_16_length_82221_cov_37.292299	99.98		True
CONTIG	NODE_16_length_82221_cov_37.292299	82221	correct
2693912	2773095	79183	1	NC_002945.4	NODE_17_length_79183_cov_36.259474	99.99		True
CONTIG	NODE_17_length_79183_cov_36.259474	79183	correct
402605	477145	1	74542	NC_002945.4	NODE_18_length_74542_cov_35.360398	99.99		True
CONTIG	NODE_18_length_74542_cov_35.360398	74542	correct
1779460	1853813	1	74354	NC_002945.4	NODE_19_length_74354_cov_37.120091	99.99		True
CONTIG	NODE_19_length_74354_cov_37.120091	74354	correct
1094824	1165170	1	70336	NC_002945.4	NODE_20_length_70336_cov_37.288980	99.97		True
CONTIG	NODE_20_length_70336_cov_37.288980	70336	correct
3124748	3193870	1	69069	NC_002945.4	NODE_21_length_69069_cov_36.767022	99.91		True
CONTIG	NODE_21_length_69069_cov_36.767022	69069	correct
4194926	4259153	64228	1	NC_002945.4	NODE_22_length_64228_cov_39.442052	99.99		True
CONTIG	NODE_22_length_64228_cov_39.442052	64228	correct
2852108	2916237	64172	44	NC_002945.4	NODE_23_length_64172_cov_35.765915	99.97		True
CONTIG	NODE_23_length_64172_cov_35.765915	64172	correct
1280097	1340762	1	60728	NC_002945.4	NODE_24_length_60728_cov_38.014422	99.89		True
CONTIG	NODE_24_length_60728_cov_38.014422	60728	correct
1219728	1278412	22	58706	NC_002945.4	NODE_25_length_58706_cov_37.359071	99.99		True
CONTIG	NODE_25_length_58706_cov_37.359071	58706	correct
3777400	3835785	58318	1	NC_002945.4	NODE_26_length_58318_cov_37.428090	99.87		True
CONTIG	NODE_26_length_58318_cov_37.428090	58318	correct
1413935	1470724	56733	1	NC_002945.4	NODE_27_length_56733_cov_38.565399	99.89		True
CONTIG	NODE_27_length_56733_cov_38.565399	56733	correct
2611854	2665710	53911	1	NC_002945.4	NODE_28_length_53941_cov_35.544245	99.89		True
CONTIG	NODE_28_length_53941_cov_35.544245	53941	correct
2210121	2246069	35949	1	NC_002945.4	NODE_29_length_53265_cov_42.171271	100.0		True
local misassembly
2192685	2210000	53265	35950	NC_002945.4	NODE_29_length_53265_cov_42.171271	99.99		True
CONTIG	NODE_29_length_53265_cov_42.171271	53265	correct
4141989	4193715	1	51727	NC_002945.4	NODE_30_length_51727_cov_38.421512	99.99		True
CONTIG	NODE_30_length_51727_cov_38.421512	51727	correct
2801012	2852061	1	51050	NC_002945.4	NODE_31_length_51050_cov_36.355576	99.99		True
CONTIG	NODE_31_length_51050_cov_36.355576	51050	correct
4000854	4035732	34934	56	NC_002945.4	NODE_32_length_50887_cov_36.587076	99.97		True
local misassembly
3984779	4000742	50887	34935	NC_002945.4	NODE_32_length_50887_cov_36.587076	99.93		True
CONTIG	NODE_32_length_50887_cov_36.587076	50887	correct
676624	726441	1	49818	NC_002945.4	NODE_33_length_49980_cov_34.862696	99.99		True
CONTIG	NODE_33_length_49980_cov_34.862696	49980	correct
1574158	1623827	49670	1	NC_002945.4	NODE_34_length_49806_cov_35.927253	99.98		True
CONTIG	NODE_34_length_49806_cov_35.927253	49806	correct
2372753	2408277	10	35476	NC_002945.4	NODE_35_length_49090_cov_34.248412	99.83		True
local misassembly
2409163	2422776	35477	49090	NC_002945.4	NODE_35_length_49090_cov_34.248412	99.98		True
CONTIG	NODE_35_length_49090_cov_34.248412	49090	correct
842772	891078	11	48317	NC_002945.4	NODE_36_length_48317_cov_35.555447	99.99		True
CONTIG	NODE_36_length_48317_cov_35.555447	48317	correct
626757	673260	1	46504	NC_002945.4	NODE_37_length_46704_cov_35.858686	99.99		True
CONTIG	NODE_37_length_46704_cov_35.858686	46704	correct
1997085	2040084	1	43000	NC_002945.4	NODE_38_length_43000_cov_36.486740	99.98		True
CONTIG	NODE_38_length_43000_cov_36.486740	43000	correct
1343879	1386871	1	42998	NC_002945.4	NODE_39_length_42998_cov_35.694619	99.99		True
CONTIG	NODE_39_length_42998_cov_35.694619	42998	correct
3445573	3488322	1	42750	NC_002945.4	NODE_40_length_42750_cov_36.894470	99.97		True
CONTIG	NODE_40_length_42750_cov_36.894470	42750	correct
3836888	3878182	41287	1	NC_002945.4	NODE_41_length_41287_cov_37.053741	99.96		True
CONTIG	NODE_41_length_41287_cov_37.053741	41287	correct
930668	969933	39623	118	NC_002945.4	NODE_42_length_39841_cov_36.288160	99.37		True
CONTIG	NODE_42_length_39841_cov_36.288160	39841	correct
2246171	2283745	227	37803	NC_002945.4	NODE_43_length_37803_cov_38.841836	99.95		True
CONTIG	NODE_43_length_37803_cov_38.841836	37803	correct
363938	401308	37371	1	NC_002945.4	NODE_44_length_37404_cov_36.180433	99.99		True
CONTIG	NODE_44_length_37404_cov_36.180433	37404	correct
3737665	3758796	21284	153	NC_002945.4	NODE_45_length_33893_cov_35.815139	100.0		True
local misassembly
3724846	3737454	33893	21285	NC_002945.4	NODE_45_length_33893_cov_35.815139	99.98		True
CONTIG	NODE_45_length_33893_cov_35.815139	33893	correct
4281767	4293932	12166	1	NC_002945.4	NODE_46_length_33755_cov_38.251725	99.99		True
local misassembly
4259930	4281520	33755	12167	NC_002945.4	NODE_46_length_33755_cov_38.251725	99.98		True
CONTIG	NODE_46_length_33755_cov_38.251725	33755	correct
2294650	2326250	1	31558	NC_002945.4	NODE_47_length_31558_cov_33.717954	99.86		True
CONTIG	NODE_47_length_31558_cov_33.717954	31558	correct
2423267	2453603	1	30223	NC_002945.4	NODE_48_length_30323_cov_37.693867	99.61		True
CONTIG	NODE_48_length_30323_cov_37.693867	30323	correct
2161870	2192094	1	30226	NC_002945.4	NODE_49_length_30226_cov_38.975813	99.99		True
CONTIG	NODE_49_length_30226_cov_38.975813	30226	correct
2343316	2372199	218	29101	NC_002945.4	NODE_50_length_29101_cov_34.107200	99.99		True
CONTIG	NODE_50_length_29101_cov_34.107200	29101	correct
2666006	2693421	1	27415	NC_002945.4	NODE_51_length_27415_cov_36.068785	99.99		True
CONTIG	NODE_51_length_27415_cov_36.068785	27415	correct
105040	131891	1	26852	NC_002945.4	NODE_52_length_26940_cov_35.476150	99.97		True
CONTIG	NODE_52_length_26940_cov_35.476150	26940	correct
307161	333298	1	26033	NC_002945.4	NODE_53_length_26288_cov_36.872214	99.59		True
CONTIG	NODE_53_length_26288_cov_36.872214	26288	correct
1387285	1412955	25671	1	NC_002945.4	NODE_54_length_25671_cov_36.220365	99.98		True
CONTIG	NODE_54_length_25671_cov_36.220365	25671	correct
338202	362913	1	24625	NC_002945.4	NODE_55_length_24814_cov_31.751246	99.62		True
CONTIG	NODE_55_length_24814_cov_31.751246	24814	correct
2776948	2800354	23407	1	NC_002945.4	NODE_56_length_23501_cov_41.503594	99.99		True
CONTIG	NODE_56_length_23501_cov_41.503594	23501	correct
3674358	3695560	1	21203	NC_002945.4	NODE_57_length_22970_cov_32.335464	99.98		True
relocation, inconsistency = -3359246
336721	338081	21610	22970	NC_002945.4	NODE_57_length_22970_cov_32.335464	100.0		True
CONTIG	NODE_57_length_22970_cov_32.335464	22970	misassembled
1171083	1189860	1	18778	NC_002945.4	NODE_58_length_21574_cov_32.915839	99.99		True
local misassembly
1190092	1192887	18779	21574	NC_002945.4	NODE_58_length_21574_cov_32.915839	99.75		True
CONTIG	NODE_58_length_21574_cov_32.915839	21574	correct
2140805	2158516	1	17712	NC_002945.4	NODE_59_length_20419_cov_41.427016	99.96		True
local misassembly
2158655	2159088	17713	18146	NC_002945.4	NODE_59_length_20419_cov_41.427016	100.0		True
fake: scaffold gap size wrong estimation (local)
2160645	2160846	19509	19710	NC_002945.4	NODE_59_length_20419_cov_41.427016	100.0		True
fake: scaffold gap size wrong estimation (local)
2160997	2161605	19811	20419	NC_002945.4	NODE_59_length_20419_cov_41.427016	99.84		True
CONTIG	NODE_59_length_20419_cov_41.427016	20419	correct
132178	149938	1	17761	NC_002945.4	NODE_60_length_17778_cov_40.551300	99.95		True
CONTIG	NODE_60_length_17778_cov_40.551300	17778	correct
3760124	3777383	17262	1	NC_002945.4	NODE_61_length_17443_cov_34.834257	99.96		True
CONTIG	NODE_61_length_17443_cov_34.834257	17443	correct
892165	909508	17344	1	NC_002945.4	NODE_62_length_17344_cov_36.745542	99.99		True
CONTIG	NODE_62_length_17344_cov_36.745542	17344	correct
2326455	2343371	412	17328	NC_002945.4	NODE_63_length_17328_cov_33.412127	99.95		True
CONTIG	NODE_63_length_17328_cov_33.412127	17328	correct
2040098	2056516	94	16512	NC_002945.4	NODE_64_length_16512_cov_37.747391	99.99		True
CONTIG	NODE_64_length_16512_cov_37.747391	16512	correct
910050	926347	1	16298	NC_002945.4	NODE_65_length_16463_cov_39.329824	99.99		True
CONTIG	NODE_65_length_16463_cov_39.329824	16463	correct
3193780	3209295	1	15616	NC_002945.4	NODE_66_length_15616_cov_36.557557	100.0		True
CONTIG	NODE_66_length_15616_cov_36.557557	15616	correct
609085	624362	15431	154	NC_002945.4	NODE_67_length_15431_cov_34.869381	99.99		True
CONTIG	NODE_67_length_15431_cov_34.869381	15431	correct
2916851	2932201	15351	1	NC_002945.4	NODE_68_length_15351_cov_42.385970	99.97		True
CONTIG	NODE_68_length_15351_cov_42.385970	15351	correct
1634578	1638087	3387	1	NC_002945.4	NODE_69_length_13538_cov_27.549773	96.35		True
local misassembly
1633458	1634433	4363	3388	NC_002945.4	NODE_69_length_13538_cov_27.549773	99.9		True
local misassembly
1623872	1633103	13538	4364	NC_002945.4	NODE_69_length_13538_cov_27.549773	99.35		True
CONTIG	NODE_69_length_13538_cov_27.549773	13538	correct
3712180	3724845	12735	70	NC_002945.4	NODE_70_length_12735_cov_26.568449	99.96		True
CONTIG	NODE_70_length_12735_cov_26.568449	12735	correct
1193002	1204657	1	11656	NC_002945.4	NODE_71_length_11736_cov_40.039021	99.97		True
CONTIG	NODE_71_length_11736_cov_40.039021	11736	correct
3700262	3711403	1	11142	NC_002945.4	NODE_72_length_11142_cov_27.372401	100.0		True
CONTIG	NODE_72_length_11142_cov_27.372401	11142	correct
2933741	2943963	1	10223	NC_002945.4	NODE_73_length_10223_cov_37.576664	99.99		True
CONTIG	NODE_73_length_10223_cov_37.576664	10223	correct
1204727	1213474	1	8748	NC_002945.4	NODE_74_length_8839_cov_34.620523	99.98		True
CONTIG	NODE_74_length_8839_cov_34.620523	8839	correct
1985772	1986193	1	422	NC_002945.4	NODE_75_length_5412_cov_36.054115	99.76		True
local misassembly
1987184	1992127	468	5412	NC_002945.4	NODE_75_length_5412_cov_36.054115	99.98		True
CONTIG	NODE_75_length_5412_cov_36.054115	5412	correct
3884685	3890001	5326	1	NC_002945.4	NODE_76_length_5326_cov_22.924216	99.81		True
CONTIG	NODE_76_length_5326_cov_22.924216	5326	correct
1214750	1218305	3677	122	NC_002945.4	NODE_77_length_4658_cov_28.803134	100.0		True
local misassembly
1213913	1214774	4658	3797	NC_002945.4	NODE_77_length_4658_cov_28.803134	99.42		True
CONTIG	NODE_77_length_4658_cov_28.803134	4658	correct
3980171	3984376	4383	178	NC_002945.4	NODE_78_length_4383_cov_30.762453	99.98		True
CONTIG	NODE_78_length_4383_cov_30.762453	4383	correct
1165899	1169900	4002	1	NC_002945.4	NODE_79_length_4002_cov_37.968000	99.98		True
CONTIG	NODE_79_length_4002_cov_37.968000	4002	correct
3697482	3697592	1	111	NC_002945.4	NODE_80_length_3187_cov_6.537582	100.0		True
local misassembly
3697134	3700121	112	3099	NC_002945.4	NODE_80_length_3187_cov_6.537582	99.97		True
CONTIG	NODE_80_length_3187_cov_6.537582	3187	correct
2284620	2287647	3028	1	NC_002945.4	NODE_81_length_3028_cov_25.847294	99.77		True
CONTIG	NODE_81_length_3028_cov_25.847294	3028	correct
2290710	2293716	1	3007	NC_002945.4	NODE_82_length_3007_cov_25.780903	100.0		True
CONTIG	NODE_82_length_3007_cov_25.780903	3007	correct
1993335	1996072	2864	127	NC_002945.4	NODE_83_length_2864_cov_39.738400	100.0		True
CONTIG	NODE_83_length_2864_cov_39.738400	2864	correct
3891898	3893120	1	1223	NC_002945.4	NODE_84_length_2774_cov_22.105780	99.84		True
local misassembly
3893916	3895466	1224	2774	NC_002945.4	NODE_84_length_2774_cov_22.105780	99.87		True
CONTIG	NODE_84_length_2774_cov_22.105780	2774	correct
928970	930641	1832	161	NC_002945.4	NODE_85_length_2635_cov_7.375997	100.0		True
local misassembly
928336	928975	2619	1971	NC_002945.4	NODE_85_length_2635_cov_7.375997	98.61		True
CONTIG	NODE_85_length_2635_cov_7.375997	2635	correct
3882139	3884154	233	2296	NC_002945.4	NODE_86_length_2296_cov_4.637621	97.67		True
CONTIG	NODE_86_length_2296_cov_4.637621	2296	correct
3878159	3880054	2227	332	NC_002945.4	NODE_87_length_2247_cov_4.508019	99.42		True
CONTIG	NODE_87_length_2247_cov_4.508019	2247	correct
2609387	2611609	1	2223	NC_002945.4	NODE_88_length_2223_cov_24.574427	100.0		True
CONTIG	NODE_88_length_2223_cov_24.574427	2223	correct
1092497	1094208	1758	47	NC_002945.4	NODE_89_length_2035_cov_26.427673	100.0		True
inversion
1092153	1092429	1759	2035	NC_002945.4	NODE_89_length_2035_cov_26.427673	100.0		True
CONTIG	NODE_89_length_2035_cov_26.427673	2035	misassembled
334077	335582	1570	65	NC_002945.4	NODE_90_length_1570_cov_8.137214	99.87		True
CONTIG	NODE_90_length_1570_cov_8.137214	1570	correct
401182	402731	1	1550	NC_002945.4	NODE_91_length_1550_cov_53.839072	100.0		True
CONTIG	NODE_91_length_1550_cov_53.839072	1550	correct
4193589	4195052	1	1464	NC_002945.4	NODE_92_length_1464_cov_77.957367	100.0		True
CONTIG	NODE_92_length_1464_cov_77.957367	1464	correct
3443593	3445031	1439	1	NC_002945.4	NODE_93_length_1439_cov_46.570122	100.0		True
CONTIG	NODE_93_length_1439_cov_46.570122	1439	correct
890952	892291	1	1340	NC_002945.4	NODE_94_length_1340_cov_70.934048	100.0		True
CONTIG	NODE_94_length_1340_cov_70.934048	1340	correct
3339137	3340461	1325	1	NC_002945.4	NODE_95_length_1325_cov_35.416528	100.0		True
CONTIG	NODE_95_length_1325_cov_35.416528	1325	correct
3835659	3836979	1321	1	NC_002945.4	NODE_96_length_1321_cov_80.458124	99.7		True
CONTIG	NODE_96_length_1321_cov_80.458124	1321	correct
2288581	2289835	1	1255	NC_002945.4	NODE_97_length_1255_cov_38.794326	100.0		True
CONTIG	NODE_97_length_1255_cov_38.794326	1255	correct
839632	840715	1	1084	NC_002945.4	NODE_98_length_1249_cov_13.466132	100.0		True
CONTIG	NODE_98_length_1249_cov_13.466132	1249	correct
2287521	2288707	1	1187	NC_002945.4	NODE_99_length_1187_cov_25.445283	100.0		True
CONTIG	NODE_99_length_1187_cov_25.445283	1187	correct
2283619	2284746	1	1128	NC_002945.4	NODE_100_length_1128_cov_75.132867	99.91		True
CONTIG	NODE_100_length_1128_cov_75.132867	1128	correct
1340970	1342059	1090	1	NC_002945.4	NODE_101_length_1090_cov_21.451713	99.91		True
CONTIG	NODE_101_length_1090_cov_21.451713	1090	correct
3711277	3712306	1030	1	NC_002945.4	NODE_102_length_1030_cov_79.821705	100.0		True
CONTIG	NODE_102_length_1030_cov_79.821705	1030	correct
625772	626756	1	985	NC_002945.4	NODE_103_length_985_cov_25.410971	100.0		True
CONTIG	NODE_103_length_985_cov_25.410971	985	correct
1165044	1166025	982	1	NC_002945.4	NODE_104_length_982_cov_78.159064	99.9		True
CONTIG	NODE_104_length_982_cov_78.159064	982	correct
2800228	2801136	1	909	NC_002945.4	NODE_105_length_909_cov_244.538363	100.0		True
CONTIG	NODE_105_length_909_cov_244.538363	909	correct
3341521	3342410	890	1	NC_002945.4	NODE_106_length_890_cov_29.017038	100.0		True
CONTIG	NODE_106_length_890_cov_29.017038	890	correct
2774298	2774848	768	218	NC_002945.4	NODE_107_length_890_cov_4.079948	100.0		True
CONTIG	NODE_107_length_890_cov_4.079948	890	correct
2191968	2192811	844	1	NC_002945.4	NODE_108_length_844_cov_74.364017	100.0		True
CONTIG	NODE_108_length_844_cov_74.364017	844	correct
3696032	3696129	106	9	NC_002945.4	NODE_109_length_839_cov_3.779494	100.0		True
local misassembly
3695877	3696577	807	107	NC_002945.4	NODE_109_length_839_cov_3.779494	100.0		True
CONTIG	NODE_109_length_839_cov_3.779494	839	correct
3891898	3892013	1	116	NC_002945.4	NODE_110_length_835_cov_3.725989	100.0		True
local misassembly
3891306	3892024	117	835	NC_002945.4	NODE_110_length_835_cov_3.725989	100.0		True
CONTIG	NODE_110_length_835_cov_3.725989	835	correct
335615	336429	815	1	NC_002945.4	NODE_111_length_817_cov_7.008696	100.0		True
CONTIG	NODE_111_length_817_cov_7.008696	817	correct
909382	910176	795	1	NC_002945.4	NODE_112_length_795_cov_84.898204	100.0		True
CONTIG	NODE_112_length_795_cov_84.898204	795	correct
2774873	2775547	675	1	NC_002945.4	NODE_113_length_765_cov_6.227273	99.85		True
CONTIG	NODE_113_length_765_cov_6.227273	765	correct
1996384	1996969	34	619	NC_002945.4	NODE_114_length_758_cov_4.771791	100.0		True
CONTIG	NODE_114_length_758_cov_4.771791	758	correct
2693295	2694038	1	744	NC_002945.4	NODE_115_length_744_cov_64.846029	100.0		True
CONTIG	NODE_115_length_744_cov_64.846029	744	correct
3884028	3884769	1	724	NC_002945.4	NODE_116_length_724_cov_16.475712	97.44		True
CONTIG	NODE_116_length_724_cov_16.475712	724	correct
362933	363380	60	507	NC_002945.4	NODE_117_length_708_cov_1.635112	100.0		True
CONTIG	NODE_117_length_708_cov_1.635112	708	correct
674111	674692	122	703	NC_002945.4	NODE_118_length_703_cov_3.440972	100.0		True
CONTIG	NODE_118_length_703_cov_3.440972	703	correct
3340552	3341186	1	635	NC_002945.4	NODE_119_length_635_cov_26.100394	100.0		True
CONTIG	NODE_119_length_635_cov_26.100394	635	correct
1342064	1342697	1	634	NC_002945.4	NODE_120_length_634_cov_46.364892	100.0		True
CONTIG	NODE_120_length_634_cov_46.364892	634	correct
3341060	3341647	588	1	NC_002945.4	NODE_121_length_588_cov_55.069414	100.0		True
CONTIG	NODE_121_length_588_cov_55.069414	588	correct
3895849	3895923	282	208	NC_002945.4	NODE_122_length_570_cov_0.731377	100.0		True
unknown
3881970	3882121	275	426	NC_002945.4	NODE_122_length_570_cov_0.731377	99.34		True
unknown
CONTIG	NODE_122_length_570_cov_0.731377	570	mis_unaligned
2932316	2932851	554	19	NC_002945.4	NODE_123_length_554_cov_2.067916	100.0		True
CONTIG	NODE_123_length_554_cov_2.067916	554	correct
2773511	2774041	531	1	NC_002945.4	NODE_124_length_531_cov_3.084158	100.0		True
CONTIG	NODE_124_length_531_cov_3.084158	531	correct
CONTIG	NODE_125_length_526_cov_1.010025	526	unaligned
CONTIG	NODE_126_length_520_cov_1.244275	520	unaligned
CONTIG	NODE_127_length_511_cov_1.203125	511	unaligned
