S1	E1	S2	E2	Reference	Contig	IDY	Ambiguous	Best_group
4000854	4193715	192730	1	NC_002945.4	NODE_1_length_294630_cov_100.454376	99.92		True
local misassembly
3898832	4000742	294630	192731	NC_002945.4	NODE_1_length_294630_cov_100.454376	99.98		True
CONTIG	NODE_1_length_294630_cov_100.454376	294630	correct
2957039	3193761	235980	1	NC_002945.4	NODE_2_length_235980_cov_100.307679	99.58		True
CONTIG	NODE_2_length_235980_cov_100.307679	235980	correct
3445573	3673271	227591	1	NC_002945.4	NODE_3_length_227591_cov_100.039101	99.93		True
CONTIG	NODE_3_length_227591_cov_100.039101	227591	correct
2453614	2665719	1	212158	NC_002945.4	NODE_4_length_212277_cov_97.844016	99.96		True
CONTIG	NODE_4_length_212277_cov_97.844016	212277	correct
1779460	1973048	1	193234	NC_002945.4	NODE_5_length_193234_cov_98.461418	99.8		True
CONTIG	NODE_5_length_193234_cov_98.461418	193234	correct
1972965	1985526	1	12529	NC_002945.4	NODE_6_length_169256_cov_97.861603	99.73		True
relocation, inconsistency = 1666315
149998	306649	169154	12530	NC_002945.4	NODE_6_length_169256_cov_97.861603	99.97		True
CONTIG	NODE_6_length_169256_cov_97.861603	169256	misassembled
824601	837952	13468	117	NC_002945.4	NODE_7_length_161005_cov_100.471643	99.98		True
local misassembly
676696	824045	160819	13469	NC_002945.4	NODE_7_length_161005_cov_100.471643	99.99		True
local misassembly
676452	676530	160898	160820	NC_002945.4	NODE_7_length_161005_cov_100.471643	100.0		True
local misassembly
677281	677387	161005	160899	NC_002945.4	NODE_7_length_161005_cov_100.471643	100.0		True
CONTIG	NODE_7_length_161005_cov_100.471643	161005	correct
402605	561887	1	159284	NC_002945.4	NODE_8_length_159284_cov_96.629039	99.99		True
CONTIG	NODE_8_length_159284_cov_96.629039	159284	correct
30083	103918	73849	1	NC_002945.4	NODE_9_length_158615_cov_99.542855	99.96		True
local misassembly
1	29469	103319	73851	NC_002945.4	NODE_9_length_158615_cov_99.542855	99.99		True
fake: not a misassembly [linear representation of circular genome]
4294608	4349904	158615	103320	NC_002945.4	NODE_9_length_158615_cov_99.542855	99.99		True
CONTIG	NODE_9_length_158615_cov_99.542855	158615	correct
2057039	2083604	73	26638	NC_002945.4	NODE_10_length_134462_cov_96.344519	99.98		True
local misassembly
2083596	2158516	26777	101697	NC_002945.4	NODE_10_length_134462_cov_96.344519	99.98		True
local misassembly
2158655	2159088	101698	102131	NC_002945.4	NODE_10_length_134462_cov_96.344519	100.0		True
fake: scaffold gap size wrong estimation (local)
2160645	2160846	103494	103695	NC_002945.4	NODE_10_length_134462_cov_96.344519	100.0		True
fake: scaffold gap size wrong estimation (local)
2160997	2192094	103796	134462	NC_002945.4	NODE_10_length_134462_cov_96.344519	98.6		True
CONTIG	NODE_10_length_134462_cov_96.344519	134462	correct
1638889	1769053	109	130273	NC_002945.4	NODE_11_length_130365_cov_100.770820	99.99		True
CONTIG	NODE_11_length_130365_cov_100.770820	130365	correct
1094289	1096461	2173	1	NC_002945.4	NODE_12_length_123919_cov_99.115072	100.0		True
inversion
1092467	1094353	2174	4060	NC_002945.4	NODE_12_length_123919_cov_99.115072	100.0		True
relocation, inconsistency = 1001
1010930	1091465	84599	4061	NC_002945.4	NODE_12_length_123919_cov_99.115072	99.99		True
relocation, inconsistency = 1457
970250	1009472	123821	84600	NC_002945.4	NODE_12_length_123919_cov_99.115072	99.97		True
CONTIG	NODE_12_length_123919_cov_99.115072	123919	misassembled
3219358	3338802	118	119788	NC_002945.4	NODE_13_length_119788_cov_96.772198	99.88		True
CONTIG	NODE_13_length_119788_cov_96.772198	119788	correct
3343594	3442410	98885	1	NC_002945.4	NODE_14_length_98885_cov_99.227263	99.92		True
CONTIG	NODE_14_length_98885_cov_99.227263	98885	correct
1491904	1573930	647	82673	NC_002945.4	NODE_15_length_82733_cov_98.325182	99.93		True
CONTIG	NODE_15_length_82733_cov_98.325182	82733	correct
2693912	2773109	1	79197	NC_002945.4	NODE_16_length_79295_cov_96.200788	99.99		True
CONTIG	NODE_16_length_79295_cov_96.200788	79295	correct
1204740	1278412	73742	1	NC_002945.4	NODE_17_length_74058_cov_99.170267	99.69		True
CONTIG	NODE_17_length_74058_cov_99.170267	74058	correct
1096985	1165170	68175	1	NC_002945.4	NODE_18_length_68175_cov_100.745092	99.97		True
CONTIG	NODE_18_length_68175_cov_100.745092	68175	correct
2852115	2916393	54	64331	NC_002945.4	NODE_19_length_64331_cov_100.406750	99.98		True
CONTIG	NODE_19_length_64331_cov_100.406750	64331	correct
4194926	4259153	1	64228	NC_002945.4	NODE_20_length_64228_cov_98.214131	99.99		True
CONTIG	NODE_20_length_64228_cov_98.214131	64228	correct
1280097	1340762	60728	1	NC_002945.4	NODE_21_length_60728_cov_102.288956	99.89		True
CONTIG	NODE_21_length_60728_cov_102.288956	60728	correct
3777400	3835785	58318	1	NC_002945.4	NODE_22_length_58318_cov_103.149422	99.87		True
CONTIG	NODE_22_length_58318_cov_103.149422	58318	correct
1413935	1470724	1	56733	NC_002945.4	NODE_23_length_56733_cov_96.576211	99.89		True
CONTIG	NODE_23_length_56733_cov_96.576211	56733	correct
2192685	2245161	1	52477	NC_002945.4	NODE_24_length_52477_cov_97.654308	99.99		True
CONTIG	NODE_24_length_52477_cov_97.654308	52477	correct
2801012	2852092	51081	1	NC_002945.4	NODE_25_length_51081_cov_103.987597	99.99		True
CONTIG	NODE_25_length_51081_cov_103.987597	51081	correct
841505	891078	42	49567	NC_002945.4	NODE_26_length_49567_cov_94.076052	99.89		True
CONTIG	NODE_26_length_49567_cov_94.076052	49567	correct
1574551	1623827	49277	1	NC_002945.4	NODE_27_length_49277_cov_103.255036	99.98		True
CONTIG	NODE_27_length_49277_cov_103.255036	49277	correct
626972	673452	1	46481	NC_002945.4	NODE_28_length_49156_cov_100.381876	99.99		True
local misassembly
673669	676279	46482	49047	NC_002945.4	NODE_28_length_49156_cov_100.381876	98.24		True
CONTIG	NODE_28_length_49156_cov_100.381876	49156	correct
2326383	2372278	97	45992	NC_002945.4	NODE_29_length_45992_cov_99.106312	99.99		True
CONTIG	NODE_29_length_45992_cov_99.106312	45992	correct
561761	607788	1	45758	NC_002945.4	NODE_30_length_45758_cov_97.986194	99.41		True
CONTIG	NODE_30_length_45758_cov_97.986194	45758	correct
105040	150007	45067	100	NC_002945.4	NODE_31_length_45067_cov_97.202581	99.97		True
CONTIG	NODE_31_length_45067_cov_97.202581	45067	correct
3836888	3881544	1	44649	NC_002945.4	NODE_32_length_44770_cov_94.374370	99.96		True
CONTIG	NODE_32_length_44770_cov_94.374370	44770	correct
1343879	1386912	1	43039	NC_002945.4	NODE_33_length_43061_cov_104.374622	99.99		True
CONTIG	NODE_33_length_43061_cov_104.374622	43061	correct
930913	969716	39044	1	NC_002945.4	NODE_34_length_39044_cov_103.653673	99.36		True
CONTIG	NODE_34_length_39044_cov_103.653673	39044	correct
363817	401308	159	37650	NC_002945.4	NODE_35_length_37650_cov_92.974735	99.99		True
CONTIG	NODE_35_length_37650_cov_92.974735	37650	correct
2246369	2283745	37379	1	NC_002945.4	NODE_36_length_37379_cov_99.018764	99.95		True
CONTIG	NODE_36_length_37379_cov_99.018764	37379	correct
3674358	3711403	37028	1	NC_002945.4	NODE_37_length_37028_cov_83.337823	99.95		True
CONTIG	NODE_37_length_37028_cov_83.337823	37028	correct
3724846	3737454	1	12609	NC_002945.4	NODE_38_length_34107_cov_99.665185	99.98		True
local misassembly
3737665	3758957	12610	33902	NC_002945.4	NODE_38_length_34107_cov_99.665185	99.99		True
CONTIG	NODE_38_length_34107_cov_99.665185	34107	correct
4259930	4293814	33998	116	NC_002945.4	NODE_39_length_33998_cov_91.087538	99.98		True
CONTIG	NODE_39_length_33998_cov_91.087538	33998	correct
2023709	2056884	33284	109	NC_002945.4	NODE_40_length_33284_cov_96.851585	99.98		True
CONTIG	NODE_40_length_33284_cov_96.851585	33284	correct
2294650	2324490	1	29841	NC_002945.4	NODE_41_length_29844_cov_105.449440	99.99		True
CONTIG	NODE_41_length_29844_cov_105.449440	29844	correct
336591	363837	1	27235	NC_002945.4	NODE_42_length_27235_cov_102.650472	99.39		True
CONTIG	NODE_42_length_27235_cov_102.650472	27235	correct
1386914	1412955	322	26363	NC_002945.4	NODE_43_length_26363_cov_96.207501	99.98		True
CONTIG	NODE_43_length_26363_cov_96.207501	26363	correct
307353	333298	26096	256	NC_002945.4	NODE_44_length_26096_cov_100.200855	99.59		True
CONTIG	NODE_44_length_26096_cov_100.200855	26096	correct
2668645	2693421	1	24776	NC_002945.4	NODE_45_length_24776_cov_102.110917	99.99		True
CONTIG	NODE_45_length_24776_cov_102.110917	24776	correct
1996126	2020295	24170	1	NC_002945.4	NODE_46_length_24170_cov_93.480140	99.98		True
CONTIG	NODE_46_length_24170_cov_93.480140	24170	correct
2776933	2799828	22896	1	NC_002945.4	NODE_47_length_22959_cov_102.576253	100.0		True
CONTIG	NODE_47_length_22959_cov_102.576253	22959	correct
1170557	1189860	1	19304	NC_002945.4	NODE_48_length_22225_cov_104.634220	99.99		True
local misassembly
1190092	1193012	19305	22225	NC_002945.4	NODE_48_length_22225_cov_104.634220	99.97		True
CONTIG	NODE_48_length_22225_cov_104.634220	22225	correct
2386668	2408682	1	22015	NC_002945.4	NODE_49_length_22134_cov_94.584859	100.0		True
CONTIG	NODE_49_length_22134_cov_94.584859	22134	correct
2423267	2444953	21687	1	NC_002945.4	NODE_50_length_21687_cov_99.072913	99.99		True
CONTIG	NODE_50_length_21687_cov_99.072913	21687	correct
1471935	1490747	1	18814	NC_002945.4	NODE_51_length_19734_cov_93.522109	99.98		True
local misassembly
1490961	1491762	18815	19616	NC_002945.4	NODE_51_length_19734_cov_93.522109	100.0		True
CONTIG	NODE_51_length_19734_cov_93.522109	19734	correct
3759229	3777383	18157	1	NC_002945.4	NODE_52_length_18157_cov_99.353633	99.97		True
CONTIG	NODE_52_length_18157_cov_99.353633	18157	correct
892165	909508	17344	1	NC_002945.4	NODE_53_length_17344_cov_105.390544	99.99		True
CONTIG	NODE_53_length_17344_cov_105.390544	17344	correct
910050	925999	16053	104	NC_002945.4	NODE_54_length_16053_cov_105.151513	99.97		True
CONTIG	NODE_54_length_16053_cov_105.151513	16053	correct
609085	624610	15909	384	NC_002945.4	NODE_55_length_15909_cov_101.888734	99.99		True
CONTIG	NODE_55_length_15909_cov_101.888734	15909	correct
3193780	3209297	15716	99	NC_002945.4	NODE_56_length_15716_cov_98.184361	100.0		True
CONTIG	NODE_56_length_15716_cov_98.184361	15716	correct
2372428	2386761	169	14502	NC_002945.4	NODE_57_length_14502_cov_101.238678	99.98		True
CONTIG	NODE_57_length_14502_cov_101.238678	14502	correct
2409046	2422776	1	13731	NC_002945.4	NODE_58_length_13731_cov_99.293664	99.98		True
CONTIG	NODE_58_length_13731_cov_99.293664	13731	correct
3712180	3724959	1	12780	NC_002945.4	NODE_59_length_12780_cov_82.808899	99.96		True
CONTIG	NODE_59_length_12780_cov_82.808899	12780	correct
2944619	2957076	12458	1	NC_002945.4	NODE_60_length_12458_cov_102.524451	99.98		True
CONTIG	NODE_60_length_12458_cov_102.524451	12458	correct
2916851	2928811	1	11961	NC_002945.4	NODE_61_length_11961_cov_109.007859	99.97		True
CONTIG	NODE_61_length_11961_cov_109.007859	11961	correct
1193002	1204758	1	11757	NC_002945.4	NODE_62_length_11886_cov_113.911982	99.97		True
CONTIG	NODE_62_length_11886_cov_113.911982	11886	correct
2933814	2943963	10150	1	NC_002945.4	NODE_63_length_10355_cov_99.916993	99.99		True
CONTIG	NODE_63_length_10355_cov_99.916993	10355	correct
3209323	3219343	10099	79	NC_002945.4	NODE_64_length_10220_cov_93.931140	100.0		True
CONTIG	NODE_64_length_10220_cov_93.931140	10220	correct
1623843	1633290	161	9551	NC_002945.4	NODE_65_length_9664_cov_101.367097	99.36		True
CONTIG	NODE_65_length_9664_cov_101.367097	9664	correct
3882139	3890001	8002	1	NC_002945.4	NODE_66_length_8780_cov_73.331677	99.03		True
local misassembly
3881646	3882155	8663	8154	NC_002945.4	NODE_66_length_8780_cov_73.331677	100.0		True
CONTIG	NODE_66_length_8780_cov_73.331677	8780	correct
2444936	2453624	8689	1	NC_002945.4	NODE_67_length_8689_cov_100.094604	100.0		True
CONTIG	NODE_67_length_8689_cov_100.094604	8689	correct
1987075	1992127	116	5169	NC_002945.4	NODE_68_length_5169_cov_112.237604	99.98		True
CONTIG	NODE_68_length_5169_cov_112.237604	5169	correct
1165899	1169900	4002	1	NC_002945.4	NODE_69_length_4002_cov_95.550710	99.98		True
CONTIG	NODE_69_length_4002_cov_95.550710	4002	correct
3890497	3894344	3848	1	NC_002945.4	NODE_70_length_3848_cov_33.742811	99.95		True
CONTIG	NODE_70_length_3848_cov_33.742811	3848	correct
2928812	2932584	1	3773	NC_002945.4	NODE_71_length_3773_cov_102.618718	99.95		True
CONTIG	NODE_71_length_3773_cov_102.618718	3773	correct
334077	336494	1	2418	NC_002945.4	NODE_72_length_3211_cov_33.722763	99.92		True
relocation, inconsistency = 1649267
1985762	1986509	2419	3166	NC_002945.4	NODE_72_length_3211_cov_33.722763	100.0		True
CONTIG	NODE_72_length_3211_cov_33.722763	3211	misassembled
2284620	2287647	3028	1	NC_002945.4	NODE_73_length_3028_cov_93.087901	99.77		True
CONTIG	NODE_73_length_3028_cov_93.087901	3028	correct
2290710	2293716	3007	1	NC_002945.4	NODE_74_length_3007_cov_91.812500	100.0		True
CONTIG	NODE_74_length_3007_cov_91.812500	3007	correct
1993335	1996250	2918	3	NC_002945.4	NODE_75_length_2918_cov_117.484056	100.0		True
CONTIG	NODE_75_length_2918_cov_117.484056	2918	correct
2020588	2023416	1	2829	NC_002945.4	NODE_76_length_2829_cov_92.630274	99.96		True
CONTIG	NODE_76_length_2829_cov_92.630274	2829	correct
2665961	2668644	1	2684	NC_002945.4	NODE_77_length_2684_cov_102.149769	99.96		True
CONTIG	NODE_77_length_2684_cov_102.149769	2684	correct
1635657	1638030	2425	1	NC_002945.4	NODE_78_length_2425_cov_99.845083	97.9		True
CONTIG	NODE_78_length_2425_cov_99.845083	2425	correct
2774298	2776151	1856	3	NC_002945.4	NODE_79_length_2078_cov_23.826756	99.89		True
CONTIG	NODE_79_length_2078_cov_23.826756	2078	correct
624901	626971	1	2071	NC_002945.4	NODE_80_length_2071_cov_72.121019	100.0		True
CONTIG	NODE_80_length_2071_cov_72.121019	2071	correct
929066	931039	1	1974	NC_002945.4	NODE_81_length_1974_cov_57.940985	100.0		True
CONTIG	NODE_81_length_1974_cov_57.940985	1974	correct
847240	847338	99	1	NC_002945.4	NODE_82_length_1679_cov_48.860180	100.0		True
relocation, inconsistency = 6397
839263	840842	100	1679	NC_002945.4	NODE_82_length_1679_cov_48.860180	99.94		True
CONTIG	NODE_82_length_1679_cov_48.860180	1679	misassembled
607662	609211	1	1550	NC_002945.4	NODE_83_length_1550_cov_167.050597	100.0		True
CONTIG	NODE_83_length_1550_cov_167.050597	1550	correct
4193589	4195052	1464	1	NC_002945.4	NODE_84_length_1464_cov_200.428571	100.0		True
CONTIG	NODE_84_length_1464_cov_200.428571	1464	correct
1992001	1993461	1	1461	NC_002945.4	NODE_85_length_1461_cov_142.834333	100.0		True
CONTIG	NODE_85_length_1461_cov_142.834333	1461	correct
3897129	3898585	1448	1	NC_002945.4	NODE_86_length_1448_cov_80.716881	99.38		True
CONTIG	NODE_86_length_1448_cov_80.716881	1448	correct
3443593	3445031	1	1439	NC_002945.4	NODE_87_length_1439_cov_105.806402	100.0		True
CONTIG	NODE_87_length_1439_cov_105.806402	1439	correct
3673145	3674484	1340	1	NC_002945.4	NODE_88_length_1340_cov_181.784007	100.0		True
CONTIG	NODE_88_length_1340_cov_181.784007	1340	correct
3339137	3340461	1325	1	NC_002945.4	NODE_89_length_1325_cov_108.644407	100.0		True
CONTIG	NODE_89_length_1325_cov_108.644407	1325	correct
3835659	3836979	1321	1	NC_002945.4	NODE_90_length_1321_cov_245.804858	99.7		True
CONTIG	NODE_90_length_1321_cov_245.804858	1321	correct
2288581	2289835	1	1255	NC_002945.4	NODE_91_length_1255_cov_110.146277	100.0		True
CONTIG	NODE_91_length_1255_cov_110.146277	1255	correct
928970	929065	96	1	NC_002945.4	NODE_92_length_1216_cov_62.789278	100.0		True
local misassembly
928003	928975	1216	235	NC_002945.4	NODE_92_length_1216_cov_62.789278	99.08		True
CONTIG	NODE_92_length_1216_cov_62.789278	1216	correct
2287521	2288707	1	1187	NC_002945.4	NODE_93_length_1187_cov_109.778302	100.0		True
CONTIG	NODE_93_length_1187_cov_109.778302	1187	correct
2289709	2290836	1128	1	NC_002945.4	NODE_94_length_1128_cov_193.007992	99.91		True
CONTIG	NODE_94_length_1128_cov_193.007992	1128	correct
1340970	1342059	1	1090	NC_002945.4	NODE_95_length_1090_cov_81.970924	99.91		True
CONTIG	NODE_95_length_1090_cov_81.970924	1090	correct
3711277	3712306	1030	1	NC_002945.4	NODE_96_length_1030_cov_211.449612	100.0		True
CONTIG	NODE_96_length_1030_cov_211.449612	1030	correct
1165044	1166025	982	1	NC_002945.4	NODE_97_length_982_cov_200.569591	100.0		True
CONTIG	NODE_97_length_982_cov_200.569591	982	correct
3342811	3343719	1	909	NC_002945.4	NODE_98_length_909_cov_585.249361	100.0		True
CONTIG	NODE_98_length_909_cov_585.249361	909	correct
1633350	1633673	324	1	NC_002945.4	NODE_99_length_896_cov_14.018205	100.0		True
relocation, inconsistency = -1479
1634594	1634828	559	325	NC_002945.4	NODE_99_length_896_cov_14.018205	99.62		True
local misassembly
1634113	1634449	896	560	NC_002945.4	NODE_99_length_896_cov_14.018205	100.0		True
CONTIG	NODE_99_length_896_cov_14.018205	896	misassembled
3341521	3342410	890	1	NC_002945.4	NODE_100_length_890_cov_92.740498	100.0		True
CONTIG	NODE_100_length_890_cov_92.740498	890	correct
2324533	2325210	678	1	NC_002945.4	NODE_101_length_862_cov_97.564626	100.0		True
CONTIG	NODE_101_length_862_cov_97.564626	862	correct
2191968	2192811	1	844	NC_002945.4	NODE_102_length_844_cov_201.203626	100.0		True
CONTIG	NODE_102_length_844_cov_201.203626	844	correct
3444905	3445699	1	795	NC_002945.4	NODE_103_length_795_cov_198.973054	100.0		True
CONTIG	NODE_103_length_795_cov_198.973054	795	correct
2693295	2694038	1	744	NC_002945.4	NODE_104_length_744_cov_171.468395	100.0		True
CONTIG	NODE_104_length_744_cov_171.468395	744	correct
1633547	1634239	693	1	NC_002945.4	NODE_105_length_693_cov_33.174912	100.0		True
CONTIG	NODE_105_length_693_cov_33.174912	693	correct
3340552	3341186	635	1	NC_002945.4	NODE_106_length_635_cov_99.112205	100.0		True
CONTIG	NODE_106_length_635_cov_99.112205	635	correct
1342064	1342697	1	634	NC_002945.4	NODE_107_length_634_cov_120.195266	100.0		True
CONTIG	NODE_107_length_634_cov_120.195266	634	correct
2325856	2326255	479	80	NC_002945.4	NODE_108_length_603_cov_17.771008	100.0		True
CONTIG	NODE_108_length_603_cov_17.771008	603	correct
3341060	3341647	588	1	NC_002945.4	NODE_109_length_588_cov_167.472885	100.0		True
CONTIG	NODE_109_length_588_cov_167.472885	588	correct
306796	307352	557	1	NC_002945.4	NODE_110_length_557_cov_86.140351	100.0		True
CONTIG	NODE_110_length_557_cov_86.140351	557	correct
2325211	2325764	554	1	NC_002945.4	NODE_111_length_554_cov_112.754772	100.0		True
CONTIG	NODE_111_length_554_cov_112.754772	554	correct
2023290	2023835	546	1	NC_002945.4	NODE_112_length_546_cov_134.343675	100.0		True
CONTIG	NODE_112_length_546_cov_134.343675	546	correct
1574024	1574550	527	1	NC_002945.4	NODE_113_length_527_cov_73.365443	100.0		True
CONTIG	NODE_113_length_527_cov_73.365443	527	correct
4294088	4294601	514	1	NC_002945.4	NODE_114_length_514_cov_24.788114	100.0		True
CONTIG	NODE_114_length_514_cov_24.788114	514	correct
838236	838691	48	503	NC_002945.4	NODE_115_length_505_cov_2.388889	100.0		True
CONTIG	NODE_115_length_505_cov_2.388889	505	correct
838683	838984	121	422	NC_002945.4	NODE_116_length_502_cov_5.096000	100.0		True
CONTIG	NODE_116_length_502_cov_5.096000	502	correct
3898459	3898958	500	1	NC_002945.4	NODE_117_length_500_cov_266.128686	100.0		True
CONTIG	NODE_117_length_500_cov_266.128686	500	correct
