S1	E1	S2	E2	Reference	Contig	IDY	Ambiguous	Best_group
2957039	3193761	1	236133	NC_002945.4	NODE_1_length_236133_cov_78.812352	99.58		True
CONTIG	NODE_1_length_236133_cov_78.812352	236133	correct
3445573	3673271	227591	1	NC_002945.4	NODE_2_length_227591_cov_82.448304	99.93		True
CONTIG	NODE_2_length_227591_cov_82.448304	227591	correct
2444879	2665844	221024	1	NC_002945.4	NODE_3_length_221024_cov_78.722812	99.96		True
CONTIG	NODE_3_length_221024_cov_78.722812	221024	correct
402605	607788	1	204915	NC_002945.4	NODE_4_length_204915_cov_80.782307	99.86		True
CONTIG	NODE_4_length_204915_cov_80.782307	204915	correct
104986	306635	1	201623	NC_002945.4	NODE_5_length_201732_cov_82.333548	99.97		True
CONTIG	NODE_5_length_201732_cov_82.333548	201732	correct
2083596	2158503	74863	1	NC_002945.4	NODE_6_length_165040_cov_77.568391	99.92		True
local misassembly
2057003	2083604	101603	75002	NC_002945.4	NODE_6_length_165040_cov_77.568391	99.98		True
local misassembly
1993335	2056771	165040	101604	NC_002945.4	NODE_6_length_165040_cov_77.568391	99.98		True
CONTIG	NODE_6_length_165040_cov_77.568391	165040	correct
676553	824045	1	147494	NC_002945.4	NODE_7_length_161064_cov_79.712478	99.99		True
local misassembly
824601	838037	147495	160931	NC_002945.4	NODE_7_length_161064_cov_79.712478	99.98		True
CONTIG	NODE_7_length_161064_cov_79.712478	161064	correct
4294630	4349904	36	55309	NC_002945.4	NODE_8_length_158628_cov_85.022921	99.99		True
fake: not a misassembly [linear representation of circular genome]
1	29469	55310	84778	NC_002945.4	NODE_8_length_158628_cov_85.022921	99.99		True
local misassembly
30083	103918	84780	158628	NC_002945.4	NODE_8_length_158628_cov_85.022921	99.96		True
CONTIG	NODE_8_length_158628_cov_85.022921	158628	correct
4035836	4193715	1	157765	NC_002945.4	NODE_9_length_157765_cov_81.598961	99.92		True
CONTIG	NODE_9_length_157765_cov_81.598961	157765	correct
1853984	1985613	131164	1	NC_002945.4	NODE_10_length_132678_cov_76.175548	99.63		True
relocation, inconsistency = -921713
2774183	2775532	132678	131329	NC_002945.4	NODE_10_length_132678_cov_76.175548	100.0		True
CONTIG	NODE_10_length_132678_cov_76.175548	132678	misassembled
1638898	1769053	130247	93	NC_002945.4	NODE_11_length_130310_cov_81.461159	99.99		True
CONTIG	NODE_11_length_130310_cov_81.461159	130310	correct
1010930	1092395	81484	16	NC_002945.4	NODE_12_length_120798_cov_80.339510	99.99		True
relocation, inconsistency = 1457
970273	1009472	120683	81485	NC_002945.4	NODE_12_length_120798_cov_80.339510	99.98		True
CONTIG	NODE_12_length_120798_cov_80.339510	120798	misassembled
3219386	3338802	111	119753	NC_002945.4	NODE_13_length_119753_cov_79.896929	99.88		True
CONTIG	NODE_13_length_119753_cov_79.896929	119753	correct
3343594	3442410	1	98885	NC_002945.4	NODE_14_length_98885_cov_81.845471	99.92		True
CONTIG	NODE_14_length_98885_cov_81.845471	98885	correct
928970	969925	41437	242	NC_002945.4	NODE_15_length_83481_cov_78.379742	99.4		True
local misassembly
928372	928975	42188	41576	NC_002945.4	NODE_15_length_83481_cov_78.379742	98.61		True
relocation, inconsistency = -2949817
3836888	3878188	83481	42189	NC_002945.4	NODE_15_length_83481_cov_78.379742	99.96		True
CONTIG	NODE_15_length_83481_cov_78.379742	83481	misassembled
1491991	1573904	85	81998	NC_002945.4	NODE_16_length_82359_cov_80.552911	99.93		True
CONTIG	NODE_16_length_82359_cov_80.552911	82359	correct
3898832	3980018	81308	122	NC_002945.4	NODE_17_length_81308_cov_81.195526	99.99		True
CONTIG	NODE_17_length_81308_cov_81.195526	81308	correct
2693912	2773066	79265	112	NC_002945.4	NODE_18_length_79265_cov_77.103048	99.99		True
CONTIG	NODE_18_length_79265_cov_77.103048	79265	correct
1779514	1853494	74091	110	NC_002945.4	NODE_19_length_74091_cov_79.025093	99.99		True
CONTIG	NODE_19_length_74091_cov_79.025093	74091	correct
1096985	1165170	68175	1	NC_002945.4	NODE_20_length_68175_cov_79.954899	99.97		True
CONTIG	NODE_20_length_68175_cov_79.954899	68175	correct
2852164	2916393	1	64229	NC_002945.4	NODE_21_length_64229_cov_78.507894	99.98		True
CONTIG	NODE_21_length_64229_cov_78.507894	64229	correct
4194926	4259153	64228	1	NC_002945.4	NODE_22_length_64228_cov_84.295768	99.99		True
CONTIG	NODE_22_length_64228_cov_84.295768	64228	correct
1280097	1340762	1	60728	NC_002945.4	NODE_23_length_60728_cov_81.586360	99.89		True
CONTIG	NODE_23_length_60728_cov_81.586360	60728	correct
1219242	1278412	66	59236	NC_002945.4	NODE_24_length_59236_cov_79.310207	99.98		True
CONTIG	NODE_24_length_59236_cov_79.310207	59236	correct
3777400	3835785	1	58318	NC_002945.4	NODE_25_length_58318_cov_82.103126	99.87		True
CONTIG	NODE_25_length_58318_cov_82.103126	58318	correct
1413935	1470724	1	56733	NC_002945.4	NODE_26_length_56733_cov_82.196375	99.89		True
CONTIG	NODE_26_length_56733_cov_82.196375	56733	correct
3980124	4000631	1	20508	NC_002945.4	NODE_27_length_55580_cov_81.210863	100.0		True
fake: scaffold gap size wrong estimation (local)
4000854	4035825	20609	55580	NC_002945.4	NODE_27_length_55580_cov_81.210863	99.98		True
CONTIG	NODE_27_length_55580_cov_81.210863	55580	correct
2192685	2245161	1	52477	NC_002945.4	NODE_28_length_52477_cov_84.359236	99.99		True
CONTIG	NODE_28_length_52477_cov_84.359236	52477	correct
3724846	3737454	1	12609	NC_002945.4	NODE_29_length_52333_cov_76.094146	99.98		True
local misassembly
3737665	3777383	12610	52333	NC_002945.4	NODE_29_length_52333_cov_76.094146	99.97		True
CONTIG	NODE_29_length_52333_cov_76.094146	52333	correct
624927	676279	51462	110	NC_002945.4	NODE_30_length_51462_cov_75.303867	99.98		True
CONTIG	NODE_30_length_51462_cov_75.303867	51462	correct
1574348	1623831	123	49606	NC_002945.4	NODE_31_length_49606_cov_78.787607	99.98		True
CONTIG	NODE_31_length_49606_cov_78.787607	49606	correct
842475	891078	48604	1	NC_002945.4	NODE_32_length_48615_cov_80.173961	99.98		True
CONTIG	NODE_32_length_48615_cov_80.173961	48615	correct
2327205	2372334	45130	1	NC_002945.4	NODE_33_length_45130_cov_73.863320	99.99		True
CONTIG	NODE_33_length_45130_cov_73.863320	45130	correct
1343879	1386917	43044	1	NC_002945.4	NODE_34_length_43044_cov_78.550435	99.99		True
CONTIG	NODE_34_length_43044_cov_78.550435	43044	correct
1190085	1213474	23587	198	NC_002945.4	NODE_35_length_42884_cov_80.345651	99.97		True
local misassembly
1170557	1189853	42884	23588	NC_002945.4	NODE_35_length_42884_cov_80.345651	99.99		True
CONTIG	NODE_35_length_42884_cov_80.345651	42884	correct
2801012	2838873	37862	1	NC_002945.4	NODE_36_length_37862_cov_78.076136	99.98		True
CONTIG	NODE_36_length_37862_cov_78.076136	37862	correct
363866	401308	1	37443	NC_002945.4	NODE_37_length_37443_cov_79.956453	99.99		True
CONTIG	NODE_37_length_37443_cov_79.956453	37443	correct
2246369	2283745	37379	1	NC_002945.4	NODE_38_length_37379_cov_82.910904	99.95		True
CONTIG	NODE_38_length_37379_cov_82.910904	37379	correct
3674358	3711403	1	37028	NC_002945.4	NODE_39_length_37028_cov_64.578413	99.94		True
CONTIG	NODE_39_length_37028_cov_64.578413	37028	correct
4259930	4293904	1	33973	NC_002945.4	NODE_40_length_34139_cov_83.326855	99.99		True
CONTIG	NODE_40_length_34139_cov_83.326855	34139	correct
2160997	2192094	30667	1	NC_002945.4	NODE_41_length_32941_cov_77.438228	98.6		True
fake: scaffold gap size wrong estimation (local)
2160645	2160846	30969	30768	NC_002945.4	NODE_41_length_32941_cov_77.438228	100.0		True
fake: scaffold gap size wrong estimation (local)
2158479	2159088	32941	32332	NC_002945.4	NODE_41_length_32941_cov_77.438228	100.0		True
CONTIG	NODE_41_length_32941_cov_77.438228	32941	correct
2294650	2325838	31185	1	NC_002945.4	NODE_42_length_31185_cov_76.190482	99.98		True
CONTIG	NODE_42_length_31185_cov_76.190482	31185	correct
335366	336548	1312	130	NC_002945.4	NODE_43_length_28260_cov_72.518430	97.03		True
relocation, inconsistency = 1760
306721	333605	28221	1313	NC_002945.4	NODE_43_length_28260_cov_72.518430	98.23		True
CONTIG	NODE_43_length_28260_cov_72.518430	28260	misassembled
2665977	2693421	27444	1	NC_002945.4	NODE_44_length_27599_cov_80.826587	99.99		True
CONTIG	NODE_44_length_27599_cov_80.826587	27599	correct
336693	363805	27035	1	NC_002945.4	NODE_45_length_27162_cov_71.122804	99.62		True
CONTIG	NODE_45_length_27162_cov_71.122804	27162	correct
1386947	1412955	205	26213	NC_002945.4	NODE_46_length_26213_cov_75.867323	99.98		True
CONTIG	NODE_46_length_26213_cov_75.867323	26213	correct
2777060	2799828	204	22972	NC_002945.4	NODE_47_length_22972_cov_80.939637	100.0		True
CONTIG	NODE_47_length_22972_cov_80.939637	22972	correct
2386668	2408383	21716	1	NC_002945.4	NODE_48_length_21716_cov_67.812219	100.0		True
CONTIG	NODE_48_length_21716_cov_67.812219	21716	correct
2423267	2444896	21630	1	NC_002945.4	NODE_49_length_21630_cov_80.159141	99.99		True
CONTIG	NODE_49_length_21630_cov_80.159141	21630	correct
1490961	1491910	950	1	NC_002945.4	NODE_50_length_19764_cov_78.025208	100.0		True
local misassembly
1471935	1490747	19764	951	NC_002945.4	NODE_50_length_19764_cov_78.025208	99.98		True
CONTIG	NODE_50_length_19764_cov_78.025208	19764	correct
892165	909508	1	17344	NC_002945.4	NODE_51_length_17344_cov_84.128884	99.99		True
CONTIG	NODE_51_length_17344_cov_84.128884	17344	correct
2916851	2933252	1	16402	NC_002945.4	NODE_52_length_16432_cov_83.008280	99.85		True
CONTIG	NODE_52_length_16432_cov_83.008280	16432	correct
910050	926180	1	16131	NC_002945.4	NODE_53_length_16255_cov_84.442088	99.99		True
CONTIG	NODE_53_length_16255_cov_84.442088	16255	correct
3193724	3209295	15493	1	NC_002945.4	NODE_54_length_15493_cov_80.076207	99.49		True
CONTIG	NODE_54_length_15493_cov_80.076207	15493	correct
609085	624550	15466	1	NC_002945.4	NODE_55_length_15466_cov_79.705196	99.97		True
CONTIG	NODE_55_length_15466_cov_79.705196	15466	correct
2372354	2386761	14408	1	NC_002945.4	NODE_56_length_14408_cov_78.915202	99.98		True
CONTIG	NODE_56_length_14408_cov_78.915202	14408	correct
2409031	2422776	13746	1	NC_002945.4	NODE_57_length_13746_cov_74.159997	99.98		True
CONTIG	NODE_57_length_13746_cov_74.159997	13746	correct
2838944	2852091	13265	118	NC_002945.4	NODE_58_length_13265_cov_78.591034	99.99		True
CONTIG	NODE_58_length_13265_cov_78.591034	13265	correct
3712180	3724959	1	12780	NC_002945.4	NODE_59_length_12780_cov_65.331305	99.96		True
CONTIG	NODE_59_length_12780_cov_65.331305	12780	correct
2944619	2957076	1	12458	NC_002945.4	NODE_60_length_12458_cov_75.755089	99.98		True
CONTIG	NODE_60_length_12458_cov_75.755089	12458	correct
3894591	3895303	1	713	NC_002945.4	NODE_61_length_12148_cov_37.946178	100.0		True
relocation, inconsistency = -13474
3881830	3882155	714	1039	NC_002945.4	NODE_61_length_12148_cov_37.946178	100.0		True
local misassembly
3882139	3884027	1191	3127	NC_002945.4	NODE_61_length_12148_cov_37.946178	97.69		True
local misassembly
3884643	3890278	3128	8772	NC_002945.4	NODE_61_length_12148_cov_37.946178	99.79		True
local misassembly
3890969	3894344	8773	12148	NC_002945.4	NODE_61_length_12148_cov_37.946178	99.95		True
CONTIG	NODE_61_length_12148_cov_37.946178	12148	misassembled
2933626	2943963	162	10499	NC_002945.4	NODE_62_length_10499_cov_77.597570	99.94		True
CONTIG	NODE_62_length_10499_cov_77.597570	10499	correct
1633513	1634239	727	1	NC_002945.4	NODE_63_length_10181_cov_62.299781	100.0		True
local misassembly
1623877	1633308	10102	728	NC_002945.4	NODE_63_length_10181_cov_62.299781	99.34		True
CONTIG	NODE_63_length_10181_cov_62.299781	10181	correct
3209313	3219357	10045	1	NC_002945.4	NODE_64_length_10077_cov_77.995779	100.0		True
CONTIG	NODE_64_length_10077_cov_77.995779	10077	correct
1987117	1992127	5012	1	NC_002945.4	NODE_65_length_5238_cov_79.975739	99.96		True
CONTIG	NODE_65_length_5238_cov_79.975739	5238	correct
1214750	1218311	3675	114	NC_002945.4	NODE_66_length_4654_cov_64.628893	100.0		True
local misassembly
1213949	1214774	4620	3795	NC_002945.4	NODE_66_length_4654_cov_64.628893	99.64		True
CONTIG	NODE_66_length_4654_cov_64.628893	4654	correct
1165899	1169900	4002	1	NC_002945.4	NODE_67_length_4002_cov_83.062452	99.98		True
CONTIG	NODE_67_length_4002_cov_83.062452	4002	correct
1092496	1096461	3966	1	NC_002945.4	NODE_68_length_4001_cov_76.574084	100.0		True
CONTIG	NODE_68_length_4001_cov_76.574084	4001	correct
2284620	2287647	3028	1	NC_002945.4	NODE_69_length_3028_cov_64.312651	99.77		True
CONTIG	NODE_69_length_3028_cov_64.312651	3028	correct
2290710	2293716	3007	1	NC_002945.4	NODE_70_length_3007_cov_60.815625	100.0		True
CONTIG	NODE_70_length_3007_cov_60.815625	3007	correct
3878206	3881088	2757	1	NC_002945.4	NODE_71_length_2957_cov_18.813781	95.11		True
CONTIG	NODE_71_length_2957_cov_18.813781	2957	correct
839372	840715	1487	144	NC_002945.4	NODE_72_length_2488_cov_18.022448	99.78		True
local misassembly
838250	838966	2204	1488	NC_002945.4	NODE_72_length_2488_cov_18.022448	99.73		True
CONTIG	NODE_72_length_2488_cov_18.022448	2488	correct
1635657	1638030	1	2425	NC_002945.4	NODE_73_length_2425_cov_54.108355	97.9		True
CONTIG	NODE_73_length_2425_cov_54.108355	2425	correct
607662	609211	1	1550	NC_002945.4	NODE_74_length_1550_cov_135.727337	100.0		True
CONTIG	NODE_74_length_1550_cov_135.727337	1550	correct
4193589	4195052	1	1464	NC_002945.4	NODE_75_length_1464_cov_177.682872	100.0		True
CONTIG	NODE_75_length_1464_cov_177.682872	1464	correct
1992001	1993461	1461	1	NC_002945.4	NODE_76_length_1461_cov_117.685907	100.0		True
CONTIG	NODE_76_length_1461_cov_117.685907	1461	correct
3443593	3445031	1439	1	NC_002945.4	NODE_77_length_1439_cov_96.724848	100.0		True
CONTIG	NODE_77_length_1439_cov_96.724848	1439	correct
3897145	3898585	1432	1	NC_002945.4	NODE_78_length_1432_cov_49.281992	99.38		True
CONTIG	NODE_78_length_1432_cov_49.281992	1432	correct
890952	892291	1340	1	NC_002945.4	NODE_79_length_1340_cov_158.487222	100.0		True
CONTIG	NODE_79_length_1340_cov_158.487222	1340	correct
3339137	3340461	1	1325	NC_002945.4	NODE_80_length_1325_cov_99.382304	100.0		True
CONTIG	NODE_80_length_1325_cov_99.382304	1325	correct
3835659	3836979	1321	1	NC_002945.4	NODE_81_length_1321_cov_204.040201	99.7		True
CONTIG	NODE_81_length_1321_cov_204.040201	1321	correct
2288581	2289835	1255	1	NC_002945.4	NODE_82_length_1255_cov_82.782801	100.0		True
CONTIG	NODE_82_length_1255_cov_82.782801	1255	correct
2287521	2288707	1187	1	NC_002945.4	NODE_83_length_1187_cov_79.930189	100.0		True
CONTIG	NODE_83_length_1187_cov_79.930189	1187	correct
2289709	2290836	1128	1	NC_002945.4	NODE_84_length_1128_cov_150.784216	99.91		True
CONTIG	NODE_84_length_1128_cov_150.784216	1128	correct
1340970	1342059	1090	1	NC_002945.4	NODE_85_length_1090_cov_61.493250	99.91		True
CONTIG	NODE_85_length_1090_cov_61.493250	1090	correct
3711277	3712306	1030	1	NC_002945.4	NODE_86_length_1030_cov_166.449612	100.0		True
CONTIG	NODE_86_length_1030_cov_166.449612	1030	correct
1165044	1166025	982	1	NC_002945.4	NODE_87_length_982_cov_160.833918	100.0		True
CONTIG	NODE_87_length_982_cov_160.833918	982	correct
2326267	2327204	938	1	NC_002945.4	NODE_88_length_938_cov_49.338028	100.0		True
CONTIG	NODE_88_length_938_cov_49.338028	938	correct
3442285	3443193	1	909	NC_002945.4	NODE_89_length_909_cov_485.938619	100.0		True
CONTIG	NODE_89_length_909_cov_485.938619	909	correct
3341521	3342410	1	890	NC_002945.4	NODE_90_length_890_cov_66.916121	100.0		True
CONTIG	NODE_90_length_890_cov_66.916121	890	correct
1278286	1279129	1	844	NC_002945.4	NODE_91_length_844_cov_152.093445	100.0		True
CONTIG	NODE_91_length_844_cov_152.093445	844	correct
1637904	1638224	1	321	NC_002945.4	NODE_92_length_829_cov_6.155271	100.0		True
local misassembly
1638369	1638815	322	768	NC_002945.4	NODE_92_length_829_cov_6.155271	100.0		True
CONTIG	NODE_92_length_829_cov_6.155271	829	correct
3444905	3445699	795	1	NC_002945.4	NODE_93_length_795_cov_172.431138	100.0		True
CONTIG	NODE_93_length_795_cov_172.431138	795	correct
1985768	1986547	8	787	NC_002945.4	NODE_94_length_787_cov_10.374242	100.0		True
CONTIG	NODE_94_length_787_cov_10.374242	787	correct
2408257	2408896	1	640	NC_002945.4	NODE_95_length_751_cov_6.275641	100.0		True
local misassembly
2408273	2408383	641	751	NC_002945.4	NODE_95_length_751_cov_6.275641	100.0		True
CONTIG	NODE_95_length_751_cov_6.275641	751	correct
2693295	2694038	744	1	NC_002945.4	NODE_96_length_744_cov_142.961102	100.0		True
CONTIG	NODE_96_length_744_cov_142.961102	744	correct
4294078	4294583	567	62	NC_002945.4	NODE_97_length_648_cov_14.585413	100.0		True
indel: indel (> 5bp)
4293946	4294026	648	568	NC_002945.4	NODE_97_length_648_cov_14.585413	100.0		True
CONTIG	NODE_97_length_648_cov_14.585413	648	correct
3340552	3341186	635	1	NC_002945.4	NODE_98_length_635_cov_72.037402	100.0		True
CONTIG	NODE_98_length_635_cov_72.037402	635	correct
1342064	1342697	634	1	NC_002945.4	NODE_99_length_634_cov_103.213018	100.0		True
CONTIG	NODE_99_length_634_cov_103.213018	634	correct
841437	841948	1	503	NC_002945.4	NODE_100_length_602_cov_3.437895	98.24		True
CONTIG	NODE_100_length_602_cov_3.437895	602	correct
3341060	3341647	1	588	NC_002945.4	NODE_101_length_588_cov_124.277657	100.0		True
CONTIG	NODE_101_length_588_cov_124.277657	588	correct
1218341	1218827	1	487	NC_002945.4	NODE_102_length_553_cov_5.814554	99.79		True
CONTIG	NODE_102_length_553_cov_5.814554	553	correct
3898459	3898958	1	500	NC_002945.4	NODE_103_length_500_cov_176.174263	100.0		True
CONTIG	NODE_103_length_500_cov_176.174263	500	correct
