S1	E1	S2	E2	Reference	Contig	IDY	Ambiguous	Best_group
2957039	3193742	235961	1	NC_002945.4	NODE_1_length_235961_cov_43.017928	99.58		True
CONTIG	NODE_1_length_235961_cov_43.017928	235961	correct
3445573	3673271	227591	1	NC_002945.4	NODE_2_length_227591_cov_43.371738	99.93		True
CONTIG	NODE_2_length_227591_cov_43.371738	227591	correct
2453614	2665699	1	212144	NC_002945.4	NODE_3_length_215746_cov_42.842324	99.96		True
relocation, inconsistency = 814875
1638385	1638738	212498	212145	NC_002945.4	NODE_3_length_215746_cov_42.842324	100.0		True
local misassembly
1635201	1638240	215589	212499	NC_002945.4	NODE_3_length_215746_cov_42.842324	98.35		True
CONTIG	NODE_3_length_215746_cov_42.842324	215746	misassembled
402605	607788	204916	1	NC_002945.4	NODE_4_length_204916_cov_43.586321	99.86		True
CONTIG	NODE_4_length_204916_cov_43.586321	204916	correct
676627	824045	183	147602	NC_002945.4	NODE_5_length_161094_cov_43.821398	99.99		True
local misassembly
824601	838028	147603	161030	NC_002945.4	NODE_5_length_161094_cov_43.821398	99.97		True
CONTIG	NODE_5_length_161094_cov_43.821398	161094	correct
4294606	4349904	1	55298	NC_002945.4	NODE_6_length_158617_cov_43.752805	99.99		True
fake: not a misassembly [linear representation of circular genome]
1	29469	55299	84767	NC_002945.4	NODE_6_length_158617_cov_43.752805	99.99		True
local misassembly
30083	103918	84769	158617	NC_002945.4	NODE_6_length_158617_cov_43.752805	99.96		True
CONTIG	NODE_6_length_158617_cov_43.752805	158617	correct
150049	306653	156628	51	NC_002945.4	NODE_7_length_156628_cov_43.260586	99.97		True
CONTIG	NODE_7_length_156628_cov_43.260586	156628	correct
1096335	1165170	68825	1	NC_002945.4	NODE_8_length_133001_cov_42.531790	99.96		True
relocation, inconsistency = -1819932
2852146	2916266	132945	68826	NC_002945.4	NODE_8_length_133001_cov_42.531790	99.97		True
CONTIG	NODE_8_length_133001_cov_42.531790	133001	misassembled
1639421	1769053	1	129632	NC_002945.4	NODE_9_length_129724_cov_45.753436	99.99		True
CONTIG	NODE_9_length_129724_cov_45.753436	129724	correct
1010930	1091286	80454	95	NC_002945.4	NODE_10_length_119754_cov_43.560818	99.99		True
relocation, inconsistency = 1457
970273	1009472	119653	80455	NC_002945.4	NODE_10_length_119754_cov_43.560818	99.98		True
CONTIG	NODE_10_length_119754_cov_43.560818	119754	misassembled
3297493	3338080	40757	1	NC_002945.4	NODE_11_length_119047_cov_42.865321	99.81		True
indel: stretch of mismatches
3219373	3297478	118934	40772	NC_002945.4	NODE_11_length_119047_cov_42.865321	99.92		True
CONTIG	NODE_11_length_119047_cov_42.865321	119047	correct
1869614	1985609	115530	1	NC_002945.4	NODE_12_length_115656_cov_42.756087	99.58		True
CONTIG	NODE_12_length_115656_cov_42.756087	115656	correct
3343594	3442410	98885	1	NC_002945.4	NODE_13_length_98885_cov_44.832773	99.92		True
CONTIG	NODE_13_length_98885_cov_44.832773	98885	correct
2056928	2083604	1	26677	NC_002945.4	NODE_14_length_83942_cov_42.724608	99.98		True
local misassembly
2083596	2140722	26816	83942	NC_002945.4	NODE_14_length_83942_cov_42.724608	99.99		True
CONTIG	NODE_14_length_83942_cov_42.724608	83942	correct
1387395	1470724	83273	1	NC_002945.4	NODE_15_length_83711_cov_44.444296	99.92		True
CONTIG	NODE_15_length_83711_cov_44.444296	83711	correct
1491980	1573867	81900	13	NC_002945.4	NODE_16_length_82053_cov_45.472500	99.93		True
CONTIG	NODE_16_length_82053_cov_45.472500	82053	correct
2693912	2773245	1	79336	NC_002945.4	NODE_17_length_79349_cov_41.725695	99.97		True
CONTIG	NODE_17_length_79349_cov_41.725695	79349	correct
3898832	3977087	1	78256	NC_002945.4	NODE_18_length_78256_cov_43.791012	99.99		True
CONTIG	NODE_18_length_78256_cov_43.791012	78256	correct
1779460	1853457	1	73998	NC_002945.4	NODE_19_length_74219_cov_43.026494	99.99		True
CONTIG	NODE_19_length_74219_cov_43.026494	74219	correct
4194926	4259153	1	64228	NC_002945.4	NODE_20_length_64228_cov_45.735714	99.99		True
CONTIG	NODE_20_length_64228_cov_45.735714	64228	correct
1280097	1343223	1	63189	NC_002945.4	NODE_21_length_63189_cov_46.550886	99.89		True
CONTIG	NODE_21_length_63189_cov_46.550886	63189	correct
4037977	4097346	1	59369	NC_002945.4	NODE_22_length_59369_cov_41.517116	99.99		True
CONTIG	NODE_22_length_59369_cov_41.517116	59369	correct
1219547	1278412	58866	1	NC_002945.4	NODE_23_length_58878_cov_43.572126	99.99		True
CONTIG	NODE_23_length_58878_cov_43.572126	58878	correct
3777400	3835785	58318	1	NC_002945.4	NODE_24_length_58318_cov_44.048736	99.87		True
CONTIG	NODE_24_length_58318_cov_44.048736	58318	correct
4141983	4193715	51733	1	NC_002945.4	NODE_25_length_51733_cov_44.004709	99.99		True
CONTIG	NODE_25_length_51733_cov_44.004709	51733	correct
2801012	2851951	51057	118	NC_002945.4	NODE_26_length_51057_cov_43.294973	99.99		True
CONTIG	NODE_26_length_51057_cov_43.294973	51057	correct
4000854	4035779	34930	5	NC_002945.4	NODE_27_length_50911_cov_42.841072	99.98		True
fake: scaffold gap size wrong estimation (local)
3984859	4000631	50803	35031	NC_002945.4	NODE_27_length_50911_cov_42.841072	100.0		True
CONTIG	NODE_27_length_50911_cov_42.841072	50911	correct
1574037	1623771	49860	126	NC_002945.4	NODE_28_length_49917_cov_42.359892	99.98		True
CONTIG	NODE_28_length_49917_cov_42.359892	49917	correct
842750	891078	1	48329	NC_002945.4	NODE_29_length_48329_cov_42.597983	99.99		True
CONTIG	NODE_29_length_48329_cov_42.597983	48329	correct
625495	673285	1	47791	NC_002945.4	NODE_30_length_47791_cov_42.566591	99.99		True
CONTIG	NODE_30_length_47791_cov_42.566591	47791	correct
2326988	2343794	16807	1	NC_002945.4	NODE_31_length_46549_cov_40.546357	99.97		True
relocation, inconsistency = 2596
2294650	2324391	46549	16808	NC_002945.4	NODE_31_length_46549_cov_40.546357	99.99		True
CONTIG	NODE_31_length_46549_cov_40.546357	46549	misassembled
3836888	3877763	1	40877	NC_002945.4	NODE_32_length_44209_cov_40.287442	99.93		True
local misassembly
3878235	3881368	40878	44011	NC_002945.4	NODE_32_length_44209_cov_40.287442	100.0		True
CONTIG	NODE_32_length_44209_cov_40.287442	44209	correct
1997162	2040984	43823	1	NC_002945.4	NODE_33_length_43823_cov_43.024213	99.97		True
CONTIG	NODE_33_length_43823_cov_43.024213	43823	correct
4097330	4141118	1	43789	NC_002945.4	NODE_34_length_43789_cov_42.238354	99.99		True
CONTIG	NODE_34_length_43789_cov_42.238354	43789	correct
1343879	1386471	42781	184	NC_002945.4	NODE_35_length_42781_cov_42.434848	99.99		True
CONTIG	NODE_35_length_42781_cov_42.434848	42781	correct
930634	970099	9	39594	NC_002945.4	NODE_36_length_39594_cov_42.239947	99.68		True
CONTIG	NODE_36_length_39594_cov_42.239947	39594	correct
2246075	2283745	37673	1	NC_002945.4	NODE_37_length_37673_cov_46.444708	99.95		True
CONTIG	NODE_37_length_37673_cov_46.444708	37673	correct
363946	401308	32	37394	NC_002945.4	NODE_38_length_37394_cov_41.007889	99.99		True
CONTIG	NODE_38_length_37394_cov_41.007889	37394	correct
2210054	2246087	1	36034	NC_002945.4	NODE_39_length_36034_cov_47.403459	100.0		True
CONTIG	NODE_39_length_36034_cov_47.403459	36034	correct
2386668	2408277	1	21610	NC_002945.4	NODE_40_length_35224_cov_38.155911	100.0		True
local misassembly
2409163	2422776	21611	35224	NC_002945.4	NODE_40_length_35224_cov_38.155911	99.98		True
CONTIG	NODE_40_length_35224_cov_38.155911	35224	correct
4259930	4293934	1	34003	NC_002945.4	NODE_41_length_34003_cov_44.797851	99.99		True
CONTIG	NODE_41_length_34003_cov_44.797851	34003	correct
1190092	1204732	14711	71	NC_002945.4	NODE_42_length_33489_cov_41.850788	99.97		True
local misassembly
1171083	1189860	33489	14712	NC_002945.4	NODE_42_length_33489_cov_41.850788	99.99		True
CONTIG	NODE_42_length_33489_cov_41.850788	33489	correct
2161798	2192094	1	30298	NC_002945.4	NODE_43_length_30298_cov_44.189420	99.99		True
CONTIG	NODE_43_length_30298_cov_44.189420	30298	correct
2343797	2372342	28546	1	NC_002945.4	NODE_44_length_28546_cov_42.043809	99.98		True
CONTIG	NODE_44_length_28546_cov_42.043809	28546	correct
2666207	2693421	27214	1	NC_002945.4	NODE_45_length_27301_cov_42.758372	99.98		True
CONTIG	NODE_45_length_27301_cov_42.758372	27301	correct
105040	131911	1	26872	NC_002945.4	NODE_46_length_26938_cov_42.993025	99.98		True
CONTIG	NODE_46_length_26938_cov_42.993025	26938	correct
306716	333298	26592	115	NC_002945.4	NODE_47_length_26653_cov_42.220953	99.6		True
CONTIG	NODE_47_length_26653_cov_42.220953	26653	correct
3674358	3700282	1	25907	NC_002945.4	NODE_48_length_25907_cov_32.491156	99.9		True
CONTIG	NODE_48_length_25907_cov_32.491156	25907	correct
338175	363725	149	25612	NC_002945.4	NODE_49_length_25729_cov_38.903133	99.62		True
CONTIG	NODE_49_length_25729_cov_38.903133	25729	correct
2423267	2444953	21687	1	NC_002945.4	NODE_50_length_21687_cov_44.207421	99.99		True
CONTIG	NODE_50_length_21687_cov_44.207421	21687	correct
3737791	3758844	21168	115	NC_002945.4	NODE_51_length_21354_cov_45.169642	100.0		True
CONTIG	NODE_51_length_21354_cov_45.169642	21354	correct
2140741	2158516	1	17776	NC_002945.4	NODE_52_length_20411_cov_44.345839	99.96		True
local misassembly
2158655	2158913	17777	18035	NC_002945.4	NODE_52_length_20411_cov_44.345839	100.0		True
fake: scaffold gap size wrong estimation (local)
2158914	2160444	18067	19597	NC_002945.4	NODE_52_length_20411_cov_44.345839	95.49		True
CONTIG	NODE_52_length_20411_cov_44.345839	20411	correct
1471935	1490747	1	18814	NC_002945.4	NODE_53_length_19713_cov_48.438987	99.98		True
local misassembly
1490961	1491859	18815	19713	NC_002945.4	NODE_53_length_19713_cov_48.438987	100.0		True
CONTIG	NODE_53_length_19713_cov_48.438987	19713	correct
3759828	3777383	17558	1	NC_002945.4	NODE_54_length_17563_cov_40.900264	99.96		True
CONTIG	NODE_54_length_17563_cov_40.900264	17563	correct
2192685	2210081	1	17397	NC_002945.4	NODE_55_length_17553_cov_48.993630	99.97		True
CONTIG	NODE_55_length_17553_cov_48.993630	17553	correct
132712	149938	17255	29	NC_002945.4	NODE_56_length_17443_cov_46.504043	99.97		True
CONTIG	NODE_56_length_17443_cov_46.504043	17443	correct
892165	909508	1	17344	NC_002945.4	NODE_57_length_17344_cov_44.653366	99.99		True
CONTIG	NODE_57_length_17344_cov_44.653366	17344	correct
2776922	2793785	1	16864	NC_002945.4	NODE_58_length_17011_cov_46.109867	100.0		True
CONTIG	NODE_58_length_17011_cov_46.109867	17011	correct
910050	926217	1	16168	NC_002945.4	NODE_59_length_16236_cov_46.973307	99.98		True
CONTIG	NODE_59_length_16236_cov_46.973307	16236	correct
2916851	2932323	1	15473	NC_002945.4	NODE_60_length_15596_cov_44.330920	99.97		True
CONTIG	NODE_60_length_15596_cov_44.330920	15596	correct
2041085	2056479	15395	1	NC_002945.4	NODE_61_length_15519_cov_44.363501	99.99		True
CONTIG	NODE_61_length_15519_cov_44.363501	15519	correct
1853933	1869173	46	15286	NC_002945.4	NODE_62_length_15375_cov_34.042629	99.99		True
CONTIG	NODE_62_length_15375_cov_34.042629	15375	correct
609085	624353	1	15269	NC_002945.4	NODE_63_length_15364_cov_42.101660	99.99		True
CONTIG	NODE_63_length_15364_cov_42.101660	15364	correct
2372378	2386761	1	14384	NC_002945.4	NODE_64_length_14384_cov_41.029038	99.98		True
CONTIG	NODE_64_length_14384_cov_41.029038	14384	correct
3737688	3737781	385	292	NC_002945.4	NODE_65_length_13017_cov_40.210318	100.0		True
local misassembly
3724846	3737477	13017	386	NC_002945.4	NODE_65_length_13017_cov_40.210318	99.98		True
CONTIG	NODE_65_length_13017_cov_40.210318	13017	correct
3712180	3724820	1	12641	NC_002945.4	NODE_66_length_12641_cov_30.062490	99.96		True
CONTIG	NODE_66_length_12641_cov_30.062490	12641	correct
2944619	2957076	12458	1	NC_002945.4	NODE_67_length_12458_cov_41.697510	99.98		True
CONTIG	NODE_67_length_12458_cov_41.697510	12458	correct
3881889	3882155	1	267	NC_002945.4	NODE_68_length_11376_cov_17.583519	100.0		True
local misassembly
3882139	3884027	419	2355	NC_002945.4	NODE_68_length_11376_cov_17.583519	97.69		True
local misassembly
3884643	3890278	2356	8000	NC_002945.4	NODE_68_length_11376_cov_17.583519	99.79		True
local misassembly
3890969	3894344	8001	11376	NC_002945.4	NODE_68_length_11376_cov_17.583519	99.81		True
CONTIG	NODE_68_length_11376_cov_17.583519	11376	correct
3700330	3711403	11074	1	NC_002945.4	NODE_69_length_11090_cov_30.219648	100.0		True
CONTIG	NODE_69_length_11090_cov_30.219648	11090	correct
2933724	2943963	194	10433	NC_002945.4	NODE_70_length_10433_cov_42.902872	99.99		True
CONTIG	NODE_70_length_10433_cov_42.902872	10433	correct
3209717	3219347	9631	1	NC_002945.4	NODE_71_length_9756_cov_43.674940	100.0		True
CONTIG	NODE_71_length_9756_cov_43.674940	9756	correct
3193780	3203174	9495	1	NC_002945.4	NODE_72_length_9495_cov_41.327711	100.0		True
CONTIG	NODE_72_length_9495_cov_41.327711	9495	correct
1623842	1633267	1	9369	NC_002945.4	NODE_73_length_9369_cov_38.123350	99.36		True
CONTIG	NODE_73_length_9369_cov_38.123350	9369	correct
1204900	1213474	183	8757	NC_002945.4	NODE_74_length_9205_cov_39.087244	99.98		True
CONTIG	NODE_74_length_9205_cov_39.087244	9205	correct
2444936	2453621	8688	3	NC_002945.4	NODE_75_length_8688_cov_41.247401	100.0		True
CONTIG	NODE_75_length_8688_cov_41.247401	8688	correct
3203048	3209305	6258	1	NC_002945.4	NODE_76_length_6258_cov_37.721416	100.0		True
CONTIG	NODE_76_length_6258_cov_37.721416	6258	correct
2793830	2799828	5999	1	NC_002945.4	NODE_77_length_5999_cov_41.377895	99.98		True
CONTIG	NODE_77_length_5999_cov_41.377895	5999	correct
1987019	1992127	5110	1	NC_002945.4	NODE_78_length_5110_cov_43.942404	99.98		True
CONTIG	NODE_78_length_5110_cov_43.942404	5110	correct
3980257	3984728	4492	21	NC_002945.4	NODE_79_length_4676_cov_33.449549	99.93		True
CONTIG	NODE_79_length_4676_cov_33.449549	4676	correct
1214508	1214774	192	458	NC_002945.4	NODE_80_length_4323_cov_31.779552	98.88		True
local misassembly
1214750	1218317	578	4145	NC_002945.4	NODE_80_length_4323_cov_31.779552	100.0		True
CONTIG	NODE_80_length_4323_cov_31.779552	4323	correct
1165899	1169900	4002	1	NC_002945.4	NODE_81_length_4002_cov_42.882065	99.98		True
CONTIG	NODE_81_length_4002_cov_42.882065	4002	correct
1993335	1996955	3826	206	NC_002945.4	NODE_82_length_3826_cov_34.552582	99.97		True
CONTIG	NODE_82_length_3826_cov_34.552582	3826	correct
1092698	1094251	1554	1	NC_002945.4	NODE_83_length_3664_cov_42.756573	100.0		True
inversion
1094334	1096386	1555	3607	NC_002945.4	NODE_83_length_3664_cov_42.756573	99.95		True
CONTIG	NODE_83_length_3664_cov_42.756573	3664	misassembled
2284620	2287647	1	3028	NC_002945.4	NODE_84_length_3028_cov_31.692175	99.77		True
CONTIG	NODE_84_length_3028_cov_31.692175	3028	correct
2290710	2293716	1	3007	NC_002945.4	NODE_85_length_3007_cov_35.176389	100.0		True
CONTIG	NODE_85_length_3007_cov_35.176389	3007	correct
928261	928975	142	865	NC_002945.4	NODE_86_length_2686_cov_11.998437	98.76		True
local misassembly
928970	930610	1004	2644	NC_002945.4	NODE_86_length_2686_cov_11.998437	100.0		True
CONTIG	NODE_86_length_2686_cov_11.998437	2686	correct
3977088	3979333	1	2246	NC_002945.4	NODE_87_length_2246_cov_35.074168	100.0		True
CONTIG	NODE_87_length_2246_cov_35.074168	2246	correct
4036037	4037976	1	1940	NC_002945.4	NODE_88_length_1940_cov_34.579584	100.0		True
CONTIG	NODE_88_length_1940_cov_34.579584	1940	correct
401182	402731	1	1550	NC_002945.4	NODE_89_length_1550_cov_75.410401	99.94		True
CONTIG	NODE_89_length_1550_cov_75.410401	1550	correct
4193589	4195052	1	1464	NC_002945.4	NODE_90_length_1464_cov_101.857891	100.0		True
CONTIG	NODE_90_length_1464_cov_101.857891	1464	correct
3443593	3445031	1439	1	NC_002945.4	NODE_91_length_1439_cov_55.951220	100.0		True
CONTIG	NODE_91_length_1439_cov_55.951220	1439	correct
3897145	3898585	1432	1	NC_002945.4	NODE_92_length_1432_cov_23.310345	99.38		True
CONTIG	NODE_92_length_1432_cov_23.310345	1432	correct
2324664	2325733	1214	145	NC_002945.4	NODE_93_length_1380_cov_31.549082	100.0		True
CONTIG	NODE_93_length_1380_cov_31.549082	1380	correct
2774232	2775603	1	1372	NC_002945.4	NODE_94_length_1372_cov_9.684337	100.0		True
CONTIG	NODE_94_length_1372_cov_9.684337	1372	correct
3673145	3674484	1340	1	NC_002945.4	NODE_95_length_1340_cov_89.493817	100.0		True
CONTIG	NODE_95_length_1340_cov_89.493817	1340	correct
3339137	3340461	1	1325	NC_002945.4	NODE_96_length_1325_cov_43.081803	100.0		True
CONTIG	NODE_96_length_1325_cov_43.081803	1325	correct
3835659	3836979	1321	1	NC_002945.4	NODE_97_length_1321_cov_98.572864	99.7		True
CONTIG	NODE_97_length_1321_cov_98.572864	1321	correct
2288581	2289835	1	1255	NC_002945.4	NODE_98_length_1255_cov_46.890071	100.0		True
CONTIG	NODE_98_length_1255_cov_46.890071	1255	correct
839704	840889	1186	1	NC_002945.4	NODE_99_length_1189_cov_16.187382	100.0		True
CONTIG	NODE_99_length_1189_cov_16.187382	1189	correct
2293590	2294776	1	1187	NC_002945.4	NODE_100_length_1187_cov_32.866038	100.0		True
CONTIG	NODE_100_length_1187_cov_32.866038	1187	correct
2283619	2284746	1128	1	NC_002945.4	NODE_101_length_1128_cov_75.887113	99.91		True
CONTIG	NODE_101_length_1128_cov_75.887113	1128	correct
335432	336305	874	1	NC_002945.4	NODE_102_length_1052_cov_7.330811	100.0		True
CONTIG	NODE_102_length_1052_cov_7.330811	1052	correct
3711277	3712306	1	1030	NC_002945.4	NODE_103_length_1030_cov_103.296788	100.0		True
CONTIG	NODE_103_length_1030_cov_103.296788	1030	correct
1165044	1166025	982	1	NC_002945.4	NODE_104_length_982_cov_87.461988	100.0		True
CONTIG	NODE_104_length_982_cov_87.461988	982	correct
3342811	3343719	1	909	NC_002945.4	NODE_105_length_909_cov_290.355499	100.0		True
CONTIG	NODE_105_length_909_cov_290.355499	909	correct
3341521	3342410	890	1	NC_002945.4	NODE_106_length_890_cov_35.040629	100.0		True
CONTIG	NODE_106_length_890_cov_35.040629	890	correct
1278286	1279129	844	1	NC_002945.4	NODE_107_length_844_cov_87.944212	100.0		True
CONTIG	NODE_107_length_844_cov_87.944212	844	correct
3444905	3445699	795	1	NC_002945.4	NODE_108_length_795_cov_85.413174	100.0		True
CONTIG	NODE_108_length_795_cov_85.413174	795	correct
4141119	4141866	1	748	NC_002945.4	NODE_109_length_748_cov_32.488000	100.0		True
CONTIG	NODE_109_length_748_cov_32.488000	748	correct
2693295	2694038	1	744	NC_002945.4	NODE_110_length_744_cov_74.502431	100.0		True
CONTIG	NODE_110_length_744_cov_74.502431	744	correct
132051	132641	730	140	NC_002945.4	NODE_111_length_735_cov_1.300987	98.31		True
CONTIG	NODE_111_length_735_cov_1.300987	735	correct
1091424	1092112	5	693	NC_002945.4	NODE_112_length_693_cov_1.858657	99.13		True
CONTIG	NODE_112_length_693_cov_1.858657	693	correct
2773493	2774153	661	1	NC_002945.4	NODE_113_length_661_cov_2.722846	99.55		True
CONTIG	NODE_113_length_661_cov_2.722846	661	correct
842406	842746	100	440	NC_002945.4	NODE_114_length_655_cov_0.954545	100.0		True
CONTIG	NODE_114_length_655_cov_0.954545	655	correct
674082	674541	1	460	NC_002945.4	NODE_115_length_652_cov_2.895238	99.78		True
CONTIG	NODE_115_length_652_cov_2.895238	652	correct
CONTIG	NODE_116_length_644_cov_1.978723	644	unaligned
673511	674095	585	1	NC_002945.4	NODE_117_length_642_cov_3.318447	99.66		True
CONTIG	NODE_117_length_642_cov_3.318447	642	correct
3340552	3341186	635	1	NC_002945.4	NODE_118_length_635_cov_33.366142	100.0		True
CONTIG	NODE_118_length_635_cov_33.366142	635	correct
1985933	1986453	1	521	NC_002945.4	NODE_119_length_634_cov_2.325444	100.0		True
local misassembly
1985947	1986059	522	634	NC_002945.4	NODE_119_length_634_cov_2.325444	100.0		True
CONTIG	NODE_119_length_634_cov_2.325444	634	correct
3338171	3338802	632	1	NC_002945.4	NODE_120_length_632_cov_35.360396	99.84		True
CONTIG	NODE_120_length_632_cov_35.360396	632	correct
337030	337605	1	576	NC_002945.4	NODE_121_length_594_cov_21.937587	100.0		True
CONTIG	NODE_121_length_594_cov_21.937587	594	correct
3338676	3339263	1	588	NC_002945.4	NODE_122_length_588_cov_68.342733	100.0		True
CONTIG	NODE_122_length_588_cov_68.342733	588	correct
CONTIG	NODE_123_length_540_cov_0.634383	540	unaligned
2932839	2933371	533	1	NC_002945.4	NODE_124_length_533_cov_1.413793	99.81		True
CONTIG	NODE_124_length_533_cov_1.413793	533	correct
1386559	1386874	155	470	NC_002945.4	NODE_125_length_526_cov_1.248120	100.0		True
CONTIG	NODE_125_length_526_cov_1.248120	526	correct
927051	927441	512	122	NC_002945.4	NODE_126_length_519_cov_1.461735	99.74		True
CONTIG	NODE_126_length_519_cov_1.461735	519	correct
3898459	3898958	1	500	NC_002945.4	NODE_127_length_500_cov_83.635389	100.0		True
CONTIG	NODE_127_length_500_cov_83.635389	500	correct
