S1	E1	S2	E2	Reference	Contig	IDY	Ambiguous	Best_group
2453758	2665701	212184	183	NC_002945.4	NODE_1_length_212379_cov_54.389259	99.96		True
CONTIG	NODE_1_length_212379_cov_54.389259	212379	correct
402605	607788	1	204915	NC_002945.4	NODE_2_length_204915_cov_55.410781	99.86		True
CONTIG	NODE_2_length_204915_cov_55.410781	204915	correct
3510801	3673271	162360	1	NC_002945.4	NODE_3_length_162486_cov_56.011062	99.92		True
CONTIG	NODE_3_length_162486_cov_56.011062	162486	correct
674720	676197	1	1478	NC_002945.4	NODE_4_length_162312_cov_54.921509	99.93		True
local misassembly
676696	824045	1479	148829	NC_002945.4	NODE_4_length_162312_cov_54.921509	99.99		True
local misassembly
824601	838083	148830	162312	NC_002945.4	NODE_4_length_162312_cov_54.921509	99.98		True
CONTIG	NODE_4_length_162312_cov_54.921509	162312	correct
4294604	4349904	1	55300	NC_002945.4	NODE_5_length_158619_cov_56.977772	99.99		True
fake: not a misassembly [linear representation of circular genome]
1	29469	55301	84769	NC_002945.4	NODE_5_length_158619_cov_56.977772	99.99		True
local misassembly
30083	103918	84771	158619	NC_002945.4	NODE_5_length_158619_cov_56.977772	99.96		True
CONTIG	NODE_5_length_158619_cov_56.977772	158619	correct
4035733	4193715	32	157899	NC_002945.4	NODE_6_length_157899_cov_55.676197	99.91		True
CONTIG	NODE_6_length_157899_cov_55.676197	157899	correct
151090	306653	155582	19	NC_002945.4	NODE_7_length_155582_cov_56.286700	99.99		True
CONTIG	NODE_7_length_155582_cov_56.286700	155582	correct
1853922	1985614	131260	34	NC_002945.4	NODE_8_length_131427_cov_52.515072	99.63		True
CONTIG	NODE_8_length_131427_cov_52.515072	131427	correct
1638955	1769053	143	130240	NC_002945.4	NODE_9_length_130332_cov_57.214201	99.99		True
CONTIG	NODE_9_length_130332_cov_57.214201	130332	correct
3015725	3081542	65916	1	NC_002945.4	NODE_10_length_124450_cov_54.666715	99.83		True
local misassembly
2957039	3015625	124450	65917	NC_002945.4	NODE_10_length_124450_cov_54.666715	99.9		True
CONTIG	NODE_10_length_124450_cov_54.666715	124450	correct
970263	1009472	89	39297	NC_002945.4	NODE_11_length_120515_cov_55.819484	99.97		True
relocation, inconsistency = 1457
1010930	1092144	39298	120515	NC_002945.4	NODE_11_length_120515_cov_55.819484	99.99		True
CONTIG	NODE_11_length_120515_cov_55.819484	120515	misassembled
3227026	3338802	154	112156	NC_002945.4	NODE_12_length_112156_cov_55.495309	99.87		True
CONTIG	NODE_12_length_112156_cov_55.495309	112156	correct
2160997	2161605	609	1	NC_002945.4	NODE_13_length_104481_cov_55.477940	99.84		True
fake: scaffold gap size wrong estimation (local)
2160645	2160846	911	710	NC_002945.4	NODE_13_length_104481_cov_55.477940	100.0		True
fake: scaffold gap size wrong estimation (local)
2158655	2159088	2707	2274	NC_002945.4	NODE_13_length_104481_cov_55.477940	100.0		True
local misassembly
2083596	2158516	77628	2708	NC_002945.4	NODE_13_length_104481_cov_55.477940	99.98		True
local misassembly
2057038	2083604	104333	77767	NC_002945.4	NODE_13_length_104481_cov_55.477940	99.98		True
local misassembly
2056740	2056887	104481	104334	NC_002945.4	NODE_13_length_104481_cov_55.477940	100.0		True
CONTIG	NODE_13_length_104481_cov_55.477940	104481	correct
3343594	3442410	98885	1	NC_002945.4	NODE_14_length_98885_cov_56.549738	99.92		True
CONTIG	NODE_14_length_98885_cov_56.549738	98885	correct
3124714	3209297	84574	1	NC_002945.4	NODE_15_length_84761_cov_54.671858	99.76		True
CONTIG	NODE_15_length_84761_cov_54.671858	84761	correct
1491915	1573859	82107	163	NC_002945.4	NODE_16_length_82107_cov_57.269432	99.93		True
CONTIG	NODE_16_length_82107_cov_57.269432	82107	correct
3897145	3979064	1	81911	NC_002945.4	NODE_17_length_81911_cov_56.762081	99.98		True
CONTIG	NODE_17_length_81911_cov_56.762081	81911	correct
2693912	2773103	1	79191	NC_002945.4	NODE_18_length_79293_cov_53.032703	99.99		True
CONTIG	NODE_18_length_79293_cov_53.032703	79293	correct
1779460	1853512	1	74053	NC_002945.4	NODE_19_length_74227_cov_54.662740	99.99		True
CONTIG	NODE_19_length_74227_cov_54.662740	74227	correct
1096985	1165170	1	68175	NC_002945.4	NODE_20_length_68175_cov_54.817908	99.97		True
CONTIG	NODE_20_length_68175_cov_54.817908	68175	correct
2852103	2916393	1	64290	NC_002945.4	NODE_21_length_64290_cov_53.321525	99.98		True
CONTIG	NODE_21_length_64290_cov_53.321525	64290	correct
4194926	4259153	64228	1	NC_002945.4	NODE_22_length_64228_cov_59.827631	99.99		True
CONTIG	NODE_22_length_64228_cov_59.827631	64228	correct
1280097	1343223	1	63189	NC_002945.4	NODE_23_length_63189_cov_58.776775	99.89		True
CONTIG	NODE_23_length_63189_cov_58.776775	63189	correct
1996321	2056473	60153	1	NC_002945.4	NODE_24_length_60176_cov_53.333344	99.98		True
CONTIG	NODE_24_length_60176_cov_53.333344	60176	correct
1219443	1278412	22	58991	NC_002945.4	NODE_25_length_58991_cov_55.041129	99.98		True
CONTIG	NODE_25_length_58991_cov_55.041129	58991	correct
3777400	3835785	58318	1	NC_002945.4	NODE_26_length_58318_cov_55.791256	99.87		True
CONTIG	NODE_26_length_58318_cov_55.791256	58318	correct
1413935	1470724	1	56733	NC_002945.4	NODE_27_length_56733_cov_57.065505	99.89		True
CONTIG	NODE_27_length_56733_cov_57.065505	56733	correct
2801012	2852054	1	51043	NC_002945.4	NODE_28_length_51043_cov_54.563457	99.99		True
CONTIG	NODE_28_length_51043_cov_54.563457	51043	correct
3984437	4000742	148	16442	NC_002945.4	NODE_29_length_50729_cov_55.526382	99.89		True
local misassembly
4000854	4035140	16443	50729	NC_002945.4	NODE_29_length_50729_cov_55.526382	99.98		True
CONTIG	NODE_29_length_50729_cov_55.526382	50729	correct
1573990	1623834	49845	1	NC_002945.4	NODE_30_length_49845_cov_53.407699	99.98		True
CONTIG	NODE_30_length_49845_cov_53.407699	49845	correct
842703	891078	48376	1	NC_002945.4	NODE_31_length_48376_cov_53.282120	99.99		True
CONTIG	NODE_31_length_48376_cov_53.282120	48376	correct
625464	673260	47865	70	NC_002945.4	NODE_32_length_48058_cov_53.015647	99.99		True
CONTIG	NODE_32_length_48058_cov_53.015647	48058	correct
3445573	3490468	1	44896	NC_002945.4	NODE_33_length_44896_cov_56.165740	99.98		True
CONTIG	NODE_33_length_44896_cov_56.165740	44896	correct
3836888	3881384	1	44489	NC_002945.4	NODE_34_length_44660_cov_52.892305	99.91		True
CONTIG	NODE_34_length_44660_cov_52.892305	44660	correct
1343879	1386471	1	42598	NC_002945.4	NODE_35_length_42842_cov_54.361512	99.99		True
CONTIG	NODE_35_length_42842_cov_54.361512	42842	correct
3082645	3124592	41214	1	NC_002945.4	NODE_36_length_41214_cov_53.502300	98.18		True
CONTIG	NODE_36_length_41214_cov_53.502300	41214	correct
930651	970104	1	39574	NC_002945.4	NODE_37_length_39574_cov_54.847999	99.68		True
CONTIG	NODE_37_length_39574_cov_54.847999	39574	correct
363939	401308	37370	1	NC_002945.4	NODE_38_length_37396_cov_53.765569	99.99		True
CONTIG	NODE_38_length_37396_cov_53.765569	37396	correct
2246369	2283745	1	37379	NC_002945.4	NODE_39_length_37379_cov_58.282965	99.95		True
CONTIG	NODE_39_length_37379_cov_58.282965	37379	correct
2409163	2422776	13614	1	NC_002945.4	NODE_40_length_35320_cov_48.864490	99.97		True
local misassembly
2386668	2408373	35320	13615	NC_002945.4	NODE_40_length_35320_cov_48.864490	100.0		True
CONTIG	NODE_40_length_35320_cov_48.864490	35320	correct
2210106	2245161	69	35124	NC_002945.4	NODE_41_length_35124_cov_60.384976	100.0		True
CONTIG	NODE_41_length_35124_cov_60.384976	35124	correct
3724846	3737454	1	12609	NC_002945.4	NODE_42_length_34158_cov_54.783021	99.98		True
local misassembly
3737665	3758995	12610	33943	NC_002945.4	NODE_42_length_34158_cov_54.783021	99.98		True
CONTIG	NODE_42_length_34158_cov_54.783021	34158	correct
4259930	4293929	1	33998	NC_002945.4	NODE_43_length_33998_cov_55.595524	99.99		True
CONTIG	NODE_43_length_33998_cov_55.595524	33998	correct
1190092	1204700	14689	81	NC_002945.4	NODE_44_length_33467_cov_51.586443	99.97		True
local misassembly
1171083	1189860	33467	14690	NC_002945.4	NODE_44_length_33467_cov_51.586443	99.99		True
CONTIG	NODE_44_length_33467_cov_51.586443	33467	correct
2161870	2192094	30226	1	NC_002945.4	NODE_45_length_30226_cov_55.901724	99.99		True
CONTIG	NODE_45_length_30226_cov_55.901724	30226	correct
2294650	2324434	29898	114	NC_002945.4	NODE_46_length_29898_cov_51.222599	99.99		True
CONTIG	NODE_46_length_29898_cov_51.222599	29898	correct
2343782	2372257	1	28476	NC_002945.4	NODE_47_length_28476_cov_51.236199	99.98		True
CONTIG	NODE_47_length_28476_cov_51.236199	28476	correct
105040	132606	1	27567	NC_002945.4	NODE_48_length_27745_cov_52.643095	99.94		True
CONTIG	NODE_48_length_27745_cov_52.643095	27745	correct
2666138	2693421	27283	1	NC_002945.4	NODE_49_length_27283_cov_53.922816	99.99		True
CONTIG	NODE_49_length_27283_cov_53.922816	27283	correct
333299	333418	284	165	NC_002945.4	NODE_50_length_26773_cov_55.007281	99.67		True
indel: stretch of mismatches
306730	333298	26748	285	NC_002945.4	NODE_50_length_26773_cov_55.007281	99.6		True
CONTIG	NODE_50_length_26773_cov_55.007281	26773	correct
1386914	1412955	1	26042	NC_002945.4	NODE_51_length_26042_cov_53.105885	99.98		True
CONTIG	NODE_51_length_26042_cov_53.105885	26042	correct
3674358	3700130	1	25755	NC_002945.4	NODE_52_length_25772_cov_41.835446	99.93		True
CONTIG	NODE_52_length_25772_cov_41.835446	25772	correct
339034	363824	24722	19	NC_002945.4	NODE_53_length_25023_cov_48.982487	99.58		True
local misassembly
338765	338937	24895	24723	NC_002945.4	NODE_53_length_25023_cov_48.982487	100.0		True
CONTIG	NODE_53_length_25023_cov_48.982487	25023	correct
2776882	2799828	22947	1	NC_002945.4	NODE_54_length_22947_cov_56.828747	99.98		True
CONTIG	NODE_54_length_22947_cov_56.828747	22947	correct
2423267	2444953	21687	1	NC_002945.4	NODE_55_length_21687_cov_57.104360	99.99		True
CONTIG	NODE_55_length_21687_cov_57.104360	21687	correct
3490524	3510803	1	20283	NC_002945.4	NODE_56_length_20410_cov_57.291771	99.97		True
CONTIG	NODE_56_length_20410_cov_57.291771	20410	correct
1490961	1491240	395	116	NC_002945.4	NODE_57_length_19209_cov_59.838591	100.0		True
local misassembly
1471935	1490747	19209	396	NC_002945.4	NODE_57_length_19209_cov_59.838591	99.98		True
CONTIG	NODE_57_length_19209_cov_59.838591	19209	correct
3759749	3777383	17637	1	NC_002945.4	NODE_58_length_17638_cov_52.901890	99.95		True
CONTIG	NODE_58_length_17638_cov_52.901890	17638	correct
2326417	2343760	17344	1	NC_002945.4	NODE_59_length_17456_cov_50.435801	99.99		True
CONTIG	NODE_59_length_17456_cov_50.435801	17456	correct
2192685	2209982	1	17298	NC_002945.4	NODE_60_length_17435_cov_64.558643	99.99		True
CONTIG	NODE_60_length_17435_cov_64.558643	17435	correct
892165	909508	17344	1	NC_002945.4	NODE_61_length_17344_cov_56.029854	99.99		True
CONTIG	NODE_61_length_17344_cov_56.029854	17344	correct
132663	149558	16896	1	NC_002945.4	NODE_62_length_16896_cov_63.365854	99.96		True
CONTIG	NODE_62_length_16896_cov_63.365854	16896	correct
910050	926278	16229	1	NC_002945.4	NODE_63_length_16229_cov_60.067010	99.99		True
CONTIG	NODE_63_length_16229_cov_60.067010	16229	correct
2916851	2932854	16141	138	NC_002945.4	NODE_64_length_16141_cov_58.321781	99.97		True
CONTIG	NODE_64_length_16141_cov_58.321781	16141	correct
609085	624520	15453	18	NC_002945.4	NODE_65_length_15453_cov_53.239397	99.99		True
CONTIG	NODE_65_length_15453_cov_53.239397	15453	correct
2372402	2386761	14360	1	NC_002945.4	NODE_66_length_14360_cov_54.492798	99.98		True
CONTIG	NODE_66_length_14360_cov_54.492798	14360	correct
3712180	3724959	12780	1	NC_002945.4	NODE_67_length_12780_cov_40.430096	99.96		True
CONTIG	NODE_67_length_12780_cov_40.430096	12780	correct
2944619	2957076	12458	1	NC_002945.4	NODE_68_length_12458_cov_53.517314	99.98		True
CONTIG	NODE_68_length_12458_cov_53.517314	12458	correct
3881749	3882155	1	407	NC_002945.4	NODE_69_length_11516_cov_20.972078	100.0		True
local misassembly
3882139	3884027	559	2495	NC_002945.4	NODE_69_length_11516_cov_20.972078	97.69		True
local misassembly
3884643	3890278	2496	8140	NC_002945.4	NODE_69_length_11516_cov_20.972078	99.79		True
local misassembly
3890969	3894344	8141	11516	NC_002945.4	NODE_69_length_11516_cov_20.972078	99.95		True
CONTIG	NODE_69_length_11516_cov_20.972078	11516	correct
3700109	3711403	8	11302	NC_002945.4	NODE_70_length_11302_cov_37.059776	99.98		True
CONTIG	NODE_70_length_11302_cov_37.059776	11302	correct
2933722	2943963	1	10242	NC_002945.4	NODE_71_length_10242_cov_54.317350	99.99		True
CONTIG	NODE_71_length_10242_cov_54.317350	10242	correct
3209349	3219347	201	10199	NC_002945.4	NODE_72_length_10199_cov_52.686557	100.0		True
CONTIG	NODE_72_length_10199_cov_52.686557	10199	correct
1623921	1633328	265	9615	NC_002945.4	NODE_73_length_9615_cov_46.452045	99.33		True
CONTIG	NODE_73_length_9615_cov_46.452045	9615	correct
2444936	2453709	8777	4	NC_002945.4	NODE_74_length_8777_cov_52.023931	99.92		True
CONTIG	NODE_74_length_8777_cov_52.023931	8777	correct
1204916	1213474	8652	94	NC_002945.4	NODE_75_length_8769_cov_51.292641	99.98		True
CONTIG	NODE_75_length_8769_cov_51.292641	8769	correct
3219358	3227061	1	7704	NC_002945.4	NODE_76_length_7860_cov_49.784818	100.0		True
CONTIG	NODE_76_length_7860_cov_49.784818	7860	correct
1987009	1992127	1	5120	NC_002945.4	NODE_77_length_5120_cov_58.892449	99.98		True
CONTIG	NODE_77_length_5120_cov_58.892449	5120	correct
1214750	1218340	3683	93	NC_002945.4	NODE_78_length_4630_cov_43.809682	99.78		True
local misassembly
1213949	1214774	4628	3803	NC_002945.4	NODE_78_length_4630_cov_43.809682	99.76		True
CONTIG	NODE_78_length_4630_cov_43.809682	4630	correct
3980336	3984390	157	4211	NC_002945.4	NODE_79_length_4376_cov_47.967051	100.0		True
CONTIG	NODE_79_length_4376_cov_47.967051	4376	correct
1092431	1096461	4031	1	NC_002945.4	NODE_80_length_4031_cov_46.878330	100.0		True
CONTIG	NODE_80_length_4031_cov_46.878330	4031	correct
1165899	1169900	4002	1	NC_002945.4	NODE_81_length_4002_cov_59.558710	99.98		True
CONTIG	NODE_81_length_4002_cov_59.558710	4002	correct
1635657	1638240	1	2584	NC_002945.4	NODE_82_length_3170_cov_28.032534	100.0		True
local misassembly
1638385	1638847	2585	3047	NC_002945.4	NODE_82_length_3170_cov_28.032534	100.0		True
CONTIG	NODE_82_length_3170_cov_28.032534	3170	correct
2284620	2287647	1	3028	NC_002945.4	NODE_83_length_3028_cov_41.648742	99.77		True
CONTIG	NODE_83_length_3028_cov_41.648742	3028	correct
2290710	2293716	1	3007	NC_002945.4	NODE_84_length_3007_cov_37.446528	100.0		True
CONTIG	NODE_84_length_3007_cov_37.446528	3007	correct
1993335	1996140	1	2806	NC_002945.4	NODE_85_length_2806_cov_67.736842	99.96		True
CONTIG	NODE_85_length_2806_cov_67.736842	2806	correct
401182	402731	1550	1	NC_002945.4	NODE_86_length_1550_cov_101.670415	99.94		True
CONTIG	NODE_86_length_1550_cov_101.670415	1550	correct
839717	840822	1106	1	NC_002945.4	NODE_87_length_1512_cov_18.781227	99.82		True
local misassembly
838568	838972	1511	1107	NC_002945.4	NODE_87_length_1512_cov_18.781227	99.52		True
CONTIG	NODE_87_length_1512_cov_18.781227	1512	correct
928970	929578	609	1	NC_002945.4	NODE_88_length_1504_cov_16.745555	100.0		True
local misassembly
928228	928975	1504	748	NC_002945.4	NODE_88_length_1504_cov_16.745555	98.81		True
CONTIG	NODE_88_length_1504_cov_16.745555	1504	correct
4193589	4195052	1	1464	NC_002945.4	NODE_89_length_1464_cov_123.505610	100.0		True
CONTIG	NODE_89_length_1464_cov_123.505610	1464	correct
1992001	1993461	1	1461	NC_002945.4	NODE_90_length_1461_cov_80.970015	100.0		True
CONTIG	NODE_90_length_1461_cov_80.970015	1461	correct
3443593	3445031	1439	1	NC_002945.4	NODE_91_length_1439_cov_70.210366	100.0		True
CONTIG	NODE_91_length_1439_cov_70.210366	1439	correct
336609	336692	1	84	NC_002945.4	NODE_92_length_1427_cov_22.582308	100.0		True
indel: indel (> 5bp)
336693	337851	151	1309	NC_002945.4	NODE_92_length_1427_cov_22.582308	100.0		True
CONTIG	NODE_92_length_1427_cov_22.582308	1427	correct
2324562	2325840	118	1396	NC_002945.4	NODE_93_length_1396_cov_48.355398	100.0		True
CONTIG	NODE_93_length_1396_cov_48.355398	1396	correct
3081416	3082771	1356	1	NC_002945.4	NODE_94_length_1356_cov_130.938975	100.0		True
CONTIG	NODE_94_length_1356_cov_130.938975	1356	correct
890952	892291	1340	1	NC_002945.4	NODE_95_length_1340_cov_112.470734	100.0		True
CONTIG	NODE_95_length_1340_cov_112.470734	1340	correct
2774251	2775581	1331	1	NC_002945.4	NODE_96_length_1331_cov_8.239203	100.0		True
CONTIG	NODE_96_length_1331_cov_8.239203	1331	correct
3339137	3340461	1325	1	NC_002945.4	NODE_97_length_1325_cov_53.437396	100.0		True
CONTIG	NODE_97_length_1325_cov_53.437396	1325	correct
3835659	3836979	1321	1	NC_002945.4	NODE_98_length_1321_cov_118.871022	99.7		True
CONTIG	NODE_98_length_1321_cov_118.871022	1321	correct
2288581	2289835	1255	1	NC_002945.4	NODE_99_length_1255_cov_57.168440	100.0		True
CONTIG	NODE_99_length_1255_cov_57.168440	1255	correct
2287521	2288707	1187	1	NC_002945.4	NODE_100_length_1187_cov_43.168868	100.0		True
CONTIG	NODE_100_length_1187_cov_43.168868	1187	correct
2283619	2284746	1	1128	NC_002945.4	NODE_101_length_1128_cov_102.751249	99.91		True
CONTIG	NODE_101_length_1128_cov_102.751249	1128	correct
929579	930656	1	1078	NC_002945.4	NODE_102_length_1084_cov_6.949843	99.91		True
CONTIG	NODE_102_length_1084_cov_6.949843	1084	correct
3711277	3712306	1030	1	NC_002945.4	NODE_103_length_1030_cov_110.348837	100.0		True
CONTIG	NODE_103_length_1030_cov_110.348837	1030	correct
1165044	1166025	982	1	NC_002945.4	NODE_104_length_982_cov_110.839766	100.0		True
CONTIG	NODE_104_length_982_cov_110.839766	982	correct
3759012	3759625	86	699	NC_002945.4	NODE_105_length_934_cov_1.054523	99.51		True
CONTIG	NODE_105_length_934_cov_1.054523	934	correct
2943837	2944745	909	1	NC_002945.4	NODE_106_length_909_cov_357.101023	100.0		True
CONTIG	NODE_106_length_909_cov_357.101023	909	correct
3341521	3342410	890	1	NC_002945.4	NODE_107_length_890_cov_47.011796	100.0		True
CONTIG	NODE_107_length_890_cov_47.011796	890	correct
673511	674222	712	1	NC_002945.4	NODE_108_length_854_cov_2.727648	99.44		True
CONTIG	NODE_108_length_854_cov_2.727648	854	correct
2191968	2192811	844	1	NC_002945.4	NODE_109_length_844_cov_106.493724	100.0		True
CONTIG	NODE_109_length_844_cov_106.493724	844	correct
1491348	1491782	647	213	NC_002945.4	NODE_110_length_800_cov_1.233284	99.31		True
CONTIG	NODE_110_length_800_cov_1.233284	800	correct
3444905	3445699	1	795	NC_002945.4	NODE_111_length_795_cov_130.005988	100.0		True
CONTIG	NODE_111_length_795_cov_130.005988	795	correct
338336	338755	192	611	NC_002945.4	NODE_112_length_772_cov_2.268217	100.0		True
CONTIG	NODE_112_length_772_cov_2.268217	772	correct
1985790	1986508	719	1	NC_002945.4	NODE_113_length_745_cov_3.393204	100.0		True
CONTIG	NODE_113_length_745_cov_3.393204	745	correct
2693295	2694038	1	744	NC_002945.4	NODE_114_length_744_cov_91.090762	100.0		True
CONTIG	NODE_114_length_744_cov_91.090762	744	correct
1218461	1218855	218	612	NC_002945.4	NODE_115_length_712_cov_1.189744	99.49		True
CONTIG	NODE_115_length_712_cov_1.189744	712	correct
335443	336032	590	1	NC_002945.4	NODE_116_length_703_cov_3.434028	100.0		True
local misassembly
335906	336018	703	591	NC_002945.4	NODE_116_length_703_cov_3.434028	100.0		True
CONTIG	NODE_116_length_703_cov_3.434028	703	correct
2773488	2774148	661	1	NC_002945.4	NODE_117_length_661_cov_5.346442	100.0		True
CONTIG	NODE_117_length_661_cov_5.346442	661	correct
842434	842698	265	1	NC_002945.4	NODE_118_length_657_cov_1.805660	100.0		True
local misassembly
841556	841938	648	266	NC_002945.4	NODE_118_length_657_cov_1.805660	96.87		True
CONTIG	NODE_118_length_657_cov_1.805660	657	correct
3340552	3341186	635	1	NC_002945.4	NODE_119_length_635_cov_46.492126	100.0		True
CONTIG	NODE_119_length_635_cov_46.492126	635	correct
3341060	3341647	1	588	NC_002945.4	NODE_120_length_588_cov_93.973970	100.0		True
CONTIG	NODE_120_length_588_cov_93.973970	588	correct
674211	674287	1	77	NC_002945.4	NODE_121_length_539_cov_3.109223	100.0		True
local misassembly
674138	674595	78	535	NC_002945.4	NODE_121_length_539_cov_3.109223	99.34		True
CONTIG	NODE_121_length_539_cov_3.109223	539	correct
