S1	E1	S2	E2	Reference	Contig	IDY	Ambiguous	Best_group
2444879	2665775	221152	198	NC_002945.4	NODE_1_length_221152_cov_40.904907	99.96		True
CONTIG	NODE_1_length_221152_cov_40.904907	221152	correct
402605	607788	204915	1	NC_002945.4	NODE_2_length_204915_cov_41.401366	99.86		True
CONTIG	NODE_2_length_204915_cov_41.401366	204915	correct
3510801	3673271	127	162486	NC_002945.4	NODE_3_length_162486_cov_42.025185	99.92		True
CONTIG	NODE_3_length_162486_cov_42.025185	162486	correct
676633	824045	1	147414	NC_002945.4	NODE_4_length_160903_cov_41.540982	99.99		True
local misassembly
824601	838089	147415	160903	NC_002945.4	NODE_4_length_160903_cov_41.540982	99.98		True
CONTIG	NODE_4_length_160903_cov_41.540982	160903	correct
150052	306666	1	156588	NC_002945.4	NODE_5_length_156646_cov_40.841489	99.97		True
CONTIG	NODE_5_length_156646_cov_40.841489	156646	correct
4301927	4349904	216	48192	NC_002945.4	NODE_6_length_151511_cov_42.920249	99.99		True
fake: not a misassembly [linear representation of circular genome]
1	29469	48193	77661	NC_002945.4	NODE_6_length_151511_cov_42.920249	99.99		True
local misassembly
30083	103918	77663	151511	NC_002945.4	NODE_6_length_151511_cov_42.920249	99.96		True
CONTIG	NODE_6_length_151511_cov_42.920249	151511	correct
2944619	3081542	136867	1	NC_002945.4	NODE_7_length_136867_cov_41.193177	99.8		True
CONTIG	NODE_7_length_136867_cov_41.193177	136867	correct
1638965	1769053	122	130208	NC_002945.4	NODE_8_length_130300_cov_44.417537	99.99		True
CONTIG	NODE_8_length_130300_cov_44.417537	130300	correct
3219373	3338802	45	119700	NC_002945.4	NODE_9_length_119700_cov_41.706288	99.88		True
CONTIG	NODE_9_length_119700_cov_41.706288	119700	correct
970234	1009472	85	39322	NC_002945.4	NODE_10_length_119628_cov_42.123974	99.98		True
relocation, inconsistency = 1457
1010930	1091116	39323	119512	NC_002945.4	NODE_10_length_119628_cov_42.123974	99.99		True
CONTIG	NODE_10_length_119628_cov_42.123974	119628	misassembled
1869381	1985597	115826	1	NC_002945.4	NODE_11_length_115826_cov_41.001141	99.65		True
CONTIG	NODE_11_length_115826_cov_41.001141	115826	correct
3343594	3442410	1	98885	NC_002945.4	NODE_12_length_98885_cov_42.647816	99.92		True
CONTIG	NODE_12_length_98885_cov_42.647816	98885	correct
4097330	4193715	1	96382	NC_002945.4	NODE_13_length_96382_cov_41.381092	99.99		True
CONTIG	NODE_13_length_96382_cov_41.381092	96382	correct
2083596	2140255	56660	1	NC_002945.4	NODE_14_length_83396_cov_42.078216	99.99		True
local misassembly
2057007	2083604	83396	56799	NC_002945.4	NODE_14_length_83396_cov_42.078216	99.98		True
CONTIG	NODE_14_length_83396_cov_42.078216	83396	correct
3897145	3980088	1	82935	NC_002945.4	NODE_15_length_82935_cov_40.989699	99.98		True
CONTIG	NODE_15_length_82935_cov_40.989699	82935	correct
2693912	2773070	79158	1	NC_002945.4	NODE_16_length_79158_cov_41.197049	99.99		True
CONTIG	NODE_16_length_79158_cov_41.197049	79158	correct
1779460	1853831	1	74372	NC_002945.4	NODE_17_length_74412_cov_41.337524	99.99		True
CONTIG	NODE_17_length_74412_cov_41.337524	74412	correct
3124625	3193705	69027	1	NC_002945.4	NODE_18_length_69104_cov_40.968975	99.91		True
CONTIG	NODE_18_length_69104_cov_40.968975	69104	correct
1096985	1165170	1	68175	NC_002945.4	NODE_19_length_68175_cov_40.967934	99.97		True
CONTIG	NODE_19_length_68175_cov_40.967934	68175	correct
3445573	3510803	1	65234	NC_002945.4	NODE_20_length_65361_cov_43.472990	99.97		True
CONTIG	NODE_20_length_65361_cov_43.472990	65361	correct
2852121	2916393	57	64328	NC_002945.4	NODE_21_length_64328_cov_38.844146	99.98		True
CONTIG	NODE_21_length_64328_cov_38.844146	64328	correct
4194926	4259153	64228	1	NC_002945.4	NODE_22_length_64228_cov_43.720488	99.99		True
CONTIG	NODE_22_length_64228_cov_43.720488	64228	correct
1491995	1535110	43116	1	NC_002945.4	NODE_23_length_62430_cov_46.217807	99.98		True
local misassembly
1491445	1491835	43507	43117	NC_002945.4	NODE_23_length_62430_cov_46.217807	99.76		True
local misassembly
1490961	1491069	43616	43508	NC_002945.4	NODE_23_length_62430_cov_46.217807	99.28		True
local misassembly
1471935	1490747	62430	43617	NC_002945.4	NODE_23_length_62430_cov_46.217807	99.97		True
CONTIG	NODE_23_length_62430_cov_46.217807	62430	correct
4035918	4097346	20	61447	NC_002945.4	NODE_24_length_61447_cov_38.673288	99.99		True
CONTIG	NODE_24_length_61447_cov_38.673288	61447	correct
1280097	1340762	60728	1	NC_002945.4	NODE_25_length_60728_cov_44.159667	99.89		True
CONTIG	NODE_25_length_60728_cov_44.159667	60728	correct
1997114	2056268	59369	215	NC_002945.4	NODE_26_length_59369_cov_42.537558	99.98		True
CONTIG	NODE_26_length_59369_cov_42.537558	59369	correct
1219506	1278412	1	58907	NC_002945.4	NODE_27_length_58907_cov_41.322729	99.99		True
CONTIG	NODE_27_length_58907_cov_41.322729	58907	correct
3777400	3835785	58318	1	NC_002945.4	NODE_28_length_58318_cov_42.400595	99.87		True
CONTIG	NODE_28_length_58318_cov_42.400595	58318	correct
1413935	1470724	56733	1	NC_002945.4	NODE_29_length_56733_cov_43.992686	99.89		True
CONTIG	NODE_29_length_56733_cov_43.992686	56733	correct
4000854	4035757	35050	147	NC_002945.4	NODE_30_length_51181_cov_40.740471	99.97		True
fake: scaffold gap size wrong estimation (local)
3984601	4000631	51181	35151	NC_002945.4	NODE_30_length_51181_cov_40.740471	99.99		True
CONTIG	NODE_30_length_51181_cov_40.740471	51181	correct
3878189	3879246	18	1075	NC_002945.4	NODE_31_length_50875_cov_39.620931	99.81		True
relocation, inconsistency = -2305213
1574142	1623833	1184	50875	NC_002945.4	NODE_31_length_50875_cov_39.620931	99.98		True
CONTIG	NODE_31_length_50875_cov_39.620931	50875	misassembled
2372530	2408615	92	36119	NC_002945.4	NODE_32_length_49725_cov_37.848683	99.83		True
local misassembly
2409171	2422776	36120	49725	NC_002945.4	NODE_32_length_49725_cov_37.848683	99.97		True
CONTIG	NODE_32_length_49725_cov_37.848683	49725	correct
842751	891078	48328	1	NC_002945.4	NODE_33_length_48328_cov_41.302940	99.99		True
CONTIG	NODE_33_length_48328_cov_41.302940	48328	correct
625474	673271	22	47819	NC_002945.4	NODE_34_length_47869_cov_39.695488	99.99		True
CONTIG	NODE_34_length_47869_cov_39.695488	47869	correct
3836888	3878143	1	41248	NC_002945.4	NODE_35_length_42881_cov_40.288675	99.96		True
relocation, inconsistency = 1719
3879863	3880324	41249	41710	NC_002945.4	NODE_35_length_42881_cov_40.288675	100.0		True
local misassembly
3880504	3881409	41764	42669	NC_002945.4	NODE_35_length_42881_cov_40.288675	99.67		True
CONTIG	NODE_35_length_42881_cov_40.288675	42881	misassembled
1343879	1386651	1	42778	NC_002945.4	NODE_36_length_42778_cov_40.836768	99.99		True
CONTIG	NODE_36_length_42778_cov_40.836768	42778	correct
2801012	2843516	1	42505	NC_002945.4	NODE_37_length_42505_cov_41.686347	99.99		True
CONTIG	NODE_37_length_42505_cov_41.686347	42505	correct
3082645	3124617	41239	1	NC_002945.4	NODE_38_length_41239_cov_42.390470	98.19		True
CONTIG	NODE_38_length_41239_cov_42.390470	41239	correct
930770	970073	39424	1	NC_002945.4	NODE_39_length_39469_cov_41.709725	99.67		True
CONTIG	NODE_39_length_39469_cov_41.709725	39469	correct
2246077	2283745	37671	1	NC_002945.4	NODE_40_length_37870_cov_43.894470	99.95		True
CONTIG	NODE_40_length_37870_cov_43.894470	37870	correct
1535942	1573508	37605	39	NC_002945.4	NODE_41_length_37605_cov_43.397967	99.97		True
CONTIG	NODE_41_length_37605_cov_43.397967	37605	correct
364117	401308	195	37386	NC_002945.4	NODE_42_length_37386_cov_40.395341	99.99		True
CONTIG	NODE_42_length_37386_cov_40.395341	37386	correct
2210126	2246069	1	35944	NC_002945.4	NODE_43_length_35944_cov_47.048580	100.0		True
CONTIG	NODE_43_length_35944_cov_47.048580	35944	correct
1190092	1204743	14652	1	NC_002945.4	NODE_44_length_33956_cov_42.614089	99.97		True
local misassembly
1170557	1189860	33956	14653	NC_002945.4	NODE_44_length_33956_cov_42.614089	99.99		True
CONTIG	NODE_44_length_33956_cov_42.614089	33956	correct
3737665	3758851	21298	112	NC_002945.4	NODE_45_length_33907_cov_41.662167	99.99		True
local misassembly
3724846	3737454	33907	21299	NC_002945.4	NODE_45_length_33907_cov_41.662167	99.98		True
CONTIG	NODE_45_length_33907_cov_41.662167	33907	correct
2161798	2192094	1	30298	NC_002945.4	NODE_46_length_30298_cov_42.952902	99.99		True
CONTIG	NODE_46_length_30298_cov_42.952902	30298	correct
2294650	2324497	29848	1	NC_002945.4	NODE_47_length_29848_cov_39.608795	99.99		True
CONTIG	NODE_47_length_29848_cov_39.608795	29848	correct
105040	132530	27744	254	NC_002945.4	NODE_48_length_27744_cov_38.272224	99.97		True
CONTIG	NODE_48_length_27744_cov_38.272224	27744	correct
2666067	2693421	1	27354	NC_002945.4	NODE_49_length_27354_cov_41.380064	99.99		True
CONTIG	NODE_49_length_27354_cov_41.380064	27354	correct
336693	363805	26945	1	NC_002945.4	NODE_50_length_27119_cov_36.052164	99.23		True
CONTIG	NODE_50_length_27119_cov_36.052164	27119	correct
306704	333298	26609	120	NC_002945.4	NODE_51_length_26609_cov_39.658221	99.6		True
CONTIG	NODE_51_length_26609_cov_39.658221	26609	correct
1387006	1412955	25950	1	NC_002945.4	NODE_52_length_26004_cov_39.005603	99.98		True
CONTIG	NODE_52_length_26004_cov_39.005603	26004	correct
2345666	2371647	25982	1	NC_002945.4	NODE_53_length_25984_cov_41.358742	99.98		True
CONTIG	NODE_53_length_25984_cov_41.358742	25984	correct
3674358	3700026	25651	1	NC_002945.4	NODE_54_length_25651_cov_30.659379	99.93		True
CONTIG	NODE_54_length_25651_cov_30.659379	25651	correct
4259930	4281654	1	21723	NC_002945.4	NODE_55_length_21723_cov_45.159474	99.98		True
CONTIG	NODE_55_length_21723_cov_45.159474	21723	correct
2423267	2444896	21630	1	NC_002945.4	NODE_56_length_21630_cov_40.952797	99.99		True
CONTIG	NODE_56_length_21630_cov_40.952797	21630	correct
2140909	2158572	166	17760	NC_002945.4	NODE_57_length_17893_cov_43.066081	99.58		True
CONTIG	NODE_57_length_17893_cov_43.066081	17893	correct
3759776	3777383	17610	1	NC_002945.4	NODE_58_length_17650_cov_39.910175	99.95		True
CONTIG	NODE_58_length_17650_cov_39.910175	17650	correct
2192685	2210117	1	17433	NC_002945.4	NODE_59_length_17546_cov_46.834606	99.95		True
CONTIG	NODE_59_length_17546_cov_46.834606	17546	correct
892165	909508	1	17344	NC_002945.4	NODE_60_length_17344_cov_43.137771	99.99		True
CONTIG	NODE_60_length_17344_cov_43.137771	17344	correct
2326746	2328504	1759	1	NC_002945.4	NODE_61_length_17138_cov_38.933337	99.94		True
relocation, inconsistency = -17011
2328378	2343756	17138	1760	NC_002945.4	NODE_61_length_17138_cov_38.933337	99.99		True
CONTIG	NODE_61_length_17138_cov_38.933337	17138	misassembled
2776926	2793834	16965	57	NC_002945.4	NODE_62_length_16965_cov_44.494358	100.0		True
CONTIG	NODE_62_length_16965_cov_44.494358	16965	correct
132742	149555	16814	1	NC_002945.4	NODE_63_length_16814_cov_46.700485	99.96		True
CONTIG	NODE_63_length_16814_cov_46.700485	16814	correct
910050	926279	16230	1	NC_002945.4	NODE_64_length_16230_cov_44.112588	99.99		True
CONTIG	NODE_64_length_16230_cov_44.112588	16230	correct
2916851	2932852	1	16002	NC_002945.4	NODE_65_length_16002_cov_43.986016	99.97		True
CONTIG	NODE_65_length_16002_cov_43.986016	16002	correct
3193579	3209285	15628	1	NC_002945.4	NODE_66_length_15647_cov_43.093170	99.48		True
CONTIG	NODE_66_length_15647_cov_43.093170	15647	correct
1853876	1869413	15538	1	NC_002945.4	NODE_67_length_15538_cov_30.402829	99.99		True
CONTIG	NODE_67_length_15538_cov_30.402829	15538	correct
609085	624472	15388	1	NC_002945.4	NODE_68_length_15388_cov_37.889129	99.99		True
CONTIG	NODE_68_length_15388_cov_37.889129	15388	correct
3712180	3724866	12687	1	NC_002945.4	NODE_69_length_12687_cov_30.309156	99.95		True
CONTIG	NODE_69_length_12687_cov_30.309156	12687	correct
4281706	4293953	1	12248	NC_002945.4	NODE_70_length_12248_cov_43.893326	99.98		True
CONTIG	NODE_70_length_12248_cov_43.893326	12248	correct
3700288	3711403	11116	1	NC_002945.4	NODE_71_length_11116_cov_28.517063	100.0		True
CONTIG	NODE_71_length_11116_cov_28.517063	11116	correct
2933680	2943963	165	10448	NC_002945.4	NODE_72_length_10448_cov_39.145044	99.95		True
CONTIG	NODE_72_length_10448_cov_39.145044	10448	correct
3209302	3219347	10046	1	NC_002945.4	NODE_73_length_10046_cov_42.301542	100.0		True
CONTIG	NODE_73_length_10046_cov_42.301542	10046	correct
1623843	1633322	1	9423	NC_002945.4	NODE_74_length_9423_cov_32.609079	99.37		True
CONTIG	NODE_74_length_9423_cov_32.609079	9423	correct
1204900	1213653	161	8839	NC_002945.4	NODE_75_length_8905_cov_38.288790	99.11		True
CONTIG	NODE_75_length_8905_cov_38.288790	8905	correct
2843505	2852044	1	8540	NC_002945.4	NODE_76_length_8540_cov_39.550933	100.0		True
CONTIG	NODE_76_length_8540_cov_39.550933	8540	correct
3881875	3882155	1	281	NC_002945.4	NODE_77_length_7737_cov_18.243364	100.0		True
local misassembly
3882139	3884027	433	2369	NC_002945.4	NODE_77_length_7737_cov_18.243364	97.69		True
local misassembly
3884643	3890001	2370	7737	NC_002945.4	NODE_77_length_7737_cov_18.243364	99.81		True
CONTIG	NODE_77_length_7737_cov_18.243364	7737	correct
4295468	4301860	6393	1	NC_002945.4	NODE_78_length_6393_cov_37.049793	99.98		True
CONTIG	NODE_78_length_6393_cov_37.049793	6393	correct
2793988	2799828	5841	1	NC_002945.4	NODE_79_length_5960_cov_40.246871	99.98		True
CONTIG	NODE_79_length_5960_cov_40.246871	5960	correct
1986985	1992127	54	5197	NC_002945.4	NODE_80_length_5197_cov_39.143393	99.96		True
CONTIG	NODE_80_length_5197_cov_39.143393	5197	correct
1214750	1218351	3726	125	NC_002945.4	NODE_81_length_4240_cov_31.736932	99.94		True
local misassembly
1214521	1214774	4099	3846	NC_002945.4	NODE_81_length_4240_cov_31.736932	99.21		True
CONTIG	NODE_81_length_4240_cov_31.736932	4240	correct
1165899	1169900	4002	1	NC_002945.4	NODE_82_length_4002_cov_42.750452	99.98		True
CONTIG	NODE_82_length_4002_cov_42.750452	4002	correct
1092528	1096461	3934	1	NC_002945.4	NODE_83_length_3934_cov_36.354347	100.0		True
CONTIG	NODE_83_length_3934_cov_36.354347	3934	correct
3981178	3984538	1	3361	NC_002945.4	NODE_84_length_3361_cov_37.750464	100.0		True
CONTIG	NODE_84_length_3361_cov_37.750464	3361	correct
2284620	2287647	3028	1	NC_002945.4	NODE_85_length_3028_cov_32.084454	99.77		True
CONTIG	NODE_85_length_3028_cov_32.084454	3028	correct
2290710	2293716	1	3007	NC_002945.4	NODE_86_length_3007_cov_29.171181	100.0		True
CONTIG	NODE_86_length_3007_cov_29.171181	3007	correct
1993335	1996096	2762	1	NC_002945.4	NODE_87_length_2762_cov_47.952562	100.0		True
CONTIG	NODE_87_length_2762_cov_47.952562	2762	correct
1635657	1638169	1	2564	NC_002945.4	NODE_88_length_2714_cov_24.365288	98.01		True
CONTIG	NODE_88_length_2714_cov_24.365288	2714	correct
928401	928975	107	690	NC_002945.4	NODE_89_length_2476_cov_12.061728	98.46		True
local misassembly
928970	930617	829	2476	NC_002945.4	NODE_89_length_2476_cov_12.061728	100.0		True
CONTIG	NODE_89_length_2476_cov_12.061728	2476	correct
334077	336435	2359	1	NC_002945.4	NODE_90_length_2359_cov_9.822133	99.87		True
CONTIG	NODE_90_length_2359_cov_9.822133	2359	correct
3891203	3893294	86	2177	NC_002945.4	NODE_91_length_2301_cov_3.685833	99.14		True
CONTIG	NODE_91_length_2301_cov_3.685833	2301	correct
2159031	2160444	1	1414	NC_002945.4	NODE_92_length_2228_cov_48.552594	100.0		True
CONTIG	NODE_92_length_2228_cov_48.552594	2228	correct
2343838	2345680	1843	1	NC_002945.4	NODE_93_length_1843_cov_28.558275	100.0		True
CONTIG	NODE_93_length_1843_cov_28.558275	1843	correct
674854	676332	1576	98	NC_002945.4	NODE_94_length_1705_cov_5.418885	99.86		True
CONTIG	NODE_94_length_1705_cov_5.418885	1705	correct
607662	609211	1550	1	NC_002945.4	NODE_95_length_1550_cov_69.215039	99.94		True
CONTIG	NODE_95_length_1550_cov_69.215039	1550	correct
4193589	4195052	1	1464	NC_002945.4	NODE_96_length_1464_cov_102.756918	100.0		True
CONTIG	NODE_96_length_1464_cov_102.756918	1464	correct
2324661	2325848	270	1457	NC_002945.4	NODE_97_length_1457_cov_33.509774	100.0		True
CONTIG	NODE_97_length_1457_cov_33.509774	1457	correct
3443593	3445031	1	1439	NC_002945.4	NODE_98_length_1439_cov_60.663110	100.0		True
CONTIG	NODE_98_length_1439_cov_60.663110	1439	correct
2774233	2775593	1	1361	NC_002945.4	NODE_99_length_1361_cov_7.613452	100.0		True
CONTIG	NODE_99_length_1361_cov_7.613452	1361	correct
3081416	3082771	1	1356	NC_002945.4	NODE_100_length_1356_cov_103.389748	100.0		True
CONTIG	NODE_100_length_1356_cov_103.389748	1356	correct
890952	892291	1340	1	NC_002945.4	NODE_101_length_1340_cov_79.260511	100.0		True
CONTIG	NODE_101_length_1340_cov_79.260511	1340	correct
839530	840709	1334	155	NC_002945.4	NODE_102_length_1334_cov_13.546810	99.66		True
CONTIG	NODE_102_length_1334_cov_13.546810	1334	correct
3339137	3340461	1	1325	NC_002945.4	NODE_103_length_1325_cov_37.488314	100.0		True
CONTIG	NODE_103_length_1325_cov_37.488314	1325	correct
3835659	3836979	1321	1	NC_002945.4	NODE_104_length_1321_cov_89.770519	99.7		True
CONTIG	NODE_104_length_1321_cov_89.770519	1321	correct
2288581	2289835	1255	1	NC_002945.4	NODE_105_length_1255_cov_48.124113	100.0		True
CONTIG	NODE_105_length_1255_cov_48.124113	1255	correct
2287521	2288707	1187	1	NC_002945.4	NODE_106_length_1187_cov_32.007547	100.0		True
CONTIG	NODE_106_length_1187_cov_32.007547	1187	correct
2289709	2290836	1128	1	NC_002945.4	NODE_107_length_1128_cov_79.652348	99.91		True
CONTIG	NODE_107_length_1128_cov_79.652348	1128	correct
1340970	1342059	1	1090	NC_002945.4	NODE_108_length_1090_cov_30.473520	99.91		True
CONTIG	NODE_108_length_1090_cov_30.473520	1090	correct
1996304	1997089	1034	249	NC_002945.4	NODE_109_length_1034_cov_2.550165	100.0		True
CONTIG	NODE_109_length_1034_cov_2.550165	1034	correct
3711277	3712306	1030	1	NC_002945.4	NODE_110_length_1030_cov_81.533776	100.0		True
CONTIG	NODE_110_length_1030_cov_81.533776	1030	correct
1165044	1166025	1	982	NC_002945.4	NODE_111_length_982_cov_84.530994	100.0		True
CONTIG	NODE_111_length_982_cov_84.530994	982	correct
674000	674753	175	928	NC_002945.4	NODE_112_length_928_cov_3.307116	100.0		True
CONTIG	NODE_112_length_928_cov_3.307116	928	correct
2800228	2801136	1	909	NC_002945.4	NODE_113_length_909_cov_263.356777	100.0		True
CONTIG	NODE_113_length_909_cov_263.356777	909	correct
3341521	3342410	1	890	NC_002945.4	NODE_114_length_890_cov_27.542595	100.0		True
CONTIG	NODE_114_length_890_cov_27.542595	890	correct
2191968	2192811	1	844	NC_002945.4	NODE_115_length_844_cov_78.892608	100.0		True
CONTIG	NODE_115_length_844_cov_78.892608	844	correct
3444905	3445699	1	795	NC_002945.4	NODE_116_length_795_cov_101.675150	100.0		True
CONTIG	NODE_116_length_795_cov_101.675150	795	correct
CONTIG	NODE_117_length_787_cov_0.748485	787	unaligned
3980403	3981177	1	775	NC_002945.4	NODE_118_length_775_cov_29.939024	100.0		True
CONTIG	NODE_118_length_775_cov_29.939024	775	correct
CONTIG	NODE_119_length_775_cov_0.677469	775	unaligned
4294710	4295467	758	1	NC_002945.4	NODE_120_length_758_cov_32.738983	100.0		True
CONTIG	NODE_120_length_758_cov_32.738983	758	correct
2422650	2423393	744	1	NC_002945.4	NODE_121_length_744_cov_85.680713	100.0		True
CONTIG	NODE_121_length_744_cov_85.680713	744	correct
1985809	1986525	1	717	NC_002945.4	NODE_122_length_722_cov_2.410084	100.0		True
CONTIG	NODE_122_length_722_cov_2.410084	722	correct
1213982	1214563	720	139	NC_002945.4	NODE_123_length_720_cov_2.706577	99.48		True
CONTIG	NODE_123_length_720_cov_2.706577	720	correct
3340552	3341186	635	1	NC_002945.4	NODE_124_length_635_cov_33.484252	100.0		True
CONTIG	NODE_124_length_635_cov_33.484252	635	correct
1342064	1342697	1	634	NC_002945.4	NODE_125_length_634_cov_47.629191	100.0		True
CONTIG	NODE_125_length_634_cov_47.629191	634	correct
2773509	2774131	10	632	NC_002945.4	NODE_126_length_632_cov_1.873267	100.0		True
CONTIG	NODE_126_length_632_cov_1.873267	632	correct
CONTIG	NODE_127_length_611_cov_0.857438	611	unaligned
3338676	3339263	1	588	NC_002945.4	NODE_128_length_588_cov_62.028200	100.0		True
CONTIG	NODE_128_length_588_cov_62.028200	588	correct
1218419	1219002	1	584	NC_002945.4	NODE_129_length_584_cov_1.172867	100.0		True
CONTIG	NODE_129_length_584_cov_1.172867	584	correct
2056611	2056903	195	487	NC_002945.4	NODE_130_length_580_cov_0.905077	100.0		True
CONTIG	NODE_130_length_580_cov_0.905077	580	correct
CONTIG	NODE_131_length_543_cov_0.514423	543	unaligned
2158479	2159019	541	1	NC_002945.4	NODE_132_length_541_cov_62.417874	100.0		True
CONTIG	NODE_132_length_541_cov_62.417874	541	correct
1535045	1535408	1	364	NC_002945.4	NODE_133_length_531_cov_32.603960	96.98		True
relocation, inconsistency = 2310255
3845679	3845830	531	380	NC_002945.4	NODE_133_length_531_cov_32.603960	95.39		True
CONTIG	NODE_133_length_531_cov_32.603960	531	misassembled
3758971	3759469	525	27	NC_002945.4	NODE_134_length_525_cov_1.261307	99.8		True
CONTIG	NODE_134_length_525_cov_1.261307	525	correct
3895811	3896317	1	507	NC_002945.4	NODE_135_length_507_cov_1.944737	100.0		True
CONTIG	NODE_135_length_507_cov_1.944737	507	correct
