S1	E1	S2	E2	Reference	Contig	IDY	Ambiguous	Best_group
3445573	3673271	1	227591	NC_002945.4	NODE_1_length_227591_cov_54.465784	99.93		True
CONTIG	NODE_1_length_227591_cov_54.465784	227591	correct
2444879	2665735	220909	1	NC_002945.4	NODE_2_length_220909_cov_52.586674	99.96		True
CONTIG	NODE_2_length_220909_cov_52.586674	220909	correct
1491559	1491835	1	277	NC_002945.4	NODE_3_length_212904_cov_52.879414	100.0		True
local misassembly
1491995	1573305	278	81588	NC_002945.4	NODE_3_length_212904_cov_52.879414	99.93		True
relocation, inconsistency = 280515
1853831	1985602	212904	81599	NC_002945.4	NODE_3_length_212904_cov_52.879414	99.63		True
CONTIG	NODE_3_length_212904_cov_52.879414	212904	misassembled
402605	607788	1	204915	NC_002945.4	NODE_4_length_204915_cov_53.307415	99.86		True
CONTIG	NODE_4_length_204915_cov_53.307415	204915	correct
3015750	3193870	177431	1	NC_002945.4	NODE_5_length_177488_cov_53.147535	99.48		True
CONTIG	NODE_5_length_177488_cov_53.147535	177488	correct
4294155	4349904	1	55749	NC_002945.4	NODE_6_length_159068_cov_53.287811	99.99		True
fake: not a misassembly [linear representation of circular genome]
1	29469	55750	85218	NC_002945.4	NODE_6_length_159068_cov_53.287811	99.99		True
local misassembly
30083	103918	85220	159068	NC_002945.4	NODE_6_length_159068_cov_53.287811	99.96		True
CONTIG	NODE_6_length_159068_cov_53.287811	159068	correct
4035867	4193715	157734	1	NC_002945.4	NODE_7_length_157758_cov_52.684821	99.92		True
CONTIG	NODE_7_length_157758_cov_52.684821	157758	correct
150079	306653	156586	39	NC_002945.4	NODE_8_length_156586_cov_53.461974	99.97		True
CONTIG	NODE_8_length_156586_cov_53.461974	156586	correct
1638894	1769053	24	130182	NC_002945.4	NODE_9_length_130274_cov_54.892598	99.99		True
CONTIG	NODE_9_length_130274_cov_54.892598	130274	correct
3297521	3338802	41451	1	NC_002945.4	NODE_10_length_129673_cov_52.651460	99.81		True
indel: stretch of mismatches
3209302	3297520	129673	41452	NC_002945.4	NODE_10_length_129673_cov_52.651460	99.87		True
CONTIG	NODE_10_length_129673_cov_52.651460	129673	correct
1010930	1090971	80045	1	NC_002945.4	NODE_11_length_119424_cov_54.506576	99.99		True
relocation, inconsistency = 1457
970280	1009472	119237	80046	NC_002945.4	NODE_11_length_119424_cov_54.506576	99.98		True
CONTIG	NODE_11_length_119424_cov_54.506576	119424	misassembled
726469	824045	1	97578	NC_002945.4	NODE_12_length_111032_cov_53.613669	99.99		True
local misassembly
824601	838054	97579	111032	NC_002945.4	NODE_12_length_111032_cov_53.613669	99.98		True
CONTIG	NODE_12_length_111032_cov_53.613669	111032	correct
2057039	2083604	266	26831	NC_002945.4	NODE_13_length_84315_cov_53.648691	99.98		True
local misassembly
2083596	2140757	26970	84131	NC_002945.4	NODE_13_length_84315_cov_53.648691	99.98		True
CONTIG	NODE_13_length_84315_cov_53.648691	84315	correct
3897145	3979606	82453	1	NC_002945.4	NODE_14_length_82453_cov_53.870879	99.98		True
CONTIG	NODE_14_length_82453_cov_53.870879	82453	correct
3343593	3424507	1	80983	NC_002945.4	NODE_15_length_81145_cov_54.182429	99.91		True
CONTIG	NODE_15_length_81145_cov_54.182429	81145	correct
2693912	2773080	79168	1	NC_002945.4	NODE_16_length_79168_cov_51.725611	99.99		True
CONTIG	NODE_16_length_79168_cov_51.725611	79168	correct
1779460	1853511	74052	1	NC_002945.4	NODE_17_length_74052_cov_53.626351	99.99		True
CONTIG	NODE_17_length_74052_cov_53.626351	74052	correct
2944619	3015748	71149	175	NC_002945.4	NODE_18_length_71149_cov_52.840613	99.77		True
CONTIG	NODE_18_length_71149_cov_52.840613	71149	correct
1096985	1165170	1	68175	NC_002945.4	NODE_19_length_68175_cov_52.671996	99.97		True
CONTIG	NODE_19_length_68175_cov_52.671996	68175	correct
2852106	2916393	2	64288	NC_002945.4	NODE_20_length_64288_cov_51.859432	99.98		True
CONTIG	NODE_20_length_64288_cov_51.859432	64288	correct
4194926	4259153	64228	1	NC_002945.4	NODE_21_length_64228_cov_55.143508	99.99		True
CONTIG	NODE_21_length_64228_cov_55.143508	64228	correct
1280097	1343223	1	63189	NC_002945.4	NODE_22_length_63189_cov_56.032064	99.89		True
CONTIG	NODE_22_length_63189_cov_56.032064	63189	correct
2041273	2056516	15252	9	NC_002945.4	NODE_23_length_59116_cov_52.348234	99.97		True
local misassembly
1997097	2040960	59116	15253	NC_002945.4	NODE_23_length_59116_cov_52.348234	99.97		True
CONTIG	NODE_23_length_59116_cov_52.348234	59116	correct
1219728	1278412	58685	1	NC_002945.4	NODE_24_length_58930_cov_53.228475	99.99		True
CONTIG	NODE_24_length_58930_cov_53.228475	58930	correct
3777400	3835785	58318	1	NC_002945.4	NODE_25_length_58318_cov_53.625354	99.87		True
CONTIG	NODE_25_length_58318_cov_53.625354	58318	correct
1413935	1470724	1	56733	NC_002945.4	NODE_26_length_56733_cov_54.490213	99.89		True
CONTIG	NODE_26_length_56733_cov_54.490213	56733	correct
2192685	2245161	1	52477	NC_002945.4	NODE_27_length_52477_cov_58.132665	99.99		True
CONTIG	NODE_27_length_52477_cov_58.132665	52477	correct
4000854	4035740	35032	146	NC_002945.4	NODE_28_length_51050_cov_53.269721	99.97		True
fake: scaffold gap size wrong estimation (local)
3984850	4000631	50914	35133	NC_002945.4	NODE_28_length_51050_cov_53.269721	100.0		True
CONTIG	NODE_28_length_51050_cov_53.269721	51050	correct
2801012	2852054	51043	1	NC_002945.4	NODE_29_length_51043_cov_52.628466	99.99		True
CONTIG	NODE_29_length_51043_cov_52.628466	51043	correct
676593	726353	1	49761	NC_002945.4	NODE_30_length_49969_cov_50.902472	99.98		True
CONTIG	NODE_30_length_49969_cov_50.902472	49969	correct
1573988	1623830	1	49843	NC_002945.4	NODE_31_length_49843_cov_51.651963	99.98		True
CONTIG	NODE_31_length_49843_cov_51.651963	49843	correct
842426	891078	48653	1	NC_002945.4	NODE_32_length_48658_cov_51.352393	99.99		True
CONTIG	NODE_32_length_48658_cov_51.352393	48658	correct
625220	673257	48078	41	NC_002945.4	NODE_33_length_48078_cov_51.571583	99.99		True
CONTIG	NODE_33_length_48078_cov_51.571583	48078	correct
2294650	2324391	1	29742	NC_002945.4	NODE_34_length_46591_cov_50.300362	99.99		True
relocation, inconsistency = 2596
2326988	2343836	29743	46591	NC_002945.4	NODE_34_length_46591_cov_50.300362	99.98		True
CONTIG	NODE_34_length_46591_cov_50.300362	46591	misassembled
3836888	3881368	44660	188	NC_002945.4	NODE_35_length_44660_cov_49.081984	99.96		True
CONTIG	NODE_35_length_44660_cov_49.081984	44660	correct
1343879	1386740	43013	147	NC_002945.4	NODE_36_length_43013_cov_50.962016	99.99		True
CONTIG	NODE_36_length_43013_cov_50.962016	43013	correct
930635	970024	1	39630	NC_002945.4	NODE_37_length_39630_cov_53.292940	99.37		True
CONTIG	NODE_37_length_39630_cov_53.292940	39630	correct
363897	401308	1	37412	NC_002945.4	NODE_38_length_37412_cov_54.150302	99.99		True
CONTIG	NODE_38_length_37412_cov_54.150302	37412	correct
2246369	2283745	1	37379	NC_002945.4	NODE_39_length_37379_cov_56.589606	99.95		True
CONTIG	NODE_39_length_37379_cov_56.589606	37379	correct
3724846	3737454	1	12609	NC_002945.4	NODE_40_length_34051_cov_51.989830	99.98		True
local misassembly
3737665	3758890	12610	33835	NC_002945.4	NODE_40_length_34051_cov_51.989830	100.0		True
CONTIG	NODE_40_length_34051_cov_51.989830	34051	correct
4259930	4293852	1	33921	NC_002945.4	NODE_41_length_34041_cov_52.946718	99.99		True
CONTIG	NODE_41_length_34041_cov_52.946718	34041	correct
1190092	1204739	14648	1	NC_002945.4	NODE_42_length_33426_cov_51.022013	99.97		True
local misassembly
1171083	1189860	33426	14649	NC_002945.4	NODE_42_length_33426_cov_51.022013	99.99		True
CONTIG	NODE_42_length_33426_cov_51.022013	33426	correct
2161798	2192094	1	30298	NC_002945.4	NODE_43_length_30298_cov_55.093732	99.99		True
CONTIG	NODE_43_length_30298_cov_55.093732	30298	correct
2343821	2372362	145	28686	NC_002945.4	NODE_44_length_28686_cov_50.997899	99.98		True
CONTIG	NODE_44_length_28686_cov_50.997899	28686	correct
2665977	2693421	27444	1	NC_002945.4	NODE_45_length_27551_cov_51.631746	99.99		True
CONTIG	NODE_45_length_27551_cov_51.631746	27551	correct
105040	132045	1	27006	NC_002945.4	NODE_46_length_27006_cov_51.321515	99.98		True
CONTIG	NODE_46_length_27006_cov_51.321515	27006	correct
306705	333298	26621	133	NC_002945.4	NODE_47_length_26621_cov_52.445459	99.6		True
CONTIG	NODE_47_length_26621_cov_52.445459	26621	correct
1386940	1412955	50	26065	NC_002945.4	NODE_48_length_26065_cov_52.228468	99.95		True
CONTIG	NODE_48_length_26065_cov_52.228468	26065	correct
3674315	3700289	1	25957	NC_002945.4	NODE_49_length_25957_cov_40.499303	99.93		True
CONTIG	NODE_49_length_25957_cov_40.499303	25957	correct
338173	363795	25536	1	NC_002945.4	NODE_50_length_25674_cov_45.629115	99.57		True
CONTIG	NODE_50_length_25674_cov_45.629115	25674	correct
2386668	2408717	22050	1	NC_002945.4	NODE_51_length_22050_cov_45.209324	99.99		True
CONTIG	NODE_51_length_22050_cov_45.209324	22050	correct
2423267	2444896	21630	1	NC_002945.4	NODE_52_length_21630_cov_53.799051	99.99		True
CONTIG	NODE_52_length_21630_cov_53.799051	21630	correct
2140773	2158516	1	17744	NC_002945.4	NODE_53_length_20379_cov_56.300859	99.96		True
local misassembly
2158655	2158913	17745	18003	NC_002945.4	NODE_53_length_20379_cov_56.300859	100.0		True
fake: scaffold gap size wrong estimation (local)
2158914	2160444	18035	19565	NC_002945.4	NODE_53_length_20379_cov_56.300859	95.49		True
CONTIG	NODE_53_length_20379_cov_56.300859	20379	correct
1471935	1490747	1	18814	NC_002945.4	NODE_54_length_19603_cov_57.116656	99.98		True
local misassembly
1490961	1491558	18815	19412	NC_002945.4	NODE_54_length_19603_cov_57.116656	100.0		True
CONTIG	NODE_54_length_19603_cov_57.116656	19603	correct
3424511	3442410	213	18112	NC_002945.4	NODE_55_length_18112_cov_57.918877	99.99		True
CONTIG	NODE_55_length_18112_cov_57.918877	18112	correct
892122	909508	17387	1	NC_002945.4	NODE_56_length_17387_cov_53.950521	99.99		True
CONTIG	NODE_56_length_17387_cov_53.950521	17387	correct
3760139	3777383	27	17273	NC_002945.4	NODE_57_length_17273_cov_49.180917	99.97		True
CONTIG	NODE_57_length_17273_cov_49.180917	17273	correct
132663	149931	1	17269	NC_002945.4	NODE_58_length_17269_cov_57.473865	99.96		True
CONTIG	NODE_58_length_17269_cov_57.473865	17269	correct
2776913	2793856	16944	1	NC_002945.4	NODE_59_length_16944_cov_56.830945	100.0		True
CONTIG	NODE_59_length_16944_cov_56.830945	16944	correct
910050	926268	16219	1	NC_002945.4	NODE_60_length_16219_cov_55.181022	99.99		True
CONTIG	NODE_60_length_16219_cov_55.181022	16219	correct
2916851	2932777	15927	1	NC_002945.4	NODE_61_length_15927_cov_54.735949	99.97		True
CONTIG	NODE_61_length_15927_cov_54.735949	15927	correct
3193780	3209287	15608	1	NC_002945.4	NODE_62_length_15608_cov_54.409147	100.0		True
CONTIG	NODE_62_length_15608_cov_54.409147	15608	correct
609085	624598	1	15514	NC_002945.4	NODE_63_length_15514_cov_50.753493	99.99		True
CONTIG	NODE_63_length_15514_cov_50.753493	15514	correct
2372406	2386761	14356	1	NC_002945.4	NODE_64_length_14356_cov_54.514091	99.98		True
CONTIG	NODE_64_length_14356_cov_54.514091	14356	correct
2409067	2422776	1	13710	NC_002945.4	NODE_65_length_13710_cov_52.155783	99.98		True
CONTIG	NODE_65_length_13710_cov_52.155783	13710	correct
3712180	3724959	1	12780	NC_002945.4	NODE_66_length_12780_cov_38.028689	99.96		True
CONTIG	NODE_66_length_12780_cov_38.028689	12780	correct
3890969	3894344	3376	1	NC_002945.4	NODE_67_length_11407_cov_18.792287	99.95		True
local misassembly
3884643	3890278	9021	3377	NC_002945.4	NODE_67_length_11407_cov_18.792287	99.79		True
local misassembly
3882139	3884027	10958	9022	NC_002945.4	NODE_67_length_11407_cov_18.792287	97.69		True
local misassembly
3881858	3882155	11407	11110	NC_002945.4	NODE_67_length_11407_cov_18.792287	100.0		True
CONTIG	NODE_67_length_11407_cov_18.792287	11407	correct
3700270	3711403	17	11150	NC_002945.4	NODE_68_length_11150_cov_40.024494	99.99		True
CONTIG	NODE_68_length_11150_cov_40.024494	11150	correct
2933707	2943963	1	10257	NC_002945.4	NODE_69_length_10257_cov_54.525074	99.99		True
CONTIG	NODE_69_length_10257_cov_54.525074	10257	correct
1623910	1633302	219	9554	NC_002945.4	NODE_70_length_9554_cov_45.833669	99.36		True
CONTIG	NODE_70_length_9554_cov_45.833669	9554	correct
1204740	1213905	25	9115	NC_002945.4	NODE_71_length_9115_cov_49.799065	99.14		True
CONTIG	NODE_71_length_9115_cov_49.799065	9115	correct
2793868	2799828	1	5961	NC_002945.4	NODE_72_length_5961_cov_47.819849	99.98		True
CONTIG	NODE_72_length_5961_cov_47.819849	5961	correct
1987184	1992127	258	5202	NC_002945.4	NODE_73_length_5202_cov_49.193695	99.94		True
CONTIG	NODE_73_length_5202_cov_49.193695	5202	correct
1214750	1218373	3736	113	NC_002945.4	NODE_74_length_4696_cov_37.732983	99.92		True
local misassembly
1213934	1214774	4696	3856	NC_002945.4	NODE_74_length_4696_cov_37.732983	99.64		True
CONTIG	NODE_74_length_4696_cov_37.732983	4696	correct
3980178	3984752	4575	1	NC_002945.4	NODE_75_length_4575_cov_43.149730	99.83		True
CONTIG	NODE_75_length_4575_cov_43.149730	4575	correct
1092437	1096461	1	4025	NC_002945.4	NODE_76_length_4025_cov_42.050282	99.88		True
CONTIG	NODE_76_length_4025_cov_42.050282	4025	correct
1165899	1169900	4002	1	NC_002945.4	NODE_77_length_4002_cov_53.636387	99.98		True
CONTIG	NODE_77_length_4002_cov_53.636387	4002	correct
1638385	1638836	452	1	NC_002945.4	NODE_78_length_3087_cov_24.321959	100.0		True
local misassembly
1635657	1638240	3087	453	NC_002945.4	NODE_78_length_3087_cov_24.321959	98.06		True
CONTIG	NODE_78_length_3087_cov_24.321959	3087	correct
2284620	2287647	3028	1	NC_002945.4	NODE_79_length_3028_cov_42.020338	99.77		True
CONTIG	NODE_79_length_3028_cov_42.020338	3028	correct
2290710	2293716	1	3007	NC_002945.4	NODE_80_length_3007_cov_35.469097	100.0		True
CONTIG	NODE_80_length_3007_cov_35.469097	3007	correct
1993335	1995970	2790	155	NC_002945.4	NODE_81_length_2790_cov_57.116786	100.0		True
CONTIG	NODE_81_length_2790_cov_57.116786	2790	correct
673529	676213	2689	5	NC_002945.4	NODE_82_length_2749_cov_4.556445	99.85		True
CONTIG	NODE_82_length_2749_cov_4.556445	2749	correct
928439	928975	140	685	NC_002945.4	NODE_83_length_2457_cov_13.636052	98.35		True
local misassembly
928970	930437	824	2291	NC_002945.4	NODE_83_length_2457_cov_13.636052	100.0		True
CONTIG	NODE_83_length_2457_cov_13.636052	2457	correct
607662	609211	1	1550	NC_002945.4	NODE_84_length_1550_cov_90.771609	100.0		True
CONTIG	NODE_84_length_1550_cov_90.771609	1550	correct
4193589	4195052	1464	1	NC_002945.4	NODE_85_length_1464_cov_120.314136	100.0		True
CONTIG	NODE_85_length_1464_cov_120.314136	1464	correct
1992001	1993461	1	1461	NC_002945.4	NODE_86_length_1461_cov_74.310345	100.0		True
CONTIG	NODE_86_length_1461_cov_74.310345	1461	correct
2774298	2775585	1288	1	NC_002945.4	NODE_87_length_1457_cov_8.560902	100.0		True
CONTIG	NODE_87_length_1457_cov_8.560902	1457	correct
336556	337939	1450	1	NC_002945.4	NODE_88_length_1450_cov_24.059713	95.38		True
CONTIG	NODE_88_length_1450_cov_24.059713	1450	correct
3443593	3445031	1439	1	NC_002945.4	NODE_89_length_1439_cov_68.213415	100.0		True
CONTIG	NODE_89_length_1439_cov_68.213415	1439	correct
2324618	2325829	160	1371	NC_002945.4	NODE_90_length_1371_cov_40.439711	99.5		True
CONTIG	NODE_90_length_1371_cov_40.439711	1371	correct
3339137	3340461	1325	1	NC_002945.4	NODE_91_length_1325_cov_49.548414	100.0		True
CONTIG	NODE_91_length_1325_cov_49.548414	1325	correct
3835659	3836979	1321	1	NC_002945.4	NODE_92_length_1321_cov_116.007538	99.7		True
CONTIG	NODE_92_length_1321_cov_116.007538	1321	correct
890952	892248	1297	1	NC_002945.4	NODE_93_length_1297_cov_103.773504	100.0		True
CONTIG	NODE_93_length_1297_cov_103.773504	1297	correct
2288581	2289835	1255	1	NC_002945.4	NODE_94_length_1255_cov_56.314716	100.0		True
CONTIG	NODE_94_length_1255_cov_56.314716	1255	correct
2287521	2288707	1	1187	NC_002945.4	NODE_95_length_1187_cov_35.771698	100.0		True
CONTIG	NODE_95_length_1187_cov_35.771698	1187	correct
839675	840792	1118	1	NC_002945.4	NODE_96_length_1140_cov_19.313919	100.0		True
CONTIG	NODE_96_length_1140_cov_19.313919	1140	correct
2289709	2290836	1	1128	NC_002945.4	NODE_97_length_1128_cov_105.462537	99.91		True
CONTIG	NODE_97_length_1128_cov_105.462537	1128	correct
3759424	3760103	374	1053	NC_002945.4	NODE_98_length_1098_cov_1.432544	99.56		True
CONTIG	NODE_98_length_1098_cov_1.432544	1098	correct
3711277	3712306	1030	1	NC_002945.4	NODE_99_length_1030_cov_104.130676	100.0		True
CONTIG	NODE_99_length_1030_cov_104.130676	1030	correct
1165044	1166025	982	1	NC_002945.4	NODE_100_length_982_cov_105.680702	100.0		True
CONTIG	NODE_100_length_982_cov_105.680702	982	correct
1996340	1997024	1	685	NC_002945.4	NODE_101_length_976_cov_3.122497	100.0		True
CONTIG	NODE_101_length_976_cov_3.122497	976	correct
2773305	2773982	832	155	NC_002945.4	NODE_102_length_934_cov_1.667906	99.56		True
CONTIG	NODE_102_length_934_cov_1.667906	934	correct
3342811	3343719	1	909	NC_002945.4	NODE_103_length_909_cov_378.173913	100.0		True
CONTIG	NODE_103_length_909_cov_378.173913	909	correct
3341521	3342410	890	1	NC_002945.4	NODE_104_length_890_cov_32.402359	100.0		True
CONTIG	NODE_104_length_890_cov_32.402359	890	correct
2191968	2192811	1	844	NC_002945.4	NODE_105_length_844_cov_119.125523	100.0		True
CONTIG	NODE_105_length_844_cov_119.125523	844	correct
909382	910176	795	1	NC_002945.4	NODE_106_length_795_cov_128.761976	100.0		True
CONTIG	NODE_106_length_795_cov_128.761976	795	correct
2422650	2423393	744	1	NC_002945.4	NODE_107_length_744_cov_108.027553	100.0		True
CONTIG	NODE_107_length_744_cov_108.027553	744	correct
1985774	1986441	1	668	NC_002945.4	NODE_108_length_668_cov_5.959335	100.0		True
CONTIG	NODE_108_length_668_cov_5.959335	668	correct
132036	132482	1	447	NC_002945.4	NODE_109_length_644_cov_1.230174	100.0		True
CONTIG	NODE_109_length_644_cov_1.230174	644	correct
3340552	3341186	1	635	NC_002945.4	NODE_110_length_635_cov_41.513780	100.0		True
CONTIG	NODE_110_length_635_cov_41.513780	635	correct
3341060	3341647	588	1	NC_002945.4	NODE_111_length_588_cov_67.032538	100.0		True
CONTIG	NODE_111_length_588_cov_67.032538	588	correct
2325846	2326252	407	1	NC_002945.4	NODE_112_length_565_cov_2.926941	99.75		True
CONTIG	NODE_112_length_565_cov_2.926941	565	correct
3979620	3980033	414	1	NC_002945.4	NODE_113_length_528_cov_1.336658	99.03		True
CONTIG	NODE_113_length_528_cov_1.336658	528	correct
