S1	E1	S2	E2	Reference	Contig	IDY	Ambiguous	Best_group
402605	607788	204915	1	NC_002945.4	NODE_1_length_204915_cov_32.195158	99.86		True
CONTIG	NODE_1_length_204915_cov_32.195158	204915	correct
3488378	3673271	1	184786	NC_002945.4	NODE_2_length_184786_cov_33.224939	99.93		True
CONTIG	NODE_2_length_184786_cov_33.224939	184786	correct
150444	306687	156217	1	NC_002945.4	NODE_3_length_156279_cov_31.975959	99.97		True
CONTIG	NODE_3_length_156279_cov_31.975959	156279	correct
2453714	2609264	155555	1	NC_002945.4	NODE_4_length_155721_cov_32.852989	99.99		True
CONTIG	NODE_4_length_155721_cov_32.852989	155721	correct
2957039	3015539	1	58448	NC_002945.4	NODE_5_length_150819_cov_33.064748	99.9		True
local misassembly
3015755	3108521	58451	150581	NC_002945.4	NODE_5_length_150819_cov_33.064748	99.06		True
CONTIG	NODE_5_length_150819_cov_33.064748	150819	correct
1096156	1096461	306	1	NC_002945.4	NODE_6_length_143089_cov_32.049964	99.7		True
relocation, inconsistency = 3213978
4310440	4349904	307	39770	NC_002945.4	NODE_6_length_143089_cov_32.049964	99.99		True
fake: not a misassembly [linear representation of circular genome]
1	29469	39771	69239	NC_002945.4	NODE_6_length_143089_cov_32.049964	99.99		True
local misassembly
30083	103918	69241	143089	NC_002945.4	NODE_6_length_143089_cov_32.049964	99.96		True
CONTIG	NODE_6_length_143089_cov_32.049964	143089	misassembled
1638965	1769053	130181	93	NC_002945.4	NODE_7_length_130293_cov_33.846703	99.99		True
CONTIG	NODE_7_length_130293_cov_33.846703	130293	correct
1010930	1091439	80671	159	NC_002945.4	NODE_8_length_119987_cov_32.525680	99.99		True
relocation, inconsistency = 1457
970273	1009472	119870	80672	NC_002945.4	NODE_8_length_119987_cov_32.525680	99.98		True
CONTIG	NODE_8_length_119987_cov_32.525680	119987	misassembled
3227049	3338802	110	112089	NC_002945.4	NODE_9_length_112089_cov_32.368241	99.87		True
CONTIG	NODE_9_length_112089_cov_32.368241	112089	correct
726444	824045	1	97603	NC_002945.4	NODE_10_length_111051_cov_32.581479	99.99		True
local misassembly
824601	838048	97604	111051	NC_002945.4	NODE_10_length_111051_cov_32.581479	99.98		True
CONTIG	NODE_10_length_111051_cov_32.581479	111051	correct
2057126	2083580	26531	77	NC_002945.4	NODE_11_length_106877_cov_32.264384	99.97		True
relocation, inconsistency = 71673
1904785	1985452	106790	26532	NC_002945.4	NODE_11_length_106877_cov_32.264384	99.48		True
CONTIG	NODE_11_length_106877_cov_32.264384	106877	misassembled
4035748	4141903	2	106043	NC_002945.4	NODE_12_length_106146_cov_31.280252	99.83		True
CONTIG	NODE_12_length_106146_cov_31.280252	106146	correct
3343593	3424527	81003	1	NC_002945.4	NODE_13_length_81003_cov_34.044686	99.91		True
CONTIG	NODE_13_length_81003_cov_34.044686	81003	correct
1997199	2041033	43835	1	NC_002945.4	NODE_14_length_79728_cov_31.133189	99.97		True
relocation, inconsistency = 331596
2372630	2408580	43836	79728	NC_002945.4	NODE_14_length_79728_cov_31.133189	99.83		True
CONTIG	NODE_14_length_79728_cov_31.133189	79728	misassembled
2693912	2773045	1	79133	NC_002945.4	NODE_15_length_79133_cov_32.940903	99.99		True
CONTIG	NODE_15_length_79133_cov_32.940903	79133	correct
1779460	1853477	1	74018	NC_002945.4	NODE_16_length_74152_cov_32.939601	99.99		True
CONTIG	NODE_16_length_74152_cov_32.939601	74152	correct
3124604	3193761	69104	1	NC_002945.4	NODE_17_length_69116_cov_32.497485	99.89		True
CONTIG	NODE_17_length_69116_cov_32.497485	69116	correct
1096919	1165170	68252	1	NC_002945.4	NODE_18_length_68252_cov_31.822561	99.99		True
CONTIG	NODE_18_length_68252_cov_31.822561	68252	correct
2852179	2916393	64215	1	NC_002945.4	NODE_19_length_64302_cov_31.667596	99.98		True
CONTIG	NODE_19_length_64302_cov_31.667596	64302	correct
4194926	4259153	1	64228	NC_002945.4	NODE_20_length_64228_cov_33.305143	99.99		True
CONTIG	NODE_20_length_64228_cov_33.305143	64228	correct
1280097	1340762	1	60728	NC_002945.4	NODE_21_length_60728_cov_33.667283	99.89		True
CONTIG	NODE_21_length_60728_cov_33.667283	60728	correct
1219589	1278412	58824	1	NC_002945.4	NODE_22_length_58830_cov_32.400661	99.99		True
CONTIG	NODE_22_length_58830_cov_32.400661	58830	correct
3777400	3835785	1	58318	NC_002945.4	NODE_23_length_58318_cov_31.633895	99.87		True
CONTIG	NODE_23_length_58318_cov_31.633895	58318	correct
3921571	3979445	150	58024	NC_002945.4	NODE_24_length_58026_cov_32.760842	99.98		True
CONTIG	NODE_24_length_58026_cov_32.760842	58026	correct
2083596	2140727	301	57432	NC_002945.4	NODE_25_length_57432_cov_32.853556	99.99		True
CONTIG	NODE_25_length_57432_cov_32.853556	57432	correct
1413935	1470724	56733	1	NC_002945.4	NODE_26_length_56733_cov_34.860792	99.89		True
CONTIG	NODE_26_length_56733_cov_34.860792	56733	correct
4141989	4193715	1	51727	NC_002945.4	NODE_27_length_51727_cov_33.232326	99.99		True
CONTIG	NODE_27_length_51727_cov_33.232326	51727	correct
4000854	4035725	34872	1	NC_002945.4	NODE_28_length_50325_cov_32.817941	99.98		True
local misassembly
3985279	4000742	50325	34873	NC_002945.4	NODE_28_length_50325_cov_32.817941	99.93		True
CONTIG	NODE_28_length_50325_cov_32.817941	50325	correct
676731	726461	49731	1	NC_002945.4	NODE_29_length_49918_cov_33.510855	99.99		True
CONTIG	NODE_29_length_49918_cov_33.510855	49918	correct
1574018	1623800	49829	47	NC_002945.4	NODE_30_length_49829_cov_31.120599	99.98		True
CONTIG	NODE_30_length_49829_cov_31.120599	49829	correct
842478	891078	48601	1	NC_002945.4	NODE_31_length_48602_cov_31.575988	99.98		True
CONTIG	NODE_31_length_48602_cov_31.575988	48602	correct
625359	673254	47925	30	NC_002945.4	NODE_32_length_48135_cov_31.849983	99.98		True
CONTIG	NODE_32_length_48135_cov_31.849983	48135	correct
2326988	2343727	16740	1	NC_002945.4	NODE_33_length_46482_cov_30.796160	99.92		True
relocation, inconsistency = 2596
2294650	2324391	46482	16741	NC_002945.4	NODE_33_length_46482_cov_30.796160	99.99		True
CONTIG	NODE_33_length_46482_cov_30.796160	46482	misassembled
105040	149542	1	44503	NC_002945.4	NODE_34_length_44633_cov_33.664652	99.97		True
CONTIG	NODE_34_length_44633_cov_33.664652	44633	correct
1491980	1535110	43131	1	NC_002945.4	NODE_35_length_43274_cov_35.658053	99.97		True
CONTIG	NODE_35_length_43274_cov_35.658053	43274	correct
3445573	3488322	1	42750	NC_002945.4	NODE_36_length_42750_cov_33.395233	99.97		True
CONTIG	NODE_36_length_42750_cov_33.395233	42750	correct
1343879	1386322	42679	231	NC_002945.4	NODE_37_length_42679_cov_30.670051	99.99		True
CONTIG	NODE_37_length_42679_cov_30.670051	42679	correct
2801012	2843526	1	42515	NC_002945.4	NODE_38_length_42515_cov_32.767104	99.98		True
CONTIG	NODE_38_length_42515_cov_32.767104	42515	correct
2623927	2665759	41887	1	NC_002945.4	NODE_39_length_41887_cov_31.873994	99.86		True
CONTIG	NODE_39_length_41887_cov_31.873994	41887	correct
3836888	3878142	1	41247	NC_002945.4	NODE_40_length_41289_cov_33.020650	99.91		True
CONTIG	NODE_40_length_41289_cov_33.020650	41289	correct
930744	970020	1	39397	NC_002945.4	NODE_41_length_39397_cov_31.333868	99.67		True
CONTIG	NODE_41_length_39397_cov_31.333868	39397	correct
2246080	2283745	37668	1	NC_002945.4	NODE_42_length_37871_cov_35.133717	99.95		True
CONTIG	NODE_42_length_37871_cov_35.133717	37871	correct
1535942	1573361	37482	63	NC_002945.4	NODE_43_length_37482_cov_32.480364	99.97		True
CONTIG	NODE_43_length_37482_cov_32.480364	37482	correct
363991	401308	1	37318	NC_002945.4	NODE_44_length_37318_cov_30.827351	99.99		True
CONTIG	NODE_44_length_37318_cov_30.827351	37318	correct
2210167	2246077	35911	1	NC_002945.4	NODE_45_length_36291_cov_36.166685	99.99		True
CONTIG	NODE_45_length_36291_cov_36.166685	36291	correct
1869410	1904747	35281	1	NC_002945.4	NODE_46_length_35281_cov_30.735734	99.83		True
CONTIG	NODE_46_length_35281_cov_30.735734	35281	correct
3724890	3737454	48	12612	NC_002945.4	NODE_47_length_33874_cov_32.220642	99.94		True
local misassembly
3737665	3758852	12613	33800	NC_002945.4	NODE_47_length_33874_cov_32.220642	99.99		True
CONTIG	NODE_47_length_33874_cov_32.220642	33874	correct
4259930	4281520	1	21589	NC_002945.4	NODE_48_length_33770_cov_31.877359	99.98		True
local misassembly
4281767	4293947	21590	33770	NC_002945.4	NODE_48_length_33770_cov_31.877359	99.98		True
CONTIG	NODE_48_length_33770_cov_31.877359	33770	correct
2161798	2192094	30298	1	NC_002945.4	NODE_49_length_30298_cov_33.159292	99.99		True
CONTIG	NODE_49_length_30298_cov_33.159292	30298	correct
2343959	2372129	125	28295	NC_002945.4	NODE_50_length_28357_cov_32.380128	99.98		True
CONTIG	NODE_50_length_28357_cov_32.380128	28357	correct
2666224	2693421	201	27397	NC_002945.4	NODE_51_length_27397_cov_32.156766	99.97		True
CONTIG	NODE_51_length_27397_cov_32.156766	27397	correct
306738	333298	26586	131	NC_002945.4	NODE_52_length_26586_cov_30.920254	99.6		True
CONTIG	NODE_52_length_26586_cov_30.920254	26586	correct
1387478	1412955	25478	1	NC_002945.4	NODE_53_length_25760_cov_31.381032	99.97		True
CONTIG	NODE_53_length_25760_cov_31.381032	25760	correct
338778	338937	181	340	NC_002945.4	NODE_54_length_24984_cov_28.742648	98.88		True
local misassembly
339034	363594	341	24814	NC_002945.4	NODE_54_length_24984_cov_28.742648	99.61		True
CONTIG	NODE_54_length_24984_cov_28.742648	24984	correct
3674358	3697694	1	23319	NC_002945.4	NODE_55_length_23457_cov_24.046378	99.91		True
CONTIG	NODE_55_length_23457_cov_24.046378	23457	correct
3898832	3921546	22926	212	NC_002945.4	NODE_56_length_22926_cov_32.170183	99.99		True
CONTIG	NODE_56_length_22926_cov_32.170183	22926	correct
2423267	2446114	1	22734	NC_002945.4	NODE_57_length_22734_cov_32.576812	99.49		True
CONTIG	NODE_57_length_22734_cov_32.576812	22734	correct
1190092	1192880	2833	45	NC_002945.4	NODE_58_length_22137_cov_34.987778	99.79		True
local misassembly
1170557	1189860	22137	2834	NC_002945.4	NODE_58_length_22137_cov_34.987778	99.99		True
CONTIG	NODE_58_length_22137_cov_34.987778	22137	correct
2140801	2161533	20489	1	NC_002945.4	NODE_59_length_20721_cov_30.991891	98.62		True
CONTIG	NODE_59_length_20721_cov_30.991891	20721	correct
1490961	1491421	461	1	NC_002945.4	NODE_60_length_19275_cov_33.402601	99.79		True
local misassembly
1471935	1490747	19275	462	NC_002945.4	NODE_60_length_19275_cov_33.402601	99.98		True
CONTIG	NODE_60_length_19275_cov_33.402601	19275	correct
3759357	3777383	43	18071	NC_002945.4	NODE_61_length_18071_cov_30.445831	99.91		True
CONTIG	NODE_61_length_18071_cov_30.445831	18071	correct
3424501	3442410	143	18052	NC_002945.4	NODE_62_length_18052_cov_35.665439	99.98		True
CONTIG	NODE_62_length_18052_cov_35.665439	18052	correct
892165	909508	1	17344	NC_002945.4	NODE_63_length_17344_cov_34.227159	99.99		True
CONTIG	NODE_63_length_17344_cov_34.227159	17344	correct
2192685	2210000	1	17316	NC_002945.4	NODE_64_length_17316_cov_36.505207	99.99		True
CONTIG	NODE_64_length_17316_cov_36.505207	17316	correct
2776889	2793840	16952	1	NC_002945.4	NODE_65_length_16952_cov_33.516612	99.99		True
CONTIG	NODE_65_length_16952_cov_33.516612	16952	correct
910050	926152	16199	97	NC_002945.4	NODE_66_length_16199_cov_35.039199	99.99		True
CONTIG	NODE_66_length_16199_cov_35.039199	16199	correct
3108494	3124582	7	16095	NC_002945.4	NODE_67_length_16095_cov_29.899612	99.98		True
CONTIG	NODE_67_length_16095_cov_29.899612	16095	correct
3193724	3209295	1	15493	NC_002945.4	NODE_68_length_15493_cov_35.760575	99.49		True
CONTIG	NODE_68_length_15493_cov_35.760575	15493	correct
2041040	2056438	1	15399	NC_002945.4	NODE_69_length_15401_cov_29.261163	99.94		True
CONTIG	NODE_69_length_15401_cov_29.261163	15401	correct
2916851	2932233	15383	1	NC_002945.4	NODE_70_length_15383_cov_35.034085	99.95		True
CONTIG	NODE_70_length_15383_cov_35.034085	15383	correct
609085	624459	15357	1	NC_002945.4	NODE_71_length_15357_cov_29.745043	99.87		True
CONTIG	NODE_71_length_15357_cov_29.745043	15357	correct
2409077	2422776	1	13700	NC_002945.4	NODE_72_length_13700_cov_30.268622	99.98		True
CONTIG	NODE_72_length_13700_cov_30.268622	13700	correct
3712180	3724794	12615	1	NC_002945.4	NODE_73_length_12615_cov_17.529548	99.95		True
CONTIG	NODE_73_length_12615_cov_17.529548	12615	correct
2944619	2957076	1	12458	NC_002945.4	NODE_74_length_12458_cov_31.488444	99.98		True
CONTIG	NODE_74_length_12458_cov_31.488444	12458	correct
2611830	2623923	12094	1	NC_002945.4	NODE_75_length_12223_cov_32.587963	99.98		True
CONTIG	NODE_75_length_12223_cov_32.587963	12223	correct
1193002	1204735	11771	38	NC_002945.4	NODE_76_length_11771_cov_33.294658	99.97		True
CONTIG	NODE_76_length_11771_cov_33.294658	11771	correct
1853844	1865287	259	11702	NC_002945.4	NODE_77_length_11702_cov_25.398790	99.98		True
CONTIG	NODE_77_length_11702_cov_25.398790	11702	correct
3700330	3711403	12	11085	NC_002945.4	NODE_78_length_11085_cov_19.245391	100.0		True
CONTIG	NODE_78_length_11085_cov_19.245391	11085	correct
928376	928975	1	609	NC_002945.4	NODE_79_length_10925_cov_24.966290	98.52		True
local misassembly
928970	930214	748	1992	NC_002945.4	NODE_79_length_10925_cov_24.966290	100.0		True
relocation, inconsistency = 274535
1204750	1213757	10925	1993	NC_002945.4	NODE_79_length_10925_cov_24.966290	99.09		True
CONTIG	NODE_79_length_10925_cov_24.966290	10925	misassembled
2933729	2943963	1	10235	NC_002945.4	NODE_80_length_10235_cov_28.401365	99.99		True
CONTIG	NODE_80_length_10235_cov_28.401365	10235	correct
3209297	3219347	49	10099	NC_002945.4	NODE_81_length_10099_cov_30.348075	100.0		True
CONTIG	NODE_81_length_10099_cov_30.348075	10099	correct
1623842	1633298	9409	1	NC_002945.4	NODE_82_length_9409_cov_27.037276	99.44		True
CONTIG	NODE_82_length_9409_cov_27.037276	9409	correct
2843559	2852041	8483	1	NC_002945.4	NODE_83_length_8532_cov_30.828673	100.0		True
CONTIG	NODE_83_length_8532_cov_30.828673	8532	correct
3219373	3227031	15	7673	NC_002945.4	NODE_84_length_7869_cov_30.270860	100.0		True
CONTIG	NODE_84_length_7869_cov_30.270860	7869	correct
2446118	2453621	7616	113	NC_002945.4	NODE_85_length_7616_cov_30.156496	100.0		True
CONTIG	NODE_85_length_7616_cov_30.156496	7616	correct
4301863	4309409	7547	1	NC_002945.4	NODE_86_length_7547_cov_30.069946	99.99		True
CONTIG	NODE_86_length_7547_cov_30.069946	7547	correct
4294618	4301858	1	7241	NC_002945.4	NODE_87_length_7241_cov_29.981726	99.99		True
CONTIG	NODE_87_length_7241_cov_29.981726	7241	correct
2793817	2799828	6012	1	NC_002945.4	NODE_88_length_6081_cov_26.678871	99.9		True
CONTIG	NODE_88_length_6081_cov_26.678871	6081	correct
1987159	1992127	4970	1	NC_002945.4	NODE_89_length_5113_cov_30.282792	99.94		True
CONTIG	NODE_89_length_5113_cov_30.282792	5113	correct
3885231	3889473	4409	167	NC_002945.4	NODE_90_length_4719_cov_20.378267	99.98		True
relocation, inconsistency = 90269
3979743	3980052	4410	4719	NC_002945.4	NODE_90_length_4719_cov_20.378267	99.71		True
CONTIG	NODE_90_length_4719_cov_20.378267	4719	misassembled
3980336	3984640	158	4462	NC_002945.4	NODE_91_length_4501_cov_25.694559	99.7		True
CONTIG	NODE_91_length_4501_cov_25.694559	4501	correct
1214750	1218291	3688	147	NC_002945.4	NODE_92_length_4260_cov_20.512703	99.89		True
local misassembly
1214498	1214774	4084	3808	NC_002945.4	NODE_92_length_4260_cov_20.512703	98.56		True
CONTIG	NODE_92_length_4260_cov_20.512703	4260	correct
1865243	1869384	1	4142	NC_002945.4	NODE_93_length_4142_cov_16.602491	99.98		True
CONTIG	NODE_93_length_4142_cov_16.602491	4142	correct
1165899	1169900	4002	1	NC_002945.4	NODE_94_length_4002_cov_33.995097	99.98		True
CONTIG	NODE_94_length_4002_cov_33.995097	4002	correct
2284620	2287647	3028	1	NC_002945.4	NODE_95_length_3028_cov_23.433299	99.77		True
CONTIG	NODE_95_length_3028_cov_23.433299	3028	correct
2290710	2293716	3007	1	NC_002945.4	NODE_96_length_3007_cov_25.918056	100.0		True
CONTIG	NODE_96_length_3007_cov_25.918056	3007	correct
1993335	1996074	1	2740	NC_002945.4	NODE_97_length_2740_cov_28.716035	100.0		True
CONTIG	NODE_97_length_2740_cov_28.716035	2740	correct
1635657	1638240	1	2533	NC_002945.4	NODE_98_length_2653_cov_16.202296	98.03		True
local misassembly
1638385	1638493	2534	2642	NC_002945.4	NODE_98_length_2653_cov_16.202296	97.6		True
CONTIG	NODE_98_length_2653_cov_16.202296	2653	correct
3697644	3699706	168	2230	NC_002945.4	NODE_99_length_2230_cov_3.960533	99.81		True
CONTIG	NODE_99_length_2230_cov_3.960533	2230	correct
2609387	2611609	1	2223	NC_002945.4	NODE_100_length_2223_cov_21.308206	100.0		True
CONTIG	NODE_100_length_2223_cov_21.308206	2223	correct
3882220	3884154	26	2008	NC_002945.4	NODE_101_length_2008_cov_3.799575	96.72		True
CONTIG	NODE_101_length_2008_cov_3.799575	2008	correct
3878329	3880050	15	1736	NC_002945.4	NODE_102_length_1953_cov_2.422782	99.77		True
CONTIG	NODE_102_length_1953_cov_2.422782	1953	correct
1092461	1094274	1864	51	NC_002945.4	NODE_103_length_1864_cov_19.129534	99.61		True
CONTIG	NODE_103_length_1864_cov_19.129534	1864	correct
3892751	3894344	1	1594	NC_002945.4	NODE_104_length_1594_cov_3.610770	99.75		True
CONTIG	NODE_104_length_1594_cov_3.610770	1594	correct
401182	402731	1550	1	NC_002945.4	NODE_105_length_1550_cov_57.952214	99.94		True
CONTIG	NODE_105_length_1550_cov_57.952214	1550	correct
2324578	2325838	229	1489	NC_002945.4	NODE_106_length_1489_cov_20.006608	100.0		True
CONTIG	NODE_106_length_1489_cov_20.006608	1489	correct
4193589	4195052	1	1464	NC_002945.4	NODE_107_length_1464_cov_62.914734	100.0		True
CONTIG	NODE_107_length_1464_cov_62.914734	1464	correct
334077	335236	1	1160	NC_002945.4	NODE_108_length_1458_cov_9.095417	99.74		True
indel: indel (> 5bp)
335315	335544	1161	1390	NC_002945.4	NODE_108_length_1458_cov_9.095417	99.13		True
CONTIG	NODE_108_length_1458_cov_9.095417	1458	correct
674737	676191	1457	3	NC_002945.4	NODE_109_length_1457_cov_3.362406	99.93		True
CONTIG	NODE_109_length_1457_cov_3.362406	1457	correct
3443593	3445031	1439	1	NC_002945.4	NODE_110_length_1439_cov_38.743902	100.0		True
CONTIG	NODE_110_length_1439_cov_38.743902	1439	correct
3897145	3898585	1432	1	NC_002945.4	NODE_111_length_1432_cov_17.071264	99.38		True
CONTIG	NODE_111_length_1432_cov_17.071264	1432	correct
3673145	3674484	1340	1	NC_002945.4	NODE_112_length_1340_cov_51.934048	100.0		True
CONTIG	NODE_112_length_1340_cov_51.934048	1340	correct
3339137	3340461	1325	1	NC_002945.4	NODE_113_length_1325_cov_30.126878	100.0		True
CONTIG	NODE_113_length_1325_cov_30.126878	1325	correct
3835659	3836979	1	1321	NC_002945.4	NODE_114_length_1321_cov_69.023451	99.77		True
CONTIG	NODE_114_length_1321_cov_69.023451	1321	correct
1094890	1096160	1271	1	NC_002945.4	NODE_115_length_1271_cov_31.494755	100.0		True
CONTIG	NODE_115_length_1271_cov_31.494755	1271	correct
336693	337790	121	1218	NC_002945.4	NODE_116_length_1256_cov_14.132861	99.82		True
CONTIG	NODE_116_length_1256_cov_14.132861	1256	correct
2288581	2289835	1255	1	NC_002945.4	NODE_117_length_1255_cov_29.677305	100.0		True
CONTIG	NODE_117_length_1255_cov_29.677305	1255	correct
839580	840804	16	1240	NC_002945.4	NODE_118_length_1240_cov_11.982031	100.0		True
CONTIG	NODE_118_length_1240_cov_11.982031	1240	correct
2287521	2288707	1187	1	NC_002945.4	NODE_119_length_1187_cov_18.291509	100.0		True
CONTIG	NODE_119_length_1187_cov_18.291509	1187	correct
2774254	2774831	1	578	NC_002945.4	NODE_120_length_1178_cov_5.000000	100.0		True
local misassembly
2775000	2775599	579	1178	NC_002945.4	NODE_120_length_1178_cov_5.000000	100.0		True
CONTIG	NODE_120_length_1178_cov_5.000000	1178	correct
2289709	2290836	1128	1	NC_002945.4	NODE_121_length_1128_cov_57.621379	99.91		True
CONTIG	NODE_121_length_1128_cov_57.621379	1128	correct
1340970	1342059	1090	1	NC_002945.4	NODE_122_length_1090_cov_23.853583	99.91		True
CONTIG	NODE_122_length_1090_cov_23.853583	1090	correct
1996369	1997089	24	744	NC_002945.4	NODE_123_length_1081_cov_1.273585	98.89		True
relocation, inconsistency = -1478478
518878	518948	1011	1081	NC_002945.4	NODE_123_length_1081_cov_1.273585	100.0		True
CONTIG	NODE_123_length_1081_cov_1.273585	1081	misassembled
3711277	3712306	1	1030	NC_002945.4	NODE_124_length_1030_cov_67.155039	100.0		True
CONTIG	NODE_124_length_1030_cov_67.155039	1030	correct
CONTIG	NODE_125_length_1000_cov_1.432990	1000	unaligned
1165044	1166025	982	1	NC_002945.4	NODE_126_length_982_cov_67.371930	100.0		True
CONTIG	NODE_126_length_982_cov_67.371930	982	correct
4309402	4310370	969	1	NC_002945.4	NODE_127_length_969_cov_21.470309	99.9		True
CONTIG	NODE_127_length_969_cov_21.470309	969	correct
1214037	1214539	298	800	NC_002945.4	NODE_128_length_956_cov_0.550060	99.8		True
CONTIG	NODE_128_length_956_cov_0.550060	956	correct
CONTIG	NODE_129_length_945_cov_1.447433	945	unaligned
1169775	1170683	1	909	NC_002945.4	NODE_130_length_909_cov_201.874680	100.0		True
CONTIG	NODE_130_length_909_cov_201.874680	909	correct
3341521	3342410	890	1	NC_002945.4	NODE_131_length_890_cov_22.280472	100.0		True
CONTIG	NODE_131_length_890_cov_22.280472	890	correct
CONTIG	NODE_132_length_870_cov_3.061911	870	unaligned
2191968	2192811	1	844	NC_002945.4	NODE_133_length_844_cov_71.366806	100.0		True
CONTIG	NODE_133_length_844_cov_71.366806	844	correct
674000	674659	660	1	NC_002945.4	NODE_134_length_843_cov_0.945531	100.0		True
CONTIG	NODE_134_length_843_cov_0.945531	843	correct
3894591	3895401	1	811	NC_002945.4	NODE_135_length_811_cov_28.276316	99.75		True
CONTIG	NODE_135_length_811_cov_28.276316	811	correct
338121	338755	797	154	NC_002945.4	NODE_136_length_797_cov_1.970149	98.6		True
CONTIG	NODE_136_length_797_cov_1.970149	797	correct
3444905	3445699	1	795	NC_002945.4	NODE_137_length_795_cov_79.007485	100.0		True
CONTIG	NODE_137_length_795_cov_79.007485	795	correct
335605	336384	3	782	NC_002945.4	NODE_138_length_782_cov_5.116031	100.0		True
CONTIG	NODE_138_length_782_cov_5.116031	782	correct
2693295	2694038	1	744	NC_002945.4	NODE_139_length_744_cov_58.886548	100.0		True
CONTIG	NODE_139_length_744_cov_58.886548	744	correct
3884028	3884769	724	1	NC_002945.4	NODE_140_length_724_cov_14.040201	97.44		True
CONTIG	NODE_140_length_724_cov_14.040201	724	correct
3879965	3880402	617	180	NC_002945.4	NODE_141_length_717_cov_1.727119	98.4		True
CONTIG	NODE_141_length_717_cov_1.727119	717	correct
2916267	2916977	711	1	NC_002945.4	NODE_142_length_711_cov_38.070205	99.86		True
CONTIG	NODE_142_length_711_cov_38.070205	711	correct
673507	673728	126	347	NC_002945.4	NODE_143_length_642_cov_2.042718	100.0		True
indel: indel (> 5bp)
673774	674068	348	642	NC_002945.4	NODE_143_length_642_cov_2.042718	97.63		True
CONTIG	NODE_143_length_642_cov_2.042718	642	correct
3340552	3341186	635	1	NC_002945.4	NODE_144_length_635_cov_17.818898	100.0		True
CONTIG	NODE_144_length_635_cov_17.818898	635	correct
1342064	1342697	1	634	NC_002945.4	NODE_145_length_634_cov_41.994083	100.0		True
CONTIG	NODE_145_length_634_cov_41.994083	634	correct
3880479	3881088	1	610	NC_002945.4	NODE_146_length_610_cov_15.393375	99.34		True
CONTIG	NODE_146_length_610_cov_15.393375	610	correct
3341060	3341647	588	1	NC_002945.4	NODE_147_length_588_cov_40.462039	100.0		True
CONTIG	NODE_147_length_588_cov_40.462039	588	correct
3984845	3985275	434	4	NC_002945.4	NODE_148_length_572_cov_2.051685	97.91		True
CONTIG	NODE_148_length_572_cov_2.051685	572	correct
3845679	3845830	1	152	NC_002945.4	NODE_149_length_531_cov_29.690594	95.39		True
relocation, inconsistency = 2310255
1535045	1535408	531	168	NC_002945.4	NODE_149_length_531_cov_29.690594	96.98		True
CONTIG	NODE_149_length_531_cov_29.690594	531	misassembled
3882139	3882460	322	1	NC_002945.4	NODE_150_length_507_cov_1.684211	100.0		True
CONTIG	NODE_150_length_507_cov_1.684211	507	correct
337774	338117	345	1	NC_002945.4	NODE_151_length_504_cov_0.647215	97.68		True
CONTIG	NODE_151_length_504_cov_0.647215	504	correct
3894218	3894717	500	1	NC_002945.4	NODE_152_length_500_cov_63.329759	100.0		True
CONTIG	NODE_152_length_500_cov_63.329759	500	correct
