S1	E1	S2	E2	Reference	Contig	IDY	Ambiguous	Best_group
3445573	3673271	227591	1	NC_002945.4	NODE_1_length_227591_cov_23.829050	99.93		True
CONTIG	NODE_1_length_227591_cov_23.829050	227591	correct
402605	607788	204915	1	NC_002945.4	NODE_2_length_204915_cov_23.232992	99.86		True
CONTIG	NODE_2_length_204915_cov_23.232992	204915	correct
2957039	3015529	1	58438	NC_002945.4	NODE_3_length_166762_cov_23.091913	99.9		True
local misassembly
3015725	3124500	58439	166578	NC_002945.4	NODE_3_length_166762_cov_23.091913	99.2		True
CONTIG	NODE_3_length_166762_cov_23.091913	166762	correct
676707	824045	1	147340	NC_002945.4	NODE_4_length_160791_cov_23.900830	99.99		True
local misassembly
824601	838051	147341	160791	NC_002945.4	NODE_4_length_160791_cov_23.900830	99.98		True
CONTIG	NODE_4_length_160791_cov_23.900830	160791	correct
4294618	4349904	1	55286	NC_002945.4	NODE_5_length_158605_cov_23.413767	99.98		True
fake: not a misassembly [linear representation of circular genome]
1	29469	55287	84755	NC_002945.4	NODE_5_length_158605_cov_23.413767	99.99		True
local misassembly
30083	103918	84757	158605	NC_002945.4	NODE_5_length_158605_cov_23.413767	99.96		True
CONTIG	NODE_5_length_158605_cov_23.413767	158605	correct
150122	306653	40	156544	NC_002945.4	NODE_6_length_156595_cov_23.380915	99.97		True
CONTIG	NODE_6_length_156595_cov_23.380915	156595	correct
2453698	2609246	120	155669	NC_002945.4	NODE_7_length_155802_cov_23.156088	99.99		True
CONTIG	NODE_7_length_155802_cov_23.156088	155802	correct
1638965	1769053	85	130172	NC_002945.4	NODE_8_length_130264_cov_23.653750	99.99		True
CONTIG	NODE_8_length_130264_cov_23.653750	130264	correct
1010930	1091262	80394	59	NC_002945.4	NODE_9_length_119842_cov_23.331504	99.99		True
relocation, inconsistency = 1457
970200	1009472	119666	80395	NC_002945.4	NODE_9_length_119842_cov_23.331504	99.97		True
CONTIG	NODE_9_length_119842_cov_23.331504	119842	misassembled
3297603	3338802	41251	1	NC_002945.4	NODE_10_length_119727_cov_22.635368	99.96		True
local misassembly
3219422	3297520	119607	41452	NC_002945.4	NODE_10_length_119727_cov_22.635368	99.92		True
CONTIG	NODE_10_length_119727_cov_22.635368	119727	correct
4035931	4141907	105862	1	NC_002945.4	NODE_11_length_105900_cov_23.585896	99.88		True
CONTIG	NODE_11_length_105900_cov_23.585896	105900	correct
1869381	1971855	1	102420	NC_002945.4	NODE_12_length_102420_cov_22.846715	99.93		True
CONTIG	NODE_12_length_102420_cov_22.846715	102420	correct
3343594	3442410	1	98885	NC_002945.4	NODE_13_length_98885_cov_24.046761	99.92		True
CONTIG	NODE_13_length_98885_cov_24.046761	98885	correct
2056967	2083604	1	26638	NC_002945.4	NODE_14_length_83912_cov_23.312061	99.98		True
local misassembly
2083596	2140631	26777	83812	NC_002945.4	NODE_14_length_83912_cov_23.312061	99.99		True
CONTIG	NODE_14_length_83912_cov_23.312061	83912	correct
2852100	2932326	1	80227	NC_002945.4	NODE_15_length_80227_cov_23.933895	99.98		True
CONTIG	NODE_15_length_80227_cov_23.933895	80227	correct
2693912	2773105	79394	202	NC_002945.4	NODE_16_length_79394_cov_22.656717	99.99		True
CONTIG	NODE_16_length_79394_cov_22.656717	79394	correct
1779460	1853452	1	73993	NC_002945.4	NODE_17_length_74205_cov_23.897027	99.99		True
CONTIG	NODE_17_length_74205_cov_23.897027	74205	correct
1092564	1094419	111	1966	NC_002945.4	NODE_18_length_70622_cov_23.112476	99.88		True
relocation, inconsistency = 2041
1096461	1165170	1967	70622	NC_002945.4	NODE_18_length_70622_cov_23.112476	99.83		True
CONTIG	NODE_18_length_70622_cov_23.112476	70622	misassembled
3124763	3193870	283	69336	NC_002945.4	NODE_19_length_69336_cov_23.348827	99.91		True
CONTIG	NODE_19_length_69336_cov_23.348827	69336	correct
4194926	4259153	1	64228	NC_002945.4	NODE_20_length_64228_cov_23.966631	99.99		True
CONTIG	NODE_20_length_64228_cov_23.966631	64228	correct
1280097	1343223	1	63189	NC_002945.4	NODE_21_length_63189_cov_25.815340	99.89		True
CONTIG	NODE_21_length_63189_cov_25.815340	63189	correct
3897145	3958343	1	61190	NC_002945.4	NODE_22_length_61306_cov_24.439089	99.98		True
CONTIG	NODE_22_length_61306_cov_24.439089	61306	correct
1219638	1278412	476	59250	NC_002945.4	NODE_23_length_59250_cov_23.079123	99.99		True
CONTIG	NODE_23_length_59250_cov_23.079123	59250	correct
1413935	1470724	56733	1	NC_002945.4	NODE_24_length_56733_cov_22.538494	99.89		True
CONTIG	NODE_24_length_56733_cov_22.538494	56733	correct
2611931	2665715	123	53961	NC_002945.4	NODE_25_length_53961_cov_23.938180	99.88		True
CONTIG	NODE_25_length_53961_cov_23.938180	53961	correct
3777400	3830688	144	53432	NC_002945.4	NODE_26_length_53434_cov_24.633594	99.99		True
CONTIG	NODE_26_length_53434_cov_24.633594	53434	correct
4141973	4193715	51743	1	NC_002945.4	NODE_27_length_51769_cov_25.254425	99.98		True
CONTIG	NODE_27_length_51769_cov_25.254425	51769	correct
4000854	4035727	34948	75	NC_002945.4	NODE_28_length_50386_cov_24.307965	99.98		True
local misassembly
3985294	4000742	50386	34949	NC_002945.4	NODE_28_length_50386_cov_24.307965	99.93		True
CONTIG	NODE_28_length_50386_cov_24.307965	50386	correct
2801012	2850214	49203	1	NC_002945.4	NODE_29_length_49203_cov_24.114598	99.99		True
CONTIG	NODE_29_length_49203_cov_24.114598	49203	correct
842521	891078	48558	1	NC_002945.4	NODE_30_length_48650_cov_22.499413	99.99		True
CONTIG	NODE_30_length_48650_cov_22.499413	48650	correct
625312	673257	1	47946	NC_002945.4	NODE_31_length_48013_cov_24.534770	99.99		True
CONTIG	NODE_31_length_48013_cov_24.534770	48013	correct
1574005	1619641	1	45637	NC_002945.4	NODE_32_length_45649_cov_24.089803	99.98		True
CONTIG	NODE_32_length_45649_cov_24.089803	45649	correct
1997028	2040665	1	43638	NC_002945.4	NODE_33_length_43756_cov_22.018291	99.98		True
CONTIG	NODE_33_length_43756_cov_22.018291	43756	correct
1491939	1535110	1	43172	NC_002945.4	NODE_34_length_43172_cov_23.972053	99.98		True
CONTIG	NODE_34_length_43172_cov_23.972053	43172	correct
1343879	1386766	43013	121	NC_002945.4	NODE_35_length_43013_cov_23.335424	99.98		True
CONTIG	NODE_35_length_43013_cov_23.335424	43013	correct
930799	969900	123	39464	NC_002945.4	NODE_36_length_39583_cov_23.289943	99.37		True
CONTIG	NODE_36_length_39583_cov_23.289943	39583	correct
2246110	2283745	265	37902	NC_002945.4	NODE_37_length_37902_cov_23.176148	99.95		True
CONTIG	NODE_37_length_37902_cov_23.176148	37902	correct
1535942	1573195	37437	184	NC_002945.4	NODE_38_length_37437_cov_23.162852	99.99		True
CONTIG	NODE_38_length_37437_cov_23.162852	37437	correct
364037	401308	37272	1	NC_002945.4	NODE_39_length_37272_cov_21.235186	99.99		True
CONTIG	NODE_39_length_37272_cov_21.235186	37272	correct
2210636	2246057	35422	1	NC_002945.4	NODE_40_length_35422_cov_24.747755	100.0		True
CONTIG	NODE_40_length_35422_cov_24.747755	35422	correct
4259930	4293921	33990	1	NC_002945.4	NODE_41_length_33990_cov_21.775655	99.99		True
CONTIG	NODE_41_length_33990_cov_21.775655	33990	correct
3724846	3737454	1	12609	NC_002945.4	NODE_42_length_33814_cov_23.989788	99.98		True
local misassembly
3737665	3758759	12610	33704	NC_002945.4	NODE_42_length_33814_cov_23.989788	100.0		True
CONTIG	NODE_42_length_33814_cov_23.989788	33814	correct
1171083	1189860	1	18778	NC_002945.4	NODE_43_length_33422_cov_23.361646	99.99		True
local misassembly
1190092	1204731	18779	33418	NC_002945.4	NODE_43_length_33422_cov_23.361646	99.97		True
CONTIG	NODE_43_length_33422_cov_23.361646	33422	correct
3836888	3870245	33359	1	NC_002945.4	NODE_44_length_33359_cov_23.668903	99.92		True
CONTIG	NODE_44_length_33359_cov_23.668903	33359	correct
2161798	2192094	1	30298	NC_002945.4	NODE_45_length_30298_cov_22.536409	99.99		True
CONTIG	NODE_45_length_30298_cov_22.536409	30298	correct
2294650	2324490	29841	1	NC_002945.4	NODE_46_length_29841_cov_22.715757	99.99		True
CONTIG	NODE_46_length_29841_cov_22.715757	29841	correct
2665906	2693421	27515	1	NC_002945.4	NODE_47_length_27538_cov_23.738682	99.97		True
CONTIG	NODE_47_length_27538_cov_23.738682	27538	correct
105040	131941	26981	80	NC_002945.4	NODE_48_length_26981_cov_23.023088	99.98		True
CONTIG	NODE_48_length_26981_cov_23.023088	26981	correct
332249	333234	1129	144	NC_002945.4	NODE_49_length_26545_cov_23.982058	99.62		True
local misassembly
306767	332143	26506	1130	NC_002945.4	NODE_49_length_26545_cov_23.982058	99.99		True
CONTIG	NODE_49_length_26545_cov_23.982058	26545	correct
2345684	2372207	26524	1	NC_002945.4	NODE_50_length_26524_cov_21.901352	99.98		True
CONTIG	NODE_50_length_26524_cov_21.901352	26524	correct
1387060	1412955	25896	1	NC_002945.4	NODE_51_length_26034_cov_22.190296	99.98		True
CONTIG	NODE_51_length_26034_cov_22.190296	26034	correct
3674358	3700059	1	25684	NC_002945.4	NODE_52_length_25684_cov_18.879172	99.92		True
CONTIG	NODE_52_length_25684_cov_18.879172	25684	correct
338068	363640	1	25495	NC_002945.4	NODE_53_length_25653_cov_23.846901	99.58		True
CONTIG	NODE_53_length_25653_cov_23.846901	25653	correct
2386668	2408562	1	21895	NC_002945.4	NODE_54_length_21898_cov_22.811492	100.0		True
CONTIG	NODE_54_length_21898_cov_22.811492	21898	correct
2423267	2444953	1	21687	NC_002945.4	NODE_55_length_21687_cov_23.246614	99.99		True
CONTIG	NODE_55_length_21687_cov_23.246614	21687	correct
3958378	3979446	21238	170	NC_002945.4	NODE_56_length_21271_cov_23.742811	99.98		True
CONTIG	NODE_56_length_21271_cov_23.742811	21271	correct
2140788	2158516	62	17790	NC_002945.4	NODE_57_length_20425_cov_22.070549	99.96		True
local misassembly
2158655	2158913	17791	18049	NC_002945.4	NODE_57_length_20425_cov_22.070549	100.0		True
fake: scaffold gap size wrong estimation (local)
2158914	2160444	18081	19611	NC_002945.4	NODE_57_length_20425_cov_22.070549	95.49		True
CONTIG	NODE_57_length_20425_cov_22.070549	20425	correct
1471935	1490747	1	18814	NC_002945.4	NODE_58_length_19172_cov_21.874718	99.98		True
local misassembly
1490961	1491312	18815	19166	NC_002945.4	NODE_58_length_19172_cov_21.874718	100.0		True
CONTIG	NODE_58_length_19172_cov_21.874718	19172	correct
3759392	3759609	382	165	NC_002945.4	NODE_59_length_17738_cov_24.278235	99.08		True
local misassembly
3759061	3759139	461	383	NC_002945.4	NODE_59_length_17738_cov_24.278235	100.0		True
inversion
3760124	3777398	462	17738	NC_002945.4	NODE_59_length_17738_cov_24.278235	99.96		True
CONTIG	NODE_59_length_17738_cov_24.278235	17738	misassembled
2192685	2210060	1	17376	NC_002945.4	NODE_60_length_17550_cov_23.228606	99.98		True
CONTIG	NODE_60_length_17550_cov_23.228606	17550	correct
892165	909508	17344	1	NC_002945.4	NODE_61_length_17344_cov_24.779636	99.99		True
CONTIG	NODE_61_length_17344_cov_24.779636	17344	correct
2326279	2343426	123	17270	NC_002945.4	NODE_62_length_17270_cov_23.309747	99.98		True
CONTIG	NODE_62_length_17270_cov_23.309747	17270	correct
132757	149967	1	17211	NC_002945.4	NODE_63_length_17211_cov_24.112152	99.95		True
CONTIG	NODE_63_length_17211_cov_24.112152	17211	correct
2776926	2793801	16885	10	NC_002945.4	NODE_64_length_16885_cov_24.897541	100.0		True
CONTIG	NODE_64_length_16885_cov_24.897541	16885	correct
910050	926168	16185	67	NC_002945.4	NODE_65_length_16185_cov_24.803774	99.98		True
CONTIG	NODE_65_length_16185_cov_24.803774	16185	correct
3193780	3209278	1	15599	NC_002945.4	NODE_66_length_15601_cov_23.367649	100.0		True
CONTIG	NODE_66_length_15601_cov_23.367649	15601	correct
1853880	1869326	15504	58	NC_002945.4	NODE_67_length_15504_cov_22.436301	99.99		True
CONTIG	NODE_67_length_15504_cov_22.436301	15504	correct
609085	624340	1	15256	NC_002945.4	NODE_68_length_15362_cov_24.351559	99.99		True
CONTIG	NODE_68_length_15362_cov_24.351559	15362	correct
2041050	2056407	15358	1	NC_002945.4	NODE_69_length_15358_cov_22.923052	99.99		True
CONTIG	NODE_69_length_15358_cov_22.923052	15358	correct
2372634	2386761	201	14328	NC_002945.4	NODE_70_length_14328_cov_24.305753	99.98		True
CONTIG	NODE_70_length_14328_cov_24.305753	14328	correct
2409104	2422776	13673	1	NC_002945.4	NODE_71_length_13702_cov_23.778122	99.98		True
CONTIG	NODE_71_length_13702_cov_23.778122	13702	correct
1619659	1632902	208	13386	NC_002945.4	NODE_72_length_13498_cov_22.518735	99.48		True
local misassembly
1632372	1632483	13387	13498	NC_002945.4	NODE_72_length_13498_cov_22.518735	98.57		True
CONTIG	NODE_72_length_13498_cov_22.518735	13498	correct
1972085	1985644	13449	1	NC_002945.4	NODE_73_length_13449_cov_21.567708	99.17		True
CONTIG	NODE_73_length_13449_cov_21.567708	13449	correct
3712180	3724815	1	12636	NC_002945.4	NODE_74_length_12636_cov_15.708850	99.95		True
CONTIG	NODE_74_length_12636_cov_15.708850	12636	correct
2944619	2957076	1	12458	NC_002945.4	NODE_75_length_12458_cov_24.557781	99.98		True
CONTIG	NODE_75_length_12458_cov_24.557781	12458	correct
3700293	3711403	1	11111	NC_002945.4	NODE_76_length_11111_cov_16.211580	100.0		True
CONTIG	NODE_76_length_11111_cov_16.211580	11111	correct
2933708	2943963	1	10256	NC_002945.4	NODE_77_length_10256_cov_23.979564	99.99		True
CONTIG	NODE_77_length_10256_cov_23.979564	10256	correct
3209320	3219347	10028	1	NC_002945.4	NODE_78_length_10092_cov_21.541295	100.0		True
CONTIG	NODE_78_length_10092_cov_21.541295	10092	correct
3870236	3878188	1	7944	NC_002945.4	NODE_79_length_9613_cov_20.449926	99.86		True
relocation, inconsistency = -2949817
928372	928975	7945	8557	NC_002945.4	NODE_79_length_9613_cov_20.449926	98.61		True
local misassembly
928970	929887	8696	9613	NC_002945.4	NODE_79_length_9613_cov_20.449926	100.0		True
CONTIG	NODE_79_length_9613_cov_20.449926	9613	misassembled
1204831	1213474	8720	77	NC_002945.4	NODE_80_length_8834_cov_24.648214	99.98		True
CONTIG	NODE_80_length_8834_cov_24.648214	8834	correct
2444936	2453612	1	8677	NC_002945.4	NODE_81_length_8677_cov_23.692164	99.95		True
CONTIG	NODE_81_length_8677_cov_23.692164	8677	correct
3890969	3893042	2212	139	NC_002945.4	NODE_82_length_8185_cov_16.476793	99.33		True
local misassembly
3884660	3890623	8185	2213	NC_002945.4	NODE_82_length_8185_cov_16.476793	99.77		True
CONTIG	NODE_82_length_8185_cov_16.476793	8185	correct
2794071	2799828	255	6012	NC_002945.4	NODE_83_length_6012_cov_19.448258	99.98		True
CONTIG	NODE_83_length_6012_cov_19.448258	6012	correct
3830726	3835785	5060	1	NC_002945.4	NODE_84_length_5160_cov_25.435128	100.0		True
CONTIG	NODE_84_length_5160_cov_25.435128	5160	correct
1987024	1992127	5105	1	NC_002945.4	NODE_85_length_5105_cov_26.708919	99.96		True
CONTIG	NODE_85_length_5105_cov_26.708919	5105	correct
3878238	3880185	1	1948	NC_002945.4	NODE_86_length_4888_cov_10.539593	100.0		True
relocation, inconsistency = 2239497
1638385	1638740	2304	1949	NC_002945.4	NODE_86_length_4888_cov_10.539593	100.0		True
local misassembly
1635657	1638240	4888	2305	NC_002945.4	NODE_86_length_4888_cov_10.539593	99.96		True
CONTIG	NODE_86_length_4888_cov_10.539593	4888	misassembled
1219100	1219381	1	282	NC_002945.4	NODE_87_length_4582_cov_21.566105	96.1		True
relocation, inconsistency = -5095
1214521	1214774	517	770	NC_002945.4	NODE_87_length_4582_cov_21.566105	99.21		True
local misassembly
1214750	1218320	890	4460	NC_002945.4	NODE_87_length_4582_cov_21.566105	100.0		True
CONTIG	NODE_87_length_4582_cov_21.566105	4582	misassembled
3980342	3984544	151	4353	NC_002945.4	NODE_88_length_4391_cov_21.652205	100.0		True
CONTIG	NODE_88_length_4391_cov_21.652205	4391	correct
1165899	1169900	1	4002	NC_002945.4	NODE_89_length_4002_cov_22.388645	99.98		True
CONTIG	NODE_89_length_4002_cov_22.388645	4002	correct
2284620	2287647	1	3028	NC_002945.4	NODE_90_length_3028_cov_17.954843	99.77		True
CONTIG	NODE_90_length_3028_cov_17.954843	3028	correct
2290710	2293716	1	3007	NC_002945.4	NODE_91_length_3007_cov_21.827083	100.0		True
CONTIG	NODE_91_length_3007_cov_21.827083	3007	correct
1993335	1996119	1	2785	NC_002945.4	NODE_92_length_2785_cov_26.096313	100.0		True
CONTIG	NODE_92_length_2785_cov_26.096313	2785	correct
3882139	3884154	2064	1	NC_002945.4	NODE_93_length_2538_cov_4.581501	97.67		True
local misassembly
3881833	3882155	2538	2216	NC_002945.4	NODE_93_length_2538_cov_4.581501	99.69		True
CONTIG	NODE_93_length_2538_cov_4.581501	2538	correct
2609387	2611609	2223	1	NC_002945.4	NODE_94_length_2223_cov_12.780534	100.0		True
CONTIG	NODE_94_length_2223_cov_12.780534	2223	correct
2994334	2994442	109	1	NC_002945.4	NODE_95_length_1875_cov_15.327803	100.0		True
relocation, inconsistency = 648770
2343798	2345563	1875	110	NC_002945.4	NODE_95_length_1875_cov_15.327803	99.94		True
CONTIG	NODE_95_length_1875_cov_15.327803	1875	misassembled
2850215	2851989	1775	1	NC_002945.4	NODE_96_length_1775_cov_18.130915	100.0		True
CONTIG	NODE_96_length_1775_cov_18.130915	1775	correct
607662	609211	1550	1	NC_002945.4	NODE_97_length_1550_cov_41.195362	99.94		True
CONTIG	NODE_97_length_1550_cov_41.195362	1550	correct
674869	676257	132	1520	NC_002945.4	NODE_98_length_1527_cov_3.652857	99.5		True
CONTIG	NODE_98_length_1527_cov_3.652857	1527	correct
4193589	4195052	1	1464	NC_002945.4	NODE_99_length_1464_cov_54.259536	100.0		True
CONTIG	NODE_99_length_1464_cov_54.259536	1464	correct
3443593	3445031	1439	1	NC_002945.4	NODE_100_length_1439_cov_23.034299	100.0		True
CONTIG	NODE_100_length_1439_cov_23.034299	1439	correct
1094890	1096213	1	1324	NC_002945.4	NODE_101_length_1432_cov_24.756322	100.0		True
CONTIG	NODE_101_length_1432_cov_24.756322	1432	correct
2774198	2775596	1399	1	NC_002945.4	NODE_102_length_1399_cov_3.914308	99.79		True
CONTIG	NODE_102_length_1399_cov_3.914308	1399	correct
336693	337971	1279	1	NC_002945.4	NODE_103_length_1391_cov_11.941456	99.84		True
CONTIG	NODE_103_length_1391_cov_11.941456	1391	correct
3673145	3674484	1340	1	NC_002945.4	NODE_104_length_1340_cov_44.150866	100.0		True
CONTIG	NODE_104_length_1340_cov_44.150866	1340	correct
2324503	2325838	1	1336	NC_002945.4	NODE_105_length_1336_cov_18.986766	100.0		True
CONTIG	NODE_105_length_1336_cov_18.986766	1336	correct
3339137	3340461	1325	1	NC_002945.4	NODE_106_length_1325_cov_26.881469	100.0		True
CONTIG	NODE_106_length_1325_cov_26.881469	1325	correct
3835659	3836979	1321	1	NC_002945.4	NODE_107_length_1321_cov_47.714405	99.77		True
CONTIG	NODE_107_length_1321_cov_47.714405	1321	correct
2288581	2289835	1	1255	NC_002945.4	NODE_108_length_1255_cov_25.237589	100.0		True
CONTIG	NODE_108_length_1255_cov_25.237589	1255	correct
2287521	2288707	1	1187	NC_002945.4	NODE_109_length_1187_cov_15.988679	100.0		True
CONTIG	NODE_109_length_1187_cov_15.988679	1187	correct
2283619	2284746	1	1128	NC_002945.4	NODE_110_length_1128_cov_50.474525	99.91		True
CONTIG	NODE_110_length_1128_cov_50.474525	1128	correct
839703	840774	1	1072	NC_002945.4	NODE_111_length_1094_cov_12.199586	100.0		True
CONTIG	NODE_111_length_1094_cov_12.199586	1094	correct
3711277	3712306	1	1030	NC_002945.4	NODE_112_length_1030_cov_50.183832	100.0		True
CONTIG	NODE_112_length_1030_cov_50.183832	1030	correct
1165044	1166025	982	1	NC_002945.4	NODE_113_length_982_cov_44.895906	99.9		True
CONTIG	NODE_113_length_982_cov_44.895906	982	correct
335504	336425	925	4	NC_002945.4	NODE_114_length_925_cov_5.255639	99.78		True
CONTIG	NODE_114_length_925_cov_5.255639	925	correct
2800228	2801136	909	1	NC_002945.4	NODE_115_length_909_cov_149.537084	100.0		True
CONTIG	NODE_115_length_909_cov_149.537084	909	correct
3341521	3342410	890	1	NC_002945.4	NODE_116_length_890_cov_16.933159	100.0		True
CONTIG	NODE_116_length_890_cov_16.933159	890	correct
334813	335365	1	553	NC_002945.4	NODE_117_length_873_cov_1.247989	99.64		True
relocation, inconsistency = 506843
842209	842362	707	554	NC_002945.4	NODE_117_length_873_cov_1.247989	100.0		True
indel: indel (> 5bp)
841959	842124	873	708	NC_002945.4	NODE_117_length_873_cov_1.247989	100.0		True
CONTIG	NODE_117_length_873_cov_1.247989	873	misassembled
334077	334939	1	863	NC_002945.4	NODE_118_length_863_cov_14.173913	99.77		True
CONTIG	NODE_118_length_863_cov_14.173913	863	correct
2191968	2192811	1	844	NC_002945.4	NODE_119_length_844_cov_43.390516	100.0		True
CONTIG	NODE_119_length_844_cov_43.390516	844	correct
3894591	3895303	1	713	NC_002945.4	NODE_120_length_805_cov_35.771386	100.0		True
inversion
3895194	3895285	805	714	NC_002945.4	NODE_120_length_805_cov_35.771386	100.0		True
CONTIG	NODE_120_length_805_cov_35.771386	805	misassembled
1996253	1997046	11	804	NC_002945.4	NODE_121_length_804_cov_2.657312	99.75		True
CONTIG	NODE_121_length_804_cov_2.657312	804	correct
3444905	3445699	1	795	NC_002945.4	NODE_122_length_795_cov_47.872754	100.0		True
CONTIG	NODE_122_length_795_cov_47.872754	795	correct
2693295	2694038	1	744	NC_002945.4	NODE_123_length_744_cov_44.149109	100.0		True
CONTIG	NODE_123_length_744_cov_44.149109	744	correct
1213940	1214557	742	125	NC_002945.4	NODE_124_length_742_cov_1.707317	98.71		True
CONTIG	NODE_124_length_742_cov_1.707317	742	correct
3884045	3884769	707	1	NC_002945.4	NODE_125_length_707_cov_13.577586	97.38		True
CONTIG	NODE_125_length_707_cov_13.577586	707	correct
3880433	3881088	7	662	NC_002945.4	NODE_126_length_662_cov_15.433645	100.0		True
CONTIG	NODE_126_length_662_cov_15.433645	662	correct
3340552	3341186	1	635	NC_002945.4	NODE_127_length_635_cov_18.194882	100.0		True
CONTIG	NODE_127_length_635_cov_18.194882	635	correct
1853538	1853832	466	172	NC_002945.4	NODE_128_length_612_cov_1.255670	100.0		True
CONTIG	NODE_128_length_612_cov_1.255670	612	correct
674105	674602	592	95	NC_002945.4	NODE_129_length_606_cov_1.820459	98.59		True
CONTIG	NODE_129_length_606_cov_1.820459	606	correct
3338676	3339263	588	1	NC_002945.4	NODE_130_length_588_cov_42.355748	100.0		True
CONTIG	NODE_130_length_588_cov_42.355748	588	correct
3984847	3985310	464	1	NC_002945.4	NODE_131_length_587_cov_1.928261	100.0		True
CONTIG	NODE_131_length_587_cov_1.928261	587	correct
1091580	1092141	1	562	NC_002945.4	NODE_132_length_583_cov_1.225877	99.11		True
CONTIG	NODE_132_length_583_cov_1.225877	583	correct
1985774	1986337	1	564	NC_002945.4	NODE_133_length_564_cov_3.004577	100.0		True
CONTIG	NODE_133_length_564_cov_3.004577	564	correct
2773510	2774050	1	541	NC_002945.4	NODE_134_length_541_cov_3.304348	100.0		True
CONTIG	NODE_134_length_541_cov_3.304348	541	correct
1535045	1535408	1	364	NC_002945.4	NODE_135_length_531_cov_17.029703	96.98		True
relocation, inconsistency = 2310255
3845679	3845830	531	380	NC_002945.4	NODE_135_length_531_cov_17.029703	95.39		True
CONTIG	NODE_135_length_531_cov_17.029703	531	misassembled
4294343	4294415	1	73	NC_002945.4	NODE_136_length_531_cov_2.487624	100.0		True
inversion
4294197	4294526	403	74	NC_002945.4	NODE_136_length_531_cov_2.487624	100.0		True
CONTIG	NODE_136_length_531_cov_2.487624	531	misassembled
673518	674029	512	1	NC_002945.4	NODE_137_length_512_cov_2.812987	99.8		True
CONTIG	NODE_137_length_512_cov_2.812987	512	correct
