S1	E1	S2	E2	Reference	Contig	IDY	Ambiguous	Best_group
2957039	3209295	1	251614	NC_002945.4	NODE_1_length_251614_cov_39.412498	99.61		True
CONTIG	NODE_1_length_251614_cov_39.412498	251614	correct
3445573	3673271	1	227591	NC_002945.4	NODE_2_length_227591_cov_40.315650	99.93		True
CONTIG	NODE_2_length_227591_cov_40.315650	227591	correct
2453641	2665668	25	212104	NC_002945.4	NODE_3_length_212183_cov_39.586633	99.96		True
CONTIG	NODE_3_length_212183_cov_39.586633	212183	correct
402605	607788	1	204915	NC_002945.4	NODE_4_length_204915_cov_39.818305	99.86		True
CONTIG	NODE_4_length_204915_cov_39.818305	204915	correct
1170557	1189661	1	19105	NC_002945.4	NODE_5_length_175216_cov_39.623626	99.99		True
relocation, inconsistency = 2795646
3985308	4000742	19106	34529	NC_002945.4	NODE_5_length_175216_cov_39.623626	99.93		True
local misassembly
4000854	4035705	34530	69380	NC_002945.4	NODE_5_length_175216_cov_39.623626	99.97		True
local misassembly
4035838	4141732	69381	175161	NC_002945.4	NODE_5_length_175216_cov_39.623626	99.88		True
CONTIG	NODE_5_length_175216_cov_39.623626	175216	misassembled
824601	838138	13538	1	NC_002945.4	NODE_6_length_161028_cov_39.470128	99.97		True
local misassembly
676731	824045	160854	13539	NC_002945.4	NODE_6_length_161028_cov_39.470128	99.99		True
CONTIG	NODE_6_length_161028_cov_39.470128	161028	correct
150151	306669	156619	128	NC_002945.4	NODE_7_length_156619_cov_39.642621	99.97		True
CONTIG	NODE_7_length_156619_cov_39.642621	156619	correct
1639421	1769053	1	129632	NC_002945.4	NODE_8_length_129724_cov_41.053774	99.99		True
CONTIG	NODE_8_length_129724_cov_41.053774	129724	correct
3297521	3338802	41451	1	NC_002945.4	NODE_9_length_129673_cov_39.600706	99.82		True
indel: stretch of mismatches
3209302	3297520	129673	41452	NC_002945.4	NODE_9_length_129673_cov_39.600706	99.87		True
CONTIG	NODE_9_length_129673_cov_39.600706	129673	correct
1010930	1091822	81126	231	NC_002945.4	NODE_10_length_120406_cov_40.467862	99.99		True
relocation, inconsistency = 1457
970192	1009472	120406	81127	NC_002945.4	NODE_10_length_120406_cov_40.467862	99.98		True
CONTIG	NODE_10_length_120406_cov_40.467862	120406	misassembled
1853856	1971848	69	118006	NC_002945.4	NODE_11_length_118006_cov_38.214483	99.94		True
CONTIG	NODE_11_length_118006_cov_38.214483	118006	correct
2056508	2056887	149	528	NC_002945.4	NODE_12_length_104861_cov_40.254922	100.0		True
local misassembly
2057038	2083604	529	27095	NC_002945.4	NODE_12_length_104861_cov_40.254922	99.98		True
local misassembly
2083596	2158516	27234	102154	NC_002945.4	NODE_12_length_104861_cov_40.254922	99.98		True
local misassembly
2158655	2159088	102155	102588	NC_002945.4	NODE_12_length_104861_cov_40.254922	100.0		True
fake: scaffold gap size wrong estimation (local)
2160645	2160846	103951	104152	NC_002945.4	NODE_12_length_104861_cov_40.254922	100.0		True
fake: scaffold gap size wrong estimation (local)
2160997	2161605	104253	104861	NC_002945.4	NODE_12_length_104861_cov_40.254922	99.84		True
CONTIG	NODE_12_length_104861_cov_40.254922	104861	correct
3343594	3442410	1	98885	NC_002945.4	NODE_13_length_98885_cov_40.463112	99.92		True
CONTIG	NODE_13_length_98885_cov_40.463112	98885	correct
2326278	2343658	1	17381	NC_002945.4	NODE_14_length_98767_cov_40.681174	99.99		True
relocation, inconsistency = -851671
1491988	1573315	17382	98709	NC_002945.4	NODE_14_length_98767_cov_40.681174	99.93		True
CONTIG	NODE_14_length_98767_cov_40.681174	98767	misassembled
1386976	1470724	83692	1	NC_002945.4	NODE_15_length_83773_cov_40.393671	99.92		True
CONTIG	NODE_15_length_83773_cov_40.393671	83773	correct
3897145	3979411	82258	1	NC_002945.4	NODE_16_length_82258_cov_40.181710	99.98		True
CONTIG	NODE_16_length_82258_cov_40.181710	82258	correct
30083	103918	73849	1	NC_002945.4	NODE_17_length_81456_cov_40.279371	99.96		True
local misassembly
21864	29469	81456	73851	NC_002945.4	NODE_17_length_81456_cov_40.279371	99.99		True
CONTIG	NODE_17_length_81456_cov_40.279371	81456	correct
2693912	2773148	79236	1	NC_002945.4	NODE_18_length_79236_cov_38.665310	99.99		True
CONTIG	NODE_18_length_79236_cov_38.665310	79236	correct
1779460	1853856	74397	1	NC_002945.4	NODE_19_length_74397_cov_40.090494	99.99		True
CONTIG	NODE_19_length_74397_cov_40.090494	74397	correct
1096985	1165170	1	68186	NC_002945.4	NODE_20_length_68186_cov_39.413053	99.99		True
CONTIG	NODE_20_length_68186_cov_39.413053	68186	correct
4194926	4259153	64228	1	NC_002945.4	NODE_21_length_64228_cov_41.509196	99.99		True
CONTIG	NODE_21_length_64228_cov_41.509196	64228	correct
2852381	2916393	64013	1	NC_002945.4	NODE_22_length_64013_cov_38.373572	99.98		True
CONTIG	NODE_22_length_64013_cov_38.373572	64013	correct
4310470	4349904	149	39582	NC_002945.4	NODE_23_length_61471_cov_40.484546	99.99		True
fake: not a misassembly [linear representation of circular genome]
1	21742	39583	61324	NC_002945.4	NODE_23_length_61471_cov_40.484546	99.94		True
CONTIG	NODE_23_length_61471_cov_40.484546	61471	correct
1280097	1340762	60728	1	NC_002945.4	NODE_24_length_60728_cov_41.036105	99.89		True
CONTIG	NODE_24_length_60728_cov_41.036105	60728	correct
1997127	2056402	197	59472	NC_002945.4	NODE_25_length_59477_cov_39.474541	99.98		True
CONTIG	NODE_25_length_59477_cov_39.474541	59477	correct
1219299	1278412	21	59135	NC_002945.4	NODE_26_length_59135_cov_38.624051	99.96		True
CONTIG	NODE_26_length_59135_cov_38.624051	59135	correct
2192685	2246067	53383	1	NC_002945.4	NODE_27_length_53383_cov_44.162198	99.99		True
CONTIG	NODE_27_length_53383_cov_44.162198	53383	correct
3777400	3830690	1	53291	NC_002945.4	NODE_28_length_53335_cov_39.410333	99.99		True
CONTIG	NODE_28_length_53335_cov_39.410333	53335	correct
4141990	4193715	1	51726	NC_002945.4	NODE_29_length_51726_cov_40.763484	99.99		True
CONTIG	NODE_29_length_51726_cov_40.763484	51726	correct
1574051	1623818	49768	1	NC_002945.4	NODE_30_length_49969_cov_39.047470	99.98		True
CONTIG	NODE_30_length_49969_cov_39.047470	49969	correct
624971	673257	1	48287	NC_002945.4	NODE_31_length_48354_cov_38.703009	99.99		True
CONTIG	NODE_31_length_48354_cov_38.703009	48354	correct
842781	891078	1	48298	NC_002945.4	NODE_32_length_48298_cov_38.755807	99.99		True
CONTIG	NODE_32_length_48298_cov_38.755807	48298	correct
3836888	3881505	44610	1	NC_002945.4	NODE_33_length_44610_cov_37.482387	99.96		True
CONTIG	NODE_33_length_44610_cov_37.482387	44610	correct
1343879	1386434	1	42561	NC_002945.4	NODE_34_length_42561_cov_39.550313	99.99		True
CONTIG	NODE_34_length_42561_cov_39.550313	42561	correct
2801012	2843494	1	42483	NC_002945.4	NODE_35_length_42483_cov_40.201341	99.99		True
CONTIG	NODE_35_length_42483_cov_40.201341	42483	correct
930786	970039	62	39555	NC_002945.4	NODE_36_length_39555_cov_39.182003	99.37		True
CONTIG	NODE_36_length_39555_cov_39.182003	39555	correct
2246074	2283745	1	37674	NC_002945.4	NODE_37_length_37674_cov_42.558473	99.95		True
CONTIG	NODE_37_length_37674_cov_42.558473	37674	correct
363900	401308	1	37409	NC_002945.4	NODE_38_length_37409_cov_38.978059	99.99		True
CONTIG	NODE_38_length_37409_cov_38.978059	37409	correct
2372367	2408752	36333	6	NC_002945.4	NODE_39_length_36333_cov_37.138706	99.83		True
CONTIG	NODE_39_length_36333_cov_37.138706	36333	correct
4259930	4293929	1	33998	NC_002945.4	NODE_40_length_33998_cov_39.012902	99.99		True
CONTIG	NODE_40_length_33998_cov_39.012902	33998	correct
3737665	3758713	21173	125	NC_002945.4	NODE_41_length_33734_cov_39.396911	99.99		True
local misassembly
3724894	3737454	33734	21174	NC_002945.4	NODE_41_length_33734_cov_39.396911	99.98		True
CONTIG	NODE_41_length_33734_cov_39.396911	33734	correct
2423267	2453623	1	30243	NC_002945.4	NODE_42_length_30243_cov_40.534434	99.62		True
CONTIG	NODE_42_length_30243_cov_40.534434	30243	correct
2161870	2192094	1	30226	NC_002945.4	NODE_43_length_30226_cov_41.004784	99.99		True
CONTIG	NODE_43_length_30226_cov_41.004784	30226	correct
2294650	2324490	29841	1	NC_002945.4	NODE_44_length_29841_cov_37.934307	99.99		True
CONTIG	NODE_44_length_29841_cov_37.934307	29841	correct
2343985	2372195	28211	1	NC_002945.4	NODE_45_length_28359_cov_39.376629	99.98		True
CONTIG	NODE_45_length_28359_cov_39.376629	28359	correct
2665912	2693421	1	27509	NC_002945.4	NODE_46_length_27509_cov_39.835914	99.99		True
CONTIG	NODE_46_length_27509_cov_39.835914	27509	correct
105040	131987	1	26948	NC_002945.4	NODE_47_length_26948_cov_39.484583	99.98		True
CONTIG	NODE_47_length_26948_cov_39.484583	26948	correct
306734	333298	26611	152	NC_002945.4	NODE_48_length_26611_cov_37.225268	99.6		True
CONTIG	NODE_48_length_26611_cov_37.225268	26611	correct
3674358	3700180	25805	1	NC_002945.4	NODE_49_length_25805_cov_30.161656	99.93		True
CONTIG	NODE_49_length_25805_cov_30.161656	25805	correct
338811	362775	24102	225	NC_002945.4	NODE_50_length_24225_cov_37.119180	99.5		True
CONTIG	NODE_50_length_24225_cov_37.119180	24225	correct
2776889	2799828	22940	1	NC_002945.4	NODE_51_length_22940_cov_41.159733	100.0		True
CONTIG	NODE_51_length_22940_cov_41.159733	22940	correct
1490961	1491390	430	1	NC_002945.4	NODE_52_length_19244_cov_42.433959	100.0		True
local misassembly
1471935	1490747	19244	431	NC_002945.4	NODE_52_length_19244_cov_42.433959	99.98		True
CONTIG	NODE_52_length_19244_cov_42.433959	19244	correct
3759503	3777383	149	18031	NC_002945.4	NODE_53_length_18031_cov_36.525916	99.97		True
CONTIG	NODE_53_length_18031_cov_36.525916	18031	correct
892165	909508	1	17344	NC_002945.4	NODE_54_length_17344_cov_40.658187	99.99		True
CONTIG	NODE_54_length_17344_cov_40.658187	17344	correct
132713	149967	1	17255	NC_002945.4	NODE_55_length_17255_cov_42.273587	99.96		True
CONTIG	NODE_55_length_17255_cov_42.273587	17255	correct
910050	926232	1	16183	NC_002945.4	NODE_56_length_16190_cov_41.313889	99.99		True
CONTIG	NODE_56_length_16190_cov_41.313889	16190	correct
4294615	4310420	15908	103	NC_002945.4	NODE_57_length_15908_cov_36.026614	99.95		True
CONTIG	NODE_57_length_15908_cov_36.026614	15908	correct
2916851	2932341	1	15491	NC_002945.4	NODE_58_length_15561_cov_43.201503	99.97		True
CONTIG	NODE_58_length_15561_cov_43.201503	15561	correct
609085	624409	1	15325	NC_002945.4	NODE_59_length_15325_cov_38.935123	99.99		True
CONTIG	NODE_59_length_15325_cov_38.935123	15325	correct
1190378	1204654	14366	90	NC_002945.4	NODE_60_length_14366_cov_36.391460	99.97		True
CONTIG	NODE_60_length_14366_cov_36.391460	14366	correct
2409178	2422776	13599	1	NC_002945.4	NODE_61_length_13865_cov_37.205124	99.93		True
CONTIG	NODE_61_length_13865_cov_37.205124	13865	correct
1972116	1985683	13457	1	NC_002945.4	NODE_62_length_13457_cov_39.600375	99.17		True
CONTIG	NODE_62_length_13457_cov_39.600375	13457	correct
3712180	3724801	12706	85	NC_002945.4	NODE_63_length_12706_cov_27.259321	99.96		True
CONTIG	NODE_63_length_12706_cov_27.259321	12706	correct
1623857	1633273	1	9369	NC_002945.4	NODE_64_length_12619_cov_33.629683	99.45		True
relocation, inconsistency = 1914
1635188	1638240	9370	12368	NC_002945.4	NODE_64_length_12619_cov_33.629683	98.24		True
local misassembly
1638385	1638635	12369	12619	NC_002945.4	NODE_64_length_12619_cov_33.629683	100.0		True
CONTIG	NODE_64_length_12619_cov_33.629683	12619	misassembled
2944619	2957076	1	12458	NC_002945.4	NODE_65_length_12458_cov_38.376206	99.98		True
CONTIG	NODE_65_length_12458_cov_38.376206	12458	correct
3700330	3711403	30	11103	NC_002945.4	NODE_66_length_11103_cov_29.434949	100.0		True
CONTIG	NODE_66_length_11103_cov_29.434949	11103	correct
3891879	3891980	102	1	NC_002945.4	NODE_67_length_10365_cov_15.407013	100.0		True
local misassembly
3892664	3892741	217	140	NC_002945.4	NODE_67_length_10365_cov_15.407013	100.0		True
local misassembly
3890969	3893203	2452	218	NC_002945.4	NODE_67_length_10365_cov_15.407013	99.92		True
local misassembly
3884643	3890278	8097	2453	NC_002945.4	NODE_67_length_10365_cov_15.407013	99.79		True
local misassembly
3882139	3884027	10034	8098	NC_002945.4	NODE_67_length_10365_cov_15.407013	97.69		True
local misassembly
3882021	3882155	10320	10186	NC_002945.4	NODE_67_length_10365_cov_15.407013	100.0		True
CONTIG	NODE_67_length_10365_cov_15.407013	10365	correct
2933851	2943963	182	10294	NC_002945.4	NODE_68_length_10294_cov_38.565654	99.96		True
CONTIG	NODE_68_length_10294_cov_38.565654	10294	correct
1204725	1213474	8851	102	NC_002945.4	NODE_69_length_8851_cov_39.881935	99.98		True
CONTIG	NODE_69_length_8851_cov_39.881935	8851	correct
2843530	2852054	52	8576	NC_002945.4	NODE_70_length_8576_cov_39.007812	100.0		True
CONTIG	NODE_70_length_8576_cov_39.007812	8576	correct
1987081	1992127	159	5206	NC_002945.4	NODE_71_length_5206_cov_41.342587	99.96		True
CONTIG	NODE_71_length_5206_cov_41.342587	5206	correct
3830725	3835785	1	5061	NC_002945.4	NODE_72_length_5061_cov_44.898257	100.0		True
CONTIG	NODE_72_length_5061_cov_44.898257	5061	correct
1214750	1218404	3666	12	NC_002945.4	NODE_73_length_4597_cov_29.360626	99.7		True
local misassembly
1213963	1214774	4597	3786	NC_002945.4	NODE_73_length_4597_cov_29.360626	99.75		True
CONTIG	NODE_73_length_4597_cov_29.360626	4597	correct
3980171	3984507	172	4508	NC_002945.4	NODE_74_length_4581_cov_31.597216	100.0		True
CONTIG	NODE_74_length_4581_cov_31.597216	4581	correct
1092432	1096461	4030	1	NC_002945.4	NODE_75_length_4030_cov_33.300026	100.0		True
CONTIG	NODE_75_length_4030_cov_33.300026	4030	correct
1165899	1169900	4002	1	NC_002945.4	NODE_76_length_4002_cov_38.297032	99.98		True
CONTIG	NODE_76_length_4002_cov_38.297032	4002	correct
1993335	1996973	1	3639	NC_002945.4	NODE_77_length_3776_cov_31.547821	99.92		True
CONTIG	NODE_77_length_3776_cov_31.547821	3776	correct
2284620	2287647	1	3028	NC_002945.4	NODE_78_length_3028_cov_30.304033	99.77		True
CONTIG	NODE_78_length_3028_cov_30.304033	3028	correct
2290710	2293716	1	3007	NC_002945.4	NODE_79_length_3007_cov_30.796181	100.0		True
CONTIG	NODE_79_length_3007_cov_30.796181	3007	correct
928970	930682	1882	170	NC_002945.4	NODE_80_length_2702_cov_9.222913	100.0		True
local misassembly
928389	928975	2616	2021	NC_002945.4	NODE_80_length_2702_cov_9.222913	98.49		True
CONTIG	NODE_80_length_2702_cov_9.222913	2702	correct
334077	336478	1	2321	NC_002945.4	NODE_81_length_2370_cov_9.643781	96.54		True
CONTIG	NODE_81_length_2370_cov_9.643781	2370	correct
674749	676279	165	1695	NC_002945.4	NODE_82_length_1804_cov_4.805009	100.0		True
inversion
676848	676956	1804	1696	NC_002945.4	NODE_82_length_1804_cov_4.805009	100.0		True
CONTIG	NODE_82_length_1804_cov_4.805009	1804	misassembled
607662	609211	1	1550	NC_002945.4	NODE_83_length_1550_cov_68.578356	99.87		True
CONTIG	NODE_83_length_1550_cov_68.578356	1550	correct
336693	338097	1405	1	NC_002945.4	NODE_84_length_1529_cov_16.509986	100.0		True
CONTIG	NODE_84_length_1529_cov_16.509986	1529	correct
4193589	4195052	1	1464	NC_002945.4	NODE_85_length_1464_cov_84.280479	100.0		True
CONTIG	NODE_85_length_1464_cov_84.280479	1464	correct
148117	148224	143	36	NC_002945.4	NODE_86_length_1463_cov_28.243263	100.0		True
relocation, inconsistency = 2176296
2324608	2325840	231	1463	NC_002945.4	NODE_86_length_1463_cov_28.243263	100.0		True
CONTIG	NODE_86_length_1463_cov_28.243263	1463	misassembled
2774166	2775615	1	1450	NC_002945.4	NODE_87_length_1450_cov_6.533636	100.0		True
CONTIG	NODE_87_length_1450_cov_6.533636	1450	correct
3443593	3445031	1439	1	NC_002945.4	NODE_88_length_1439_cov_48.471037	100.0		True
CONTIG	NODE_88_length_1439_cov_48.471037	1439	correct
890952	892291	1	1340	NC_002945.4	NODE_89_length_1340_cov_78.568838	100.0		True
CONTIG	NODE_89_length_1340_cov_78.568838	1340	correct
3339137	3340461	1325	1	NC_002945.4	NODE_90_length_1325_cov_40.193656	100.0		True
CONTIG	NODE_90_length_1325_cov_40.193656	1325	correct
3835659	3836979	1	1321	NC_002945.4	NODE_91_length_1321_cov_84.841709	99.77		True
CONTIG	NODE_91_length_1321_cov_84.841709	1321	correct
2288581	2289835	1255	1	NC_002945.4	NODE_92_length_1255_cov_42.664007	100.0		True
CONTIG	NODE_92_length_1255_cov_42.664007	1255	correct
2287521	2288707	1187	1	NC_002945.4	NODE_93_length_1187_cov_38.471698	100.0		True
CONTIG	NODE_93_length_1187_cov_38.471698	1187	correct
839654	840836	1	1183	NC_002945.4	NODE_94_length_1183_cov_15.218750	100.0		True
CONTIG	NODE_94_length_1183_cov_15.218750	1183	correct
2289709	2290836	1	1128	NC_002945.4	NODE_95_length_1128_cov_72.656344	99.91		True
CONTIG	NODE_95_length_1128_cov_72.656344	1128	correct
1340970	1342059	1090	1	NC_002945.4	NODE_96_length_1090_cov_35.917965	99.91		True
CONTIG	NODE_96_length_1090_cov_35.917965	1090	correct
362760	363823	1064	1	NC_002945.4	NODE_97_length_1064_cov_5.172892	99.81		True
CONTIG	NODE_97_length_1064_cov_5.172892	1064	correct
673548	674148	732	132	NC_002945.4	NODE_98_length_1057_cov_1.691398	99.83		True
local misassembly
673258	673445	920	733	NC_002945.4	NODE_98_length_1057_cov_1.691398	99.49		True
CONTIG	NODE_98_length_1057_cov_1.691398	1057	correct
3711277	3712306	1030	1	NC_002945.4	NODE_99_length_1030_cov_83.671096	100.0		True
CONTIG	NODE_99_length_1030_cov_83.671096	1030	correct
1165044	1166025	1	982	NC_002945.4	NODE_100_length_982_cov_81.897076	100.0		True
CONTIG	NODE_100_length_982_cov_81.897076	982	correct
2943837	2944745	1	909	NC_002945.4	NODE_101_length_909_cov_259.760870	100.0		True
CONTIG	NODE_101_length_909_cov_259.760870	909	correct
3341521	3342410	890	1	NC_002945.4	NODE_102_length_890_cov_28.808650	100.0		True
CONTIG	NODE_102_length_890_cov_28.808650	890	correct
2191968	2192811	844	1	NC_002945.4	NODE_103_length_844_cov_85.359833	100.0		True
CONTIG	NODE_103_length_844_cov_85.359833	844	correct
338126	338858	835	94	NC_002945.4	NODE_104_length_835_cov_2.591808	97.3		True
CONTIG	NODE_104_length_835_cov_2.591808	835	correct
909382	910176	795	1	NC_002945.4	NODE_105_length_795_cov_84.619760	100.0		True
CONTIG	NODE_105_length_795_cov_84.619760	795	correct
2693295	2694038	1	744	NC_002945.4	NODE_106_length_744_cov_76.489465	100.0		True
CONTIG	NODE_106_length_744_cov_76.489465	744	correct
1985764	1986476	1	713	NC_002945.4	NODE_107_length_713_cov_3.186007	100.0		True
CONTIG	NODE_107_length_713_cov_3.186007	713	correct
2773465	2774141	677	1	NC_002945.4	NODE_108_length_677_cov_5.298182	100.0		True
CONTIG	NODE_108_length_677_cov_5.298182	677	correct
3340552	3341186	1	635	NC_002945.4	NODE_109_length_635_cov_26.045276	100.0		True
CONTIG	NODE_109_length_635_cov_26.045276	635	correct
1342064	1342697	634	1	NC_002945.4	NODE_110_length_634_cov_47.642998	100.0		True
CONTIG	NODE_110_length_634_cov_47.642998	634	correct
3338676	3339263	588	1	NC_002945.4	NODE_111_length_588_cov_59.312364	100.0		True
CONTIG	NODE_111_length_588_cov_59.312364	588	correct
3979671	3980016	210	555	NC_002945.4	NODE_112_length_581_cov_3.568282	100.0		True
CONTIG	NODE_112_length_581_cov_3.568282	581	correct
3984485	3984565	166	246	NC_002945.4	NODE_113_length_549_cov_0.699052	100.0		True
CONTIG	NODE_113_length_549_cov_0.699052	549	correct
841643	841979	100	436	NC_002945.4	NODE_114_length_541_cov_2.111111	99.7		True
CONTIG	NODE_114_length_541_cov_2.111111	541	correct
1091855	1092269	1	415	NC_002945.4	NODE_115_length_540_cov_0.987893	100.0		True
CONTIG	NODE_115_length_540_cov_0.987893	540	correct
1491445	1491819	378	4	NC_002945.4	NODE_116_length_534_cov_1.076167	98.4		True
CONTIG	NODE_116_length_534_cov_1.076167	534	correct
3984850	3985233	384	1	NC_002945.4	NODE_117_length_524_cov_3.405542	100.0		True
CONTIG	NODE_117_length_524_cov_3.405542	524	correct
4294092	4294596	505	1	NC_002945.4	NODE_118_length_505_cov_5.328042	100.0		True
CONTIG	NODE_118_length_505_cov_5.328042	505	correct
